stop_id,stop_name,stop_lat,stop_lon,district_name,population,pop_density_sqkm,daily_trips_count,avg_headway_secs
averts.hockey.woof,10th District (Al Hay Al Asher) - Nasr City,30.04905,31.378641,,,,54,4731.666666666667
fermented.roosters.slacker,10th District (Al Hay Al Asher) - Nasr City,30.048353,31.379913,,,,36,4950.75
gravitate.singled.plus,10th District (Al Hay Al Asher) - Nasr City,30.049362,31.379839,,,,9,2363.0
iterative.sloping.down,10th District (Al Hay Al Asher) - Nasr City,30.048904,31.37905,,,,117,3557.923076923077
repelled.face.stubble,10th District (Al Hay Al Asher) - Nasr City,30.049112,31.379221,,,,81,3104.1111111111113
tinny.regulator.flies,10th District (Al Hay Al Asher) - Nasr City,30.048347,31.380026,,,,9,1348.0
dabbled.outboard.thinking,10th of Ramadan (Asher Men Ramadan) Station,30.154938,31.408575,,,,27,1316.6666666666667
emeralds.hooks.lifestyle,10th of Ramadan (Asher Men Ramadan) Station,30.152508,31.409582,,,,108,4526.833333333333
opened.sulk.motorist,10th of Ramadan (Asher Men Ramadan) Station,30.155607,31.409208,,,,18,2558.5
passage.loaning.camera,10th of Ramadan (Asher Men Ramadan) Station,30.15377,31.409103,,,,153,4213.470588235294
timer.nursery.tingled,10th of Ramadan (Asher Men Ramadan) Station,30.153675,31.410835,,,,99,3108.0
wimp.formation.tuck,10th of Ramadan (Asher Men Ramadan) Station,30.154081,31.407724,,,,9,4734.0
shred.trickster.snuggle,10th of Ramadan Station - Ismailiya Desert Road,30.147972,31.420414,,,,153,4049.0
splashes.cooking.nowadays,10th of Ramadan Station - Ismailiya Desert Road,30.148579,31.422678,,,,54,2921.6666666666665
stole.makeup.giggles,10th of Ramadan Station - Ismailiya Desert Road,30.147804,31.420515,,,,126,3608.0
tonal.shopper.campus,10th of Ramadan Station - Ismailiya Desert Road,30.14778,31.420828,,,,162,4113.0
awestruck.channel.january,15th of May Bus Station,29.810863,31.378103,,,,90,4138.8
gifts.aliens.stud,15th of May City Authority,29.826609,31.36399,,,,9,6099.0
taxpayers.reject.hugs,15th of May City Authority,29.826471,31.364233,,,,9,6099.0
punctual.hurls.crumble,15th of May School - Mostorod,30.132105,31.282913,,,,99,4986.545454545455
police.watchdogs.cucumber,15th of May Youth Forum,29.831581,31.37835,,,,27,4990.0
view.epic.access,15th of May Youth Forum,29.83146,31.378393,,,,27,5222.0
army.slug.commenced,1st Settlement City Authority,30.052122,31.448147,New Cairo City,5712885.0,15000.0,9,670.0
army.slug.commenced,1st Settlement City Authority,30.052122,31.448147,New Cairo City,5712885.0,15000.0,9,670.0
army.slug.commenced,1st Settlement City Authority,30.052122,31.448147,New Cairo City,5712885.0,15000.0,9,670.0
army.slug.commenced,1st Settlement City Authority,30.052122,31.448147,New Cairo City,5712885.0,15000.0,9,670.0
kebab.corrupted.slipping,26th of July Mehwar Exit -  Ring Road,30.063845,31.17437,,,,72,3395.0
gymnasium.cuts.bucket,3rd Settlement (Tagamoa Thaleth),29.984001,31.44291,New Cairo City,5712885.0,15000.0,9,300.0
gymnasium.cuts.bucket,3rd Settlement (Tagamoa Thaleth),29.984001,31.44291,New Cairo City,5712885.0,15000.0,9,300.0
gymnasium.cuts.bucket,3rd Settlement (Tagamoa Thaleth),29.984001,31.44291,New Cairo City,5712885.0,15000.0,9,300.0
gymnasium.cuts.bucket,3rd Settlement (Tagamoa Thaleth),29.984001,31.44291,New Cairo City,5712885.0,15000.0,9,300.0
lamplight.withdraw.vent,4th Neighbourhood Council - 15th of May,29.837914,31.376825,,,,27,5262.0
truth.pairings.acids,4th Neighbourhood Council - 15th of May,29.838324,31.377798,,,,36,4426.25
moment.tearfully.exulted,5th Settlement City Authority,29.993052,31.417614,New Cairo City,5712885.0,15000.0,9,5678.0
moment.tearfully.exulted,5th Settlement City Authority,29.993052,31.417614,New Cairo City,5712885.0,15000.0,9,5678.0
moment.tearfully.exulted,5th Settlement City Authority,29.993052,31.417614,New Cairo City,5712885.0,15000.0,9,5678.0
moment.tearfully.exulted,5th Settlement City Authority,29.993052,31.417614,New Cairo City,5712885.0,15000.0,9,5678.0
guidebook.mango.stiletto,6th Of October City Authority,29.98265,30.952312,,,,9,146.0
autumn.hopes.juggler,6th of October Garden - Helwan,29.840557,31.329374,,,,63,4369.714285714285
mission.stove.convinces,6th of October Garden - Helwan,29.840384,31.32946,,,,90,5462.5
breathing.tricky.pinches,7th District Entrance - 6th of October,29.979986,30.94955,,,,9,146.0
bleat.clan.surfacing,7th District Station (Hay Al Sabea) - Nasr City,30.041986,31.329441,,,,153,6168.529411764706
fidgeting.lurching.photocopy,7th District Ststion (Hay Al Sabea) - Nasr City,30.042004,31.329632,,,,126,6445.642857142857
monk.committee.ripe,8th District (Nasr City),30.061419,31.380318,,,,108,6975.666666666667
sprays.otherwise.producing,8th District (Nasr City),30.058132,31.379868,,,,72,4380.75
broadens.stolen.exhaled,8th District - Al Shorouq,30.163885,31.605515,,,,18,3048.0
yoga.startles.fits,8th District - Al Shorouq,30.163864,31.605375,,,,9,4734.0
plotter.disposing.flashback,Aba Al Kassem Mosque - Autostrad,29.932928,31.288082,,,,108,2550.9166666666665
rejoiced.flatten.waffle,Aba Al Kassem Mosque - Autostrad,29.933023,31.288227,,,,108,3924.0
breed.dimension.streak,Abageyya Bridge,30.01218,31.267265,,,,189,4286.857142857143
handbag.butternut.permanent,Abageyya Bus Station,30.02391,31.263676,,,,144,6075.625
lecturers.lyrics.response,Abageyya Bus Station,30.023933,31.263577,,,,54,4990.666666666667
craftsman.printouts.facelift,Abbas Al Akkad - Mostafa Al Nahas,30.053728,31.338633,,,,81,6665.555555555556
order.cope.bypassed,Abbas Al Akkad - Mostafa Al Nahas,30.053904,31.338608,,,,81,7195.555555555556
claim.sizzled.essential,Abbaseya Bridge - Start,30.070488,31.28931,,,,243,5366.037037037037
conforms.refilled.scored,Abbaseya Bridge - Start,30.070402,31.28925,,,,162,3500.722222222222
digs.parsnip.bill,Abbaseya Bridge - Start,30.07054,31.289373,,,,333,4692.675675675676
hopping.towel.acre,Abbaseya Hospital,30.071064,31.294222,,,,243,3862.0
shares.flitting.lingering,Abbaseya Hospital,30.070976,31.29467,,,,171,5376.526315789473
depravity.alarm.nuptials,Abbasseya,30.073334,31.284698,,,,189,5741.047619047619
intruders.absorb.puncture,Abbasseya,30.073181,31.28507,,,,324,5331.611111111111
outermost.scratches.lows,Abbasseya,30.07275,31.285551,,,,144,3707.0
sheds.blush.dentures,Abbasseya,30.072866,31.285946,,,,315,5123.828571428571
ulterior.bathtubs.charm,Abbasseya,30.07252,31.28438,,,,36,4835.0
skid.themes.jumbled,Abbasseya Bridge - End,30.075361,31.283716,,,,522,5664.637931034483
circulate.flasks.plotted,Abbasseya Hospital,30.068739,31.29217,,,,234,4437.5
cocoons.voices.rigid,Abbasseya Square,30.073889,31.285383,,,,432,6289.020833333333
recline.mandolin.salt,Abbasseya Square,30.074091,31.285456,,,,378,6389.880952380952
driftwood.galloped.fact,Abboud,30.103725,31.256844,,,,27,1997.3333333333333
fracture.trickling.squad,Abboud,30.104753,31.255299,,,,72,3290.0
pace.liberated.blotches,Abboud,30.104794,31.255758,,,,126,4329.714285714285
pedicure.cobbled.flops,Abboud,30.106146,31.253862,,,,36,6350.75
speak.altitude.wonderful,Abboud,30.105207,31.255527,,,,99,2635.909090909091
survive.basic.crafts,Abboud,30.104145,31.253746,,,,189,3658.0
undercuts.watched.tonsils,Abboud,30.103617,31.255857,,,,54,2612.0
automate.spirits.stale,Abd Al Moneim Riad,30.049492,31.231245,,,,522,5700.896551724138
deny.revised.demotion,Abd Al Moneim Riad,30.050043,31.233923,,,,9,5138.0
informal.husky.canyons,Abd Al Moneim Riad,30.05,31.233063,,,,90,6122.1
modifies.silent.scoring,Abd Al Moneim Riad,30.050419,31.23375,,,,468,5383.096153846154
perfected.exit.transcribes,Abd Al Moneim Riad,30.049557,31.234692,,,,522,5791.551724137931
quantity.sunset.cookie,Abd Al Moneim Riad,30.04867,31.232645,,,,27,1262.3333333333333
quit.applies.ribcage,Abd Al Moneim Riad,30.050127,31.233873,,,,9,4533.0
scrambles.flukes.spaces,Abd Al Moneim Riad,30.049494,31.231836,,,,54,4403.833333333333
vibe.aunts.shudders,Abd Al Moneim Riad,30.049524,31.234486,,,,63,5158.285714285715
finer.coolest.client,Abd El Aziz St - Ataba,30.050024,31.251093,,,,171,5144.789473684211
thunder.reckons.deleting,Abd El Aziz St - Ataba,30.049429,31.250246,,,,27,2064.0
bookcases.message.area,Abdeen,30.04115,31.245586,,,,198,5459.909090909091
converged.beefed.credit,Abdel Menaam Reyad Mosque - Nile Courniche,29.937511,31.276367,,,,90,6887.7
sank.helm.stupidly,Abdel Menaam Reyad Mosque - Nile Courniche,29.937572,31.276457,,,,36,5527.75
doses.stammer.slicing,Abdo Basha,30.06539,31.27671,,,,270,5362.666666666667
happy.wizard.panicking,Abdo Basha,30.065369,31.276976,,,,315,5569.828571428571
airtime.liberty.durations,Abdullah Al Othaym - Nile Courniche,29.882502,31.289268,,,,81,7074.0
contain.permanent.youths,Abdullah Al Othaym - Nile Courniche,29.88251,31.289392,,,,36,5527.75
dodging.viewers.infringe,Abdullah El Refaey,30.160072,31.355534,,,,9,1252.0
multiply.dented.bookcases,Abdullah El Refaey,30.160095,31.355633,,,,9,334.0
scrum.overgrown.resist,Abo Senna Steps,30.155146,31.229029,,,,54,2668.1666666666665
storybook.blaring.buns,Abo Senna Steps,30.155176,31.229177,,,,63,2727.8571428571427
romance.putty.reset,Abo Sir Steps - Ring Road,30.164656,31.388388,,,,135,2820.866666666667
foiled.conqueror.passports,Abou Al Farag St- Rod Al Farag St,30.081596,31.236872,,,,36,5859.75
birthdays.paves.rocks,Abou Al Majd Center - Mostorod,30.126974,31.28783,,,,45,6428.0
continues.raves.rezoning,Abou Al Majd Center - Mostorod,30.12676,31.289162,,,,81,3094.6666666666665
influence.dumplings.vibe,Abou Al Majd Center - Mostorod,30.126623,31.289328,,,,72,2918.5
insulated.outline.ember,Abou Al Majd Center - Mostorod,30.126709,31.287874,,,,45,6649.6
sharpens.throwaway.texts,Abou Al Nomros Police Station,29.95806,31.212864,,,,18,827.0
agrees.query.submits,Abou Al Reesh,30.028622,31.234652,,,,9,201.0
emporium.palms.sends,Abou Al Reesh,30.029097,31.237198,,,,144,4968.3125
hurricane.deferring.ideas,Abou Al Reesh,30.028427,31.236984,,,,18,7365.0
redeemed.mingles.solves,Abou Al Reesh,30.028738,31.23476,,,,27,814.3333333333334
televise.optimally.outwards,Abou Al Reesh,30.028158,31.237354,,,,297,5228.636363636364
bordering.sprouting.videos,Abou Wafya Bridge,30.095621,31.26601,,,,99,3532.2727272727275
clockwork.nickname.solid,Abou Wafya Bus Station,30.09778,31.255991,,,,99,4692.727272727273
drivers.event.hexes,Abou Wafya Bus Station,30.097773,31.25611,,,,63,2849.285714285714
dweller.apparatus.tenses,Abou Wafya Bus Station,30.09737,31.255863,,,,9,7633.0
angers.kept.cadet,Abou Zaabal Bridge,30.197258,31.318819,,,,9,546.0
sideburns.guests.widely,Abou Zaabal Bus Station,30.24936,31.354742,,,,45,2848.8
directly.truckload.title,Abu Al Houl - Mansoureyya Rd,29.97892,31.144003,,,,45,1126.6
weep.science.throat,Abu Al Houl - Mansoureyya Rd,29.978842,31.143768,,,,45,1126.6
tent.cabs.goodness,Abu Al Houl Bus Station,29.977411,31.142803,,,,18,2026.0
budding.passions.inspected,Abu Bakr Al Sedeeq Mosque - Sheraton,30.100943,31.37464,,,,18,1262.0
trains.facelift.mixture,Abu Bakr Al Sediq St - Teraat Al Dakat St,30.10337,31.261,,,,27,1997.3333333333333
develop.duos.seasick,Abu El Numrus,29.95958,31.231003,,,,18,491.0
reheat.tabs.hitters,Abu Khater - Matareyya,30.126125,31.297962,,,,27,3493.3333333333335
unspoiled.layered.elder,Abu Khater - Matareyya,30.125807,31.298077,,,,99,4020.5454545454545
scale.delays.locker,Abu Makarem Mosque - Al Waili,30.05534,31.279602,,,,144,2992.3125
insurers.comments.pupils,Abu Rawwash Bus Station,30.045265,31.095053,,,,18,822.0
recliner.butternut.rents,Abu Rawwash Bus Station,30.045416,31.094893,,,,9,912.0
ruling.journey.hogs,Abu Rawwash Rd - Al Mansoureyya Rd,30.041054,31.096401,,,,18,822.0
throwaway.rehearsal.tins,Abu Rawwash Rd - Al Mansoureyya Rd,30.041172,31.096252,,,,18,822.0
driveways.outfit.scrambles,Adawy - Nile Courniche,29.896675,31.28756,,,,90,6887.7
exonerate.subject.lived,Adawy - Nile Courniche,29.89672,31.28768,,,,36,5527.75
cashiers.triangles.hesitate,Aden St - Sudan St,30.051468,31.191862,,,,99,2997.3636363636365
unhelpful.spinners.ballots,Aden St - Sudan St,30.051453,31.191767,,,,126,2969.5
automate.scarred.married,Adidas Steps - Ring Road,29.983963,31.321728,,,,9,5678.0
contoured.overdrive.drill,Adidas Steps - Ring Road,29.984358,31.321825,,,,81,4133.555555555556
drama.cocktail.funky,Administrative Control Authority - Nozha,30.07768,31.33983,,,,63,4449.857142857143
otherwise.circus.slider,Administrative Control Authority - Nozha,30.077723,31.339565,,,,45,4971.4
nags.putter.clocked,Adminstration Of Mobilization And Recruitment,30.106354,31.324015,,,,225,4811.88
weaved.fuel.wove,Adminstration Of Mobilization And Recruitment,30.106451,31.324131,,,,153,3594.764705882353
browsers.bulb.lifeguard,Afendina Dome - Manshiyat Nasser,30.043367,31.277294,,,,162,4356.944444444444
twins.comically.skater,Afendina Dome - Manshiyat Nasser,30.043438,31.277155,,,,198,4319.681818181818
damp.flats.decorated,Agouza Corniche,30.046488,31.218107,,,,99,3035.090909090909
sublime.coil.strides,Agouza Corniche,30.04654,31.218218,,,,81,3419.0
birdcage.assembles.forms,Agouza Police Hospital,30.052305,31.216717,,,,207,3776.0434782608695
furniture.cultivation.kidney,Agouza Police Hospital,30.052334,31.216871,,,,207,3891.9565217391305
strictest.walking.nicer,Agricultural Center - Badrasheen,29.851421,31.247364,,,,18,804.0
eminent.downs.judges,Agricultural Research Center - Cairo University,30.021055,31.211437,,,,414,5068.304347826087
prune.liver.decompose,Agricultural Research Center - Cairo University,30.021217,31.211544,,,,414,4883.95652173913
tells.motive.absent,Ahli Bank - Al Nadi Al Gedeed St,29.969296,31.271973,,,,45,4303.6
burden.pylon.ironclad,Ahli Kuwaiti Bank - Sudan St,30.048325,31.192566,,,,99,2997.3636363636365
digs.intersect.spoiled,Ahli Kuwaiti Bank - Sudan St,30.048128,31.192492,,,,126,2969.5
derailed.cobras.dash,Ahmed Al Sallab Mall,30.052265,31.324337,,,,153,5378.470588235294
soup.renovated.upholding,Ahmed Al Sallab Mall,30.052038,31.32441,,,,144,5195.8125
casino.composes.commutes,Ahmed Badawi Street,30.066303,31.245766,,,,450,5553.58
lifetimes.sinkhole.speaker,Ahmed Badawi Street,30.066317,31.245083,,,,369,5870.707317073171
doubt.joins.remodels,Ahmed Esmat St - Ain Shams St,30.12915,31.32153,,,,153,4118.764705882353
pepper.trinkets.fancied,Ahmed Esmat St - Ain Shams St,30.129154,31.321438,,,,135,4538.333333333333
admits.tentacles.sporting,Ahmed Fakhry - Autostrad,30.069698,31.348845,,,,9,2633.0
beard.helpless.presuming,Ahmed Fakhry - Autostrad,30.06982,31.348053,,,,135,4275.0
smuggled.spearhead.shovels,Ahmed Fakhry - Autostrad,30.070026,31.348366,,,,153,3589.235294117647
trucks.pigtails.booklet,Ahmed Galal Military Passage,30.141197,31.436735,,,,99,4196.818181818182
valley.inch.houseboat,Ahmed Galal Military Passage,30.141253,31.436924,,,,99,3449.7272727272725
dialects.takeover.custodial,Ahmed Helmy,30.064966,31.247765,,,,9,4010.0
duration.driveways.bristle,Ahmed Helmy,30.064444,31.245775,,,,18,6356.0
explain.massaged.rabble,Ahmed Helmy,30.065004,31.24655,,,,144,4664.4375
juicy.beaks.twins,Ahmed Helmy,30.064476,31.244982,,,,117,5866.384615384615
spent.crowns.objective,Ahmed Helmy,30.06495,31.244743,,,,423,5428.36170212766
washing.weekends.handlebar,Ahmed Helmy,30.06488,31.24488,,,,324,5549.166666666667
toast.nourished.slack,Ahmed Khalil St - Mogamaa Al Masanae St,30.10649,31.266975,,,,9,1626.0
abode.author.passively,Ahmed Maher Teaching Hospital,30.039745,31.250437,,,,594,5539.515151515152
march.secret.blissful,Ahmed Maher Teaching Hospital,30.039818,31.250237,,,,369,5187.731707317073
lengthen.scoping.lately,Ahmed Oraby - Ramses,30.057432,31.241405,,,,9,900.0
sample.flow.stolen,Ahmed Oraby - Ramses,30.057005,31.242458,,,,603,6118.074626865671
turned.coverings.postcard,Ahmed Oraby - Ramses,30.057323,31.241535,,,,45,6264.2
yours.refusals.panics,Ahmed Oraby - Ramses,30.057491,31.241371,,,,594,5715.984848484848
paddock.continues.dollars,Ahmed Oraby Square - Obour,30.2254,31.457321,,,,9,300.0
unloaded.flaunting.patting,Ahmed Oraby Square - Obour,30.223509,31.458424,,,,9,300.0
cardinal.elephant.vowel,Ahmed Oraby Street,30.060703,31.24266,,,,486,5195.407407407408
misted.agreeable.centuries,Ahmed Oraby Street,30.060907,31.242842,,,,405,5654.711111111111
rocky.loving.paddocks,Ahmed Saaed Bridge - End,30.07067,31.272882,,,,63,5264.857142857143
wool.today.shun,Ahmed Saaed Bridge - Start,30.070751,31.272835,,,,432,6230.0
knees.tornado.wings,Ahmed Saeed St - Abaseyya St,30.06404,31.272823,,,,279,5448.225806451613
ocean.winds.earth,Ahram School for Basic Education,29.988497,31.112795,,,,45,7264.0
relies.press.archives,Aida - Ahmed Helmy St,30.08503,31.255957,,,,72,3704.875
strikers.hips.lively,Aida - Ahmed Helmy St,30.084835,31.25583,,,,45,3344.6
duplicate.juices.tutored,Ain Helwan Metro Station,29.862497,31.32542,,,,27,651.6666666666666
laughs.tech.hourglass,Ain Helwan Metro Station,29.862564,31.325506,,,,18,781.5
calendars.surgical.definite,Ain Shams Metro,30.130777,31.319643,,,,18,644.5
deflated.bath.animates,Ain Shams University,30.075768,31.287046,,,,360,6449.25
faced.appoints.herds,Ain Shams University,30.075634,31.287308,,,,441,6274.081632653061
drumbeat.assures.awoke,Ain Shams University - Obour,30.204412,31.45731,,,,9,300.0
incisions.exile.gravitate,Ain Shams University - Obour,30.204477,31.457481,,,,9,300.0
rentals.last.generally,Ain Shams University Dorms,30.077845,31.28954,,,,432,6359.854166666667
warping.nerd.unhappy,Ain Shams University Dorms,30.077913,31.289207,,,,297,6333.090909090909
trickster.scoring.sugar,Air Force Hospital,30.01642,31.433527,New Cairo City,5712885.0,15000.0,18,4666.0
trickster.scoring.sugar,Air Force Hospital,30.01642,31.433527,New Cairo City,5712885.0,15000.0,18,4666.0
trickster.scoring.sugar,Air Force Hospital,30.01642,31.433527,New Cairo City,5712885.0,15000.0,18,4666.0
trickster.scoring.sugar,Air Force Hospital,30.01642,31.433527,New Cairo City,5712885.0,15000.0,18,4666.0
vitals.transmits.hothouse,Air Force Hospital,30.016115,31.43341,New Cairo City,5712885.0,15000.0,27,5128.333333333333
vitals.transmits.hothouse,Air Force Hospital,30.016115,31.43341,New Cairo City,5712885.0,15000.0,27,5128.333333333333
vitals.transmits.hothouse,Air Force Hospital,30.016115,31.43341,New Cairo City,5712885.0,15000.0,27,5128.333333333333
vitals.transmits.hothouse,Air Force Hospital,30.016115,31.43341,New Cairo City,5712885.0,15000.0,27,5128.333333333333
object.wake.beak,Air Force Hospital - Al Waili,30.062466,31.273512,,,,405,5505.666666666667
boils.costly.attitudes,Akhnaton School,30.006256,31.414314,New Cairo City,5712885.0,15000.0,9,300.0
boils.costly.attitudes,Akhnaton School,30.006256,31.414314,New Cairo City,5712885.0,15000.0,9,300.0
boils.costly.attitudes,Akhnaton School,30.006256,31.414314,New Cairo City,5712885.0,15000.0,9,300.0
boils.costly.attitudes,Akhnaton School,30.006256,31.414314,New Cairo City,5712885.0,15000.0,9,300.0
remarking.locals.politics,Akhnaton School,30.006426,31.414362,New Cairo City,5712885.0,15000.0,9,300.0
remarking.locals.politics,Akhnaton School,30.006426,31.414362,New Cairo City,5712885.0,15000.0,9,300.0
remarking.locals.politics,Akhnaton School,30.006426,31.414362,New Cairo City,5712885.0,15000.0,9,300.0
remarking.locals.politics,Akhnaton School,30.006426,31.414362,New Cairo City,5712885.0,15000.0,9,300.0
mailboxes.bound.costs,Al Aalam Specialized Hospital,30.066193,31.191797,,,,135,4106.133333333333
motivates.quail.mermaids,Al Aalam Specialized Hospital,30.066238,31.191692,,,,153,3581.4117647058824
punctual.across.helpers,Al Abageyya Entrance - Autostrad,30.021492,31.263771,,,,189,5299.952380952381
refusals.trustees.proven,Al Abageyya Entrance - Autostrad,30.021446,31.263645,,,,72,3687.125
rinsed.treat.zaps,Al Abageyya Entrance - Autostrad,30.02143,31.263554,,,,108,4788.083333333333
implore.voucher.brightens,Al Abaseyya Institute for Computers,30.141941,31.322317,,,,9,3166.0
lyricist.pursuit.crusaders,Al Abeet Steps - Ring Road,30.066568,31.174341,,,,54,2754.0
taps.race.aimlessly,Al Abeet Steps - Ring Road,30.066582,31.174503,,,,72,3395.0
budgeted.plea.foggy,Al Abtal City - 15th of May,29.82824,31.354675,,,,18,6393.0
outhouse.howler.unwanted,Al Abtal Club - Ein Al Seera,30.016285,31.25047,,,,27,2128.0
players.lifeguard.musician,Al Abtal Club - Ein Al Seera,30.016209,31.250294,,,,99,3903.2727272727275
hazelnuts.abstracts.proven,Al Abyad Automotive - King Faisal St,30.013403,31.198666,,,,45,973.0
strictest.scaffold.snatched,Al Abyad Automotive - King Faisal St,30.01348,31.198534,,,,63,1008.7142857142857
diagram.swimmer.regarding,Al Agouza Hospital,30.056046,31.216007,,,,207,3891.9565217391305
gurgling.consumed.purple,Al Agouza Hospital,30.055784,31.215935,,,,207,3776.0434782608695
agency.promoted.groom,Al Agouza Steps - October Bridge,30.048407,31.218903,,,,162,3831.4444444444443
protester.park.carefully,Al Agouza Steps - October Bridge,30.048462,31.218576,,,,189,3958.6190476190477
deal.ties.wand,Al Ahli Bank - Courniche Bolak,30.062214,31.227352,,,,108,4385.25
starlight.seats.ventures,Al Ahli Bank - Courniche Bolak,30.062159,31.227253,,,,117,5974.0
grumbling.digesting.picturing,Al Ahli Bank - King Faisal St,30.006664,31.18118,,,,63,1008.7142857142857
hides.keen.prancing,Al Ahli Bank - King Faisal St,30.006525,31.181217,,,,54,840.0
blown.croaking.finally,Al Ahly Sporting Club,30.071419,31.354548,,,,117,3898.153846153846
renewals.irritable.squeaks,Al Ahly Sporting Club,30.071619,31.3545,,,,144,3421.875
cycled.gained.juicy,Al Alg Exit - Ring Road,30.165888,31.359163,,,,153,3272.470588235294
prune.remember.sofas,Al Amir Steps - Ring Road,30.163588,31.318558,,,,180,2979.95
remarried.skim.feelers,Al Amir Steps - Ring Road,30.163439,31.31855,,,,162,2597.6666666666665
recall.everybody.refrained,Al Andalous Specialized Hospital,30.04051,31.329748,,,,117,6393.076923076923
reheat.bitter.neater,Al Ansar School - Gesr Al Suez,30.117926,31.33605,,,,9,3536.0
boring.similar.salaried,Al Areesh - Haram Street,29.99377,31.160122,,,,135,5929.466666666666
disclose.outs.reheat,Al Areesh - Haram Street,29.99386,31.15995,,,,135,5839.466666666666
flats.shrugging.visual,Al Atraby St - Gesr Al Suez,30.116325,31.336695,,,,9,5664.0
witty.zooms.euphoric,Al Atraby St - Gesr Al Suez,30.116423,31.336401,,,,90,5959.4
album.migrants.headings,Al Azhar Park Gate,30.040054,31.266449,,,,99,2961.4545454545455
jabs.puppets.trombone,Al Azhar Park Gate,30.040133,31.266335,,,,99,1877.6363636363637
songbird.storms.touchy,Al Azhar Pedestrian Bridge,30.06076,31.307467,,,,261,5194.689655172414
mainframe.icebergs.stormed,Al Azhar University - North,30.062645,31.31107,,,,243,4445.111111111111
sleeping.bandwagon.talent,Al Azhar University - North,30.062895,31.310915,,,,315,5276.2
extend.padding.portfolio,Al Azhar University - South,30.051044,31.320545,,,,189,4799.523809523809
breakaway.resurgent.averages,Al Azhar University Hospital - Nasr City,30.054197,31.31215,,,,144,5395.1875
steam.kilt.limbs,Al Azhar University Hospital - Nasr City,30.054237,31.311935,,,,90,5774.7
allowable.task.spouse,Al Aziz Bellah - Gesr Al Suez,30.099646,31.315746,,,,63,7548.142857142857
pheasants.vacancies.recur,Al Aziz Bellah - Gesr Al Suez,30.099487,31.315928,,,,117,7165.307692307692
torched.minder.rejoins,Al Aziz Bellah St - Selim Al Awwal St,30.102497,31.310328,,,,72,6264.375
maddening.tugging.whites,Al Azizeya Bridge,29.879017,31.246502,,,,9,2582.0
scoping.cheeses.nightcap,Al Azizeya Bridge,29.879131,31.247019,,,,9,2582.0
mediate.agreement.plunge,Al Bahr Al Aazam Exit - End (Moneeb),29.989006,31.215307,,,,72,2978.125
flashback.obscuring.lottery,Al Bahr Al Aazam Exit - Start,29.98712,31.218306,,,,135,3303.3333333333335
eternity.headstone.haunts,Al Bahs Al Genaee - Sherket Al Maadi St,29.985086,31.283495,,,,72,5850.125
existence.shapes.resists,Al Bahs Al Genaee - Sherket Al Maadi St,29.985058,31.283352,,,,63,6199.571428571428
airstrip.reliving.buildings,Al Baloun Theatre - Agouza,30.059023,31.215128,,,,207,3776.0434782608695
subplot.arch.goes,Al Baloun Theatre - Agouza,30.059204,31.215204,,,,216,3991.5833333333335
bless.hazel.comforted,Al Banat Mosque Bus Station,30.046577,31.254023,,,,414,5424.760869565217
buffoon.icebergs.bids,Al Banat Mosque Bus Station,30.046368,31.253794,,,,387,5463.0
indirect.dispensed.brightens,Al Banhawi Bus Station,30.057482,31.260452,,,,171,4399.736842105263
warriors.vitals.coping,Al Banhawi Bus Station,30.057438,31.260529,,,,288,5533.4375
weddings.workflow.examples,Al Banhawi Bus Station,30.05738,31.26046,,,,81,4115.222222222223
nipping.restores.dodges,Al Barageel Entrance,30.06439,31.16148,,,,9,146.0
deriving.pump.floating,Al Barageel Steps - Ring Road,30.076935,31.179018,,,,90,2910.8
luck.stunts.rewrites,Al Barageel Steps - Ring Road,30.077274,31.179132,,,,81,2455.3333333333335
bracing.stadium.education,Al Basateen Al Emomy,29.989283,31.267546,,,,27,2401.0
letters.quietest.bouncing,Al Basrawy Imbaba Bus Station,30.083326,31.2064,,,,9,958.0
fried.snuck.reason,Al Batal Ahmed - Saheb Al Diwan,30.216969,31.354765,,,,72,2931.0
activity.pushover.coach,Al Behiry Stone - Basateen,29.988531,31.271383,,,,72,3332.25
steady.nurses.pelted,Al Behiry Stone - Basateen,29.988571,31.271852,,,,117,6909.846153846154
option.handed.shudders,Al Bibany St,30.034868,31.25552,,,,162,4965.722222222223
steep.whirlpool.edits,Al Bibany St,30.034882,31.255587,,,,153,4380.176470588235
active.hindered.reclined,Al Bohi Imbaba Bus Station,30.08783,31.212393,,,,72,2221.0
erupts.threaten.wrenching,Al Bohi Imbaba Bus Station,30.087969,31.212423,,,,63,2363.285714285714
mural.sonic.rainfall,Al Bosta Steps - Ring Road,30.11304,31.203129,,,,54,2754.0
meatball.hence.flocking,Al Central St - Abou Al Farag St,30.074373,31.23372,,,,99,4515.818181818182
conductor.desktops.loopholes,Al Checheeny St,29.998724,31.142818,,,,27,2946.6666666666665
concerned.timeless.skewed,Al Dandarawy - Basateen Rd,29.998434,31.265287,,,,288,5233.1875
partners.golden.grouping,Al Darb Al Ahmar Police Station,30.038025,31.251856,,,,162,4965.722222222223
behave.tickles.duplicate,Al Darrasa Bus Station,30.047348,31.270027,,,,171,3435.3684210526317
embedded.line.incensed,Al Dawagen - Maadi,29.879644,31.28941,,,,36,5527.75
squirted.flaked.shakes,Al Dawagen - Maadi,29.87965,31.289314,,,,81,7074.0
adapt.toothpick.repelled,Al Demerdash Hospital,30.071589,31.27647,,,,432,6230.0
sketches.adding.detonated,Al Demerdash Hospital,30.07151,31.276516,,,,54,5992.333333333333
data.duos.shirtless,Al Demerdash Metro Station,30.076593,31.277029,,,,522,5664.637931034483
foil.straying.elsewhere,Al Demerdash Metro Station,30.077461,31.276802,,,,108,4607.083333333333
storybook.modem.suitable,Al Demerdash Metro Station,30.0774,31.276953,,,,18,3796.5
kettles.shred.pebbles,Al Dokki Square,30.038311,31.211502,,,,117,4132.153846153846
vision.avoiding.crispier,Al Dokki Square,30.038116,31.211128,,,,153,4305.470588235294
boomed.tall.intrigued,Al Eman Mosque,30.064728,31.344893,,,,45,2963.2
halt.snips.fidgeting,Al Eman Mosque,30.064705,31.344683,,,,45,2963.2
earphones.severe.surround,Al Farag Butchery - Magra Al Oyoun,30.021412,31.235706,,,,189,5430.619047619048
office.wriggled.chambers,Al Farag Butchery - Magra Al Oyoun,30.021336,31.235683,,,,171,4754.8421052631575
vans.strictest.gratuity,Al Faragany - Ain Shams St,30.117764,31.31749,,,,90,6282.8
icebergs.generated.basis,Al Fath Mosque - Mansheyyet Al Gamal St,30.097773,31.249105,,,,27,4347.666666666667
mistaken.riots.skid,Al Fath Mosque - Mansheyyet Al Gamal St,30.09789,31.249075,,,,45,7263.6
loft.survey.contained,Al Fath Schools - Abou Al Nomros,29.964838,31.21103,,,,18,827.0
airship.plotting.shuttled,Al Fath Superjet,30.046207,31.307924,,,,9,4213.0
folk.power.array,Al Fath Superjet,30.046257,31.308014,,,,36,5460.0
golden.loafing.dimension,Al Fath Superjet,30.04619,31.307695,,,,45,2262.2
quilt.weeps.heeding,Al Fath Superjet,30.046215,31.307783,,,,27,1988.0
denim.fired.cutlets,Al Fayoum Road,29.947035,31.099562,,,,9,2100.0
paramedic.plenty.beakers,Al Fayrouz Medical Center - Helwan,29.84326,31.303904,,,,63,4369.714285714285
repay.weeps.piston,Al Fayrouz Medical Center - Helwan,29.84321,31.303768,,,,99,5767.727272727273
recruiter.dominate.handicaps,Al Fouad Hospital - Abasseya,30.078667,31.277546,,,,81,4852.666666666667
tucked.browser.jelly,Al Gabal Al Asfar - Marg,30.203571,31.355211,,,,72,2931.0
allow.reliving.swordfish,Al Galaa Bridge,30.095953,31.342318,,,,72,4398.625
deprive.narrates.bandstand,Al Galaa Bridge,30.094833,31.342402,,,,117,4230.923076923077
lasted.apples.bulbs,Al Galaa Bridge,30.09476,31.342104,,,,63,3089.5714285714284
recipient.mystified.type,Al Galaa Military Hospital,30.099928,31.350761,,,,108,4339.25
report.delays.coasters,Al Galaa Military Hospital,30.10023,31.35057,,,,144,3248.9375
tall.represent.artichoke,Al Gamaia Al Sharaia,30.04764,31.31393,,,,9,2122.0
chart.headstone.printout,Al Gamaleya Youth Center,30.050003,31.268854,,,,81,4042.3333333333335
peach.fall.openly,Al Gamaleya Youth Center,30.049973,31.268959,,,,99,3416.090909090909
rant.outbound.stockpile,Al Garage - Sawah,30.105597,31.2816,,,,135,4400.0
chainsaw.plums.gifts,Al Gazareen - Gamal Abd El Nasser St - Warraq,30.101063,31.222471,,,,99,3857.818181818182
gazes.adverbs.saturate,Al Gazareen - Gamal Abd El Nasser St - Warraq,30.101206,31.222555,,,,99,3927.0
gender.movie.arose,Al Geish Square,30.062183,31.267786,,,,81,5034.444444444444
moped.assures.health,Al Geish Square,30.062384,31.267963,,,,306,5640.911764705882
fruitcake.inflates.grows,Al Gezeera - Moqattam,30.010698,31.303282,,,,9,960.0
stumble.rested.uttering,Al Gezeera - Moqattam,30.01081,31.303375,,,,18,490.0
acid.alone.factoring,Al Gezira Steps - October Bridge,30.04906,31.226988,,,,162,3831.4444444444443
chatters.ditching.crockery,Al Gezira Steps - October Bridge,30.049189,31.226954,,,,198,4079.5454545454545
measure.skinning.nitrogen,Al Gomhoreyya - Al Masraf,30.175446,31.347479,,,,72,2931.0
material.televise.galaxies,Al Gomhoreyya - Howd Al Shaikh,30.187437,31.351437,,,,72,2931.0
measuring.passion.holds,Al Habib Mosque - Barageel,30.073574,31.169323,,,,27,842.0
infinite.plankton.arrow,Al Hamd Square,30.001915,31.422941,New Cairo City,5712885.0,15000.0,18,2989.0
infinite.plankton.arrow,Al Hamd Square,30.001915,31.422941,New Cairo City,5712885.0,15000.0,18,2989.0
infinite.plankton.arrow,Al Hamd Square,30.001915,31.422941,New Cairo City,5712885.0,15000.0,18,2989.0
infinite.plankton.arrow,Al Hamd Square,30.001915,31.422941,New Cairo City,5712885.0,15000.0,18,2989.0
rocket.bronzer.mothering,Al Hamd Square,30.002216,31.423113,New Cairo City,5712885.0,15000.0,9,300.0
rocket.bronzer.mothering,Al Hamd Square,30.002216,31.423113,New Cairo City,5712885.0,15000.0,9,300.0
rocket.bronzer.mothering,Al Hamd Square,30.002216,31.423113,New Cairo City,5712885.0,15000.0,9,300.0
rocket.bronzer.mothering,Al Hamd Square,30.002216,31.423113,New Cairo City,5712885.0,15000.0,9,300.0
duties.stumps.monopoly,Al Haq Hospital - Arbean St,30.133135,31.314157,,,,99,1968.7272727272727
capacity.cases.according,Al Hawamdeya General Hospital,29.887955,31.272583,,,,36,2027.25
nearly.stag.pylon,Al Hawamdeya General Hospital,29.887932,31.27242,,,,36,2027.25
gains.regretted.coupler,Al Hawamdeya Traffic Authority,29.905104,31.268637,,,,45,3382.6
inhabited.palace.braked,Al Hawamdeya Traffic Authority,29.905119,31.268744,,,,45,3382.6
advances.wished.sneezing,Al Hawamdeyya Bus Station,29.896235,31.265867,,,,18,4809.5
cares.suggested.unite,Al Hawamdeyya Bus Station,29.896284,31.265852,,,,18,4809.5
decreased.rumbles.tickling,Al Hayat Islamic School - Marg,30.189718,31.351118,,,,72,2931.0
classmate.trailer.vertical,Al Hays Pastery - Nozha St,30.104248,31.343832,,,,243,4961.037037037037
remake.tropic.promotion,Al Hays Pastery - Nozha St,30.104288,31.343609,,,,243,4926.037037037037
airbase.salt.meant,Al Hegaz Square,30.111448,31.345436,,,,72,6733.25
crunching.grad.fetches,Al Hegaz Square,30.111034,31.34553,,,,243,4926.037037037037
mountain.cement.novel,Al Hegaz Square,30.110619,31.346281,,,,9,8337.0
closes.regime.cabbies,Al Helmeya Square - Heliopolis,30.112038,31.316622,,,,234,4328.846153846154
generated.friends.thrashed,Al Helmeya Square - Heliopolis,30.112032,31.316292,,,,243,4511.814814814815
fuses.decorate.shutting,Al Helmiya Garden - Gesr Al Suez,30.108894,31.32707,,,,99,5812.909090909091
lays.multiple.magazines,Al Helmiya Garden - Gesr Al Suez,30.108757,31.327242,,,,198,5640.636363636364
fights.waddled.operation,Al Hennawy Furniture - Airport Road,30.124329,31.376574,,,,189,3803.285714285714
riskiest.newlywed.mocked,Al Hennawy Furniture - Airport Road,30.12446,31.376423,,,,225,3133.28
solicitor.sprawls.eyelash,Al Herafyeen - Gesr Al Suez,30.136904,31.387648,,,,45,4836.2
tricycle.adhesive.them,Al Herafyeen - Gesr Al Suez,30.136763,31.387785,,,,27,7317.0
gadgets.barefoot.regularly,Al Hikma Labs - Nohza St,30.107208,31.344374,,,,243,4926.037037037037
hobbies.disarmed.laugh,Al Hikma Labs - Nohza St,30.107159,31.344564,,,,252,4816.0
pleasing.just.hunk,Al Horia Square - Maadi,29.959663,31.254349,,,,72,4282.125
invoices.yelled.shuttling,Al Horreya Square,30.168861,31.602583,,,,18,3048.0
petted.hardback.fatherly,Al Horreya Square,30.167946,31.602236,,,,9,4734.0
advising.sideburns.blur,Al Hossary,29.973577,30.943935,,,,9,146.0
prank.loudness.cluttered,Al Howaify Ceramics - Terat Al Sawahil St,30.075298,31.211945,,,,54,2016.8333333333333
penned.stocky.lyrics,Al Huda Mosuqe - Al Moski,30.052176,31.256748,,,,270,5529.333333333333
youths.boating.sunbeam,Al Huda Mosuqe - Al Moski,30.052002,31.256573,,,,261,5388.689655172414
coarser.alerting.gangs,Al Hussein Hospital - Daraasa,30.04557,31.267014,,,,90,4117.3
coping.beauty.grips,Al Imam Al Shafei Cemetaries - Autostrad,30.012442,31.267273,,,,189,5299.952380952381
impressed.newly.snapper,Al Ismailiya Square,30.096697,31.334877,,,,135,5652.733333333334
scream.amaze.decays,Al Ismailiya Square,30.096487,31.334917,,,,135,5721.733333333334
grub.foggy.sweeter,Al Itihadeya,30.090296,31.31988,,,,126,5321.214285714285
revised.sisters.buzzards,Al Itihadeya,30.090559,31.31984,,,,45,5579.0
convinced.coughed.waxing,Al Kahraba Hosuing Complex,29.872654,31.289335,,,,81,7074.0
gloom.empty.huddled,Al Kahraba Hosuing Complex,29.872765,31.289448,,,,36,5527.75
imprinted.restores.familiar,Al Kahraba Street - Nasr City,30.0502,31.389242,,,,90,4647.8
latched.propelled.abstracts,Al Kahraba Street - Nasr City,30.05003,31.389256,,,,90,3975.4
cuddling.alcove.upsetting,Al Kasr Al Aini Hospital,30.029202,31.231014,,,,351,5017.384615384615
risky.evolves.startles,Al Kasr Al Aini Hospital,30.030825,31.232525,,,,261,5932.413793103448
walking.shower.regress,Al Kasr Al Aini Hospital,30.030737,31.23078,,,,378,5205.166666666667
bitter.labels.hurry,Al Kawetch - Matareyya,30.128681,31.296139,,,,99,3288.181818181818
sues.teams.oiled,Al Kawetch - Matareyya,30.128363,31.296206,,,,72,3590.5
meant.coasters.appointed,Al Kersh Cars - Heliopolis,30.084259,31.325857,,,,45,5524.4
outboard.cleansed.switched,Al Kersh Cars - Heliopolis,30.084429,31.325838,,,,27,5571.333333333333
animals.shower.marzipan,Al Khalafawy Square,30.098013,31.24538,,,,369,5697.365853658536
half.forever.demanding,Al Khalafawy Square,30.09797,31.24551,,,,369,6073.487804878048
quickly.cubes.panicking,Al Khanka - Al Salam Road,30.227777,31.358488,,,,81,2834.4444444444443
uttering.stunt.actors,Al Khanka Local Unit,30.223242,31.359228,,,,99,2874.181818181818
performs.joys.souk,Al Khanka Terminal,30.22,31.371689,,,,18,2610.0
snapped.fracture.mysteries,Al Khankah Police Station,30.228369,31.362186,,,,36,2816.5
hulk.allies.lump,Al Khashab Bridge,30.009602,31.227407,,,,162,3561.3888888888887
mule.lovely.brightens,Al Khashab Bridge,30.009604,31.22727,,,,225,4291.32
holdings.outboard.gasp,Al Khelaa,30.017752,31.264547,,,,108,4788.083333333333
milder.deed.dolls,Al Khelaa,30.017385,31.264917,,,,189,5299.952380952381
wishes.incursion.spindles,Al Khelaa,30.017504,31.264744,,,,72,3687.125
roost.punch.playback,Al Khosous,30.15803,31.320232,,,,18,4465.0
daring.elbowing.demand,Al Khosous Bus Station,30.162842,31.322893,,,,18,4096.5
primed.lease.cleanest,Al Khosous Bus Station,30.16287,31.323223,,,,9,3913.0
obstruct.stops.hindering,Al Khouly Steps - Ring Road,30.099295,31.20092,,,,54,2754.0
scribbled.prove.tailing,Al Khouly Steps - Ring Road,30.099117,31.20103,,,,54,3615.0
jars.rainwater.brochure,Al Kuwaiti Mosque - Zahraa Al Maadi,29.9614,31.313738,,,,9,4396.0
peachy.samples.archduke,Al Kuwaiti Mosque - Zahraa Al Maadi,29.961643,31.313585,,,,9,4396.0
trailing.outlines.pave,Al Laimoon Bridge,30.062027,31.246017,,,,135,5529.866666666667
hoped.reconnect.self,Al Lewaa Steps - 26th of July Mehwar,30.060074,31.187222,,,,45,2477.8
vitals.seriously.behalf,Al Lewaa Steps - 26th of July Mehwar,30.059988,31.187159,,,,27,2872.0
combines.knees.lectured,Al Maahad St - Nile Courniche,29.942974,31.272358,,,,36,5527.75
warnings.autumn.hurray,Al Maahad St - Nile Courniche,29.942896,31.272272,,,,90,6887.7
distracts.proven.tent,Al Maamal - Al Remaya St,29.99049,31.116272,,,,63,7617.857142857143
reckons.swatted.before,Al Maasara Ferry,29.901474,31.288033,,,,36,5527.75
tweezers.renewals.regulator,Al Maasara Ferry,29.90146,31.28794,,,,90,6887.7
behaving.shields.fuzz,Al Maasara For Engineering Industries,29.905754,31.288372,,,,90,6887.7
winning.cement.rhino,Al Maasara For Engineering Industries,29.905787,31.288431,,,,36,5527.75
magnets.passes.spaceship,Al Maasara Police Station,29.888689,31.3039,,,,27,1999.0
game.ulterior.sends,Al Maasra Entrance - Autostrad,29.904932,31.307676,,,,108,2550.9166666666665
slows.removers.bounding,Al Maasra Entrance - Autostrad,29.904943,31.307844,,,,108,3924.0
expensive.sushi.flattery,Al Mafareq - Moqattam,30.011814,31.329802,,,,81,6408.666666666667
park.galloping.darkens,Al Mafareq - Moqattam,30.011997,31.32942,,,,90,5425.1
confident.anchorman.results,Al Mafariq - Al Zawya Al Hamra,30.098412,31.264963,,,,45,3885.8
pictured.plausible.servants,Al Magzar Al Aali - Autostrad,30.00261,31.2745,,,,189,5299.952380952381
trumped.turkeys.campfires,Al Magzar Al Aali - Autostrad,30.002554,31.274338,,,,189,4286.857142857143
named.growl.replayed,Al Magzar Mariouteya Bus Station,29.97866,31.159628,,,,27,4107.333333333333
outlawing.aunts.refutes,Al Magzar Mariouteya Bus Station,29.978756,31.159754,,,,126,2966.5714285714284
shuffle.scatters.frantic,Al Magzar Mariouteya Bus Station,29.978935,31.15996,,,,108,3215.8333333333335
cheaply.happy.saddens,Al Mahkama - New Cairo,30.003527,31.426222,New Cairo City,5712885.0,15000.0,9,5678.0
cheaply.happy.saddens,Al Mahkama - New Cairo,30.003527,31.426222,New Cairo City,5712885.0,15000.0,9,5678.0
cheaply.happy.saddens,Al Mahkama - New Cairo,30.003527,31.426222,New Cairo City,5712885.0,15000.0,9,5678.0
cheaply.happy.saddens,Al Mahkama - New Cairo,30.003527,31.426222,New Cairo City,5712885.0,15000.0,9,5678.0
warbler.fond.hems,Al Mahkama - New Cairo,30.00341,31.426292,New Cairo City,5712885.0,15000.0,9,5678.0
warbler.fond.hems,Al Mahkama - New Cairo,30.00341,31.426292,New Cairo City,5712885.0,15000.0,9,5678.0
warbler.fond.hems,Al Mahkama - New Cairo,30.00341,31.426292,New Cairo City,5712885.0,15000.0,9,5678.0
warbler.fond.hems,Al Mahkama - New Cairo,30.00341,31.426292,New Cairo City,5712885.0,15000.0,9,5678.0
carbonate.squirted.enrolling,Al Malek Al Saleh,30.015453,31.228703,,,,126,3599.6428571428573
hiker.cheer.blasted,Al Malek Al Saleh,30.015457,31.228533,,,,63,3450.4285714285716
insect.reshape.sneezing,Al Malek Al Saleh Bridge,30.015816,31.228838,,,,144,3686.4375
offerings.perkily.turntable,Al Malek Al Saleh Bridge,30.015911,31.228611,,,,9,8820.0
courts.funny.drooling,Al Malek Al Saleh Bridge - Start,30.013704,31.228401,,,,162,3561.3888888888887
retrain.irritate.tiles,Al Malek Al Saleh Bridge - Start,30.01377,31.2283,,,,225,4291.32
butlers.cartoons.reflected,Al Malek Al Saleh Bus Station,30.01593,31.23239,,,,45,3048.2
cove.flagging.dives,Al Malek Al Saleh Bus Station,30.016022,31.23239,,,,90,5148.8
eased.gashes.measures,Al Malek Al Saleh Metro Station,30.018171,31.229294,,,,216,4796.5
hinders.apartment.stole,Al Malek Al Saleh Metro Station,30.018211,31.22921,,,,207,4966.869565217391
bunk.streak.finalists,Al Malek Al Saleh Tunnel Roundabout,30.01613,31.23401,,,,18,3382.5
pose.sway.notices,Al Manara Kiosk - Moqattam,30.007011,31.328926,,,,72,7089.75
snuggled.sprouting.dwarf,Al Manara Kiosk - Moqattam,30.00697,31.328827,,,,72,6658.875
tastes.prettiest.ticking,Al Manarah Center For International Conferences,30.018322,31.386217,,,,18,3832.0
noble.modes.conforms,Al Manhal Private School,30.055962,31.357517,,,,117,5804.692307692308
likely.bookshop.friend,Al Manial,30.02843,31.224298,,,,405,5061.2
strumming.dupe.wizards,Al Manial,30.028318,31.224285,,,,423,4996.702127659574
locked.missions.landowner,Al Mansoreya - 26th of July Mehwar,30.062904,31.09802,,,,9,146.0
drops.birdcage.riddle,Al Mansoureya Canal Rd - Nahya,30.058088,31.127079,,,,18,196.0
remix.ripe.enchanted,Al Maqreezy St - Gesr Al Suez St,30.089773,31.303797,,,,72,7937.625
swipes.dictation.committee,Al Maqreezy St - Gesr Al Suez St,30.089712,31.303843,,,,162,6554.333333333333
baking.cigar.commenced,Al Maraziq - Southern Dahshour Junction,29.80829,31.272736,,,,27,979.6666666666666
existence.soap.jokers,Al Maraziq - Southern Dahshour Junction,29.80826,31.27266,,,,27,979.6666666666666
increased.moisture.assembles,Al Maraziq Checkpoint,29.7966,31.298347,,,,36,2516.25
wins.tornado.excellent,Al Maraziq Checkpoint,29.796577,31.298513,,,,27,455.6666666666667
finer.outpost.eminent,Al Marioteya Road - 26th of July Mehwar,30.065132,31.126377,,,,9,146.0
jabs.petition.tailwind,Al Masa Hall - Maasara Nile Courniche,29.911516,31.286692,,,,90,6887.7
leathers.yield.pony,Al Masa Hall - Maasara Nile Courniche,29.911526,31.286804,,,,36,5527.75
evolves.latches.shelving,Al Masabek Steps - Ring Road,30.090952,31.196869,,,,54,3615.0
devotion.sedative.bids,Al Masah - Nasr City,30.059359,31.317032,,,,9,1466.0
redeemed.sage.policy,Al Masah - Nasr City,30.059227,31.316841,,,,18,2499.0
equivocal.legwork.running,Al Masah Hospital - Mahdy Arafa,30.052721,31.379496,,,,27,3384.3333333333335
traded.toasters.essential,Al Masah Hospital - Mahdy Arafa,30.052734,31.379246,,,,27,3920.0
certainly.dummy.coffee,Al Masallah - Al Terilli St,30.127495,31.308311,,,,108,1660.0
jokes.drawn.blasted,Al Masriya - Nasr City,30.062933,31.361832,,,,9,2363.0
lateral.giants.defers,Al Masriya - Nasr City,30.062939,31.361946,,,,18,2003.5
lush.headless.talker,Al Matareya Metro Station,30.121422,31.313549,,,,18,3916.5
haircuts.satin.fools,Al Matbaa Bus Station,29.973766,31.247149,,,,90,4359.2
resonated.unlucky.together,Al Matbaa Bus Station,29.973722,31.246645,,,,117,5286.153846153846
uproot.arena.lifetimes,Al Mazallaat - Shubra,30.101738,31.245249,,,,396,5181.25
clicker.movies.lately,Al Mazallat - Shubra,30.102018,31.246168,,,,189,4341.666666666667
motivate.tightrope.uppermost,Al Mazallat - Shubra,30.102129,31.245913,,,,198,4750.727272727273
radiating.users.lyrics,Al Mazallat - Shubra,30.101793,31.24535,,,,243,6252.7037037037035
dimension.limp.dice,Al Mazallat Checkpoint,30.102999,31.243448,,,,36,3929.25
increases.random.cosmetic,Al Mazallat Checkpoint,30.1032,31.243242,,,,99,3157.181818181818
tuxedos.conceals.abruptly,Al Mazallat Checkpoint,30.10312,31.243315,,,,108,2473.9166666666665
reclaimed.spirits.gathers,Al Mazallat Metro Station,30.10376,31.245443,,,,243,5453.925925925926
scope.derailed.producing,Al Mazallat Metro Station,30.103752,31.245798,,,,270,5252.1
sleepers.slanting.riders,Al Mearag Mosque - Ring Road,29.986307,31.309513,,,,99,4563.090909090909
jaws.lamenting.cute,Al Mehwar Desert Road,30.046703,31.051838,,,,9,146.0
bars.servants.worms,Al Moassasa,30.123888,31.243042,,,,135,1843.0666666666666
channel.remission.spoiled,Al Moassasa,30.123755,31.242823,,,,36,1542.0
porch.prune.country,Al Moassasa,30.120441,31.245617,,,,81,2658.222222222222
portfolio.certified.bulky,Al Moassasa,30.120544,31.24574,,,,54,2061.6666666666665
contained.response.collected,Al Moassasa Steps - Ring Road,30.16674,31.37168,,,,135,2820.866666666667
populate.loom.sulked,Al Moassasa Steps - Ring Road,30.166914,31.371672,,,,153,3272.470588235294
crass.gazed.haggling,Al Moatamadiya Post Office,30.050852,31.169855,,,,9,196.0
suiting.imprinted.crunched,Al Moatamadiya Post Office,30.050783,31.169752,,,,9,196.0
ribcage.bluntly.post,Al Moemen Mosque,30.057785,31.3744,,,,117,5998.461538461538
target.weeps.clues,Al Moemen Mosque,30.057571,31.37432,,,,108,5657.416666666667
brothers.rationed.bashful,Al Mogamaa - Arbean St,30.136316,31.315279,,,,99,1968.7272727272727
hampers.hobby.excavate,Al Mohandes Insurance - Ramses,30.066616,31.259806,,,,549,5836.819672131148
limiting.town.eggshell,Al Mohandes Insurance - Ramses,30.066439,31.259886,,,,531,6226.71186440678
scaffold.dangerously.redeeming,Al Mokhayam Al Daaem - Al Shaheed Axis,30.047398,31.31414,,,,36,2660.25
faces.apart.enlarge,Al Mokhtabar - Haram Street,29.992466,31.1566,,,,126,6253.857142857143
health.evenings.budget,Al Mokhtabar - Haram Street,29.992586,31.156551,,,,126,6157.428571428572
sandbags.jumped.licks,Al Moneeb Entrance - Ring Road,29.986296,31.209166,,,,117,2800.923076923077
gain.debate.nosedive,Al Moneeb Exit - Ring Road,29.985815,31.20841,,,,135,2291.3333333333335
slicer.probably.fidgeted,Al Moqattam Hospital,30.020565,31.243675,,,,162,4814.833333333333
vase.spindles.padlock,Al Moqattam Hospital,30.02064,31.243692,,,,207,5714.304347826087
townhouse.supply.provider,Al Mosheer Tantawy Mosque,30.020378,31.377903,,,,18,3832.0
reprints.curtail.newsreel,Al Moski - Port Said Street,30.048008,31.25494,,,,252,5652.892857142857
acting.amending.disposing,Al Mosky Steps,30.04988,31.255562,,,,261,5388.689655172414
flukes.weeds.trying,Al Mosky Steps,30.049904,31.255737,,,,270,5529.333333333333
heave.rounds.chap,Al Mostaqbal Square - Obour,30.26733,31.479296,,,,9,300.0
ignore.elevated.dandelions,Al Mostashfa ST (King Faisal),29.995499,31.151705,,,,36,1080.25
tidy.mainframe.shrubbery,Al Mostashfa ST (King Faisal),29.99566,31.151697,,,,45,1051.0
bigger.throat.admiral,Al Mostashfa St - Ahmed Helmy St,30.073332,31.254347,,,,45,3344.6
zips.distract.pods,Al Mostashfa St - Ahmed Helmy St,30.07331,31.254482,,,,72,3704.875
mint.investor.afternoon,Al Motamayez Entrance,29.995943,30.96201,,,,9,146.0
issues.reefs.multiples,Al Mothalath - Ahmed Al Zomor,30.048033,31.370842,,,,81,3459.777777777778
singers.ratio.pampered,Al Mothalath - Ahmed Al Zomor,30.048288,31.37139,,,,72,2709.625
yourself.play.disprove,Al Mothalath - Marg,30.212894,31.35778,,,,72,2931.0
barbarian.herds.clock,Al Mounira Hospital,30.034452,31.23905,,,,297,4914.727272727273
witty.salads.lowest,Al Mounira School - Downtown,30.032558,31.234665,,,,126,4558.785714285715
backtrack.funds.police,Al Na'am Square - Ain Shams,30.12167,31.317968,,,,198,5932.545454545455
coining.fault.impresses,Al Nada Hospital - Manial,30.019455,31.225248,,,,90,4899.8
unheated.cries.shapeless,Al Nada Hospital - Manial,30.019386,31.225323,,,,54,3908.8333333333335
racetrack.bond.messing,Al Nadi Square - Maadi,29.963154,31.263737,,,,72,3674.5
elbowed.dribble.squeaking,Al Nady St - Al Khalifa Al Mamoun,30.09081,31.312334,,,,198,6150.909090909091
upon.votes.unpacked,Al Nady St - Al Khalifa Al Mamoun,30.090565,31.312443,,,,216,6139.416666666667
dreamer.reflected.jetting,Al Nahda Square - Al Shorouq,30.161211,31.62349,,,,9,4734.0
tadpoles.cubes.recent,Al Nahda Square - Al Shorouq,30.1618,31.624016,,,,18,3048.0
relatives.snaps.headline,Al Nahyan Hospital - Sheikh Zayed,30.051401,31.288307,,,,207,4398.869565217391
tall.willpower.continues,Al Nahyan Hospital - Sheikh Zayed,30.051294,31.288368,,,,207,4091.4347826086955
couches.performed.tidying,Al Nakhl - Nile Courniche,29.8887,31.289171,,,,81,7074.0
reseller.sporting.perfumed,Al Nakhl - Nile Courniche,29.888704,31.28927,,,,36,5527.75
magnitude.skins.trackers,Al Nasr Hospital - Helwan,29.83915,31.321693,,,,90,5462.5
sidelined.canine.prepped,Al Nasr Hospital - Helwan,29.839218,31.321798,,,,72,4926.0
fields.hunk.cherish,Al Nasr Hotel - Al Tayaran,30.07053,31.324482,,,,81,5708.666666666667
waged.views.evidently,Al Nasr Hotel - Al Tayaran,30.070591,31.324656,,,,135,4946.8
wand.removable.frantic,Al Nasr Restaurant - Basateen,29.98616,31.271645,,,,171,3849.0526315789475
acrobats.craftsmen.screening,Al Nasr School - Waili,30.0966,31.277388,,,,126,4827.214285714285
revealing.talker.darting,Al Nasr School - Waili,30.096582,31.277498,,,,135,4400.0
cork.deflate.guarding,Al Noaman Palace - Orouba Rd,30.086145,31.325945,,,,108,3417.9166666666665
knowledge.shameless.cavalier,Al Noaman Palace - Orouba Rd,30.08624,31.325869,,,,117,3228.846153846154
circular.clarifies.cult,Al Noqrashy School - Hadayek Al Qobba,30.091951,31.293217,,,,81,4718.333333333333
stems.cleanser.kindness,Al Noqrashy School - Hadayek Al Qobba,30.092031,31.29312,,,,72,4517.375
over.narrow.thrashed,Al Nour Mosque - Abbasseya,30.074873,31.282331,,,,477,6303.66037735849
mash.sediment.toads,Al Nour Mosque - Helwan Courniche,29.813047,31.301075,,,,36,2516.25
redeeming.dizzy.animator,Al Nour Mosque - Helwan Courniche,29.813057,31.301178,,,,27,455.6666666666667
unwraps.send.hats,Al Nour Mosque - Nasr City,30.04985,31.386005,,,,90,4647.8
intruded.recorder.else,Al Nozha Al Gadeeda,30.129013,31.361492,,,,63,2181.5714285714284
shepherds.innocence.snails,Al Nozha Al Gadeeda,30.12908,31.36174,,,,63,3996.5714285714284
eradicate.parts.critic,Al Nozha Al Gadeeda Bus Station,30.12708,31.362328,,,,18,7078.0
graph.helping.powers,Al Nozha Al Gadeeda Bus Station,30.127106,31.362663,,,,81,4503.888888888889
pinks.acrobatic.hires,Al Nozha Al Gadeeda Bus Station,30.1254,31.362925,,,,108,3357.1666666666665
yummy.capers.guideline,Al Nozha Al Gadeeda Bus Station,30.12566,31.363197,,,,9,1121.0
bared.bracelet.conspire,Al Omraneyya,29.995625,31.203712,,,,90,5036.6
crash.studs.fuels,Al Omraneyya,29.994461,31.198175,,,,9,994.0
chatters.situation.resold,Al Omraneyya Bridge - End,29.998625,31.205225,,,,90,5036.6
gather.writers.plod,Al Omraneyya Bridge - End,29.998503,31.20515,,,,72,5593.375
limiting.latitudes.overt,Al Omraneyya Bridge - Start - Giza,30.002886,31.208817,,,,198,5111.0
pram.lawful.cadet,Al Omraneyya Bridge - Start - Giza,30.002901,31.208694,,,,225,5218.56
observers.soda.vital,Al Omraneyya Bus Station,29.993057,31.191826,,,,126,5159.142857142857
absent.channel.tweeted,Al Omraneyya Steps - Ring Road,29.985207,31.206505,,,,135,2291.3333333333335
weary.walkway.flamed,Al Omraneyya Steps - Ring Road,29.985334,31.206339,,,,144,2425.125
dispenser.cheetahs.dining,Al Orouba Rd - Al Thawra St,30.089043,31.330631,,,,117,3228.846153846154
parties.reissued.bumps,Al Orouba Rd - Al Thawra St,30.088385,31.330063,,,,90,3921.5
dashes.dweller.romantics,Al Orouba Tunnel,30.085737,31.3229,,,,27,5571.333333333333
funnels.caressing.shape,Al Orouba Tunnel,30.085855,31.323011,,,,18,6993.0
frown.sampled.internal,Al Othman Motors - Ring Road,30.165676,31.358969,,,,135,2820.866666666667
clays.pony.muscular,Al Qalag - Marg,30.17714,31.34849,,,,72,2931.0
loses.petrified.sing,Al Qawmeya Al Arabeya Street,30.09339,31.208502,,,,9,375.0
dizziness.elders.flaking,Al Qawmeya Cement Club,29.82343,31.30004,,,,27,455.6666666666667
tonsils.removers.delusions,Al Qawmeya Cement Club,29.823423,31.299915,,,,36,2516.25
forensic.actors.tentacles,Al Qobba Al Fidaweyya Mosque - Abaseyya,30.069128,31.280527,,,,261,5360.0
signature.walking.twins,Al Qobba Al Fidaweyya Mosque - Abaseyya,30.069046,31.280552,,,,9,5440.0
outsmart.prefix.trees,Al Qudsi Mosque - Ain Shams St,30.137266,31.325613,,,,90,4858.8
ringside.tiny.rugs,Al Qudsi Mosque - Ain Shams St,30.137278,31.32554,,,,54,3369.5
grounded.index.syndicate,Al Rahma Mosque - Airport Road,30.121313,31.372154,,,,225,3133.28
toddler.postings.scorecard,Al Rahma Mosque - Airport Road,30.121025,31.372356,,,,189,3803.285714285714
asterisk.touched.spaceship,Al Rahman Mosque - Al Salam,30.170624,31.422419,,,,9,2094.0
claw.bumps.bulky,Al Rashaah - Kerdasa,30.023123,31.106602,,,,18,822.0
national.golf.soonest,Al Rashaah - Kerdasa,30.023104,31.106535,,,,18,822.0
busy.shortens.dubbing,Al Rashaah Steps - Ring Road,30.163366,31.323687,,,,180,2979.95
imperious.audit.screaming,Al Rashaah Steps - Ring Road,30.163202,31.323433,,,,162,2597.6666666666665
conspired.overruns.distracts,Al Rawda Square - Al Manial,30.016167,31.2247,,,,90,4899.8
looms.sprouted.exacted,Al Rayan Hospital - Maadi,29.968021,31.264923,,,,36,6223.0
partly.numeral.bronzed,Al Rayan Hospital - Maadi,29.967318,31.265654,,,,54,4329.833333333333
earplugs.plug.sooner,Al Remaya Square,29.988522,31.129456,,,,171,4310.263157894737
gasping.rags.march,Al Remaya Square,29.988533,31.127594,,,,81,6453.0
spent.hillside.outs,Al Remaya Square,29.989767,31.127693,,,,18,772.0
daisy.commands.lifeboats,Al Remaya Square 28,29.99098,31.1314,,,,180,4288.25
nerd.directs.vowing,Al Remaya Square 28,29.990381,31.133532,,,,144,4932.25
prickly.dressings.picnic,Al Saaa Square,30.07014,31.338427,,,,27,3743.6666666666665
whoever.polar.pads,Al Saaa Square,30.070107,31.338701,,,,72,4246.875
plank.ghosts.finger,Al Sabteyya School - Sabteyya,30.06549,31.23596,,,,99,1293.5454545454545
bookshelf.national.strongly,Al Safa School - Wadi Hof,29.886381,31.303558,,,,27,1999.0
caressing.insiders.clings,Al Safa Wal Marwa Mosque Steps - Ring Road,29.99251,31.24058,,,,99,2891.3636363636365
cleanser.luring.fresh,Al Saff Bus Station,29.863565,31.323288,,,,54,2642.1666666666665
riverbed.narrating.switch,Al Saff Bus Station,29.863678,31.323399,,,,72,4365.625
adopters.eaten.reinvest,Al Safwa Hospital - Shubra,30.093693,31.2454,,,,369,6073.487804878048
behalf.impaled.fortress,Al Safwa Hospital - Shubra,30.093695,31.24531,,,,369,5697.365853658536
answers.distracts.stiletto,Al Sahel Fire Department,30.08545,31.245441,,,,369,6073.487804878048
nodded.utter.coil,Al Sahel Fire Department,30.085474,31.24531,,,,369,5697.365853658536
broker.seeing.lifted,Al Sahel Police Department,30.083984,31.245268,,,,369,5697.365853658536
districts.tidal.switch,Al Sahel Police Department,30.084158,31.245382,,,,369,6073.487804878048
downs.sobbed.obviously,Al Sahel Youth Center,30.097712,31.253296,,,,99,4820.454545454545
mulls.series.pressing,Al Sahel Youth Center,30.097641,31.253029,,,,27,4347.666666666667
confident.slamming.fuel,Al Salam,30.155006,31.408901,,,,117,2878.076923076923
wording.pelt.serve,Al Salam,30.15528,31.40884,,,,144,3217.875
deflection.love.ordeals,Al Salam Awwal Police Station,30.159403,31.413313,,,,63,4382.714285714285
vines.towel.dent,Al Salam Awwal Police Station,30.159355,31.41338,,,,81,3570.777777777778
dynamic.rattler.succumbs,Al Salam Center - Maadi,29.977562,31.275085,,,,45,4480.8
lookout.comically.skews,Al Salam Center - Maadi,29.977638,31.275238,,,,36,5362.5
estimate.tomato.deck,Al Salam Exit - Ring Road,30.16464,31.389093,,,,153,3272.470588235294
scorecard.repeating.whirlpool,Al Salam Hospital - Al Salam,30.164219,31.419817,,,,63,3197.1428571428573
doses.replayed.waged,Al Salam International Hospital,29.98506,31.229553,,,,180,4845.5
handlebar.yacht.crush,Al Salam International Hospital,29.985056,31.22967,,,,135,3930.9333333333334
chambers.slyly.throw,Al Salam Mosque - Haram Street,30.00362,31.1863,,,,135,5929.466666666666
forensic.quits.jams,Al Salam Mosque - Haram Street,30.003792,31.186283,,,,126,6106.571428571428
dazzling.peach.valley,Al Salam Mosque - Nasr City,30.04646,31.356201,,,,81,3459.777777777778
hoping.excusing.translate,Al Salam Mosque - Nasr City,30.046728,31.35661,,,,54,3364.8333333333335
eats.asked.glades,Al Salam Tunnel Ring Road - End,30.14842,31.42572,,,,126,3608.0
harmless.jolt.slam,Al Salam Tunnel Ring Road - Start,30.148613,31.425762,,,,90,3631.3
slimmer.frames.sensibly,Al Saraya Elementary School - Abaseyya,30.06762,31.28349,,,,324,5475.027777777777
crossings.admire.pram,Al Saraya Mall - 5th Settlement,29.996315,31.430637,New Cairo City,5712885.0,15000.0,18,300.0
crossings.admire.pram,Al Saraya Mall - 5th Settlement,29.996315,31.430637,New Cairo City,5712885.0,15000.0,18,300.0
crossings.admire.pram,Al Saraya Mall - 5th Settlement,29.996315,31.430637,New Cairo City,5712885.0,15000.0,18,300.0
crossings.admire.pram,Al Saraya Mall - 5th Settlement,29.996315,31.430637,New Cairo City,5712885.0,15000.0,18,300.0
piled.pretty.telephone,Al Sawah Square,30.107841,31.282597,,,,126,4827.214285714285
prawn.conjured.test,Al Sawah Square,30.108393,31.28317,,,,270,4432.333333333333
latter.series.prettiest,Al Sawalha Complex - Al Sekka Al Hadeed St,30.128977,31.27041,,,,99,3353.0
tutored.encodes.hazelnuts,Al Sawaris Square - Maadi,29.963215,31.260717,,,,81,3853.3333333333335
dumpy.haggling.tidal,Al Sawy Culture Wheel,30.062286,31.217205,,,,9,6619.0
fictional.numeral.lodge,Al Sawy Culture Wheel,30.062117,31.217148,,,,180,5198.45
convinced.avoid.unzipped,Al Sayeda Aisha,30.024378,31.257473,,,,351,3860.4358974358975
dentures.summit.deed,Al Sayeda Aisha,30.026161,31.257233,,,,243,5280.0
dignify.alarming.heats,Al Sayeda Aisha,30.0245,31.257284,,,,198,4836.227272727273
fidgeting.groom.cure,Al Sayeda Aisha,30.02461,31.257383,,,,162,4505.333333333333
innovator.trimmer.tenders,Al Sayeda Aisha,30.028326,31.257912,,,,315,4602.971428571429
tests.sour.unicorns,Al Sayeda Aisha,30.024458,31.257383,,,,45,3830.2
dude.webcams.circling,Al Sayeda Aisha Bus Station,30.026709,31.25608,,,,36,2330.5
scrolled.firming.difficult,Al Sayeda Khadija Mosque - Al Hegaz Street,30.117786,31.355661,,,,153,6154.705882352941
sweep.shun.watched,Al Sayeda Khadija Mosque - Al Hegaz Street,30.118055,31.355474,,,,144,6248.125
deals.glare.presented,Al Sayeda Nafeesa Bus Station,30.020191,31.25143,,,,27,6911.666666666667
weaned.invent.sparkles,Al Sayeda Nafeesa Bus Station,30.019945,31.251179,,,,18,5257.0
chum.composers.digitally,Al Sayeda Safeya Mosque - Salah Salem,30.08379,31.321436,,,,126,3193.0714285714284
testers.bill.nametag,Al Sayeda Safeya Mosque - Salah Salem,30.083628,31.321547,,,,90,3921.5
inhales.claims.demotion,Al Sayeda Zeinab,30.033152,31.241777,,,,297,4914.727272727273
waving.shrug.bulk,Al Sayeda Zeinab,30.032047,31.243006,,,,297,5142.121212121212
tablets.quite.latitudes,Al Sayeda Zeinab District Presidency,30.030712,31.247993,,,,252,4962.785714285715
iterative.sleeps.divorcing,Al Sekka - Ring Road,30.07944,31.183414,,,,90,2335.9
pacifist.harp.stiletto,Al Sekka - Ring Road,30.07923,31.183447,,,,99,2760.818181818182
issued.amps.hungry,Al Sekka Al Hadid Sporting Club - Nasr City,30.058617,31.303406,,,,270,4925.333333333333
pounces.blotting.implanted,Al Sekka Al Hadid Sporting Club - Nasr City,30.058971,31.302876,,,,27,5003.0
throat.manages.binder,Al Sekka Al Hadid Sporting Club - Nasr City,30.058533,31.302467,,,,63,2325.1428571428573
calendars.weaned.objective,Al Serag Mall,30.051353,31.346632,,,,9,4115.0
marine.bride.wagers,Al Shaarawy Street - Shubra Al Kheima,30.133667,31.277643,,,,108,4502.0
bunk.loser.loaning,Al Shabab - Al Tagneed,29.984213,31.111347,,,,63,7617.857142857143
shrugging.nervy.inflation,Al Shabab - Al Tagneed,29.984228,31.111443,,,,18,7319.0
elbowing.roof.establish,Al Shabab Entrance - 1st Settlement,30.052444,31.452364,New Cairo City,5712885.0,15000.0,9,670.0
elbowing.roof.establish,Al Shabab Entrance - 1st Settlement,30.052444,31.452364,New Cairo City,5712885.0,15000.0,9,670.0
elbowing.roof.establish,Al Shabab Entrance - 1st Settlement,30.052444,31.452364,New Cairo City,5712885.0,15000.0,9,670.0
elbowing.roof.establish,Al Shabab Entrance - 1st Settlement,30.052444,31.452364,New Cairo City,5712885.0,15000.0,9,670.0
replied.easygoing.snail,Al Shaboory Canal Station,30.132582,31.281689,,,,108,4502.0
tastier.clinking.chilling,Al Shaboory Canal Station,30.132423,31.281706,,,,99,4986.545454545455
equal.paradise.freezers,Al Shabrawy - Al Mansoreya Road,29.989964,31.134977,,,,153,4631.0
incurring.expecting.wacky,Al Shaheed Axis,30.02398,31.343203,,,,27,2187.6666666666665
moon.chickens.thousands,Al Shaheed Axis,30.0231,31.3442,,,,27,2187.6666666666665
roofed.snowy.implore,Al Shaheed Axis Pedestrian Bridge,30.031593,31.335361,,,,27,2187.6666666666665
boil.neatly.plenty,Al Shaheed Mosque - Marg,30.153336,31.330456,,,,27,8514.333333333334
custard.zaps.kitten,Al Shaheed Square - Obour,30.258307,31.469707,,,,9,300.0
reflector.gourmet.tarred,Al Shaheed Square - Obour,30.258167,31.469997,,,,9,300.0
circus.seriously.credited,Al Shaq steps - Autostrad,29.953848,31.287386,,,,108,3924.0
redeeming.archives.genetics,Al Shaq steps - Autostrad,29.953852,31.28719,,,,108,2550.9166666666665
farmland.slime.scariest,Al Sharabeya Bus Station,30.079042,31.261091,,,,9,894.0
pipeline.necklaces.trickle,Al Shari' Al Gadeed Station - Bahteem,30.135145,31.270947,,,,144,4573.625
steep.obtain.pipeline,Al Shari' Al Gadeed Station - Bahteem,30.135593,31.270979,,,,126,4058.785714285714
champions.stages.award,Al Sheikh Agamy - Marg,30.195812,31.35285,,,,72,2931.0
arise.chatting.crouches,Al Sheikh Mansour,30.145397,31.331627,,,,72,6758.5
microchip.pictures.grad,Al Sheikh Mansour,30.151405,31.335312,,,,9,960.0
harnessed.radically.lows,Al Sheikh Parking - Ahmed Helmy St,30.094118,31.255999,,,,63,3514.1428571428573
nightfall.facing.tailors,Al Sheikh Parking - Ahmed Helmy St,30.094103,31.256134,,,,90,3751.5
cracker.cookbooks.colder,Al Sherif Mosque - Al Manial,30.016163,31.224783,,,,54,3908.8333333333335
straddled.access.prevents,Al Shimy Car Center - Hadayeq Al Qobba,30.093586,31.288649,,,,18,7288.0
works.majors.engine,Al Shimy Car Center - Hadayeq Al Qobba,30.09364,31.288507,,,,18,3348.0
kebab.landmark.pacifist,Al Shorouq Academy Entrance,30.108433,31.611786,,,,27,1936.0
venue.tilts.ignore,Al Shorouq Academy Entrance,30.108303,31.612448,New Cairo City,5712885.0,15000.0,27,2363.3333333333335
venue.tilts.ignore,Al Shorouq Academy Entrance,30.108303,31.612448,New Cairo City,5712885.0,15000.0,27,2363.3333333333335
venue.tilts.ignore,Al Shorouq Academy Entrance,30.108303,31.612448,New Cairo City,5712885.0,15000.0,27,2363.3333333333335
venue.tilts.ignore,Al Shorouq Academy Entrance,30.108303,31.612448,New Cairo City,5712885.0,15000.0,27,2363.3333333333335
gems.roaming.cubs,Al Shorouq City Authority Steps,30.158062,31.607248,,,,18,3048.0
grudging.burden.sprint,Al Shorouq City Authority Steps,30.157965,31.607307,,,,9,4734.0
hesitate.looks.obtain,Al Shorouq Club - Nile Courniche,29.945848,31.269627,,,,36,5527.75
strictest.fussed.gates,Al Shorouq Club - Nile Courniche,29.945614,31.269749,,,,90,6887.7
lifestyle.betraying.guards,Al Shorouq Entrance 3,30.110067,31.670498,,,,27,1936.0
soils.unfocused.buzzing,Al Shorouq Entrance 3,30.109783,31.671469,New Cairo City,5712885.0,15000.0,27,2363.3333333333335
soils.unfocused.buzzing,Al Shorouq Entrance 3,30.109783,31.671469,New Cairo City,5712885.0,15000.0,27,2363.3333333333335
soils.unfocused.buzzing,Al Shorouq Entrance 3,30.109783,31.671469,New Cairo City,5712885.0,15000.0,27,2363.3333333333335
soils.unfocused.buzzing,Al Shorouq Entrance 3,30.109783,31.671469,New Cairo City,5712885.0,15000.0,27,2363.3333333333335
megawatt.drip.elect,Al Shorouq Hospital - 15th of May St,30.11874,31.266876,,,,99,3353.0
premiums.juicy.downturn,Al Shorouq Hospital - 15th of May St,30.118591,31.26701,,,,90,3614.1
craftsman.shin.wells,Al Shorouq Housing Complex Entrance,30.067125,31.360275,,,,18,2003.5
inspects.shin.inclined,Al Shorouq Housing Complex Entrance,30.06711,31.360397,,,,36,3226.75
detect.wounds.bookings,Al Shorouq School,30.166433,31.651596,,,,18,3048.0
nerd.emperor.picnic,Al Shorouq School,30.166296,31.651455,,,,9,4734.0
acre.vaccines.generally,Al Shorouq Water Station,30.161472,31.621674,,,,9,4734.0
retiring.hulk.euphoric,Al Shorouq Water Station,30.161575,31.621534,,,,18,3048.0
political.harsh.offstage,Al Soltan Hassan Mosque,30.031046,31.257513,,,,27,2213.3333333333335
slings.merge.plant,Al Soltan Hassan Mosque,30.031393,31.256714,,,,126,5621.0
flickers.supreme.crystals,Al Souq Bus Station - Moqattam,30.011332,31.331722,,,,90,5487.7
perkily.fortress.proves,Al Souq Bus Station - Moqattam,30.011248,31.332712,,,,117,4486.153846153846
liability.wording.beauty,Al Sudan Steps - 26th of July Mehwar,30.059341,31.18976,,,,9,2855.0
obtain.blatantly.icicles,Al Taawon - Haram St,29.995722,31.164904,,,,135,5839.466666666666
worm.directly.novels,Al Taawon - Haram St,29.99567,31.165176,,,,135,5929.466666666666
clattered.young.super,Al Taawon Gas Station - Al Shabab Street - Obour,30.247614,31.45895,,,,9,300.0
exhaling.stapled.enormous,Al Tabba - 6th of October,29.991407,30.95497,,,,9,146.0
singers.thrashing.menswear,Al Tabba - Nasr City,30.058405,31.379938,,,,126,5853.571428571428
unite.cookers.king,Al Tabba - Nasr City,30.05832,31.380188,,,,27,8287.0
melons.composts.begins,Al Tadreeb Gate - Teraet Al Ismaili St,30.11002,31.269814,,,,180,3758.8
stud.awaited.bonfires,Al Tadreeb Gate - Teraet Al Ismaili St,30.10991,31.26968,,,,180,4211.25
bulletins.armful.saturate,Al Tagneed Terminal,29.980846,31.112457,,,,72,6997.125
operating.specifies.dishing,Al Talateeny - Al Lebeny St,29.982605,31.153406,,,,45,2819.0
slim.jogged.woodstove,Al Talateeny - Al Lebeny St,29.982693,31.153534,,,,135,2862.6666666666665
scars.suddenly.fruitcake,Al Talbeya Steps - Ring Road,29.986698,31.188534,,,,135,2291.3333333333335
starter.smug.reseller,Al Talbeya Steps - Ring Road,29.986858,31.188484,,,,135,1866.8
emulated.equipping.pine,Al Tarfaya - Dahshour,29.830564,31.274782,,,,27,1018.0
bracelet.bead.arise,Al Tawba Mosque - Abu Al Nomros,29.929398,31.259315,,,,45,3382.6
estimated.swanky.wheat,Al Tawba Mosque - Abu Al Nomros,29.929361,31.259226,,,,45,3382.6
dabbling.melons.simulations,Al Tawheed Mosque - 1st Settlement,30.061687,31.461777,New Cairo City,5712885.0,15000.0,9,670.0
dabbling.melons.simulations,Al Tawheed Mosque - 1st Settlement,30.061687,31.461777,New Cairo City,5712885.0,15000.0,9,670.0
dabbling.melons.simulations,Al Tawheed Mosque - 1st Settlement,30.061687,31.461777,New Cairo City,5712885.0,15000.0,9,670.0
dabbling.melons.simulations,Al Tawheed Mosque - 1st Settlement,30.061687,31.461777,New Cairo City,5712885.0,15000.0,9,670.0
durations.dormant.afford,Al Tawheed Mosque - Al Zaytoun,30.100172,31.290648,,,,18,7288.0
imperious.warnings.hurtles,Al Tawheed Wal Nour - Abbas Al Akkad,30.056213,31.338306,,,,18,8060.5
squeezed.songbird.elbow,Al Tawheed Wal Nour - Abbas Al Akkad,30.056187,31.338074,,,,18,8060.5
loosens.improving.trappings,Al Tawheed Wal Nour - Al Geish Street,30.060593,31.264593,,,,261,5986.827586206897
riverside.space.dogs,Al Tawheed Wal Nour - Al Geish Street,30.060656,31.264553,,,,162,4636.722222222223
ages.reclining.sprain,Al Tawheed Wal Nour - Al Nozha Street - Heliopolis,30.090267,31.341406,,,,18,2899.0
perplexed.chainsaw.oppose,Al Tawheed Wal Nour - Al Nozha Street - Heliopolis,30.090591,31.34103,,,,18,2899.0
piano.threading.limp,Al Tawheed Wal Nour - Al Sayeda Zeinab,30.035936,31.247921,,,,351,5426.871794871795
ratty.spin.handbook,Al Tawheed Wal Nour - Al Sayeda Zeinab,30.03587,31.247982,,,,387,5665.674418604651
uppermost.knots.likes,Al Tawheed Wal Nour - Al Waili,30.094498,31.288975,,,,36,4105.0
coins.sparrows.profiled,Al Tawheed Wal Nour - Autostrad Maadi,29.961706,31.287447,,,,108,2550.9166666666665
task.exploring.mainframe,Al Tawheed Wal Nour - Autostrad Maadi,29.961756,31.287579,,,,108,3924.0
blaring.helpless.compress,Al Tawheed Wal Nour - Faisal St,29.992489,31.143232,,,,27,2210.6666666666665
suitably.scarred.canines,Al Tawheed Wal Nour - Faisal St,29.992393,31.143328,,,,27,1853.3333333333333
mainland.beside.producers,Al Tawheed Wal Nour - Gamal Abd El Nasser St - Warraq,30.09628,31.223362,,,,99,3857.818181818182
moved.formless.policy,Al Tawheed Wal Nour - Gamal Abd El Nasser St - Warraq,30.096283,31.22344,,,,99,3927.0
hope.stockpile.safety,Al Tawheed Wal Nour - Merryland,30.100769,31.324593,,,,108,5861.75
warns.verge.loafing,Al Tawheed Wal Nour - Merryland,30.100578,31.324722,,,,99,5880.636363636364
marine.beam.lifeguard,Al Tawheed Wal Nour - Mostafa Al Nahas,30.054716,31.346083,,,,81,7195.555555555556
parading.frost.melons,Al Tawheed Wal Nour - Mostafa Al Nahas,30.054607,31.346369,,,,81,5940.555555555556
romance.screeches.stores,Al Tawheed Wal Nour - Obour,30.19898,31.457628,,,,9,300.0
unfocused.peanut.overcomes,Al Tawheed Wal Nour - Obour,30.199045,31.457785,,,,9,300.0
nails.buyers.mend,Al Tayaran - Mostafa Al Nahas,30.052677,31.327213,,,,189,6153.380952380952
wrong.refuse.indulgent,Al Tayaran - Mostafa Al Nahas,30.052464,31.32708,,,,72,6673.125
convey.become.retrain,Al Thawra Hospital,30.090816,31.325806,,,,18,5332.0
inefficient.smarting.ages,Al Thawra Hospital,30.090714,31.325777,,,,18,5332.0
boarding.soonest.graced,Al Tibeen,29.789633,31.296234,,,,27,455.6666666666667
deranged.giants.graver,Al Tibeen,29.790243,31.29775,,,,27,1961.0
perkily.hurray.comforted,Al Tibeen,29.788101,31.295866,,,,45,2186.0
manuals.juggles.bibs,Al Tibeen (Madinat Al Solb),29.781528,31.309252,,,,18,4264.0
elastic.glow.ruling,Al Toob Al Ramly,30.038887,31.359394,,,,18,8626.5
overdone.alternate.town,Al Toob Al Ramly,30.038994,31.359512,,,,18,8626.5
fetch.rollers.liquid,Al Torgoman,30.060595,31.23757,,,,36,2094.25
mixer.aimlessly.camp,Al Torgoman,30.060507,31.23749,,,,36,1772.5
jelly.amps.elbowing,Al Wafaa Wal Amal City,30.038244,31.355278,,,,27,8010.333333333333
leans.dabbling.rocked,Al Waha Compound - Al Shorouq,30.143555,31.661762,,,,9,4734.0
lung.counters.whiplash,Al Waha Compound - Al Shorouq,30.14357,31.661917,,,,18,3048.0
ripples.bandaged.awoke,Al Ward St - Mansoureyya Rd,29.967728,31.146627,,,,36,901.75
taxed.spades.funds,Al Ward St - Mansoureyya Rd,29.967644,31.146423,,,,36,901.75
dwell.tanks.searching,Al Warraq,30.121422,31.20168,,,,54,3615.0
thickens.grace.solo,Al Warraq,30.121399,31.20147,,,,54,2754.0
inched.facelift.bars,Al Warraq Bus Station,30.107075,31.213226,,,,72,4273.75
waltzed.splints.grudges,Al Warraq Bus Station,30.107082,31.213411,,,,117,3625.076923076923
debut.hunter.bashful,Al Warraq Central Hospial,30.093447,31.214027,,,,45,2897.2
radiates.bouncing.goat,Al Warraq Central Hospial,30.09315,31.213753,,,,36,3512.25
inversion.occurs.traffic,Al Warraq Exit - Ring Road,30.125515,31.20174,,,,54,3615.0
smiling.innocence.ordering,Al Warraq Exit - Ring Road,30.12554,31.20152,,,,54,2754.0
webcams.doted.fled,Al Warraq Exit - Ring Road,30.119043,31.202131,,,,54,3615.0
cobras.mailers.restless,Al Warraq Ferry,30.105005,31.220545,,,,99,3927.0
mills.lows.dream,Al Warraq Ferry,30.10492,31.22048,,,,99,3857.818181818182
potato.shadows.blunders,Al Warraq Water Station,30.114674,31.209661,,,,9,795.0
trappings.collide.wakes,Al Warraq Water Station,30.114658,31.209566,,,,18,2747.5
crouch.basic.hourglass,Al Wehda Bus Station - Imbaba,30.08687,31.217087,,,,9,2013.0
degrading.first.confronts,Al Wehda Bus Station - Imbaba,30.086967,31.217117,,,,90,1856.8
fonts.swooning.soak,Al Wehda Bus Station - Imbaba,30.086967,31.216597,,,,108,1783.1666666666667
pigs.remit.booms,Al Wekala - Nile Courniche,30.059055,31.228006,,,,117,5974.0
routs.holly.minds,Al Wekala - Nile Courniche,30.059196,31.228071,,,,108,4385.25
goodbyes.slumped.rival,Al Zatoun School - Heliopolis,30.110527,31.315374,,,,72,6264.375
snares.humans.webcams,Al Zawya Al Hamra,30.098576,31.26222,,,,99,3771.2727272727275
monument.remove.baths,Al Zawya Youth Center,30.101606,31.265688,,,,36,2002.5
agency.dignity.handle,Alex Bank - Hegaz,30.0968,31.319414,,,,99,6186.454545454545
similar.slice.testy,Alex Bank - Hegaz,30.096638,31.319603,,,,81,6897.111111111111
spoiler.lollipop.itself,Alexandria Desert Road Exit - Ring Road,29.998688,31.116833,,,,45,2787.6
massaging.anode.dusty,Alexandria Desert Road Steps - 26th of July Mehwar,30.048061,31.05442,,,,9,146.0
carriage.says.rectangular,Alf Maskan,30.118582,31.340498,,,,153,3751.235294117647
eyelashes.overtones.enlighten,Alf Maskan,30.119146,31.339767,,,,90,5959.4
neckline.sediment.fond,Alf Maskan,30.118689,31.340864,,,,99,3794.2727272727275
piglet.treating.snowstorm,Alf Maskan,30.121021,31.340454,,,,54,1020.3333333333334
plant.clocking.landlords,Alf Maskan,30.118958,31.339884,,,,198,5509.363636363636
slid.ratio.repeats,Alf Maskan,30.121344,31.339989,,,,27,1137.3333333333333
defenders.manliness.revamped,Alfa Lab - Manial,30.023283,31.225885,,,,90,4899.8
defining.talkative.complains,Alfa Market - Nile Courniche,29.962238,31.246304,,,,45,4585.6
waddle.airports.ballooned,Alfa Market - Nile Courniche,29.962225,31.246172,,,,90,6087.4
bead.jingles.describe,Ali Abdel Halim St - Tahrir St,30.039158,31.215902,,,,144,4553.5625
relies.pasta.insect,Ali Abdel Halim St - Tahrir St,30.03926,31.215837,,,,117,4362.846153846154
juggled.slung.talkative,Ali Al Sheikh Tower - Abboud,30.10118,31.256067,,,,90,2748.0
reputable.ships.flight,Ali Al Sheikh Tower - Abboud,30.101057,31.255949,,,,72,4256.25
announced.apricot.bridges,Ali Basha Street,30.036186,31.255049,,,,162,4965.722222222223
mincing.hippy.downfield,Ali Basha Street,30.03629,31.255081,,,,153,4380.176470588235
streaking.reforming.tucked,Almaza Bridge - End,30.08042,31.360945,,,,90,5089.5
childcare.angle.sorry,Almaza Bridge - Start,30.080095,31.360907,,,,72,3570.375
inversion.dime.exists,American University in Cairo (AUC) - New Cairo,30.009804,31.523787,New Cairo City,5712885.0,15000.0,9,3654.0
inversion.dime.exists,American University in Cairo (AUC) - New Cairo,30.009804,31.523787,New Cairo City,5712885.0,15000.0,9,3654.0
inversion.dime.exists,American University in Cairo (AUC) - New Cairo,30.009804,31.523787,New Cairo City,5712885.0,15000.0,9,3654.0
inversion.dime.exists,American University in Cairo (AUC) - New Cairo,30.009804,31.523787,New Cairo City,5712885.0,15000.0,9,3654.0
usual.array.bike,American University in Cairo (AUC) - New Cairo,30.009653,31.523523,New Cairo City,5712885.0,15000.0,9,6053.0
usual.array.bike,American University in Cairo (AUC) - New Cairo,30.009653,31.523523,New Cairo City,5712885.0,15000.0,9,6053.0
usual.array.bike,American University in Cairo (AUC) - New Cairo,30.009653,31.523523,New Cairo City,5712885.0,15000.0,9,6053.0
usual.array.bike,American University in Cairo (AUC) - New Cairo,30.009653,31.523523,New Cairo City,5712885.0,15000.0,9,6053.0
mattress.ogre.subject,American University in Cairo Gate 1,30.025032,31.498503,New Cairo City,5712885.0,15000.0,18,4853.5
mattress.ogre.subject,American University in Cairo Gate 1,30.025032,31.498503,New Cairo City,5712885.0,15000.0,18,4853.5
mattress.ogre.subject,American University in Cairo Gate 1,30.025032,31.498503,New Cairo City,5712885.0,15000.0,18,4853.5
mattress.ogre.subject,American University in Cairo Gate 1,30.025032,31.498503,New Cairo City,5712885.0,15000.0,18,4853.5
tasks.gratuity.placidly,American University in Cairo Gate 1,30.025183,31.49882,New Cairo City,5712885.0,15000.0,27,5128.333333333333
tasks.gratuity.placidly,American University in Cairo Gate 1,30.025183,31.49882,New Cairo City,5712885.0,15000.0,27,5128.333333333333
tasks.gratuity.placidly,American University in Cairo Gate 1,30.025183,31.49882,New Cairo City,5712885.0,15000.0,27,5128.333333333333
tasks.gratuity.placidly,American University in Cairo Gate 1,30.025183,31.49882,New Cairo City,5712885.0,15000.0,27,5128.333333333333
windpipe.directly.browsers,Amin Hamada St - Petroleum St,30.14823,31.329876,,,,54,8514.333333333334
hexes.rainfall.other,Amir Al Shoaraa School - Giza,30.000275,31.20876,,,,135,5339.866666666667
match.anode.vessel,Amir Al Shoaraa School - Giza,30.00015,31.208939,,,,198,5111.0
evolution.blurs.outbid,Amir Mall - Khaloussi,30.079182,31.247953,,,,342,5990.263157894737
duet.husbands.removal,Amiriyyah Bus Station,30.107508,31.29008,,,,45,5210.4
cork.language.twitching,Ammar Bin Yasser School - Moqattam,30.002666,31.330118,,,,72,7089.75
slept.scrolled.crafts,Ammar Bin Yasser School - Moqattam,30.002644,31.330029,,,,72,6658.875
deferring.branched.sweetener,Amoun Fountain - Obour,30.187254,31.466995,,,,9,300.0
tweezers.threaten.manifests,Amoun Fountain - Obour,30.186325,31.468576,,,,9,300.0
sponge.observer.amplifier,Amr Ibn Al Aas Bus Station,30.009415,31.232185,,,,9,1935.0
shiny.dusty.importers,Anas Al Wogood Cafeteria - Badrasheen,29.848698,31.270706,,,,18,804.0
coverings.premature.media,Ancient Egyptian Village - Al Bahr Al Aazam,29.99727,31.21464,,,,27,2789.0
workshop.grow.hubcaps,Ancient Egyptian Village - Al Bahr Al Aazam,29.997166,31.214516,,,,18,2424.5
according.arrive.cowboy,Antidote and Vacince - Mohandeseen,30.051065,31.209562,,,,18,741.0
spare.strays.behalf,Antidote and Vacince - Mohandeseen,30.050838,31.209574,,,,18,324.0
holidays.newsreel.reported,Arab African Bank - Haram Street,29.998188,31.171827,,,,144,5690.125
advancing.conceals.subsystem,Arab Contractors Sporting Club - Nasr Road,30.05571,31.294613,,,,207,4398.869565217391
worldwide.uncle.willing,Arab Engineering & Construction Company - Shubra Al Kheima,30.13329,31.278507,,,,99,4986.545454545455
admires.radiates.armrests,Arab Investment Bank - Faisal St,29.991955,31.140034,,,,27,2210.6666666666665
machinery.trials.continues,Arab Investment Bank - Faisal St,29.991861,31.140041,,,,9,1162.0
bottom.choppers.pages,Arab Maadi,29.970665,31.270039,,,,63,3937.5714285714284
customers.bonds.recruiter,Arab Maadi,29.969406,31.269041,,,,36,2341.25
generally.lightly.ranges,Arab Maadi,29.969128,31.269053,,,,54,4329.833333333333
additives.nest.shades,Arab Specialized Hospital - Gesr Al Suez,30.126457,31.351467,,,,126,6134.285714285715
bands.tinsel.gentlemen,Arab Specialized Hospital - Gesr Al Suez,30.126259,31.351332,,,,225,5959.2
darkens.clipboard.engrossed,Arab Tuweila,30.139448,31.315664,,,,63,2304.8571428571427
basics.feasting.feast,Arabella Square,29.985586,31.430378,New Cairo City,5712885.0,15000.0,9,300.0
basics.feasting.feast,Arabella Square,29.985586,31.430378,New Cairo City,5712885.0,15000.0,9,300.0
basics.feasting.feast,Arabella Square,29.985586,31.430378,New Cairo City,5712885.0,15000.0,9,300.0
basics.feasting.feast,Arabella Square,29.985586,31.430378,New Cairo City,5712885.0,15000.0,9,300.0
searching.enveloped.outfitter,Arabella Square,29.985518,31.429955,New Cairo City,5712885.0,15000.0,9,300.0
searching.enveloped.outfitter,Arabella Square,29.985518,31.429955,New Cairo City,5712885.0,15000.0,9,300.0
searching.enveloped.outfitter,Arabella Square,29.985518,31.429955,New Cairo City,5712885.0,15000.0,9,300.0
searching.enveloped.outfitter,Arabella Square,29.985518,31.429955,New Cairo City,5712885.0,15000.0,9,300.0
egging.pints.scooters,Arayes - Maadi,29.97889,31.285913,,,,54,2533.1666666666665
sleeper.scatter.reverses,Arayes - Maadi,29.978851,31.285719,,,,9,2769.0
encoded.fruitcake.inefficient,Ard El Lewa - Sudan St,30.05537,31.190973,,,,99,3041.4545454545455
photo.deranged.sourcing,Ard El Lewa - Sudan St,30.055252,31.19091,,,,126,2969.5
alarmed.skate.mile,Ard El Lewaa,30.057407,31.18847,,,,9,1261.0
dentistry.liked.baths,Ard Khedr Pedestrian Bridge - Shubra Al Kheima,30.129501,31.23814,,,,135,2805.6
sharpened.populate.cave,Ard Khedr Pedestrian Bridge - Shubra Al Kheima,30.129261,31.238634,,,,135,1907.0
bend.town.unafraid,Arkadia Mall,30.069899,31.226944,,,,117,4468.0
domain.shots.sprays,Arkadia Mall,30.069885,31.226824,,,,180,4510.05
slouched.disengage.revised,Armed Forces College Of Medicine,30.086878,31.303644,,,,198,6150.909090909091
beaters.excuse.pocketed,Armed Forces Medical Complex - Kobry Al Qobba,30.086048,31.297905,,,,198,6150.909090909091
padding.impeached.hotels,Armed Forces Medical Complex - Kobry Al Qobba,30.085926,31.29804,,,,378,6317.238095238095
attending.setting.gather,Arts Academy Transistor Station - Omraneyya,29.998335,31.200027,,,,81,5485.777777777777
louder.imparts.burst,Asfour Mosque - Ibrahim Bek,30.124979,31.259953,,,,27,3983.6666666666665
sweeter.engrossed.deliver,Asfour Mosque - Ibrahim Bek,30.124855,31.25972,,,,27,3983.6666666666665
workflow.mixers.raced,Ashrafco Tyres - Nasr City,30.050438,31.319334,,,,135,5252.466666666666
guidebook.adopters.scoots,Asmarat Bus Station,29.991255,31.344364,,,,63,4005.8571428571427
powers.patching.warm,Asmarat Bus Station,29.991201,31.344263,,,,9,7307.0
project.highbrow.speeding,Aswan Pedestrian Bridge - Shubra Al Kheima,30.110748,31.275839,,,,180,4211.25
tonal.much.prosper,Aswan Pedestrian Bridge - Shubra Al Kheima,30.110903,31.276033,,,,180,3758.8
expensive.nooks.moderated,Ataba,30.054266,31.248539,,,,18,3319.0
fallback.jetted.tapers,Ataba,30.052296,31.249687,,,,18,7325.0
feeds.shuffles.exclaim,Ataba,30.051554,31.250483,,,,324,5175.916666666667
fingernails.folks.releasing,Ataba,30.0536,31.246878,,,,36,4467.25
quitter.guesswork.laptop,Ataba,30.05327,31.247133,,,,216,5753.041666666667
register.beakers.magazines,Ataba,30.05151,31.250525,,,,117,3931.923076923077
relegate.song.soldiers,Atfal Misr Hospital - Abou Al Reesh,30.026718,31.235876,,,,243,4393.222222222223
went.adding.vegetable,Athar Al Naby Bus Station - Dar El Salam,29.98894,31.234833,,,,63,2215.0
evenings.isolating.tangible,Atlas Pharmacy - Atlas St,29.834808,31.348913,,,,27,6771.333333333333
banks.fragment.ushering,Audi Bank - Salah Salem,30.076338,31.309982,,,,135,5403.333333333333
ears.bitter.commit,Audi Bank - Salah Salem,30.076632,31.309896,,,,207,3845.478260869565
majors.smoker.secure,Audi Bank - Salah Salem,30.07672,31.309793,,,,36,3957.0
comfort.ringside.zoom,Autostrad - Al Moneeb Axis,29.994051,31.281534,,,,189,5299.952380952381
shots.suiting.drifting,Autostrad - Al Moneeb Axis,29.994602,31.280895,,,,189,4286.857142857143
divisions.inherits.visit,Awsim,30.12539,31.134035,,,,9,1114.0
starfish.crumb.quilt,Awsim,30.12545,31.13358,,,,9,1114.0
craziest.shifting.grad,Awwal Abbas Al Akkad,30.068712,31.33595,,,,270,4106.166666666667
soak.reset.drainage,Awwal Abbas Al Akkad,30.068344,31.336617,,,,9,10800.0
stolen.corded.bind,Awwal Abbas Al Akkad,30.068491,31.335915,,,,234,4477.076923076923
dividers.thing.zeal,Awwal Faisal,30.013945,31.199232,,,,81,1356.0
include.fractions.swarm,Awwal Makram Ebeid,30.069315,31.34371,,,,45,3345.6
mainland.owned.swift,Awwal Makram Ebeid,30.069544,31.343733,,,,252,3809.464285714286
regal.married.editor,Awwal Makram Ebeid,30.06799,31.34375,,,,27,2352.3333333333335
baseballs.airports.followers,Awwel Al Eshreen (Zenin),30.030329,31.183424,,,,54,2508.3333333333335
bells.occupations.cleans,Awwel Al Zawya Bus Station,30.092579,31.275888,,,,9,524.0
climbing.matchbox.treatable,Awwel Al Zawya Bus Station,30.092993,31.276062,,,,36,4402.5
lawfully.heavy.joyously,Awwel Al Zawya Bus Station,30.092615,31.275766,,,,162,4232.222222222223
maximum.singles.logbook,Awwel Al Zawya Bus Station,30.093048,31.275934,,,,18,2477.0
registers.pillows.spins,Awwel Al Zawya Bus Station,30.093092,31.276104,,,,90,4604.6
seagulls.ulterior.crust,Awwel Al Zawya Bus Station,30.093498,31.27626,,,,63,3099.0
ally.cable.selection,Azhar University City for Boys,30.05033,31.315704,,,,189,4894.809523809524
decorator.dices.group,Azhar University City for Boys,30.050077,31.316458,,,,135,5252.466666666666
crumple.learns.these,Azhari Institute - Ahmed Helmy St,30.069838,31.253277,,,,72,3704.875
health.device.systems,B Tech - Ahmed Oraby St,30.067122,31.19948,,,,72,5859.125
unwraps.heightens.tagging,B Tech - Ahmed Oraby St,30.067488,31.199842,,,,252,4092.75
responded.paying.runner,Bab Al Fotouh - Al Gamalia,30.05598,31.262964,,,,90,3873.1
squeaking.afford.slanting,Bab Al Fotouh - Al Gamalia,30.056015,31.263086,,,,45,2814.8
caressed.means.mobile,Bab Al Karim Mosque - Nahya,30.044662,31.181973,,,,9,104.0
glance.serious.types,Bab Al Karim Mosque - Nahya,30.04473,31.181976,,,,9,104.0
bluffing.cafe.stance,Bab Al Khalq - Qalaa St,30.039648,31.253832,,,,153,4380.176470588235
reply.sidelined.curvy,Bab Al Nasr- Al Gamalia,30.054354,31.26539,,,,45,2814.8
stormy.disposal.crossings,Bab Al Nasr- Al Gamalia,30.054308,31.265255,,,,90,3873.1
axed.trout.upwardly,Bab Al Shaaria Square,30.054953,31.257505,,,,387,5294.860465116279
conductor.cuter.carpets,Bab Al Shaaria Square,30.054777,31.257803,,,,432,5374.3125
warmers.besotted.exhaling,Bab Al Shaaria Square,30.055357,31.257668,,,,45,4415.8
teachers.overlooks.sapping,Bab Al Shaereyya Girls Elementary School,30.061977,31.261244,,,,423,5311.148936170212
mouse.apart.catching,Bab Al Shaereyya Hospital,30.060572,31.26049,,,,423,5311.148936170212
until.abundance.puppy,Bab Al Sheareyya Metro Station,30.053122,31.255285,,,,171,5144.789473684211
combative.amended.arrival,Badr,30.135027,31.734587,,,,36,2768.25
spin.napping.quickened,Badr,30.135859,31.735222,,,,27,2318.0
wingspans.indecency.softener,Badr,30.135347,31.735176,,,,18,2850.5
oppose.texted.clef,Badr Land,30.128847,31.36723,,,,27,7317.0
owned.soils.guess,Badr Land,30.129065,31.367178,,,,45,4836.2
chugging.ranked.works,Badr Pharmacy - Helwan Courniche,29.81646,31.30071,,,,27,455.6666666666667
notifying.blunders.gobbling,Badr Pharmacy - Helwan Courniche,29.816504,31.30059,,,,36,2516.25
diagonally.skims.extroverts,Badr Waste Area,30.132702,31.706966,,,,9,4734.0
ferries.richly.endorphin,Badr Waste Area,30.132751,31.70702,,,,18,3048.0
schooling.avoid.changing,Badrasheen - Moneeb Bus Station,29.852234,31.277987,,,,45,1898.8
websites.boarded.insisting,Badrasheen Bus Station,29.847404,31.276052,,,,36,1064.0
eggplants.testers.fortunate,Badrashen,29.84522,31.276886,,,,27,1018.0
emperor.grinders.liberated,Bahteem,30.157246,31.280693,,,,126,2553.1428571428573
motorist.emptied.glove,Bahteem,30.157566,31.280933,,,,144,3036.5625
armful.inert.landowner,Bahteem Specialized Hospital For Surgery,30.14473,31.277905,,,,54,5146.333333333333
glance.push.reporters,Bahteem Specialized Hospital For Surgery,30.144743,31.277752,,,,54,5146.333333333333
ketchup.contacts.impulsive,Bahteem Square Station,30.141333,31.277658,,,,63,4522.142857142857
occur.nowadays.spout,Bahteem Square Station,30.141485,31.27754,,,,63,4522.142857142857
breed.firewall.drives,Banha University - Obour,30.244682,31.459343,,,,9,300.0
conspired.dressings.marching,Bank Al Etihad - South Teseen Street,30.01639,31.420664,New Cairo City,5712885.0,15000.0,18,1977.0
conspired.dressings.marching,Bank Al Etihad - South Teseen Street,30.01639,31.420664,New Cairo City,5712885.0,15000.0,18,1977.0
conspired.dressings.marching,Bank Al Etihad - South Teseen Street,30.01639,31.420664,New Cairo City,5712885.0,15000.0,18,1977.0
conspired.dressings.marching,Bank Al Etihad - South Teseen Street,30.01639,31.420664,New Cairo City,5712885.0,15000.0,18,1977.0
moguls.pictured.rural,Bank Area (Bonook) - 5th Settlement,30.016405,31.427969,New Cairo City,5712885.0,15000.0,9,3654.0
moguls.pictured.rural,Bank Area (Bonook) - 5th Settlement,30.016405,31.427969,New Cairo City,5712885.0,15000.0,9,3654.0
moguls.pictured.rural,Bank Area (Bonook) - 5th Settlement,30.016405,31.427969,New Cairo City,5712885.0,15000.0,9,3654.0
moguls.pictured.rural,Bank Area (Bonook) - 5th Settlement,30.016405,31.427969,New Cairo City,5712885.0,15000.0,9,3654.0
recline.burden.snuggle,Bank Area (Bonook) - 5th Settlement,30.016113,31.427958,New Cairo City,5712885.0,15000.0,27,5128.333333333333
recline.burden.snuggle,Bank Area (Bonook) - 5th Settlement,30.016113,31.427958,New Cairo City,5712885.0,15000.0,27,5128.333333333333
recline.burden.snuggle,Bank Area (Bonook) - 5th Settlement,30.016113,31.427958,New Cairo City,5712885.0,15000.0,27,5128.333333333333
recline.burden.snuggle,Bank Area (Bonook) - 5th Settlement,30.016113,31.427958,New Cairo City,5712885.0,15000.0,27,5128.333333333333
bonfires.often.native,Banque Misr - Abbas Al Akkad,30.058466,31.337744,,,,18,8060.5
breathy.regal.intent,Banque Misr - Abbas Al Akkad,30.058485,31.337973,,,,18,8060.5
slowness.series.unleashed,Banzion - Masarra,30.071722,31.244959,,,,333,5648.351351351352
falters.weary.nurture,Barageel,30.075079,31.163925,,,,18,706.0
panic.newsstand.jetting,Barageel,30.07496,31.163914,,,,27,842.0
failed.train.bleaker,Barageel (Ring Road),30.072031,31.175682,,,,54,2754.0
sprain.profiled.pebble,Barageel (Ring Road),30.071934,31.176071,,,,18,974.0
stared.expecting.fried,Barageel (Ring Road),30.072113,31.175388,,,,18,706.0
sulked.bypassed.silver,Barageel (Ring Road),30.07199,31.175827,,,,72,3395.0
models.skim.variously,Baron Mall Pedestrian Bridge,29.981976,31.338408,,,,90,2277.3
washable.bristle.magnetic,Baron Mall Pedestrian Bridge,29.982088,31.3386,,,,81,4133.555555555556
careful.gains.deodorant,Basateen,29.991135,31.28123,,,,45,2407.0
file.apron.tweezers,Basateen,29.991308,31.282515,,,,81,5532.0
amounting.froth.blanket,Basateen Police Station,29.991611,31.266865,,,,288,5233.1875
obliging.blog.blaring,Basateen Steps - Ring Road,29.990417,31.266972,,,,387,4839.069767441861
shadow.live.framework,Basha Square,30.020788,31.225475,,,,90,4899.8
signed.snack.dare,Basha Square,30.020779,31.225552,,,,54,3908.8333333333335
economics.potential.posts,Bashteel - Ring Road,30.084095,31.19193,,,,54,3615.0
proudest.originals.pouch,Bashteel - Ring Road,30.082924,31.189302,,,,45,4710.0
stocked.ridiculed.spearing,Bashteel - Ring Road,30.084217,31.191805,,,,54,2754.0
packets.extensive.tweed,Bashtil,30.082932,31.189148,,,,27,1858.0
painting.audio.beauty,Bashtil,30.08335,31.188828,,,,9,1875.0
deflate.event.providing,Bashtil El Balad,30.087393,31.183043,,,,36,1568.0
defensive.slurred.varieties,Batrawy - Abbas Al Akkad,30.061913,31.337553,,,,18,8060.5
helps.pursue.rewarded,Batrawy - Abbas Al Akkad,30.06189,31.337206,,,,18,8060.5
heckler.secrets.replayed,Bayt Al Karam Al Shamy - Haram Street,29.997438,31.169321,,,,126,6106.571428571428
pollution.brothers.chopper,Bein Al Sarayat Youth Center,30.029305,31.202393,,,,54,3661.3333333333335
crouches.dwelled.beads,Beirut Square - Korba,30.093054,31.32753,,,,126,5435.285714285715
spits.swordfish.takeover,Berm Al Tounsi St - Abou Al Reesh,30.025824,31.240131,,,,108,5466.666666666667
radiating.rummage.scars,Bisco Misr - Al Zaytoun,30.104403,31.29614,,,,117,4829.846153846154
shelter.recorders.position,Bisco Misr - Al Zaytoun,30.104233,31.296091,,,,126,4191.571428571428
certainty.perusing.troubled,Bloom Bank - South Teseen Street,30.016375,31.417522,New Cairo City,5712885.0,15000.0,18,1977.0
certainty.perusing.troubled,Bloom Bank - South Teseen Street,30.016375,31.417522,New Cairo City,5712885.0,15000.0,18,1977.0
certainty.perusing.troubled,Bloom Bank - South Teseen Street,30.016375,31.417522,New Cairo City,5712885.0,15000.0,18,1977.0
certainty.perusing.troubled,Bloom Bank - South Teseen Street,30.016375,31.417522,New Cairo City,5712885.0,15000.0,18,1977.0
move.permit.entertainer,Board of Trustees (Magles Al Omanaa) - 6th of October,29.994495,30.959768,,,,9,146.0
mouth.escalates.worked,Bohooth Bus Station,30.035402,31.198805,,,,216,3741.5416666666665
polar.outraged.judge,Bohooth Bus Station,30.035524,31.19872,,,,36,262.5
skews.schematic.escalated,Bostan Street,30.046112,31.235739,,,,198,5652.090909090909
headliner.behave.publish,Boury Square - 5th Settlement,30.007502,31.411446,New Cairo City,5712885.0,15000.0,9,300.0
headliner.behave.publish,Boury Square - 5th Settlement,30.007502,31.411446,New Cairo City,5712885.0,15000.0,9,300.0
headliner.behave.publish,Boury Square - 5th Settlement,30.007502,31.411446,New Cairo City,5712885.0,15000.0,9,300.0
headliner.behave.publish,Boury Square - 5th Settlement,30.007502,31.411446,New Cairo City,5712885.0,15000.0,9,300.0
midwinter.husky.musician,Boury Square - 5th Settlement,30.00785,31.41215,New Cairo City,5712885.0,15000.0,9,300.0
midwinter.husky.musician,Boury Square - 5th Settlement,30.00785,31.41215,New Cairo City,5712885.0,15000.0,9,300.0
midwinter.husky.musician,Boury Square - 5th Settlement,30.00785,31.41215,New Cairo City,5712885.0,15000.0,9,300.0
midwinter.husky.musician,Boury Square - 5th Settlement,30.00785,31.41215,New Cairo City,5712885.0,15000.0,9,300.0
bluffs.claw.regarding,Brazil St- 26th of July,30.060143,31.222118,,,,9,6619.0
deals.harnessed.exams,Brazil St- 26th of July,30.05999,31.22204,,,,180,5198.45
spindles.scenes.admit,Btech - Masr Wal Sudan St,30.083288,31.281857,,,,81,4852.666666666667
blogging.steady.unpacked,Bulaq Dakrur,30.042736,31.192738,,,,9,846.0
unclaimed.windpipe.nicely,Bulaq Dakrur,30.042423,31.192314,,,,18,104.0
vessel.lollipop.metals,Bulaq Dakrur,30.04295,31.192608,,,,18,196.0
elect.sticks.gaps,Bulaq Dakrur Bus Station,30.040995,31.194695,,,,225,3669.92
entitles.spending.fallback,Bulaq Dakrur Bus Station,30.040966,31.19463,,,,225,4003.36
excusing.stormy.giraffes,Bulaq Dakrur Bus Station,30.040771,31.194324,,,,9,6619.0
prop.radiated.sweetly,Bulaq Dakrur Nahya - East,30.0429,31.193829,,,,189,3423.285714285714
reduce.options.testy,Bulaq Dakrur Nahya - East,30.042837,31.193748,,,,180,3979.0
advice.tradition.tailwind,Bus Stop 43 (Matareya),30.126816,31.316278,,,,18,4297.0
betraying.talkers.device,CAPMAS,30.079588,31.315157,,,,189,4126.0
pocketed.twice.gurgled,CAPMAS,30.079384,31.315372,,,,153,4468.35294117647
spillage.revealing.abolish,CAPMAS,30.07962,31.315039,,,,36,3957.0
dried.done.grudge,CIB - Al Hegaz,30.105326,31.332306,,,,81,6897.111111111111
rigs.tomorrow.lows,CIB - Al Hegaz,30.10551,31.332254,,,,99,6186.454545454545
firepower.burst.crinkled,CIB - South Teseen Street,30.016392,31.423029,New Cairo City,5712885.0,15000.0,18,1977.0
firepower.burst.crinkled,CIB - South Teseen Street,30.016392,31.423029,New Cairo City,5712885.0,15000.0,18,1977.0
firepower.burst.crinkled,CIB - South Teseen Street,30.016392,31.423029,New Cairo City,5712885.0,15000.0,18,1977.0
firepower.burst.crinkled,CIB - South Teseen Street,30.016392,31.423029,New Cairo City,5712885.0,15000.0,18,1977.0
cleanser.radiates.salads,CTA Garage - Heliopolis,30.128471,31.361689,,,,135,3264.866666666667
with.iron.corrosive,CTA Garage - Heliopolis,30.129723,31.361444,,,,135,5390.0
starfish.pipe.trailing,Cairo Airport Bus Station,30.120197,31.398315,,,,135,4865.933333333333
windy.long.munch,Cairo Airport Bus Station,30.119501,31.397856,,,,135,4667.533333333334
insist.shifters.equipping,Cairo Alexandria Agriculture Road Exit - Ring Road,30.149597,31.23345,,,,135,2763.0
beaker.landlady.juggle,Cairo Club - Opera St,30.040873,31.222578,,,,108,3919.25
thick.wordplay.gladiators,Cairo Club - Opera St,30.040783,31.222666,,,,144,3997.875
applied.wreck.grants,Cairo Economic Court - Ring Road,29.98782,31.303703,,,,99,4563.090909090909
inversion.songs.squirts,Cairo Economic Court - Ring Road,29.988321,31.303864,,,,117,5000.153846153846
laces.dividing.showrooms,Cairo Economic Court - Ring Road,29.987993,31.30374,,,,72,3301.375
sunblock.pads.unsecured,Cairo Economic Court - Ring Road,29.988125,31.303791,,,,81,3293.1111111111113
newspaper.hood.earliest,Cairo Fair Metro,30.073399,31.301569,,,,171,5376.526315789473
shampoo.superhero.props,Cairo Fair Metro,30.073685,31.301535,,,,216,4249.291666666667
snoring.dislikes.resorting,Cairo Festival City - Ring Road,30.025076,31.402676,New Cairo City,5712885.0,15000.0,36,2129.0
snoring.dislikes.resorting,Cairo Festival City - Ring Road,30.025076,31.402676,New Cairo City,5712885.0,15000.0,36,2129.0
snoring.dislikes.resorting,Cairo Festival City - Ring Road,30.025076,31.402676,New Cairo City,5712885.0,15000.0,36,2129.0
snoring.dislikes.resorting,Cairo Festival City - Ring Road,30.025076,31.402676,New Cairo City,5712885.0,15000.0,36,2129.0
guesswork.suffix.calculate,Cairo Festival City - South Teseen Street,30.01601,31.40746,New Cairo City,5712885.0,15000.0,27,3335.6666666666665
guesswork.suffix.calculate,Cairo Festival City - South Teseen Street,30.01601,31.40746,New Cairo City,5712885.0,15000.0,27,3335.6666666666665
guesswork.suffix.calculate,Cairo Festival City - South Teseen Street,30.01601,31.40746,New Cairo City,5712885.0,15000.0,27,3335.6666666666665
guesswork.suffix.calculate,Cairo Festival City - South Teseen Street,30.01601,31.40746,New Cairo City,5712885.0,15000.0,27,3335.6666666666665
trek.seriously.ogre,Cairo Festival City - South Teseen Street,30.016441,31.407455,New Cairo City,5712885.0,15000.0,18,1977.0
trek.seriously.ogre,Cairo Festival City - South Teseen Street,30.016441,31.407455,New Cairo City,5712885.0,15000.0,18,1977.0
trek.seriously.ogre,Cairo Festival City - South Teseen Street,30.016441,31.407455,New Cairo City,5712885.0,15000.0,18,1977.0
trek.seriously.ogre,Cairo Festival City - South Teseen Street,30.016441,31.407455,New Cairo City,5712885.0,15000.0,18,1977.0
modifies.panic.implanted,Cairo Festival City Pedestrian Bridge,30.025211,31.40099,,,,27,1059.0
congratulations.value.uppermost,Cairo Pyramids Hotel - Cairo Alex Desert Rd,29.992382,31.125557,,,,36,2379.75
estimated.release.blossom,Cairo Pyramids Hotel - Cairo Alex Desert Rd,29.992449,31.125637,,,,72,3898.375
replaying.townhouse.legs,Cairo Security Directorate (Modereyet Amn Al Qahera),30.043674,31.2528,,,,576,5426.625
selection.footpath.clouds,Cairo Security Directorate (Modereyet Amn Al Qahera),30.043795,31.252546,,,,333,5522.648648648648
pages.crispy.protester,Cairo Stadium,30.06451,31.306364,,,,36,4185.5
profiled.breezes.continued,Cairo Stadium,30.064629,31.306618,,,,9,5481.0
instilled.sticky.spreads,Cairo University - Commerce Gate,30.028393,31.20555,,,,144,3210.5625
nosedive.albatross.hoot,Cairo University - Commerce Gate,30.028505,31.205507,,,,108,2150.0
reverted.factoring.torches,Cairo University Applied Arts,30.029356,31.208708,,,,108,2150.0
tributes.held.defaults,Cairo University Bridge,30.028526,31.216534,,,,405,5061.2
whiplash.cookies.bugs,Cairo University Bridge,30.028337,31.216599,,,,423,4996.702127659574
merchant.island.dabbling,Cairo University Main Gate - Giza,30.027258,31.210968,,,,522,4719.4655172413795
sensibly.learning.rollers,Cairo University Main Gate - Giza,30.027906,31.210682,,,,504,4978.482142857143
unlucky.secures.quitter,Cairo University Main Gate - Gize,30.027864,31.210907,,,,423,4946.659574468085
influencing.scorched.boot,Cairo University Metro,30.027006,31.200594,,,,18,327.0
cobbled.whips.tumblers,Cairo Universty Metro Station,30.025322,31.201765,,,,63,2562.285714285714
rifled.transcribes.shirtless,Cairo Universty Metro Station,30.025337,31.201849,,,,81,3043.222222222222
blotting.thatched.ultra,Car Market - Nasr City,30.047867,31.36684,,,,72,2709.625
strongly.inversion.passion,Car Market - Nasr City,30.047625,31.366188,,,,81,3459.777777777778
situation.fillings.educated,Carrefour - Gazaer St,29.983755,31.273975,,,,108,5472.416666666667
drooling.scouts.tickling,Carrefour - Obour,30.171757,31.475435,,,,9,300.0
masterpiece.tabs.shall,Carrefour - Obour,30.172138,31.47496,,,,9,300.0
ghosts.reserve.packets,Carrefour - Ring Road,29.984188,31.318043,,,,99,3712.909090909091
pink.hothouse.reform,Carrefour - Ring Road,29.984005,31.318106,,,,162,4134.166666666667
imparting.recoup.target,Carrefour - Tora,29.928919,31.281488,,,,36,5527.75
styled.reception.sketching,Carrefour - Tora,29.92887,31.281387,,,,90,6887.7
outright.conveying.stressed,Catholic Cemetery - Misr Al Qadima,30.01314,31.23314,,,,63,6655.714285714285
rhino.verifying.refilled,Catholic Cemetery - Misr Al Qadima,30.013182,31.233059,,,,63,5784.285714285715
trip.uncle.portable,Cemeteries - Maadi,30.021427,31.345001,,,,9,3654.0
zest.quietly.birdcage,Center Cairo Governorate Information Networks,30.095085,31.382605,,,,72,1955.75
jolt.evoke.scarred,Centeral Al Matariya,30.129805,31.312162,,,,45,1345.2
selects.helpfully.hardback,Centeral Heliopolis - Gesr Al Suez,30.104343,31.321579,,,,63,7548.142857142857
venues.diverts.detriment,Centeral Heliopolis - Gesr Al Suez,30.104212,31.321724,,,,144,6237.75
sundial.trimmer.flops,Central Al Fustat,30.003319,31.242682,,,,27,2135.0
surfer.remission.shiver,Central Al Fustat,30.003103,31.242472,,,,27,2135.0
barstool.wiped.skate,Central Bank - Ataba,30.05546,31.246712,,,,72,4242.125
persuade.lifeguard.clipped,Central Bank - Ataba,30.05622,31.246532,,,,180,5926.45
presumes.leave.verge,Ceramica Cleopatra - Sheikh Zayed,30.025467,31.01694,,,,9,146.0
clouding.importers.highways,Child's Garden - Ahmed Fakhry,30.062132,31.34957,,,,9,2633.0
cone.thirsty.multiples,Church of St George - Kotseika,29.935043,31.278334,,,,90,6887.7
nerd.captive.free,Church of St George - Kotseika,29.935076,31.278421,,,,36,5527.75
closet.forwarded.grow,City Mall - Al Shorouq,30.18022,31.599415,,,,9,4734.0
voted.master.community,City Mall - Al Shorouq,30.18048,31.599371,,,,18,3048.0
fever.riverbank.senior,City Stars Mall,30.073524,31.339214,,,,63,4449.857142857143
rice.responses.valley,City Stars Mall,30.073555,31.338928,,,,45,4971.4
befitting.something.cherish,Civil Registry - Haram Street,29.999216,31.174555,,,,135,5929.466666666666
conforms.taxpayers.stews,Civil Registry - Haram Street,29.999353,31.174511,,,,126,6106.571428571428
backyards.explain.aspect,Civil Registry - Imbaba,30.079487,31.223639,,,,135,2472.3333333333335
slim.measuring.weeded,Civil Registry - Imbaba,30.0796,31.223648,,,,144,3330.0625
delusions.handyman.swooning,Concord Al Salam Hotel - Gesr Al Suez,30.124,31.346899,,,,225,5959.2
locate.commutes.keyboard,Concord Al Salam Hotel - Gesr Al Suez,30.124092,31.346834,,,,126,6134.285714285715
arming.sunblock.spell,Concord Plaza - New Cairo,30.025543,31.485273,New Cairo City,5712885.0,15000.0,27,5128.333333333333
arming.sunblock.spell,Concord Plaza - New Cairo,30.025543,31.485273,New Cairo City,5712885.0,15000.0,27,5128.333333333333
arming.sunblock.spell,Concord Plaza - New Cairo,30.025543,31.485273,New Cairo City,5712885.0,15000.0,27,5128.333333333333
arming.sunblock.spell,Concord Plaza - New Cairo,30.025543,31.485273,New Cairo City,5712885.0,15000.0,27,5128.333333333333
unheated.waged.contact,Concord Plaza - New Cairo,30.025213,31.485222,New Cairo City,5712885.0,15000.0,27,5128.333333333333
unheated.waged.contact,Concord Plaza - New Cairo,30.025213,31.485222,New Cairo City,5712885.0,15000.0,27,5128.333333333333
unheated.waged.contact,Concord Plaza - New Cairo,30.025213,31.485222,New Cairo City,5712885.0,15000.0,27,5128.333333333333
unheated.waged.contact,Concord Plaza - New Cairo,30.025213,31.485222,New Cairo City,5712885.0,15000.0,27,5128.333333333333
pesky.starting.clinic,Conrad Hotel,30.065182,31.227211,,,,117,5974.0
reefs.overjoyed.defends,Conrad Hotel,30.065123,31.227304,,,,108,4385.25
tame.copper.removals,Constitutional Court,29.969234,31.238335,,,,180,4845.5
concluded.thrones.servicing,Coop Gas Station - Cairo Airport,30.12299,31.398748,,,,135,4667.533333333334
ears.sobered.timed,Coop Gas Station - Helwan Courniche,29.808475,31.301804,,,,27,455.6666666666667
wake.resonated.visions,Coop Gas Station - Helwan Courniche,29.808403,31.301712,,,,36,2516.25
changed.supposes.crouch,Coop Gas Station - Nasr Al Islam Square,30.088139,31.253555,,,,18,3938.0
nervy.open.foot,Coop Gas Station - Om Bayoumi,30.129553,31.25117,,,,36,6934.25
waggled.regret.foods,Coop Gas Station - Om Bayoumi,30.12967,31.251339,,,,54,6861.166666666667
infants.cyber.observer,Coptic Hospital,30.063524,31.251974,,,,567,5680.0952380952385
stack.spillage.reshaping,Coptic Hospital,30.063448,31.252092,,,,513,6413.6140350877195
boggles.punctual.lavished,Corner Stone - Imbaba,30.080658,31.219267,,,,153,3223.0588235294117
limitless.shelved.hillside,Corner Stone - Imbaba,30.080744,31.219303,,,,45,1321.4
prune.trainer.lunge,Cottonil Factory - Gesr Al Suez,30.130552,31.372196,,,,27,7317.0
stub.adjuster.policy,Credit Agricole - Al Mansoreya Road,29.987387,31.132284,,,,144,4859.4375
boxing.widget.bulky,Criminal Evidence Registery - Abaseyya,30.071861,31.287453,,,,396,5273.772727272727
chatting.thread.jacuzzi,Criminal Evidence Registery - Abaseyya,30.071777,31.287271,,,,243,5366.037037037037
reinstate.spades.breeding,Criminal Evidence Registery - Abaseyya,30.071692,31.287203,,,,117,3555.846153846154
senders.toenail.goodbye,Criminal Evidence Registery - Abaseyya,30.071224,31.28722,,,,36,3657.5
straddled.leap.imported,Criminal Evidence Registery - Abaseyya,30.07184,31.28733,,,,333,4692.675675675676
cages.drawn.roughest,Crystal Asfour - Masaken Al Wehda,30.120337,31.25831,,,,126,3488.1428571428573
yelled.soft.tribe,Crystal Asfour - Masaken Al Wehda,30.120152,31.258314,,,,162,4417.444444444444
idealist.intestine.guides,Czesch Republic Embassy - Dokki,30.030886,31.212473,,,,90,4196.5
outlined.deeds.lines,Czesch Republic Embassy - Dokki,30.031044,31.21231,,,,99,3935.818181818182
camcorder.edit.blitz,Dabsha - Al Zaytoun,30.106709,31.287733,,,,135,3888.4666666666667
liquid.staple.wages,Dabsha - Al Zaytoun,30.106583,31.287693,,,,135,3909.4666666666667
scouts.commit.pausing,Dar Al Foad Hospital - 6th of October,29.99922,30.96702,,,,9,146.0
attending.wrong.spoons,Dar Al Mohandeseen Club - Nile Courniche,29.864475,31.291664,,,,81,7074.0
pricing.dreaming.typified,Dar Al Mohandeseen Club - Nile Courniche,29.864386,31.291838,,,,36,5527.75
puppy.different.roaring,Dar Al Moshah - Heliopolis,30.078035,31.300392,,,,54,4336.833333333333
wobbles.boat.birds,Dar Al Moshah - Heliopolis,30.078022,31.300245,,,,126,5163.857142857143
lawns.sing.coasting,Dar Al Salam,29.981028,31.231722,,,,135,3930.9333333333334
craftsman.built.shepherdess,Dar Al Salam Police Station,29.972027,31.24689,,,,117,4997.076923076923
rats.galleries.tissue,Dar Al Salam Police Station,29.972084,31.247,,,,99,4704.181818181818
transmits.blemishes.spared,Dar El Salam Bus Station,29.984074,31.238018,,,,72,1705.25
asteroid.sending.retraced,Dar Misr Square - Al Shorouq,30.1646,31.640326,,,,18,3048.0
chips.superhero.sprinter,Dar Misr Square - Al Shorouq,30.164255,31.64037,,,,9,4734.0
charities.escorting.vibrates,Darb Al Saqia - Manshiyat Nasser,30.04743,31.281578,,,,198,4319.681818181818
hurls.laugh.actors,Darb Al Saqia - Manshiyat Nasser,30.047285,31.281683,,,,171,4234.9473684210525
lifeboats.spine.gifts,Darraasa Traffic Department,30.052475,31.269976,,,,72,2719.25
strictly.mixing.prospers,Darraasa Traffic Department,30.052637,31.270203,,,,117,2845.0
chucks.slices.seagulls,Dawaran Shubra,30.080523,31.24572,,,,9,9649.0
cleanser.turkeys.coverage,Degla Azhari Language School - Zahraa Al Maadi,29.964096,31.283844,,,,9,4396.0
narrates.dodges.stretcher,Degla Azhari Language School - Zahraa Al Maadi,29.963974,31.283764,,,,9,4396.0
ecologist.reporters.overdrive,Dental Hospital - Al Manial,30.028442,31.226645,,,,459,5101.980392156863
daydreams.truly.spearing,Diamonds Mall - 6th of October,29.97673,30.944956,,,,9,146.0
scratches.currently.going,Didi Mall - 1st Settlement,30.070581,31.452255,New Cairo City,5712885.0,15000.0,9,670.0
scratches.currently.going,Didi Mall - 1st Settlement,30.070581,31.452255,New Cairo City,5712885.0,15000.0,9,670.0
scratches.currently.going,Didi Mall - 1st Settlement,30.070581,31.452255,New Cairo City,5712885.0,15000.0,9,670.0
scratches.currently.going,Didi Mall - 1st Settlement,30.070581,31.452255,New Cairo City,5712885.0,15000.0,9,670.0
guarding.fittingly.punks,Doctors Tower - Nasr City,30.055258,31.352192,,,,99,4960.909090909091
incomes.grin.surpassed,Doctors Tower - Nasr City,30.055378,31.352175,,,,117,5804.692307692308
forgotten.partners.person,Documentation Center - Bolak,30.066675,31.22707,,,,108,4385.25
neutron.tracking.pesky,Documentation Center - Bolak,30.066793,31.226904,,,,117,5974.0
deflection.fillers.flitting,Dokki,30.03739,31.211329,,,,36,5188.25
servers.irony.decays,Dokki,30.037415,31.211552,,,,45,5858.8
sudden.friends.distracts,Dokki Metro Station,30.038609,31.212912,,,,117,4362.846153846154
tucked.succeed.marble,Dokki Metro Station,30.038507,31.212973,,,,162,4540.777777777777
kinds.geek.commander,Downtown Mall,30.016325,31.41264,New Cairo City,5712885.0,15000.0,18,1977.0
kinds.geek.commander,Downtown Mall,30.016325,31.41264,New Cairo City,5712885.0,15000.0,18,1977.0
kinds.geek.commander,Downtown Mall,30.016325,31.41264,New Cairo City,5712885.0,15000.0,18,1977.0
kinds.geek.commander,Downtown Mall,30.016325,31.41264,New Cairo City,5712885.0,15000.0,18,1977.0
sometime.giants.adjust,Downtown Mall,30.016045,31.4115,New Cairo City,5712885.0,15000.0,27,3335.6666666666665
sometime.giants.adjust,Downtown Mall,30.016045,31.4115,New Cairo City,5712885.0,15000.0,27,3335.6666666666665
sometime.giants.adjust,Downtown Mall,30.016045,31.4115,New Cairo City,5712885.0,15000.0,27,3335.6666666666665
sometime.giants.adjust,Downtown Mall,30.016045,31.4115,New Cairo City,5712885.0,15000.0,27,3335.6666666666665
chum.encourage.eating,Dusit Hotel,30.025146,31.456976,New Cairo City,5712885.0,15000.0,27,5128.333333333333
chum.encourage.eating,Dusit Hotel,30.025146,31.456976,New Cairo City,5712885.0,15000.0,27,5128.333333333333
chum.encourage.eating,Dusit Hotel,30.025146,31.456976,New Cairo City,5712885.0,15000.0,27,5128.333333333333
chum.encourage.eating,Dusit Hotel,30.025146,31.456976,New Cairo City,5712885.0,15000.0,27,5128.333333333333
january.castle.slowness,Dusit Hotel,30.025436,31.456917,New Cairo City,5712885.0,15000.0,18,4666.0
january.castle.slowness,Dusit Hotel,30.025436,31.456917,New Cairo City,5712885.0,15000.0,18,4666.0
january.castle.slowness,Dusit Hotel,30.025436,31.456917,New Cairo City,5712885.0,15000.0,18,4666.0
january.castle.slowness,Dusit Hotel,30.025436,31.456917,New Cairo City,5712885.0,15000.0,18,4666.0
crucially.merchant.offers,Duty Free - Gameat Al Dowal St,30.047161,31.196367,,,,72,4359.375
pampered.occur.strain,Duty Free - Gameat Al Dowal St,30.04732,31.196085,,,,63,4980.428571428572
pigment.forgotten.method,Dwidar St - Hadayeq Al Qobba St,30.0837,31.28441,,,,108,4607.083333333333
breakfast.country.things,ENPPI,30.044985,31.340738,,,,45,3214.8
chromatic.known.error,ENPPI,30.044653,31.339403,,,,63,5122.428571428572
haunts.brothers.unspoiled,EPx Logistics For Transportation And Warehousing - Obour,30.260643,31.472372,,,,9,300.0
prospered.stand.elections,EPx Logistics For Transportation And Warehousing - Obour,30.260561,31.472498,,,,9,300.0
clarifies.outs.samplers,Eastern Weavers - Moqattam,30.010664,31.334198,,,,81,5344.333333333333
sprouting.bowls.native,Eastern Weavers - Moqattam,30.010893,31.334133,,,,117,4933.692307692308
link.silk.fruitcake,Education Directorate - Helwan,29.853304,31.295296,,,,81,7074.0
snowmen.spaces.dictation,Education Directorate - Helwan,29.853361,31.295443,,,,36,5527.75
acids.briefer.safety,Egypt Air Hospital,30.091661,31.34855,,,,54,2696.8333333333335
waged.trespass.purified,Egypt Air Hospital,30.091543,31.348131,,,,63,2959.1428571428573
grumbles.postings.employ,Egypt Air Steps - Ring Road,29.98252,31.17862,,,,135,2291.3333333333335
nicknames.ideal.treatable,Egypt Air Steps - Ring Road,29.982649,31.178473,,,,135,1866.8
motivator.purple.expressed,Egyptian Agricultural Bank - Giza,30.008606,31.209003,,,,234,5090.653846153846
wiping.ulterior.mailers,Egyptian Agricultural Bank - Giza,30.008642,31.209127,,,,189,5264.238095238095
lunged.conveying.pedicure,Egyptian Parlimant,30.041445,31.235617,,,,270,5804.666666666667
continental.handwritten.illustration,Egyptian Russian University,30.139751,31.717985,,,,27,2354.3333333333335
dedicated.impairments.unerring,Egyptian Russian University,30.139896,31.718245,,,,18,2850.5
nurses.workers.ferrying,Egyptian Telecom Club - Autostrad Maadi,29.969759,31.289045,,,,108,3924.0
snares.code.billiard,Egyptian Telecom Club - Autostrad Maadi,29.969809,31.288832,,,,108,2550.9166666666665
dockers.spades.excuse,El Batran Exit,29.975008,31.155724,,,,9,8396.0
finds.fool.streak,El Batran Exit,29.974892,31.155767,,,,9,8396.0
freshest.ahead.bristle,El Kafr (Birak Al Khiyam),30.045744,31.157124,,,,18,264.0
fuss.gobbling.deciding,El Khanka Mental Health Hospital,30.225204,31.367352,,,,18,2610.0
health.wonderful.disco,El Warsha (Ezbet Al Nakhl),30.141405,31.343824,,,,72,1867.875
aquatics.averages.standards,Elecrticity Hospital - Suez Rd,30.07883,31.372301,,,,81,4314.0
tested.joystick.attends,Elecrticity Hospital - Suez Rd,30.079018,31.372335,,,,108,4410.166666666667
floating.expansion.stuffing,Electricity Distribution Co - Isaaf,30.054348,31.236347,,,,54,2360.3333333333335
hammer.should.deck,Electricity Distribution Co - Isaaf,30.054674,31.235754,,,,18,3740.5
clown.workforce.defectors,Emad El Deen St - 26th of July St,30.052612,31.244377,,,,279,5478.225806451613
offer.shampoo.eyepieces,Emerald - New Cairo,30.052742,31.430485,New Cairo City,5712885.0,15000.0,18,3075.5
offer.shampoo.eyepieces,Emerald - New Cairo,30.052742,31.430485,New Cairo City,5712885.0,15000.0,18,3075.5
offer.shampoo.eyepieces,Emerald - New Cairo,30.052742,31.430485,New Cairo City,5712885.0,15000.0,18,3075.5
offer.shampoo.eyepieces,Emerald - New Cairo,30.052742,31.430485,New Cairo City,5712885.0,15000.0,18,3075.5
paused.household.shuttling,Experimental School - Bahteem,30.141401,31.275148,,,,63,4522.142857142857
risen.models.durations,Experimental School - Bahteem,30.141304,31.27523,,,,63,4522.142857142857
bumping.friend.towels,Ezbet Al Baydaa Steps - Ring Road,30.163185,31.32703,,,,180,2979.95
operating.screaming.eggplants,Ezbet Al Baydaa Steps - Ring Road,30.162958,31.327883,,,,162,2597.6666666666665
daytime.jumpy.gossiping,Ezbet Al Mofti Steps - Ring Road,30.0884,31.195387,,,,54,2754.0
radiated.fire.huddling,Ezbet Al Mofti Steps - Ring Road,30.088337,31.195547,,,,54,3615.0
abruptly.warm.strikers,Ezbet Al Nakhl,30.138672,31.326351,,,,108,4155.583333333333
leader.swerves.putts,Ezbet Al Nakhl,30.139065,31.32537,,,,27,6083.666666666667
loitering.movies.situation,Ezbet Al Nakhl,30.138702,31.326279,,,,63,2896.714285714286
handy.milder.ballooned,Ezbet Anwar Steps - Ring Road,30.150188,31.265081,,,,126,2553.1428571428573
tiptoes.paddlers.orange,Ezbet Anwar Steps - Ring Road,30.15035,31.265003,,,,144,3036.5625
press.lifeboats.cooks,Ezbet Kheirallah Steps 1 - Ring Road,29.992666,31.243715,,,,99,2891.3636363636365
sprinkler.tablets.plotting,Ezbet Kheirallah Steps 1 - Ring Road,29.992844,31.243715,,,,99,3692.5454545454545
clash.assembles.cubs,Ezbet Kheirallah Steps 2 - Ring Road,29.991568,31.251917,,,,99,2891.3636363636365
picnic.refills.status,Ezbet Kheirallah Steps 2 - Ring Road,29.99172,31.251968,,,,99,3692.5454545454545
catchers.losses.school,Ezbet Kheirallah Steps 3 - Ring Road,29.990322,31.257889,,,,99,3692.5454545454545
youthful.chess.bound,Ezbet Kheirallah Steps 3 - Ring Road,29.989767,31.260696,,,,99,2891.3636363636365
corkscrew.guards.curls,Faculty of Agriculture - Ain Shams University,30.111708,31.248245,,,,198,5912.863636363636
cries.heat.sweetly,Faculty of Agriculture - Ain Shams University,30.112217,31.248306,,,,9,742.0
delays.feels.snowy,Faculty of Agriculture - Ain Shams University,30.111639,31.247992,,,,225,5510.96
lure.holdings.spectacle,Faculty of Agriculture - Cairo University,30.019436,31.211624,,,,405,5120.155555555555
officials.tadpole.cheer,Faculty of Agriculture - Cairo University,30.019444,31.211748,,,,423,4838.234042553191
moon.geologist.nozzles,Faculty of Agriculture Ain Shams Bus Station,30.114862,31.249302,,,,18,5333.0
restless.wink.threading,Faculty of Agriculture Ain Shams Bus Station,30.115358,31.250252,,,,45,2579.4
self.talker.sensibly,Faculty of Agriculture Ain Shams Bus Station,30.115234,31.250093,,,,45,2579.4
overdone.promotes.lorry,Faculty of Engineering - Azhar University,30.064007,31.286402,,,,99,2015.3636363636363
punks.parading.slips,Faculty of Engineering - Azhar University,30.064156,31.286692,,,,54,3323.6666666666665
slurping.messed.assorted,Faculty of Engineering - Cairo University,30.024944,31.210882,,,,405,5120.155555555555
trade.easels.messy,Faculty of Engineering - Cairo University,30.02497,31.211037,,,,513,4790.350877192983
removes.furnish.jolt,Faculty of Medicine - Ain Shams University,30.077158,31.281176,,,,522,5664.637931034483
interests.ridiculed.many,Faisal Bank - Othman Bin Affan St,30.09936,31.34113,,,,162,5441.111111111111
mailer.squabbles.clay,Faisal Bank - Othman Bin Affan St,30.099226,31.341227,,,,162,5498.611111111111
zone.directors.charging,Faisal Exit - Saft El Laban Axis,30.027088,31.200535,,,,90,1979.8
modifies.votes.eyelash,Faisal Islamic Bank - Tahrir St,30.039612,31.217943,,,,144,4553.5625
twig.brimmed.growth,Faisal Islamic Bank - Tahrir St,30.03976,31.21816,,,,117,4362.846153846154
custodian.heads.vitamins,Faisal Metro Station,30.016756,31.204502,,,,18,1941.5
stow.responded.belt,Faisal Microbus Station,29.99369,31.14715,,,,72,1804.875
camper.painting.sleepers,Faisal Street - Al Marioteya Road,29.993595,31.147207,,,,72,2402.625
landlords.furnish.blunders,Faisal Street - Al Marioteya Road,29.99388,31.147522,,,,54,1005.5
nips.clenching.against,Faisal Tawabek,29.998194,31.159483,,,,45,973.0
paraded.tempting.dentistry,Faisal Tawabek,29.998377,31.159418,,,,63,1008.7142857142857
oxidation.observe.bedroom,Falcon School - Al Shorouq,30.135359,31.663897,,,,9,4734.0
voltage.eyelashes.tinkle,Falcon School - Al Shorouq,30.135773,31.663792,,,,18,3048.0
disgraced.rare.setting,Farhety Hall - Port Said St,30.078896,31.26989,,,,135,4149.133333333333
feared.waggled.turns,Farhety Hall - Port Said St,30.078915,31.270004,,,,126,4202.928571428572
drooling.dunk.browsers,Farouq Square,29.957415,31.255957,,,,54,5211.166666666667
boggles.intervene.amps,Farouq's Corner Musuem - Helwan,29.84686,31.295645,,,,108,6011.916666666667
throwaway.page.suggested,Fayda Kamel,29.976025,31.258179,,,,18,361.5
typical.bloom.crowbar,Fayda Kamel,29.976044,31.258282,,,,9,423.0
sweetened.wardrobe.explains,Ferdous - Rod Al Farag,30.078747,31.235851,,,,90,4734.9
passenger.generals.pokers,Fiat Service Center - Obour,30.179096,31.471952,,,,9,300.0
pinch.scooped.pegs,Fiat Service Center - Obour,30.179071,31.472136,,,,9,300.0
emulating.leafing.endearing,Filfil Mosque (Bashtil),30.082487,31.193096,,,,9,3810.0
spirit.circus.mindset,Filfil Mosque (Bashtil),30.08259,31.193047,,,,9,3810.0
applause.painting.cuddling,Fom Al Khalig,30.023077,31.230179,,,,243,5232.518518518518
treaties.saturate.chips,Fom Al Khalig,30.022871,31.2309,,,,360,5185.1
splendid.shadowed.originate,Fom Al Khalig Police Station,30.024158,31.232475,,,,252,4588.428571428572
stove.moon.vessel,Free Zone - Nasr City,30.035183,31.347153,,,,27,8010.333333333333
workflow.much.mixed,Free Zone - Nasr City,30.035078,31.347145,,,,36,7834.5
muffin.rankings.saddens,Fustat Market,30.009237,31.23143,,,,63,6655.714285714285
weeks.reporting.politics,Fustat Market,30.009287,31.231325,,,,63,5784.285714285715
prune.stow.mugs,Future School - Nasr City,30.045734,31.347544,,,,45,3214.8
remarried.famous.fewest,Future School - Nasr City,30.045538,31.347553,,,,63,4339.714285714285
fussed.scorching.trucks,Future University in Egypt (FUE),30.025515,31.491087,New Cairo City,5712885.0,15000.0,27,5128.333333333333
fussed.scorching.trucks,Future University in Egypt (FUE),30.025515,31.491087,New Cairo City,5712885.0,15000.0,27,5128.333333333333
fussed.scorching.trucks,Future University in Egypt (FUE),30.025515,31.491087,New Cairo City,5712885.0,15000.0,27,5128.333333333333
fussed.scorching.trucks,Future University in Egypt (FUE),30.025515,31.491087,New Cairo City,5712885.0,15000.0,27,5128.333333333333
many.hillsides.hack,Future University in Egypt (FUE),30.025234,31.490547,New Cairo City,5712885.0,15000.0,27,5128.333333333333
many.hillsides.hack,Future University in Egypt (FUE),30.025234,31.490547,New Cairo City,5712885.0,15000.0,27,5128.333333333333
many.hillsides.hack,Future University in Egypt (FUE),30.025234,31.490547,New Cairo City,5712885.0,15000.0,27,5128.333333333333
many.hillsides.hack,Future University in Egypt (FUE),30.025234,31.490547,New Cairo City,5712885.0,15000.0,27,5128.333333333333
childcare.various.discusses,Galaa Bridge End - Dokki,30.04019,31.220049,,,,108,3919.25
dream.prank.suggested,Galaa Bridge End - Dokki,30.040054,31.220165,,,,144,3997.875
gossiping.debt.just,Galal Motors - Basateen,29.989876,31.271252,,,,72,3332.25
solicitor.alternate.condense,Galal Motors - Basateen,29.989971,31.271044,,,,198,6160.090909090909
idealist.pushing.fools,Galleria 40,30.01535,31.00181,,,,9,146.0
acclaimed.cigar.tonic,Gamaa Street - Obour,30.2109,31.457462,,,,9,300.0
flux.eagles.additives,Gamal Abd Al Nasser Metro Station,30.053526,31.23882,,,,684,5901.671052631579
long.helpfully.output,Gamal Abd Al Nasser Metro Station,30.053915,31.23769,,,,594,5892.545454545455
novel.zapped.scorching,Gamal Abd Al Nasser Square - 5th Settlement,29.991102,31.431713,New Cairo City,5712885.0,15000.0,9,300.0
novel.zapped.scorching,Gamal Abd Al Nasser Square - 5th Settlement,29.991102,31.431713,New Cairo City,5712885.0,15000.0,9,300.0
novel.zapped.scorching,Gamal Abd Al Nasser Square - 5th Settlement,29.991102,31.431713,New Cairo City,5712885.0,15000.0,9,300.0
novel.zapped.scorching,Gamal Abd Al Nasser Square - 5th Settlement,29.991102,31.431713,New Cairo City,5712885.0,15000.0,9,300.0
survive.sharpness.dining,Gamal Abd Al Nasser Square - 5th Settlement,29.99037,31.430653,New Cairo City,5712885.0,15000.0,9,300.0
survive.sharpness.dining,Gamal Abd Al Nasser Square - 5th Settlement,29.99037,31.430653,New Cairo City,5712885.0,15000.0,9,300.0
survive.sharpness.dining,Gamal Abd Al Nasser Square - 5th Settlement,29.99037,31.430653,New Cairo City,5712885.0,15000.0,9,300.0
survive.sharpness.dining,Gamal Abd Al Nasser Square - 5th Settlement,29.99037,31.430653,New Cairo City,5712885.0,15000.0,9,300.0
promises.spillage.placed,Gamal Abd Al Nasser Steps - Ring Road,30.072231,31.175898,,,,72,3395.0
slings.raven.flood,Gamal Abd Al Nasser Steps - Ring Road,30.072258,31.175756,,,,63,2878.5714285714284
frosted.remains.untruth,Garage Imbaba - Madinat Al Talibat,30.07137,31.200375,,,,117,4066.6153846153848
octagon.overlook.disposing,Garage Imbaba - Madinat Al Talibat,30.071438,31.20031,,,,36,434.5
gilding.undertook.plunge,Gas - 5th Settlement,30.01481,31.416227,New Cairo City,5712885.0,15000.0,9,300.0
gilding.undertook.plunge,Gas - 5th Settlement,30.01481,31.416227,New Cairo City,5712885.0,15000.0,9,300.0
gilding.undertook.plunge,Gas - 5th Settlement,30.01481,31.416227,New Cairo City,5712885.0,15000.0,9,300.0
gilding.undertook.plunge,Gas - 5th Settlement,30.01481,31.416227,New Cairo City,5712885.0,15000.0,9,300.0
indulgent.bunk.dated,Gas Tech Gas Station - Faisal St,29.998543,31.15986,,,,63,1008.7142857142857
seeing.loving.blocks,Gas Tech Gas Station - Faisal St,29.998363,31.159966,,,,45,973.0
suits.unloads.ranted,Gawad Hosny St - Anwar Al Sadat St,29.814964,31.380407,,,,90,4138.8
blocking.inflating.vitals,General Administration for Zenin Filteration,30.030533,31.183414,,,,72,1000.125
thousands.anyway.tipping,General Administration for Zenin Filteration,30.030441,31.18342,,,,36,1187.0
reserves.commutes.steadily,Genuis International School - Kerdasa,30.009867,31.11572,,,,18,822.0
trickster.worldwide.inert,Genuis International School - Kerdasa,30.009825,31.115635,,,,18,822.0
bright.sinkhole.shaves,Gesr Al Suez - Al Qobba,30.095554,31.310822,,,,162,6330.888888888889
gilding.longingly.madder,Gesr Al Suez - Al Qobba,30.095737,31.310823,,,,63,7482.142857142857
shed.taster.drumbeat,Gesr Al Suez - Taha Hussein,30.13218,31.376968,,,,27,7317.0
bleach.playroom.stapled,Ghamra,30.068094,31.264086,,,,549,5951.131147540984
imperious.blotchy.players,Ghamra,30.068172,31.263996,,,,567,5542.0
pinches.contrived.melon,Ghamra Bridge,30.068024,31.264788,,,,126,4202.928571428572
titles.elaborate.encodes,Ghamra Bridge,30.068064,31.26467,,,,117,4030.3076923076924
charted.plugs.revived,Ghamra Bridge - End,30.07322,31.267376,,,,126,4202.928571428572
captures.fired.sneezing,Ghamra Bridge - Start,30.073153,31.26721,,,,135,4149.133333333333
prominent.rafters.rewarded,Girls' College - Ain Shams University,30.08095,31.327314,,,,36,5772.25
retailing.hopefully.fracture,Girls' College - Ain Shams University,30.081083,31.327084,,,,36,5772.25
exhale.continues.spurted,Giza Bridge - End - Cairo University,30.017714,31.211979,,,,414,4758.869565217391
report.funky.third,Giza Bridge - End - Cairo University,30.017687,31.211834,,,,405,5120.155555555555
equity.dribble.swanky,Giza Courthouse Complex,30.010727,31.209091,,,,198,5111.0
sounding.reckons.purchaser,Giza Courthouse Complex,30.010729,31.208992,,,,225,5218.56
dressing.beak.finely,Giza Governorate Authority,30.008718,31.199814,,,,144,5690.125
variation.synthetic.broth,Giza Governorate Authority,30.008799,31.19949,,,,135,5839.466666666666
finishers.sensitive.stitching,Giza Helwan Bus Station,30.015514,31.215265,,,,99,4258.545454545455
skies.remains.trade,Giza Metro Station,30.014168,31.206236,,,,36,1491.0
shirt.ridiculed.fully,Giza Park - Bashtil,30.077002,31.193491,,,,27,2173.0
ballooned.client.rejects,Giza Square,30.015612,31.212263,,,,144,3085.125
blessing.profiled.stocks,Giza Square,30.016607,31.21213,,,,36,1382.25
expert.valued.against,Giza Square,30.014404,31.209734,,,,63,5807.142857142857
invented.boats.scrapping,Giza Square,30.016932,31.213783,,,,54,1467.5
lessening.afternoon.cornfield,Giza Square,30.015663,31.211855,,,,324,4954.833333333333
magma.result.dupe,Giza Square,30.0167,31.211948,,,,414,5068.304347826087
proclaims.noise.shortens,Giza Square,30.016989,31.213684,,,,9,2100.0
ranges.overjoyed.elbow,Giza Square,30.015512,31.212114,,,,297,5078.606060606061
upwardly.dimension.hexes,Giza Square,30.015362,31.213758,,,,108,4182.416666666667
wishing.fewest.midwinter,Giza Square,30.015413,31.212458,,,,27,4067.3333333333335
blasted.quaking.prayers,Golf Square - 5th Settlement,29.99893,31.405945,New Cairo City,5712885.0,15000.0,9,5678.0
blasted.quaking.prayers,Golf Square - 5th Settlement,29.99893,31.405945,New Cairo City,5712885.0,15000.0,9,5678.0
blasted.quaking.prayers,Golf Square - 5th Settlement,29.99893,31.405945,New Cairo City,5712885.0,15000.0,9,5678.0
blasted.quaking.prayers,Golf Square - 5th Settlement,29.99893,31.405945,New Cairo City,5712885.0,15000.0,9,5678.0
quantity.joyously.zoom,Greek Hospital,30.066671,31.280775,,,,315,5569.828571428571
access.retina.hushed,Green Hills Club,30.163464,31.634192,,,,18,3048.0
random.walked.simulations,Green Hills Club,30.163193,31.634195,,,,9,4734.0
massaged.librarian.imposes,Habitat - Obour,30.188974,31.465927,,,,9,300.0
sharpened.promotion.handyman,Habitat - Obour,30.189232,31.465961,,,,9,300.0
deploying.rats.thrashed,Hadaba Wosta Bus Station,30.009562,31.338305,,,,90,4754.6
losing.handed.atoms,Hadaba Wosta Bus Station,30.010624,31.339434,,,,18,2735.0
scored.gain.marching,Hadaba Wosta Bus Station,30.00973,31.339993,,,,54,7966.833333333333
spenders.headline.defected,Hadabet Al Ahram,29.971304,31.108694,,,,9,2100.0
usages.modern.crypt,Hadabet Al Ahram,29.971317,31.108582,,,,81,6453.0
quirky.regret.locked,Hadayek Al Ahram Gate 3,29.948486,31.095268,,,,9,2100.0
breezy.stirs.skirt,Hadayek Al Qobba Station,30.087132,31.289618,,,,45,1204.8
catching.exotic.cheese,Hadayek Al Qobba Station,30.087095,31.29037,,,,225,5028.6
bind.yoga.regrowth,Hadayek Al Qobba Youth Center,30.08954,31.285679,,,,90,4280.1
often.woods.scribbled,Hadayek Al Qobba Youth Center,30.089434,31.285616,,,,135,4606.866666666667
scrum.sunblock.aviation,Hadayek Al Qobba Youth Center,30.089594,31.285381,,,,9,3728.0
oval.dives.lobbed,Hadayeq Al Qobba Police Station,30.092829,31.28806,,,,90,4270.9
than.lighters.mass,Hadayeq Al Zaytoun School - Matareya St,30.109743,31.30392,,,,99,3969.818181818182
winter.robes.novel,Hadayeq Al Zaytoun School - Matareya St,30.109734,31.304007,,,,99,3787.3636363636365
costly.stiffly.training,Hadayeq Helwan Bus Station,29.892954,31.298574,,,,18,2802.0
rehearsal.according.perfect,Hall 1 - Cairo Airport,30.124722,31.40245,,,,135,4865.933333333333
cries.traps.tour,Hall 3 - Cairo Airport,30.12284,31.402615,,,,135,4865.933333333333
cowboys.woof.bypassed,Hall 4 - Cairo Airport,30.124031,31.397747,,,,135,4865.933333333333
menswear.electrode.sprouts,Haram Marioteya,29.989735,31.149443,,,,252,4505.821428571428
mingles.worlds.rocket,Haram Marioteya,29.98987,31.14934,,,,198,5077.909090909091
tiredness.fidgeted.quoted,Haram Marioteya,29.98991,31.149921,,,,18,2341.0
hints.nuance.innovator,Haram Mashaal,29.987768,31.14377,,,,99,6235.818181818182
wriggle.innocence.bland,Haram Mashaal,29.987614,31.143818,,,,99,6142.909090909091
bowls.baseballs.immune,Haram Mashaal - Al Mansoreya Road,29.98681,31.141321,,,,99,3152.181818181818
cured.king.project,Haram Mashaal - Al Mansoreya Road,29.986696,31.141378,,,,36,1356.5
dabbing.puppy.daunted,Haram Mashaal - Al Mansoreya Road,29.986578,31.141068,,,,81,4372.888888888889
quoted.crop.examine,Haram Mashaal Bus Station,29.987705,31.14034,,,,9,912.0
ramps.icons.smaller,Haram Mashaal Bus Station,29.987938,31.140657,,,,198,4233.909090909091
beak.butter.limit,Haram Talbeya Bus Station,30.001972,31.181414,,,,144,5365.125
reckoned.castle.revamping,Haram Talbeya Bus Station,30.001793,31.181437,,,,135,5929.466666666666
chair.mourner.lied,Haram Tunnel - Lebeny,29.988,31.149021,,,,135,2862.6666666666665
conspire.valued.survey,Haram Tunnel - Lebeny,29.987968,31.148926,,,,27,1784.0
proud.nuance.golden,Hareer St - Helwan,29.841393,31.307898,,,,99,5767.727272727273
refuses.small.dressings,Hareer St - Helwan,29.841452,31.307997,,,,63,4369.714285714285
condition.legs.adults,Hawamdeyya Bus Station - Entrance,29.897238,31.270447,,,,54,2954.6666666666665
winner.outwit.routs,Hawamdeyya Bus Station - Entrance,29.897247,31.270351,,,,36,2027.25
agreed.sizing.swordfish,Health Affairs Department - Agouza,30.067818,31.193562,,,,135,4106.133333333333
relatives.wooden.parked,Health Affairs Department - Agouza,30.067879,31.193472,,,,153,3581.4117647058824
point.unzipped.stable,Health Insurance Hospital - Nasr City,30.059467,31.326296,,,,90,7288.3
vision.tickling.private,Health Insurance Hospital - Nasr City,30.05981,31.326027,,,,90,7129.5
mimic.salads.quaking,Hearing and Speech Institute - Imbaba,30.081364,31.225246,,,,180,2993.1
warp.glare.slimmer,Hearing and Speech Institute - Imbaba,30.081566,31.225447,,,,234,3619.8076923076924
pats.foil.budding,Heliopolis Courthouse Complex,30.103706,31.328114,,,,189,4985.0952380952385
persuade.relishes.contacts,Heliopolis Courthouse Complex,30.10415,31.328476,,,,99,3774.3636363636365
forkful.entry.reap,Heliopolis Hospital - Hegaz,30.107437,31.336325,,,,108,5744.166666666667
hurray.belonging.stopwatch,Heliopolis Hospital - Hegaz,30.10716,31.336462,,,,81,6897.111111111111
blaze.shock.conveying,Heliopolis Sporting Club,30.090183,31.315754,,,,54,5404.666666666667
walking.grips.limbs,Heliopolis Sporting Club,30.089014,31.31745,,,,126,5580.714285714285
elephant.touchy.unstated,Heliopolis Square,30.108374,31.33812,,,,108,5744.166666666667
winds.codes.mysteries,Heliopolis Square,30.108145,31.33883,,,,81,6897.111111111111
hamsters.airliners.teaching,Helmeyet El Zaitoun Metro,30.11298,31.314135,,,,162,3747.777777777778
sake.admit.suggested,Helmeyet El Zaitoun Metro,30.113127,31.31419,,,,144,3778.375
ditching.natural.tensions,Helwan Bus Station,29.85348,31.331663,,,,45,2986.2
lyricist.fires.petition,Helwan Mental Health Hospital,29.836367,31.335947,,,,27,5218.333333333333
pull.abruptly.headlight,Helwan Mental Health Hospital,29.836317,31.335808,,,,18,4357.5
concerned.speeded.doors,Helwan Metro Bus Station,29.848576,31.333967,,,,63,4493.714285714285
deflect.overpower.terribly,Helwan Metro Bus Station,29.851938,31.334253,,,,27,1054.3333333333333
monkey.fearfully.rocket,Helwan Metro Bus Station,29.84972,31.33528,,,,45,1262.6
gone.argue.ignore,Helwan Post Office Bus Station,29.84743,31.33273,,,,36,6328.25
response.lamenting.weaved,Helwan Post Office Bus Station,29.846409,31.334066,,,,63,4595.571428571428
uppermost.gifts.turntable,Helwan Public Club Bus Station,29.842035,31.335573,,,,9,7350.0
besotted.bullion.former,Helwan University,29.869402,31.320698,,,,18,781.5
widget.flows.blotchy,Helwan University,29.869045,31.320093,,,,126,3627.0
artist.marshes.chess,Herafyeen Bridge - End,30.138872,31.397068,,,,216,3174.75
tortoises.driver.foreheads,Herafyeen Bridge - Start,30.138765,31.3972,,,,180,3893.35
community.lizards.talents,Higher Institute For Hotels & Tourism - Sheraton,30.102913,31.380362,,,,81,6087.222222222223
exhales.timing.nutty,Higher Institute For Hotels & Tourism - Sheraton,30.102798,31.38019,,,,90,5604.7
fishery.darts.workshop,Higher Institute Of Marketing Commerce & Information Systems,30.066242,31.450056,New Cairo City,5712885.0,15000.0,9,670.0
fishery.darts.workshop,Higher Institute Of Marketing Commerce & Information Systems,30.066242,31.450056,New Cairo City,5712885.0,15000.0,9,670.0
fishery.darts.workshop,Higher Institute Of Marketing Commerce & Information Systems,30.066242,31.450056,New Cairo City,5712885.0,15000.0,9,670.0
fishery.darts.workshop,Higher Institute Of Marketing Commerce & Information Systems,30.066242,31.450056,New Cairo City,5712885.0,15000.0,9,670.0
suffer.saga.factoring,Hilton Ramses - Abd Al Moneim Riad,30.04995,31.23111,,,,252,6011.25
measures.alternate.slower,Holding Co. For Water & Wastewater (HCWW),30.080078,31.230715,,,,144,4226.875
punctual.forgiven.lifetimes,Holding Co. For Water & Wastewater (HCWW),30.080034,31.23081,,,,63,4546.0
areas.pure.baths,Hospital 57357 - Magra Al Oyoun,30.025192,31.238302,,,,72,5807.375
dressing.communal.landlady,Housing & Utilities Directorate - Giza,30.000895,31.204584,,,,108,4665.416666666667
onto.ecologist.belief,Huckstep,30.159626,31.468779,,,,9,300.0
singles.diver.javelin,Huckstep,30.15971,31.46868,,,,9,888.0
grin.applauded.punters,Huckstep Bridge - End,30.14311,31.403936,,,,225,4262.16
recital.whoever.stolen,Huckstep Bridge - Start,30.143217,31.403751,,,,261,3581.448275862069
energetic.bedrooms.lamplight,Hussein Sedqy Mosque - Maadi,29.959015,31.251232,,,,45,6827.8
shuttered.smashes.streamers,Hyper - Sheikh Zayed,30.03007,31.024,,,,9,146.0
imprinted.haggling.retail,Ibn Al Hakam Square - Heliopolis,30.109776,31.320295,,,,171,3773.8947368421054
noun.lucky.bystander,Ibn Al Hakam Square - Heliopolis,30.11032,31.32029,,,,234,4328.846153846154
disprove.womb.brisk,Ibn Khaldoun School - Heliopolis,30.118225,31.32025,,,,90,5568.3
shirtless.smoking.martini,Ibrahim Abdel Raziq St - Ain Shams St,30.126406,31.320024,,,,135,4538.333333333333
dissolves.trek.chimp,Ibrahim Al Afifi Alley - Mansoureyya Rd,29.974213,31.145119,,,,36,901.75
rather.shifts.drill,Ibrahim Al Afifi Alley - Mansoureyya Rd,29.974167,31.14489,,,,36,901.75
clouds.comedians.halt,Ibrahim Al Rifaie School - 1st Settlement,30.070099,31.45631,New Cairo City,5712885.0,15000.0,9,670.0
clouds.comedians.halt,Ibrahim Al Rifaie School - 1st Settlement,30.070099,31.45631,New Cairo City,5712885.0,15000.0,9,670.0
clouds.comedians.halt,Ibrahim Al Rifaie School - 1st Settlement,30.070099,31.45631,New Cairo City,5712885.0,15000.0,9,670.0
clouds.comedians.halt,Ibrahim Al Rifaie School - 1st Settlement,30.070099,31.45631,New Cairo City,5712885.0,15000.0,9,670.0
anode.mammoths.subject,Ibrahim Anwar Mosque - Al Zaytoun,30.103159,31.300596,,,,126,4602.357142857143
scuba.powers.magazines,Ibrahim Anwar Mosque - Al Zaytoun,30.103012,31.300531,,,,180,4128.65
desiring.repayment.takeover,Ibrahim Bek Bus Station,30.136824,31.263384,,,,36,4891.25
ruffle.materials.expanded,Ibrahim Bek Bus Station,30.13686,31.263197,,,,36,5233.25
guesswork.knitted.fictional,Ibrahim Bek Youth Center,30.133253,31.262106,,,,27,3983.6666666666665
inherits.badge.starts,Ibrahim Bek Youth Center,30.13321,31.26229,,,,27,3983.6666666666665
cookers.dusts.attitudes,Icon For Construction And Development,29.893797,31.315569,,,,63,1743.4285714285713
qualifier.chill.valuables,Icon For Construction And Development,29.893703,31.31569,,,,81,4010.5555555555557
liquid.fixture.name,Ideal Standard - Nasr Road,30.091213,31.372532,,,,72,1955.75
specifies.jumped.wanting,Ideal Standard - Nasr Road,30.091053,31.372591,,,,45,2361.4
musically.leaves.limit,Ikea - CFC,30.03103,31.403511,New Cairo City,5712885.0,15000.0,63,2356.285714285714
musically.leaves.limit,Ikea - CFC,30.03103,31.403511,New Cairo City,5712885.0,15000.0,63,2356.285714285714
musically.leaves.limit,Ikea - CFC,30.03103,31.403511,New Cairo City,5712885.0,15000.0,63,2356.285714285714
musically.leaves.limit,Ikea - CFC,30.03103,31.403511,New Cairo City,5712885.0,15000.0,63,2356.285714285714
agreeing.timing.incurring,Imam Al Shafei Mosque - Basateen Rd,30.012344,31.262177,,,,288,5233.1875
coupler.blows.growl,Imam Mohamed St - Anwar Al Sadat St,29.820017,31.376402,,,,27,4941.666666666667
officers.outlawing.crab,Imam Mohamed St - Anwar Al Sadat St,29.820087,31.376524,,,,36,5441.25
lifeboats.thick.agents,Imbaba,30.07665,31.213968,,,,36,1566.25
ponies.unloading.traffic,Imbaba,30.07833,31.217731,,,,9,5233.0
ranks.jolly.replenish,Imbaba,30.076674,31.214165,,,,45,1460.8
laugh.dabble.colder,Imbaba Bus Station,30.078262,31.21852,,,,126,1540.2142857142858
prove.organist.groups,Imbaba Bus Station,30.078259,31.217115,,,,99,2737.2727272727275
spreading.doubts.raves,Imbaba Bus Station,30.078299,31.218414,,,,126,4017.785714285714
committee.safari.healers,Imbaba Bus Station (East),30.077566,31.221828,,,,135,3203.6666666666665
tenure.trappings.dots,Imbaba Bus Station (East),30.07766,31.22175,,,,9,520.0
pleasing.perplexed.worms,Imbaba Bus Station (North),30.081482,31.216576,,,,27,1525.3333333333333
poets.octagonal.choppy,Imbaba Bus Station (North),30.081392,31.216545,,,,36,1015.5
already.drum.grove,Imbaba Bus Station (West),30.07957,31.214594,,,,63,1187.857142857143
pythons.flipper.premiums,Imbaba Bus Station (West),30.079754,31.214539,,,,36,460.75
bloom.tugging.starts,Imbaba Fevers Hospital,30.083801,31.226295,,,,171,4081.0526315789475
flush.cheese.sagging,Imbaba Fevers Hospital,30.083834,31.225988,,,,108,3573.25
store.remembers.trifle,Imbaba Police Station,30.074944,31.222086,,,,207,3975.217391304348
cars.void.unwraps,Industrial Technical Institute - Azhar,30.056147,31.271927,,,,117,2845.0
outlawing.premature.plump,International Garden,30.05171,31.338722,,,,18,8060.5
robot.agency.panther,International Garden,30.051737,31.33893,,,,18,8060.5
chosen.squeezed.shock,Isaaf,30.054693,31.238459,,,,585,5705.076923076923
postings.square.recall,Isaaf,30.054426,31.236492,,,,54,2349.5
squashes.infects.pixel,Isaaf,30.053823,31.237951,,,,63,5536.714285714285
damp.tailwind.ripe,Isbiko Bus Station,30.181044,31.412497,,,,45,4441.2
president.promising.cowboys,Isko,30.15113,31.277302,,,,36,4026.0
absorbs.consults.user,Islamic Studies Institute - Waili,30.0563,31.279253,,,,81,4657.555555555556
economics.stir.gamer,Islamic Studies Institute - Waili,30.056223,31.279192,,,,99,3968.2727272727275
flaked.scare.poetry,Ismailiya Desert Road - Belbeis Desert Road,30.150496,31.429932,,,,99,2553.4545454545455
reference.toddler.feuds,Ismailiya Desert Road - Belbeis Desert Road,30.150192,31.429571,,,,27,5036.333333333333
positive.commented.fools,Jazirat Mohamed,30.112404,31.204418,,,,27,2096.6666666666665
crossword.flattered.wharfs,Judges Club - Dokki,30.04289,31.219189,,,,99,3035.090909090909
secondly.physical.computers,Judges Club - Dokki,30.042915,31.219309,,,,90,3259.1
kinder.helpfully.curvy,Juhayna Square,30.008562,30.98152,,,,9,146.0
save.trifling.wished,KFC - Al Lebeny,29.987125,31.149534,,,,45,2819.0
sung.sensitive.shock,KFC - Al Lebeny,29.987192,31.149612,,,,135,2862.6666666666665
screening.plots.nosedive,KFC - Al Manial,30.028227,31.226633,,,,504,5089.517857142857
display.closet.meatballs,KFC - Gameat Al Dowal St,30.055166,31.203672,,,,90,3724.5
replaying.baths.token,KFC - Gameat Al Dowal St,30.055372,31.203403,,,,63,4950.428571428572
bespoke.carry.loom,KFC - King Faisal St,30.002823,31.171217,,,,63,1008.7142857142857
crunches.hostels.robots,KFC - King Faisal St,30.002678,31.171305,,,,45,973.0
hires.farmland.soft,Kafr AL Shurafa,30.143358,31.358383,,,,27,2322.3333333333335
salmon.fetching.magma,Kafr AL Shurafa,30.143417,31.358494,,,,18,331.5
fiction.recruiter.beam,Kafr Al Gabal Bus Station,29.959738,31.145939,,,,36,666.0
tasteful.nowadays.narrating,Kafr Hamza Mill,30.220135,31.32774,,,,9,546.0
unzipped.gifts.tropic,Kafr Hamza Mosque,30.230738,31.332205,,,,9,546.0
hill.cackling.mocking,Kafr Tohormos Steps - Ring Road,30.01822,31.166508,,,,99,3019.6363636363635
stuffing.flocking.then,Kafr Tohormos Steps - Ring Road,30.018257,31.166325,,,,81,2991.5555555555557
interview.resort.postings,Kafr Tuhurmis,30.016424,31.174715,,,,9,175.0
sidelined.pipeline.monorail,Kafr Tuhurmis,30.016388,31.174578,,,,9,175.0
appealing.indicate.fillers,Kahraba Club - Rod Al Farag,30.084936,31.232613,,,,63,4546.0
swimsuits.best.dormant,Kahraba Club - Rod Al Farag,30.08505,31.232473,,,,54,7961.5
bitters.shelving.plugged,Kempinski Hotel - Ring Road,30.060923,31.417397,,,,54,4423.333333333333
seasons.mini.derailed,Kempinski Hotel - Ring Road,30.061008,31.41722,,,,45,2117.8
loaning.hooks.certainly,Kempinski Nile Hotel,30.037794,31.229729,,,,288,6071.90625
magnitude.obstinate.darker,Kerdasa,30.0362,31.116488,,,,54,814.0
universally.headliner.ladder,Kerdasa Saft El Laban Rd- Mazoun Rd,30.032202,31.135979,,,,18,497.0
yawned.swelling.gobblers,Kerdasa Saft El Laban Rd- Mazoun Rd,30.032131,31.13604,,,,27,1271.3333333333333
misfits.groomed.calculate,Khair Zaman - Autostrad Zahraa Al Maadi,29.961248,31.289583,,,,9,4396.0
decimals.chairing.shackles,Khalil Agha Military School,30.059015,31.262371,,,,261,5986.827586206897
swan.motivates.nudge,Khalil Agha Military School,30.059074,31.262318,,,,162,4636.722222222223
freedom.bottom.poorly,Khedr Al Touny - Al Tayaran,30.075596,31.322016,,,,81,5708.666666666667
lion.dress.plums,Khedr Al Touny - Al Tayaran,30.075857,31.322136,,,,108,4912.583333333333
skims.moderated.rummage,Khedr Al Touny - Al Tayaran,30.07555,31.322445,,,,27,5083.666666666667
itself.suspended.wage,Kheir Zaman - Ahmed Al Zomor,30.047047,31.359509,,,,72,2709.625
belts.refutes.occupiers,Khofo Gate - Hadayek Al Ahram,29.977423,31.112318,,,,81,6453.0
riskiest.montage.standard,Khosous (Ring Road Exit),30.158407,31.301918,,,,27,4219.333333333333
shins.princely.bandstand,Khosous (Ring Road Exit),30.158318,31.302074,,,,36,4398.5
purified.flag.overlook,Kia Motors - Joseph Tito Street,30.136324,31.392082,,,,225,3133.28
boils.varieties.bags,Kids Land - Mostafa Al Nahas,30.057266,31.369188,,,,99,6724.818181818182
title.notifying.unrealistic,Kids Land - Mostafa Al Nahas,30.057037,31.369213,,,,108,5657.416666666667
escape.amber.jetliner,Kilo 4.5 Bus Station,30.078749,31.381498,,,,9,10263.0
prove.tribal.impresses,Kilo 4.5 Bus Station,30.079618,31.381516,,,,36,2978.0
warm.cabbies.congratulations,Kilo 4.5 Bus Station,30.079372,31.381193,,,,72,3570.375
weary.guessing.lungs,Kilo 4.5 Bus Station,30.079681,31.381142,,,,9,10115.0
rules.smiled.escape,King Faisal St,29.99018,31.13518,,,,18,947.0
books.gangs.fiery,King Faisal St Bus Station,29.99048,31.135342,,,,36,1841.0
large.garages.inspected,Kit Kat District,30.071037,31.21763,,,,207,3975.217391304348
taxpayers.lived.repair,Kit Kat District,30.071089,31.217554,,,,261,3682.896551724138
empire.drilled.unloads,Kit Kat Square,30.065704,31.213562,,,,18,1354.5
mirroring.alleges.intention,Kit Kat Square,30.065157,31.213634,,,,369,3811.2195121951218
pits.smooth.crinkled,Kit Kat Square,30.066555,31.213938,,,,216,3839.3333333333335
scarcely.drape.astounded,Kobry Orabi,30.12201,31.250238,,,,135,5208.133333333333
threaded.fence.blurts,Kobry Orabi,30.122084,31.250387,,,,279,5039.225806451613
chairing.hero.sentences,Koleyet Al Banat - Azhar University,30.056826,31.326448,,,,90,7129.5
gangway.envoy.once,Koleyet Al Banat - Azhar University,30.052738,31.324799,,,,27,2217.0
response.amends.somewhere,Koleyet Al Banat - Azhar University,30.053013,31.325016,,,,9,1466.0
witty.typist.class,Koleyet Al Banat - Azhar University,30.056837,31.326649,,,,90,7288.3
behaving.efficient.slide,Koleyet Al Banat Metro Station,30.08393,31.32863,,,,18,8645.5
bells.typically.durations,Korba District,30.093632,31.324766,,,,18,889.5
deodorant.debt.chess,Korba District,30.09241,31.323362,,,,144,5420.375
straddled.ignoring.chipper,Korba District,30.092583,31.323229,,,,126,5992.214285714285
commended.dating.cackling,Koshary Abu Hanafy - Moqattam,29.99965,31.331047,,,,72,7089.75
tougher.comedy.best,Koshary Abu Hanafy - Moqattam,29.999624,31.330963,,,,72,6658.875
dozed.attaching.clinic,Koshary Al Tahrir - Nasr St,29.975891,31.284729,,,,54,2594.3333333333335
raves.ranted.demotion,Koshary Al Tahrir - Nasr St,29.976028,31.284718,,,,36,4047.0
vocally.treatable.ogre,Koshary Aladin - Shobra,30.070969,31.247192,,,,351,5859.74358974359
organ.meanders.skyrocket,Koshary Hend - Masaken Al Wehda,30.128618,31.260704,,,,27,3983.6666666666665
worksheet.inhabited.mammal,Koshary Hend - Masaken Al Wehda,30.12872,31.260933,,,,27,3983.6666666666665
exotic.campers.slimming,Language Institute - Qobba,30.081501,31.299568,,,,45,3157.2
questions.breached.tones,Language Institute - Qobba,30.081593,31.299667,,,,135,5501.933333333333
euphoric.costumed.exporters,Leather and Tanning Company - Autostrad,30.00009,31.27656,,,,189,5299.952380952381
regaining.dried.parent,Leather and Tanning Company - Autostrad,30.000038,31.276407,,,,189,4286.857142857143
melons.kilt.without,Lebanon Square (Medan Lebnan),30.059843,31.192621,,,,18,5806.0
defenders.forever.little,Lebanon Square Bus Station,30.059175,31.189756,,,,18,3626.0
handyman.crib.matchbox,Libya St - Om Bayoumi,30.134573,31.251005,,,,54,6861.166666666667
hopefully.civil.overdrive,Libya St - Om Bayoumi,30.134546,31.250698,,,,36,6934.25
leathers.later.cheerily,Licensing Complex - Shubra,30.108032,31.257969,,,,36,2162.25
soggy.trucked.tomb,Licensing Complex - Shubra,30.107973,31.25775,,,,180,3758.8
muddy.reclined.toasters,Lotfy Al Sayed St - Masr Wal Sudan St,30.07459,31.272902,,,,585,5698.815384615385
ranked.innovator.spotted,Lux School - Marg,30.158333,31.328917,,,,27,8514.333333333334
anode.warbler.basically,MCS Oil - Zahraa Al Maadi,29.964432,31.3197,,,,9,4396.0
caressed.skis.stop,MCS Oil - Zahraa Al Maadi,29.964256,31.319916,,,,9,4396.0
crumble.hologram.fuzz,MIU - Obour,30.166313,31.491087,,,,18,3048.0
slumped.flinches.regard,MIU - Obour,30.166183,31.492315,,,,9,4734.0
fluid.long.hothouse,Maadi Corniche Exit - Ring Road,29.98974,31.227571,,,,135,3303.3333333333335
reveal.searcher.deal,Maadi Corniche Exit - Ring Road,29.989618,31.22778,,,,135,2975.0
clipboard.stag.pylons,Maadi Metro Bus Station,29.96018,31.257246,,,,45,1283.8
pipeline.masses.risking,Maadi Metro Bus Station,29.961842,31.258198,,,,18,423.0
employers.regard.direction,Maadi Military Hospital,29.968164,31.239489,,,,90,3603.6
lazy.outnumber.funded,Maadi Military Hospital,29.967838,31.239618,,,,90,6087.4
froth.lame.rezoning,Maahad - 5th Settlement,29.993313,31.434494,New Cairo City,5712885.0,15000.0,9,300.0
froth.lame.rezoning,Maahad - 5th Settlement,29.993313,31.434494,New Cairo City,5712885.0,15000.0,9,300.0
froth.lame.rezoning,Maahad - 5th Settlement,29.993313,31.434494,New Cairo City,5712885.0,15000.0,9,300.0
froth.lame.rezoning,Maahad - 5th Settlement,29.993313,31.434494,New Cairo City,5712885.0,15000.0,9,300.0
kinks.argue.unions,Maahad - 5th Settlement,29.993462,31.434761,New Cairo City,5712885.0,15000.0,9,300.0
kinks.argue.unions,Maahad - 5th Settlement,29.993462,31.434761,New Cairo City,5712885.0,15000.0,9,300.0
kinks.argue.unions,Maahad - 5th Settlement,29.993462,31.434761,New Cairo City,5712885.0,15000.0,9,300.0
kinks.argue.unions,Maahad - 5th Settlement,29.993462,31.434761,New Cairo City,5712885.0,15000.0,9,300.0
brain.swung.culling,Maasara - Autostrad,29.91316,31.298084,,,,108,3924.0
defeat.affirming.curving,Maasara - Autostrad,29.913094,31.297924,,,,108,2550.9166666666665
formless.tailing.reliving,Madbah - Magra Al Oyoun,30.020966,31.240217,,,,234,5371.846153846154
shiny.radiating.annotated,Madbah - Magra Al Oyoun,30.020893,31.240175,,,,171,4754.8421052631575
lushly.retire.dads,Madbah Steps - Ring Road,30.149805,31.247515,,,,144,3036.5625
promises.positives.belt,Madbah Steps - Ring Road,30.149672,31.24295,,,,126,2553.1428571428573
barrel.listed.interval,Madinat Al Bo'oth Al Eslamyya,30.052254,31.276974,,,,117,2036.0
enveloped.mega.tunnel,Madinat Al Bo'oth Al Eslamyya,30.052202,31.277067,,,,90,3589.3
appointed.september.respond,Madinat Al Talaba,30.06988,31.20258,,,,9,725.0
ranking.torso.retraced,Madinaty Exit - Cairo Fayed Desert Road,30.174118,31.554863,,,,9,4734.0
butternut.surveyors.otter,Mafareq - Hadayeq Helwan,29.893034,31.301353,,,,27,1999.0
desks.mango.influencing,Mafariq - Megawra 1 15th of May,29.854294,31.370296,,,,9,1361.0
gateway.mobile.financial,Mafariq - Megawra 1 15th of May,29.854214,31.370213,,,,9,1361.0
texted.motivates.eyebrows,Magd Al Islam Hospital,30.103827,31.254578,,,,126,4329.714285714285
clumped.turned.cabbies,Magda Square,29.975174,30.942778,,,,9,146.0
radar.icicles.parsnips,Magra Al Oyoun - Salah Salem,30.018368,31.251667,,,,216,5596.25
rope.pegged.fulfilled,Magra Al Oyoun - Salah Salem,30.018,31.251762,,,,243,4275.518518518518
boasted.afterglow.reunion,Mahmoudeya Housing - Moqattam,30.005571,31.336842,,,,45,6632.6
enthused.grab.months,Makram Ebeid - Mostafa Al Nahas,30.055126,31.346281,,,,63,2513.8571428571427
ringside.intent.petal,Mall of Arabia,30.002762,30.972473,,,,9,146.0
airfields.spurring.reverted,Mamaleek,30.009726,31.226,,,,27,3181.6666666666665
nail.trombone.trackers,Manial Sheeha Elementary School,29.950745,31.243542,,,,45,3382.6
rang.tailors.throwaway,Manial Sheeha Elementary School,29.9507,31.243439,,,,45,3382.6
pack.shameless.liability,Manial Sheeha Post Office,29.959942,31.232166,,,,45,3382.6
shrugging.flags.pure,Manial Sheeha Post Office,29.95997,31.232262,,,,45,3382.6
extensive.tennis.terribly,Manshiyat Al Bakri Steps - Ring Road,30.011053,31.145727,,,,99,3019.6363636363635
unrealistic.banquets.planting,Manshiyat Al Bakri Steps - Ring Road,30.011206,31.14571,,,,81,2991.5555555555557
buck.refers.hockey,Manshiyat Al Bakry General Hospital,30.093624,31.304672,,,,45,4965.8
eruptions.smiling.haggle,Manshiyat Al Bakry General Hospital,30.09242,31.30703,,,,162,6554.333333333333
leaps.mandates.grapevine,Manshiyat Al Bakry General Hospital,30.09259,31.307098,,,,54,8579.166666666666
gross.smoke.aboard,Manshiyat Al Gamal,30.094223,31.272373,,,,81,4450.444444444444
flows.scare.appointed,Manshiyat Nasser Bus Station,30.038277,31.271656,,,,9,2122.0
recent.poetry.ripen,Manshiyat Nasser Bus Station,30.038061,31.27194,,,,72,4671.0
depth.youngest.opposites,Manshiyat Nasser Bus Station - Mid,30.041414,31.275078,,,,198,4319.681818181818
stir.riverbank.cropping,Manshiyat Nasser Bus Station - Mid,30.041296,31.275137,,,,171,4234.9473684210525
bookcases.tastier.task,Manshiyat Nasser Bus Station - North,30.044466,31.278223,,,,198,4319.681818181818
wells.streaking.galloped,Manshiyat Nasser Bus Station - North,30.044363,31.27835,,,,171,4234.9473684210525
noticing.vampire.moderated,Marioteyya Ring Road,30.008919,31.135946,,,,45,2625.6
crop.sharpened.household,Marioteyya Ring Road Bus Station,30.010323,31.141169,,,,90,2725.6
hunk.poet.surging,Marioteyya Ring Road Bus Station,30.010101,31.141216,,,,99,3019.6363636363635
cluttered.drilling.spellings,Maryam Pharmacy - King Faisal St,30.009275,31.188295,,,,45,973.0
presume.motive.keyboard,Maryam Pharmacy - King Faisal St,30.009396,31.188187,,,,63,1008.7142857142857
ended.snow.witty,Masaken Ain Shams,30.13623,31.351461,,,,108,5441.0
relay.officials.questions,Masaken Ain Shams,30.136316,31.351505,,,,126,4601.357142857143
sketching.puzzles.producers,Masaken Ain Shams,30.13568,31.349922,,,,9,1935.0
bonfires.arming.dunes,Masaken Al Kendy,29.991884,31.293003,,,,117,3247.5384615384614
plays.alleyway.storeroom,Masaken Al Kendy,29.992037,31.293049,,,,81,5824.666666666667
thudding.pumpkin.issuer,Masaken Al Kendy,29.99173,31.29293,,,,81,4655.555555555556
valuables.grumble.spoils,Masaken Al Kendy,29.99159,31.292868,,,,90,3470.5
lodge.vandalism.tape,Masaken Al Shrouq,30.070164,31.368526,,,,18,4450.0
trappings.rummage.glimmers,Masaken Al Wehda Bus Station,30.119507,31.258417,,,,18,4179.0
crops.convey.nearly,Masaken Almaza,30.090158,31.348623,,,,18,4533.0
cheer.pebble.scorching,Masaken Betcho Bus Station,29.969332,31.329721,,,,18,3293.0
grandson.hacking.forklift,Masaken Helmeyet Al Zatoun Station,30.117743,31.327982,,,,27,2794.6666666666665
stray.unusually.providing,Masaken Sheraton Bus Station,30.10544,31.38543,,,,45,7551.8
stages.lollipop.fronted,Masaken Zainhom,30.022772,31.24463,,,,9,188.0
hems.curtains.honeybees,Masarra Bus Station,30.073614,31.240396,,,,27,1750.0
activates.liked.betrayal,Mashaal Smart Village (Al Qarya Al Zakeya),29.991892,31.129898,,,,27,5850.0
glorified.projects.loses,Mashaal Smart Village (Al Qarya Al Zakeya),29.992138,31.13027,,,,63,2183.0
infringe.market.daring,Mashyakhet Al Azhar Al Sharif,30.045752,31.27117,,,,81,4042.3333333333335
souk.mocked.should,Mashyakhet Al Azhar Al Sharif,30.045607,31.271275,,,,99,1877.6363636363637
train.refutes.fractions,Mashyakhet Al Azhar Al Sharif,30.045563,31.271353,,,,99,2961.4545454545455
alike.strutted.tamed,Maspero Exit - 15th of May Bridge,30.05515,31.229155,,,,252,6011.25
coverage.generally.magnitude,Masraweya,30.025578,31.475554,New Cairo City,5712885.0,15000.0,27,5128.333333333333
coverage.generally.magnitude,Masraweya,30.025578,31.475554,New Cairo City,5712885.0,15000.0,27,5128.333333333333
coverage.generally.magnitude,Masraweya,30.025578,31.475554,New Cairo City,5712885.0,15000.0,27,5128.333333333333
coverage.generally.magnitude,Masraweya,30.025578,31.475554,New Cairo City,5712885.0,15000.0,27,5128.333333333333
strictest.glimmers.combines,Masraweya,30.025293,31.475529,New Cairo City,5712885.0,15000.0,27,5128.333333333333
strictest.glimmers.combines,Masraweya,30.025293,31.475529,New Cairo City,5712885.0,15000.0,27,5128.333333333333
strictest.glimmers.combines,Masraweya,30.025293,31.475529,New Cairo City,5712885.0,15000.0,27,5128.333333333333
strictest.glimmers.combines,Masraweya,30.025293,31.475529,New Cairo City,5712885.0,15000.0,27,5128.333333333333
overdone.animates.earpiece,Massalah Gadeeda (Matareya),30.12777,31.30097,,,,90,3187.4
hypocrite.montage.mentioned,Mastoura Mosque - Moqattam,30.008434,31.315588,,,,18,490.0
portable.shadow.lotteries,Mastoura Mosque - Moqattam,30.008352,31.31579,,,,9,960.0
evaporate.mull.hotspot,Matareya Educational Hospital,30.118284,31.30419,,,,72,3672.875
organist.hunk.tells,Matareya Educational Hospital,30.118233,31.304102,,,,72,3037.75
depending.informer.headed,Matareya Square,30.115091,31.306215,,,,171,4259.526315789473
united.buckets.troll,Matareya Square,30.115616,31.306639,,,,126,2902.214285714286
unhappily.wiser.breakfast,Matareyya City Authority,30.113844,31.29765,,,,54,4658.833333333333
completed.obviously.picnic,Mazallat,30.105316,31.24671,,,,117,5323.923076923077
however.firepower.sprinkle,Mazallat,30.104933,31.246443,,,,243,5453.925925925926
instilled.agreement.hips,Mazallat,30.10495,31.246717,,,,126,5485.857142857143
pins.farmland.abstracts,Mazallat,30.104956,31.246601,,,,234,5932.153846153846
overcomes.stylists.courage,Mazghuna,29.744741,31.261349,,,,27,1527.6666666666667
washing.arranges.captive,Mazghuna,29.74475,31.261225,,,,27,1527.6666666666667
binder.hairstyle.senior,Mazlaqan Ain Shams,30.132488,31.3231,,,,126,4272.428571428572
holiday.valley.haystack,Mazlaqan Ain Shams,30.13255,31.323275,,,,189,3984.4285714285716
styled.operating.areas,Mazlaqan Ain Shams,30.133928,31.32383,,,,9,518.0
smaller.informal.fussy,Mazlaqan Al Deweqa,30.049547,31.286484,,,,207,4091.4347826086955
weeded.airbag.extremely,Mazlaqan Al Deweqa,30.04978,31.286537,,,,225,4497.04
coconut.earphones.fluffed,Mechanical Kharaata Workshop,30.130396,31.310469,,,,63,1884.857142857143
flank.aunts.something,Megawra 1 Bus Station - 15th of MAy,29.84644,31.373213,,,,9,1361.0
tracking.bedspread.golden,Megawra 11 Bus Station - 15th of May,29.818378,31.363401,,,,27,3004.6666666666665
buck.estuaries.parkway,Megawra 3 Bus Station - 15th of May,29.8326,31.379328,,,,9,2855.0
scanner.blocking.additives,Megawra 3 Bus Station - 15th of May,29.832556,31.379131,,,,27,5262.0
rates.whizzing.joins,Meriam's Tree - Matareyya,30.12029,31.307356,,,,27,971.0
thrashed.acrobats.monitors,Metro Hadayek Al Qobba Station,30.086689,31.292435,,,,108,4384.0
roosters.dollars.plump,Metro Hadayeq Al Qobba Station,30.086517,31.292412,,,,27,594.0
sisters.poses.incurring,Mffco Helwan - Helwan Courniche,29.833878,31.299063,,,,27,455.6666666666667
squeaks.grudge.approvals,Mffco Helwan - Helwan Courniche,29.833868,31.298967,,,,36,2516.25
beads.doped.dollar,Military Academy Stadium - Sheraton,30.112677,31.368248,,,,351,4058.897435897436
scorecard.deploying.prowl,Military Academy Stadium - Sheraton,30.111969,31.369276,,,,216,4701.416666666667
shows.coolest.triangles,Military Cemetery - N/A Axis,30.022703,31.352621,,,,18,3832.0
newlywed.cowboy.tiles,Minerals & Refrigeration Center - Abboud,30.107801,31.260393,,,,144,4768.875
incensed.slimming.prices,Ministry Of Higher Education,30.038054,31.340937,,,,63,7909.857142857143
quality.succeed.appoints,Ministry Of Youth And Sports,30.060923,31.205006,,,,9,146.0
quick.pushes.nourished,Ministry Of Youth And Sports,30.06081,31.205017,,,,36,6069.25
mystery.electrode.modem,Ministry of Agriculture - Dokki,30.04341,31.211712,,,,54,3726.1666666666665
reheat.acid.companies,Ministry of Agriculture - Dokki,30.043566,31.211887,,,,36,3121.75
ending.pizzas.mallets,Ministry of Irrigation - Warraq,30.09151,31.225206,,,,108,3636.1666666666665
swan.recall.overhear,Ministry of Irrigation - Warraq,30.091454,31.225082,,,,117,3718.0
currently.among.singles,Misr Al Gadeeda Military Hospital,30.113407,31.332708,,,,90,6258.0
organs.dissolve.fuzz,Misr Al Gadeeda Military Hospital,30.113302,31.332962,,,,207,5420.0
goodnight.trouble.footpath,Misr Al Qadimah,30.000526,31.227863,,,,162,3561.3888888888887
decoded.entrust.airports,Misr Al Qadmina Post Office,30.00559,31.226345,,,,225,4291.32
tender.documents.piglets,Misr Al Qadmina Post Office,30.005592,31.226488,,,,162,3561.3888888888887
cupcake.shrub.showrooms,Misr Al Wosta Electricity Company - Al Bahr Al Aazam,29.994123,31.215244,,,,45,2529.4
flows.taxpayers.hopes,Misr Al Wosta Electricity Company - Al Bahr Al Aazam,29.994125,31.215385,,,,27,2789.0
believer.agreement.nibbles,Misr Bank - Shobra St,30.06909,31.245089,,,,432,5542.583333333333
peachy.obviously.basic,Misr El Qadima District Presidency,30.015621,31.238953,,,,27,2128.0
stops.clinic.football,Misr El Qadima District Presidency,30.0157,31.23896,,,,72,4566.375
afflicted.tune.ticket,Misr El Qadima Police Department,30.007051,31.253674,,,,27,2135.0
reserved.deciding.everybody,Misr El Qadima Police Department,30.007141,31.253567,,,,27,2135.0
unpacked.loud.taster,Misr Gas Station - Giza Square,30.014462,31.208406,,,,36,1491.0
exist.prune.square,Misr Insurance - Moqattam,30.012974,31.293818,,,,9,960.0
order.inspected.crows,Misr Insurance - Moqattam,30.013103,31.29379,,,,18,490.0
copiers.enhances.stowing,Misr Petroleum Gas Station - Badrasheen,29.850142,31.26311,,,,18,804.0
passports.enjoyable.exporters,Misr Petroleum Gas Station - Portsaid St,30.083559,31.271982,,,,135,4149.133333333333
scuba.thrillers.toggle,Misr Petroleum Gas Station - Portsaid St,30.083525,31.272093,,,,126,4202.928571428572
beefed.consoled.wins,Misr Public Library - Port Said St,30.087687,31.273754,,,,135,4149.133333333333
gifted.smothered.party,Misr Public Library - Port Said St,30.087793,31.273918,,,,126,4202.928571428572
hobby.retraced.alleyway,Misr Sudan - 7th District - Nasr City,30.049006,31.327852,,,,153,5701.294117647059
storyline.encoder.golf,Misr Sudan - 7th District - Nasr City,30.049044,31.328053,,,,135,5617.8
earphones.splits.request,Misr University,29.997766,30.964796,,,,9,146.0
cable.extra.collides,Mit Halfa - Cairo Alexandria Agriculture Road,30.162764,31.227833,,,,54,2668.1666666666665
subtitle.smoke.agreed,Mit Nama Steps - Cairo Alexandria Agriculture Road,30.142992,31.231098,,,,135,1907.0
swimsuits.sitting.surreal,Mit Nama Steps - Cairo Alexandria Agriculture Road,30.142952,31.230963,,,,135,2805.6
cable.fells.creatures,Mit Okba - Wadi Al Nile,30.06058,31.20131,,,,45,3658.2
overruns.confusion.duplicate,Mit Okba - Wadi Al Nile,30.060497,31.201294,,,,18,3386.5
bleaching.fatter.tapes,Moasasset Al Zakah,30.16659,31.383238,,,,9,5386.0
escape.district.spouting,Moassasa Pedestrian Bridge,30.136463,31.233135,,,,135,1907.0
jetting.technical.primed,Moassasa Pedestrian Bridge,30.136417,31.233028,,,,135,2805.6
crafts.masks.frostbite,Mobil - Maasara - Nile Courniche,29.90768,31.287535,,,,36,5527.75
upward.files.requiring,Mobil - Maasara - Nile Courniche,29.90765,31.287441,,,,90,6887.7
arise.bleak.dash,Mobil - Mall of Arabia,30.004608,30.975332,,,,9,146.0
jets.finalists.sharpen,Mobil Gas Station - Abdel Hameed Badawy St,30.104641,31.378326,,,,90,5604.7
ringers.rust.converged,Mobil Gas Station - Abdel Hameed Badawy St,30.104515,31.378174,,,,90,5604.7
bride.carpentry.prices,Mobil Gas Station - Ahmed Esmat St,30.125023,31.334133,,,,45,1049.4
image.hospitals.gossiped,Mobil Gas Station - Al Khalafawy,30.093826,31.236416,,,,126,3080.285714285714
valid.erupt.parks,Mobil Gas Station - Al Khalafawy,30.09381,31.23627,,,,135,4567.133333333333
trains.diverged.restrict,Mobil Gas Station - Salah Salem St - Helwan,29.921242,31.265068,,,,45,3382.6
youthful.pheasants.quietly,Mobil Gas Station - Salah Salem St - Helwan,29.921207,31.26494,,,,45,3382.6
forced.tallest.fetching,Mobil Hassan Al Sherif - Nasr City,30.051691,31.356878,,,,18,744.0
ribcage.skate.flown,Mobil Hassan Al Sherif - Nasr City,30.05168,31.357107,,,,18,744.0
dust.fluffed.blues,Mobil Mostafa Kamel Axis - 1st Settlement,30.058998,31.443356,New Cairo City,5712885.0,15000.0,18,3075.5
dust.fluffed.blues,Mobil Mostafa Kamel Axis - 1st Settlement,30.058998,31.443356,New Cairo City,5712885.0,15000.0,18,3075.5
dust.fluffed.blues,Mobil Mostafa Kamel Axis - 1st Settlement,30.058998,31.443356,New Cairo City,5712885.0,15000.0,18,3075.5
dust.fluffed.blues,Mobil Mostafa Kamel Axis - 1st Settlement,30.058998,31.443356,New Cairo City,5712885.0,15000.0,18,3075.5
parsnip.lighter.stubborn,Mobil Mostafa Kamel Axis - 1st Settlement,30.058968,31.44366,New Cairo City,5712885.0,15000.0,9,5481.0
parsnip.lighter.stubborn,Mobil Mostafa Kamel Axis - 1st Settlement,30.058968,31.44366,New Cairo City,5712885.0,15000.0,9,5481.0
parsnip.lighter.stubborn,Mobil Mostafa Kamel Axis - 1st Settlement,30.058968,31.44366,New Cairo City,5712885.0,15000.0,9,5481.0
parsnip.lighter.stubborn,Mobil Mostafa Kamel Axis - 1st Settlement,30.058968,31.44366,New Cairo City,5712885.0,15000.0,9,5481.0
internal.commands.defected,Modern Academy -  Pharmacy College,29.99502,31.3183,,,,72,6658.875
likely.force.mystified,Modern Academy -  Pharmacy College,29.995129,31.318352,,,,72,7089.75
itself.bullion.friend,Modern Academy - Dental,29.997198,31.317747,,,,72,7089.75
marine.reminds.cashiers,Modern Academy - Dental,29.99718,31.31764,,,,72,6658.875
hinders.wound.petrified,Modern Academy - Physical Therapy,29.992441,31.31131,,,,144,6874.3125
aviators.loosens.human,Modern School - Ahmed Esmat St,30.126257,31.330357,,,,45,1049.4
scorching.someone.shameless,Moemen - Nasr St,29.975727,31.281904,,,,36,4047.0
tasty.gong.discussed,Moemen - Nasr St,29.975554,31.28192,,,,54,2594.3333333333335
dorms.saves.filer,Mohagreen (Ezbet Al Nakhl),30.14138,31.337551,,,,45,1770.6
pegged.partly.shudders,Mohagreen (Ezbet Al Nakhl),30.1416,31.337622,,,,54,2023.1666666666667
readily.dreams.spectacle,Mohamed Khattab Pharmacy - Kerdasa,30.02989,31.10432,,,,18,822.0
sway.stance.commands,Mohamed Khattab Pharmacy - Kerdasa,30.02995,31.104385,,,,18,822.0
seemingly.glorified.simmer,Mohamed Naguib Metro Station,30.045267,31.244555,,,,198,5652.090909090909
alienated.ranges.surging,Mohamed Naguib St - Al Salam,30.170652,31.41781,,,,9,1180.0
complies.closets.poem,Mohamedan Light Hospital - Ain Shams,30.126768,31.307093,,,,54,1534.6666666666667
friction.guises.conspired,Mohamedan Light Hospital - Ain Shams,30.126802,31.308048,,,,54,1785.3333333333333
chains.recruiter.beefed,Mohammedan Light - Imbaba,30.091457,31.213095,,,,36,3512.25
rounds.tractor.basically,Mohie Al Deen Aboul Ezz St - Tahrir St,30.036133,31.20174,,,,117,4132.153846153846
scanning.spike.tolerates,Mohie Al Deen Aboul Ezz St - Tahrir St,30.036022,31.201664,,,,135,4087.8
challenge.realm.absorbs,Mokattam Entrance - Al Gamea Al Haditha St,29.991447,31.318209,,,,72,7089.75
still.boomed.swimsuits,Mokattam Entrance - Al Gamea Al Haditha St,29.991526,31.31776,,,,72,6658.875
clearly.clicker.lunge,Moneeb,29.980621,31.213013,,,,144,4773.125
demotion.risen.friday,Moneeb,29.982689,31.212095,,,,36,2402.75
dote.hindering.pampered,Moneeb,29.986523,31.209698,,,,162,3935.277777777778
fear.marginal.cyber,Moneeb,29.980995,31.210665,,,,9,827.0
lateral.buggy.astounded,Moneeb,29.98266,31.21223,,,,18,1199.0
liberated.heats.petal,Moneeb,29.983364,31.21092,,,,18,3438.0
names.presides.marked,Moneeb,29.987915,31.21475,,,,81,1625.2222222222222
pleaser.noise.idea,Moneeb,29.988012,31.214615,,,,9,3036.0
sneezing.trucked.paths,Moneeb,29.98515,31.213678,,,,45,3091.6
soda.awoke.opponent,Moneeb,29.981388,31.210999,,,,9,827.0
always.autumn.jiggle,Moneeb Konayyesa,29.985321,31.197414,,,,135,2291.3333333333335
growth.product.feuds,Moneeb Konayyesa,29.985678,31.197598,,,,9,10800.0
stretch.irritate.hides,Moneeb Konayyesa,29.985495,31.197496,,,,135,1866.8
gravitate.mulls.thinker,Montasser - Nile Courniche,29.892239,31.288769,,,,45,5464.4
soccer.processor.witless,Montasser - Nile Courniche,29.892223,31.288654,,,,81,7074.0
hotspots.squeaking.seated,Moqattam Entrance - Salah Salem,30.029894,31.26644,,,,108,1801.1666666666667
pitch.united.deriving,Moqattam Entrance - Salah Salem,30.029848,31.26656,,,,18,5844.0
subjects.forkful.duet,Moqattam Entrance - Salah Salem,30.030361,31.266874,,,,144,3398.0625
wheat.overtime.offhand,Mosheer Ahmed Ismail Station - Sheraton,30.092989,31.372234,,,,9,1262.0
protects.idealist.supporter,Mostorad Pedestrian Bridge,30.131987,31.283829,,,,108,4502.0
dimension.submerged.targeted,Mostorod Bridge - Ring Road,30.163368,31.304024,,,,180,2979.95
noticing.image.brimmed,Mostorod Bridge - Ring Road,30.163208,31.303968,,,,153,2460.1176470588234
glossed.pill.amid,Mostorod Bus Station,30.12995,31.291689,,,,63,2968.0
gong.lamps.eventful,Mostorod Bus Station,30.129875,31.291662,,,,63,3703.0
heaven.adjuster.uncle,Mostorod Bus Station,30.130009,31.291748,,,,54,2653.5
nozzle.gobbling.heave,Mostorod Bus Station,30.129797,31.291643,,,,45,2006.8
magma.aviators.rebounder,Mostorod Ring Road,30.164059,31.303236,,,,18,3427.5
travel.attitudes.seriously,Mostorod Ring Road,30.164034,31.303305,,,,9,546.0
slider.copiers.existence,Mostorod Station,30.131304,31.289217,,,,45,6649.6
accordion.star.incurring,Motseian,30.016796,31.204723,,,,54,4219.0
emulated.having.reckoned,Mountain View Square,30.01647,31.445032,New Cairo City,5712885.0,15000.0,18,4666.0
emulated.having.reckoned,Mountain View Square,30.01647,31.445032,New Cairo City,5712885.0,15000.0,18,4666.0
emulated.having.reckoned,Mountain View Square,30.01647,31.445032,New Cairo City,5712885.0,15000.0,18,4666.0
emulated.having.reckoned,Mountain View Square,30.01647,31.445032,New Cairo City,5712885.0,15000.0,18,4666.0
restless.leans.baguette,Mountain View Square,30.015816,31.445177,New Cairo City,5712885.0,15000.0,27,5128.333333333333
restless.leans.baguette,Mountain View Square,30.015816,31.445177,New Cairo City,5712885.0,15000.0,27,5128.333333333333
restless.leans.baguette,Mountain View Square,30.015816,31.445177,New Cairo City,5712885.0,15000.0,27,5128.333333333333
restless.leans.baguette,Mountain View Square,30.015816,31.445177,New Cairo City,5712885.0,15000.0,27,5128.333333333333
fussy.cheater.live,Mubarak Educational City Entrance,30.010162,30.99353,,,,9,146.0
motored.mothering.escaping,N/A Axis,30.02461,31.358881,,,,27,6222.333333333333
ruffling.kilts.fairy,N/A Axis,30.024332,31.358952,,,,18,3832.0
chap.rescuer.being,Nadi Al Baraka Steps - Ring Road,30.165903,31.383354,,,,153,3272.470588235294
firewall.vertical.crowbar,Nadi Al Baraka Steps - Ring Road,30.165789,31.383028,,,,135,2820.866666666667
buildings.puzzled.revised,Nafoora Square - Moqattam,30.015629,31.281168,,,,9,960.0
domain.stormed.spaces,Nafoora Square - Moqattam,30.01571,31.280874,,,,9,960.0
trail.smirking.firming,Nahda City Terminal,30.170757,31.439262,,,,27,1299.6666666666667
womanly.eyepieces.farmland,Nahda City Terminal,30.17079,31.439524,,,,27,2088.0
camp.hires.slang,Nahia,30.045496,31.129242,,,,18,262.0
rigid.bolsters.bugs,Nahia,30.046669,31.130692,,,,9,424.0
beyond.jets.alleyway,Nahya Steps - Ring Road,30.044216,31.174948,,,,81,2991.5555555555557
earliest.bloodshot.tripled,Nahya Steps - Ring Road,30.044273,31.17522,,,,99,3102.2727272727275
carbonate.lavender.taped,Nasr Al Islam Mosque - Al Nozha Street,30.09063,31.341763,,,,81,4140.777777777777
dreamers.shrubbery.villas,Nasr City Police Station 2,30.050732,31.311895,,,,117,4691.076923076923
states.sitting.topics,Nasr City Police Station 2,30.050491,31.312107,,,,36,3896.0
passwords.reverted.lunge,Nasr City Sporting Club,30.058594,31.311079,,,,144,5395.1875
publish.signal.plod,Nasr City Sporting Club,30.058628,31.310707,,,,90,5774.7
outright.daunted.coats,Nasr City Towers,30.03162,31.354424,,,,18,7042.5
mildest.sensibly.pilots,Nasr Rd - Autostrad Tunnel,29.97856,31.289944,,,,18,4941.5
club.increment.simple,Nasr St Exit - Autostrad,29.979927,31.289436,,,,144,3125.625
beeline.reflected.escaping,Nasser Bank - Moqattam,30.018106,31.281368,,,,9,960.0
husky.albums.sheet,Nasser Bank - Moqattam,30.018063,31.281324,,,,9,960.0
erupt.mend.slacker,Nasser Institue For Research - Al Khalafawy,30.096975,31.238222,,,,126,3080.285714285714
hotspot.overused.snacks,Nasser Institue For Research - Al Khalafawy,30.097075,31.238113,,,,135,4567.133333333333
noon.mavericks.gossip,National Authority For Military Production,30.108791,31.26082,,,,180,3758.8
decreased.plankton.incomes,National Cardiac Institute - Alamen St,30.06694,31.21059,,,,108,4202.0
career.strapping.megawatt,National Institute for Diabetes - Magra Al Oyoun,30.025934,31.23191,,,,117,5711.692307692308
condensed.chatters.quarrel,National Institute for Diabetes - Magra Al Oyoun,30.025974,31.230856,,,,342,5070.631578947368
sheds.proofread.agenda,National Institute for Occupational Safety and Health (Al Amn Al Senaey),30.11318,31.348698,,,,153,6154.705882352941
unfocused.screaming.singers,National Institute for Occupational Safety and Health (Al Amn Al Senaey),30.113157,31.348167,,,,144,6248.125
frowns.lyricism.dose,National Institute for Tumor Studies - Magra Al Oyoun,30.02206,31.2309,,,,171,4754.8421052631575
strapped.moth.committee,National Institute for Tumor Studies - Magra Al Oyoun,30.022137,31.230976,,,,180,5209.2
cookbooks.moral.property,National Research Center - Dokki,30.036825,31.204762,,,,117,4132.153846153846
truck.chugging.wiped,National Research Center - Dokki,30.036703,31.204784,,,,135,4087.8
wicket.smarting.sprinkle,Nazlet Al Ashtar Post Office,29.951668,31.199818,,,,18,827.0
emerge.heartburn.teachers,Nefertari International School,30.154018,31.443474,,,,27,5036.333333333333
tapers.sinkhole.riddle,Nefertari International School,30.154213,31.44341,,,,45,3354.2
masterful.toys.nozzles,Neiazi Sayed - Mansoureyya Rd,30.003693,31.11961,,,,18,822.0
organist.transcribes.mornings,Neiazi Sayed - Mansoureyya Rd,30.00372,31.119665,,,,18,822.0
reaction.headpieces.user,New Heliopolis City Authority,30.137775,31.679846,,,,18,3048.0
stationing.pavers.narrows,New Heliopolis City Authority,30.13771,31.680084,,,,9,4734.0
agreement.straw.hobbies,New Heliopolis Entrance,30.110437,31.691042,,,,27,1936.0
circular.amending.soup,New Heliopolis Entrance,30.110237,31.69128,,,,27,2363.3333333333335
calendars.quail.joined,New Housing Complex - Al Khanka,30.230246,31.375162,,,,9,3023.0
irony.crucially.rifled,New Housing Complex - Al Khanka,30.230326,31.37518,,,,9,3023.0
alpha.somebody.venue,New Marg,30.162825,31.337185,,,,72,3065.625
lectured.conspire.bashed,New Marg,30.16353,31.33726,,,,72,2890.625
longingly.armrests.blast,New Marg,30.16232,31.3374,,,,144,3477.4375
mere.costumed.shot,New Marg,30.16266,31.337194,,,,9,7621.0
spilled.dozen.insurance,New Marg,30.164433,31.3389,,,,9,2771.0
styled.corrode.pizzeria,New Marg,30.163736,31.338997,,,,27,2727.6666666666665
soonest.willpower.envy,New Marg Exit - Ring Road,30.162926,31.334133,,,,162,2597.6666666666665
cage.eruptions.gosh,New Marg Steps - Ring Road,30.163607,31.341734,,,,153,3272.470588235294
dared.tingled.degrading,New Marg Steps - Ring Road,30.163393,31.341467,,,,135,2820.866666666667
samples.handlebar.geek,New Market - Asmarat,29.992046,31.340439,,,,63,6660.142857142857
curls.farmland.doubts,New Musuem - Cairo Alex Desert Rd,29.997356,31.119146,,,,45,2787.6
fronted.upsetting.retrain,New Musuem - Cairo Alex Desert Rd,29.997389,31.119345,,,,63,3824.0
notch.smiling.denim,Nile Club - Shubra Al Kheima,30.110659,31.24347,,,,90,2776.4
november.surpasses.locating,Nile Club - Shubra Al Kheima,30.110699,31.243565,,,,108,2473.9166666666665
anguished.snap.declining,Nile Towers - Nile Courniche,30.072557,31.22727,,,,180,4510.05
desktops.expand.danger,Nile Towers - Nile Courniche,30.072458,31.227383,,,,117,4468.0
uplifting.credited.scoping,Nile Towers - Nile Courniche,30.072723,31.228285,,,,36,1007.5
backlog.rationed.snow,Nile University,30.009514,30.98544,,,,9,146.0
desk.digests.panels,Nissan - Kattameya,29.993439,31.384228,,,,72,2320.875
suspends.tiles.ticket,Nissan - Kattameya,29.993582,31.38412,,,,72,3272.875
patching.again.sheets,North Cairo Electricity Co - Al Helmeya,30.11129,31.318216,,,,234,4328.846153846154
zinc.offstage.applauded,North Cairo Electricity Co - Al Helmeya,30.111158,31.318108,,,,171,3773.8947368421054
ankle.washing.scooters,Northen Giza Courthouse,30.06882,31.205635,,,,162,3473.6111111111113
publisher.junction.mass,Noubar Street,30.044643,31.241976,,,,198,5459.909090909091
showering.layered.stop,Nour Al Huda Automotive - Shubra Al Kheima,30.107895,31.246504,,,,207,5958.608695652174
tentacles.amplifier.saying,Nour Al Huda Automotive - Shubra Al Kheima,30.107985,31.246365,,,,216,5700.708333333333
craftsman.fled.betraying,Nour Al Islam Azhari Institute - Kafr Al Gabal,29.95943,31.161991,,,,18,1137.5
flattered.broached.shirts,Nour Al Islam Azhari Institute - Kafr Al Gabal,29.959702,31.162035,,,,18,1137.5
fixtures.slimming.gushes,Nour Al Islam Mosque - Shubra Al Kheima,30.115997,31.284431,,,,45,6649.6
webcams.panicking.healers,Nour Al Islam Mosque - Shubra Al Kheima,30.116081,31.284252,,,,45,6428.0
dislodge.tearfully.postcard,Nour Al Islam Mosque Steps - Ring Road,29.992725,31.24664,,,,99,3692.5454545454545
chatters.fells.outfit,Nour City Steps - Ring Road,30.012594,31.155396,,,,81,2991.5555555555557
noble.discusses.electrode,Nour City Steps - Ring Road,30.012444,31.155436,,,,99,3019.6363636363635
owners.remotest.misted,Novartis Pharma - Al Zaytoun,30.105461,31.291664,,,,126,4518.785714285715
workbook.befitting.emulating,Novartis Pharma - Al Zaytoun,30.105604,31.29171,,,,135,4562.066666666667
juniors.ounce.rooster,Nozha Bridge - End,30.086739,31.341202,,,,72,4500.25
vocals.firelight.display,Nozha Bridge - Start,30.086761,31.340973,,,,63,4451.714285714285
extremely.racetrack.unscathed,Oasis Mall - Sheraton,30.109215,31.372017,,,,234,4870.0
limits.drifter.wiring,Oasis Mall - Sheraton,30.10911,31.371708,,,,162,3982.9444444444443
illogical.partner.agenda,Obour City Authority,30.239037,31.458244,,,,9,300.0
quintet.scatters.blur,Obour City Authority,30.239044,31.458405,,,,9,300.0
traded.punters.lemons,Obour Market - East,30.166935,31.476816,,,,36,2890.75
tissue.identity.fenced,Obour Market - South,30.161366,31.468367,,,,27,3558.3333333333335
deodorant.riot.arts,Obour Market 2 - South,30.163269,31.474207,,,,27,3558.3333333333335
upgrading.cashew.zinc,Obour Market Bus Station,30.169048,31.462936,,,,27,3754.3333333333335
masses.unloads.partners,Obour Sporting Club,30.234264,31.458332,,,,9,300.0
rejoiced.ozone.deeper,Obour Sporting Club,30.23521,31.45811,,,,9,300.0
tracking.irritable.manly,Obour Square,30.16677,31.477573,,,,27,3558.3333333333335
badminton.guitar.cakewalk,Obour Tunnel,30.163963,31.479025,,,,18,3048.0
blank.tripling.panting,Observatory - Helwan,29.868448,31.354622,,,,63,3018.4285714285716
daredevil.steadily.salutes,October Bus Station,30.051308,31.177576,,,,99,3102.2727272727275
crumble.leave.dignify,October Microbus Stop,30.014498,31.210003,,,,27,1055.0
unfocused.gets.dignity,Officers Club - Zamalek,30.061401,31.218784,,,,180,5198.45
wake.firelight.misfits,Officers Club - Zamalek,30.061554,31.218866,,,,9,6619.0
hawks.outlooks.earl,Officers Housing - Al Remaya St,29.98742,31.120087,,,,63,7617.857142857143
stepping.backpack.acquaint,Officers Housing - Al Remaya St,29.98739,31.120008,,,,18,7319.0
advising.lasted.tram,Oil Libya Gas Station - Sadat Square,29.841747,31.375141,,,,36,4456.25
magazines.florists.guards,Oil Libya Gas Station - Sadat Square,29.841871,31.375374,,,,36,4630.25
breeding.adhesive.chains,Old 10th of Ramadan Station,30.148487,31.418085,,,,171,4648.421052631579
display.segregate.branched,Old 10th of Ramadan Station,30.148756,31.41924,,,,216,3314.8333333333335
instructs.quieter.anchovies,Olowwa Faris St - Bab Al Shaereyya,30.058397,31.259462,,,,423,5311.148936170212
bossy.guessing.rags,Om Al Masryeen Metro Station,30.00547,31.208727,,,,225,5218.56
coping.surface.toys,Om Al Masryeen Metro Station,30.00551,31.208849,,,,198,5111.0
waggled.puns.cult,Om Bayoumi,30.143345,31.251034,,,,81,7300.0
belt.interlude.images,Om Bayoumi Station,30.148525,31.251385,,,,54,8853.0
nags.prices.unwind,Om Bayoumi Station,30.149178,31.25189,,,,9,10226.0
films.sling.trudges,Om Khinan - Al Hawamdiya,29.912025,31.267132,,,,45,3382.6
subway.setting.variances,Om Khinan - Al Hawamdiya,29.912062,31.267258,,,,45,3382.6
fights.gliders.park,Omar Efendi - Ahmed Oraby St,30.063677,31.205362,,,,243,4465.37037037037
wedding.roofer.reporting,Omar Efendi - Ahmed Oraby St,30.063797,31.204277,,,,90,5234.3
fevered.trickles.nets,Omar Ibn Al Khattab Mosque - Matareya St,30.108007,31.303547,,,,108,3829.8333333333335
selection.dorm.cricket,Omar Ibn Al Khattab Mosque - Matareya St,30.107979,31.303406,,,,99,3969.818181818182
shuttled.dorms.offer,Ommal Square - 5th Settlement,29.997194,31.43215,New Cairo City,5712885.0,15000.0,9,300.0
shuttled.dorms.offer,Ommal Square - 5th Settlement,29.997194,31.43215,New Cairo City,5712885.0,15000.0,9,300.0
shuttled.dorms.offer,Ommal Square - 5th Settlement,29.997194,31.43215,New Cairo City,5712885.0,15000.0,9,300.0
shuttled.dorms.offer,Ommal Square - 5th Settlement,29.997194,31.43215,New Cairo City,5712885.0,15000.0,9,300.0
wished.dislodge.merit,Ommal Square - 5th Settlement,29.996891,31.432018,New Cairo City,5712885.0,15000.0,9,300.0
wished.dislodge.merit,Ommal Square - 5th Settlement,29.996891,31.432018,New Cairo City,5712885.0,15000.0,9,300.0
wished.dislodge.merit,Ommal Square - 5th Settlement,29.996891,31.432018,New Cairo City,5712885.0,15000.0,9,300.0
wished.dislodge.merit,Ommal Square - 5th Settlement,29.996891,31.432018,New Cairo City,5712885.0,15000.0,9,300.0
replenish.concerts.much,Opera House - Tahrir,30.043211,31.22704,,,,144,3997.875
slimming.motels.agree,Opera House - Tahrir,30.043356,31.226837,,,,108,3919.25
pulled.complies.cheeses,Orascom business - Anabeeb Al Petrol,30.133265,31.376635,,,,45,4836.2
comfort.geek.tidal,Oriental Weavers - Haram,30.01039,31.204151,,,,144,5690.125
paddock.commented.canal,Oriental Weavers - Haram,30.010527,31.204174,,,,135,5839.466666666666
struck.completed.chat,Oriental Weavers - Sheraton,30.107906,31.36574,,,,108,4339.25
usage.bloomers.organ,Oriental Weavers - Sheraton,30.108177,31.36552,,,,144,3248.9375
richer.treatment.vowed,Oriental Weavers - Shubra Al Kheima,30.122105,31.250263,,,,207,4627.04347826087
uppermost.tent.excellent,Othman Pedestrian Bridge - Ring Road,30.16331,31.3127,,,,180,2979.95
disengage.jams.shampoo,Othman Steps - Ring Road,30.162973,31.309877,,,,162,2597.6666666666665
stylists.monks.raft,Palace of Culture - Matareyya,30.11419,31.285294,,,,72,2918.5
visual.defrost.ridge,Palace of Culture - Matareyya,30.114285,31.285109,,,,99,3295.090909090909
chair.cattle.riverside,Palestine School - Ain Shams St,30.130417,31.322088,,,,126,4800.0
doted.elder.recording,Palestine School - Ain Shams St,30.130455,31.322243,,,,135,4582.0
quote.critic.notices,Palestine St - Ahmed Oraby St,30.127151,31.345236,,,,18,4738.0
squashes.router.grumbling,Panasonic - Abbas Al Akkad,30.065065,31.336784,,,,18,8060.5
timed.stutter.charts,Panasonic - Abbas Al Akkad,30.065115,31.337015,,,,18,8060.5
nanny.reveal.landed,Panorama October,30.074213,31.303896,,,,144,5641.4375
disgraced.difficult.noises,Paradise Al Shorouq Compound,30.152637,31.659683,,,,9,4734.0
swatting.engineers.croak,Paradise Al Shorouq Compound,30.152662,31.659834,,,,18,3048.0
chairing.mixed.clips,Pasta Factory Steps - Ring Road,29.98471,31.203974,,,,144,2425.125
graduated.again.untruth,Pasta Factory Steps - Ring Road,29.984543,31.204016,,,,135,2291.3333333333335
bedding.armed.eyepieces,Pepsico - Nasr City,30.03859,31.346518,,,,27,8010.333333333333
something.breezy.evoked,Pepsico - Nasr City,30.038555,31.346315,,,,36,7834.5
growl.squeaking.bright,Petroleum Square - Marg,30.149548,31.328136,,,,27,8514.333333333334
intention.stall.stand,Pizza Hut - Mostafa Al Nahas,30.05681,31.365112,,,,99,6724.818181818182
raven.sketching.touchy,Pizza Hut - Mostafa Al Nahas,30.056606,31.365126,,,,90,6388.2
assist.slyly.partly,Plaza Club - Obour,30.252203,31.463655,,,,9,300.0
spilled.originate.totals,Plaza Club - Obour,30.252476,31.463747,,,,9,300.0
composes.submits.privately,Police Academy - Abaseyya,30.069082,31.285023,,,,324,5475.027777777777
incensed.spades.loves,Police Academy - East,30.049847,31.442148,New Cairo City,5712885.0,15000.0,18,3075.5
incensed.spades.loves,Police Academy - East,30.049847,31.442148,New Cairo City,5712885.0,15000.0,18,3075.5
incensed.spades.loves,Police Academy - East,30.049847,31.442148,New Cairo City,5712885.0,15000.0,18,3075.5
incensed.spades.loves,Police Academy - East,30.049847,31.442148,New Cairo City,5712885.0,15000.0,18,3075.5
observers.eats.expecting,Police Academy - North,30.053429,31.4134,New Cairo City,5712885.0,15000.0,27,2150.3333333333335
observers.eats.expecting,Police Academy - North,30.053429,31.4134,New Cairo City,5712885.0,15000.0,27,2150.3333333333335
observers.eats.expecting,Police Academy - North,30.053429,31.4134,New Cairo City,5712885.0,15000.0,27,2150.3333333333335
observers.eats.expecting,Police Academy - North,30.053429,31.4134,New Cairo City,5712885.0,15000.0,27,2150.3333333333335
crust.loss.unclaimed,Police Academy - Ring Road,30.03742,31.404415,,,,63,2356.285714285714
fatigued.wounds.latest,Police Academy - Ring Road,30.03762,31.40368,,,,54,4129.5
game.undertone.reverses,Police Academy - Ring Road,30.037632,31.40387,,,,45,2117.8
rucksack.deferring.retailing,Police Hospital - Agouza,30.0512,31.21698,,,,207,3776.0434782608695
sourcing.hence.shipwreck,Police Hospital - Agouza,30.051373,31.217089,,,,207,3891.9565217391305
forum.lightbulb.cubs,Police Hospital - Al Shaheed Axis,30.038967,31.327826,,,,27,2187.6666666666665
ratty.yesterday.cookies,Police Hospital - Al Shaheed Axis,30.039034,31.32794,,,,27,2187.6666666666665
fidget.suspended.lunge,Police Hospital - Tayran St,30.038841,31.3315,,,,27,8010.333333333333
steer.flipper.rehearsed,Police Hospital - Tayran St,30.038773,31.331366,,,,36,7834.5
cured.surpasses.mime,Police Mosque - Salah Salem St,30.051956,31.276718,,,,117,2035.5384615384614
highways.subsystem.suffer,Police Mosque - Salah Salem St,30.0519,31.276798,,,,99,3274.6363636363635
conducted.masses.capacity,Police Station - 5th Settlement,29.997766,31.426624,New Cairo City,5712885.0,15000.0,18,300.0
conducted.masses.capacity,Police Station - 5th Settlement,29.997766,31.426624,New Cairo City,5712885.0,15000.0,18,300.0
conducted.masses.capacity,Police Station - 5th Settlement,29.997766,31.426624,New Cairo City,5712885.0,15000.0,18,300.0
conducted.masses.capacity,Police Station - 5th Settlement,29.997766,31.426624,New Cairo City,5712885.0,15000.0,18,300.0
portfolio.betrayed.scorch,Police Union Club,30.055428,31.27624,,,,72,1699.625
laminated.whoever.brochure,Port Said Square - Maadi,29.9613,31.262608,,,,18,1519.5
returns.prefect.nearing,Port Said Street - Al Sawah,30.107567,31.284,,,,144,3721.375
absorb.milkman.lung,Porto Cairo Mall,30.065744,31.42187,,,,81,4102.111111111111
reception.strictly.liver,Porto Cairo Mall,30.065487,31.42214,,,,63,4093.285714285714
octagonal.cashier.class,Postal Office - 1st Settlement,30.067,31.46181,New Cairo City,5712885.0,15000.0,9,670.0
octagonal.cashier.class,Postal Office - 1st Settlement,30.067,31.46181,New Cairo City,5712885.0,15000.0,9,670.0
octagonal.cashier.class,Postal Office - 1st Settlement,30.067,31.46181,New Cairo City,5712885.0,15000.0,9,670.0
octagonal.cashier.class,Postal Office - 1st Settlement,30.067,31.46181,New Cairo City,5712885.0,15000.0,9,670.0
defends.recording.mankind,Postal Services Office - Haram St,29.98453,31.13561,,,,18,8337.0
kettles.coach.sunblock,Postal Services Office - Haram St,29.98483,31.135843,,,,153,4225.882352941177
cassettes.hoping.tortoises,Public Taxes Mission - Nasr City,30.059431,31.345459,,,,54,2908.1666666666665
discloses.cubs.appealed,Public Taxes Mission - Nasr City,30.059456,31.345661,,,,54,2908.1666666666665
disband.consumed.haggling,QNB Bank - Haram Street,29.988789,31.146519,,,,171,5423.789473684211
tasters.daytime.surprised,QNB Bank - Haram Street,29.98867,31.146593,,,,99,6142.909090909091
puzzle.wedding.bulge,Qadry Basha - Al Sayeda Zeinab,30.03332,31.245604,,,,351,5426.871794871795
scouted.eternally.blown,Qadry Basha - Al Sayeda Zeinab,30.03323,31.245687,,,,405,5480.9111111111115
whirlpool.goodbyes.direction,Qalaa Bus Station,30.029772,31.257717,,,,351,4399.641025641025
mimes.teaspoons.snowboard,Qalaa Post Office,30.03049,31.25628,,,,9,3036.0
invoices.provider.mammals,Qalyoub Al Balad Bus Station,30.181292,31.207653,,,,54,2668.1666666666665
remake.chainsaw.poorly,Qalyoub Al Balad Bus Station,30.181356,31.20766,,,,63,2727.8571428571427
profiled.strong.sampled,Qalyoub Exit,30.149548,31.231804,,,,9,7140.0
copy.durations.single,Qalyub,30.181232,31.19986,,,,45,3106.6
blame.blush.hound,Qalyub District Court,30.18091,31.216993,,,,54,2668.1666666666665
roofed.mammoth.elsewhere,Qalyub District Court,30.180977,31.217005,,,,63,2727.8571428571427
wound.panning.dolly,Qalyub Exit - Cairo Alexandria Agriculture Road,30.146801,31.230234,,,,135,2805.6
paddocks.highlight.partners,Qalyub Exit - Ring Road,30.149168,31.228516,,,,45,3026.0
vans.overheard.massive,Qalyub Exit - Ring Road,30.148874,31.225325,,,,18,5053.0
positives.arranged.guesswork,Qalyub Specialized Hospital,30.180817,31.22172,,,,54,2668.1666666666665
riverside.bubbles.notifying,Qalyub Specialized Hospital,30.181154,31.2232,,,,63,2727.8571428571427
hairspray.engine.poodle,Qalyub Steps - Ring Road,30.1493,31.230368,,,,126,2857.3571428571427
wiggles.split.exonerate,Qalyub Steps - Ring Road,30.149168,31.230326,,,,54,3414.6666666666665
crusher.exists.defrost,Qasr Al Einy,30.029207,31.229782,,,,387,5104.511627906977
scatters.itself.officials,Qasr Orabi Furniture - Gamal Abdel Nasser,30.141256,31.397951,,,,27,7317.0
stay.butterfly.mini,Qasr Orabi Furniture - Gamal Abdel Nasser,30.14142,31.397877,,,,45,4836.2
submitted.exporters.archives,Qatar Ahli Bank - Tayaran,30.062454,31.32582,,,,90,7288.3
megawatt.nurse.sweeten,Qawmeya Steps - Ring Road,30.096333,31.199623,,,,54,3615.0
tumble.blesses.arranger,Qawmeya Steps - Ring Road,30.09639,31.199451,,,,54,2754.0
chains.estimated.flames,Qism El Hadayek Bus Station,30.094093,31.286324,,,,63,4963.285714285715
polka.mammoths.about,Qism El Hadayek Bus Station,30.093964,31.286217,,,,72,4501.625
remainder.glossed.wink,Qism El Marg,30.14926,31.340948,,,,90,1153.8
aliens.muffin.valid,Qobba Bridge,30.084255,31.295565,,,,198,6150.909090909091
otter.punchy.awaited,Qobba Bridge,30.084438,31.296179,,,,378,6317.238095238095
rungs.bothered.besotted,Qolali,30.060566,31.243015,,,,378,5618.547619047619
blunders.crafts.normal,Rabaah Al Adaweya Mosque,30.067259,31.324728,,,,54,5110.666666666667
ignore.tinsel.ample,Rabaah Al Adaweya Mosque,30.067305,31.32515,,,,189,4110.333333333333
profiled.rooks.opinion,Rabaah Al Adaweya Mosque,30.067457,31.324562,,,,243,4817.037037037037
sleepless.enhances.etchings,Rabaah Al Adaweya Mosque,30.067507,31.325165,,,,117,4873.923076923077
gather.middle.songbook,Radisson Hotel - Sheraton,30.106998,31.375214,,,,90,5604.7
torch.limits.looks,Radisson Hotel - Sheraton,30.107111,31.375408,,,,90,5604.7
singer.owes.directive,Radobis Cinema - Haram Street,30.006748,31.194588,,,,144,5690.125
chuck.atomic.valid,Ragab Sons - Al Magzar Mariouteya,29.977545,31.162785,,,,99,2839.909090909091
doing.journals.straddled,Ragab Sons - Al Magzar Mariouteya,29.977097,31.16226,,,,117,2629.3076923076924
trouser.ripples.intention,Ragab Sons - Al Magzar Mariouteya,29.976965,31.162163,,,,27,1504.6666666666667
painters.doubt.lump,Ragab Sons - Al Shabab Street - Obour,30.265488,31.477118,,,,9,300.0
access.locate.endearing,Ragab Sons - Gazaer St,29.975527,31.275873,,,,27,6832.0
reshaping.stated.marketing,Ragab Sons - Gazaer St,29.975555,31.27603,,,,36,5362.5
houseboat.sailor.tribune,Ragab Sons - Mahdy Arafa,30.054977,31.379784,,,,54,5835.666666666667
shiver.televise.ignoring,Ragab Sons - Mahdy Arafa,30.054998,31.379553,,,,36,3530.75
rainwater.decanter.seashell,Rahma Mosque - Ahmed Zomor,30.053095,31.332739,,,,63,6267.0
worksheet.examples.bolts,Rahma Mosque - Ahmed Zomor,30.053293,31.33272,,,,81,7195.555555555556
cosmetic.directive.metals,Ramses,30.061483,31.246998,,,,126,4027.5
divided.money.shadowing,Ramses,30.06066,31.246267,,,,504,6495.107142857143
exporters.croaking.cattle,Ramses,30.058985,31.244516,,,,261,4693.241379310345
facing.figs.joystick,Ramses,30.06259,31.243174,,,,9,958.0
hardens.reader.resettle,Ramses,30.061861,31.247044,,,,9,1683.0
stutter.acids.iteration,Ramses,30.061598,31.24614,,,,333,6181.945945945946
timidly.graph.treble,Ramses,30.061617,31.246288,,,,144,5354.75
workbench.typified.amount,Ramses,30.062534,31.243525,,,,45,3619.0
airbase.towers.bulletins,Ramses - Al Fath Mosque,30.061218,31.246954,,,,567,6238.587301587301
crumb.milk.delved,Ramses Extension - Northside,30.063955,31.297567,,,,252,4259.5
grapevine.words.supreme,Ramses Extension - Northside,30.06368,31.298397,,,,216,4687.5
cake.factually.fairness,Ramses Extension - Southside,30.050821,31.307524,,,,18,3167.5
dishing.skim.gravitate,Ramses Extension - Southside,30.05068,31.307346,,,,72,2159.375
published.craftsman.script,Ramses Extension - Southside,30.050438,31.307726,,,,27,6572.666666666667
crowns.formally.hiked,Ramses Language Schools - Khaloussi,30.078287,31.250034,,,,36,3675.5
pedicure.caged.milky,Ramses Language Schools - Khaloussi,30.078348,31.249996,,,,315,6109.371428571429
earlobe.fetching.mulls,Ramses Railway Station,30.06187,31.24814,,,,513,6413.6140350877195
pills.compiler.calculating,Ramses Railway Station,30.061956,31.248016,,,,567,5680.0952380952385
sandwich.houseboat.reforming,Real Estate Registration Mission - Shubra,30.074175,31.24804,,,,36,3675.5
spinning.incursion.decoding,Real Estate Registration Mission - Shubra,30.07419,31.247946,,,,315,6109.371428571429
locator.cools.diner,Red Crescent - Masaken Zainhom,30.02165,31.245596,,,,81,6760.888888888889
taster.district.flattered,Rehab Gate 13,30.06414,31.475153,New Cairo City,5712885.0,15000.0,9,6053.0
taster.district.flattered,Rehab Gate 13,30.06414,31.475153,New Cairo City,5712885.0,15000.0,9,6053.0
taster.district.flattered,Rehab Gate 13,30.06414,31.475153,New Cairo City,5712885.0,15000.0,9,6053.0
taster.district.flattered,Rehab Gate 13,30.06414,31.475153,New Cairo City,5712885.0,15000.0,9,6053.0
guesswork.shunts.against,Rehab Square,30.05463,31.475485,New Cairo City,5712885.0,15000.0,9,6053.0
guesswork.shunts.against,Rehab Square,30.05463,31.475485,New Cairo City,5712885.0,15000.0,9,6053.0
guesswork.shunts.against,Rehab Square,30.05463,31.475485,New Cairo City,5712885.0,15000.0,9,6053.0
guesswork.shunts.against,Rehab Square,30.05463,31.475485,New Cairo City,5712885.0,15000.0,9,6053.0
cheetahs.myth.grazes,Remaya Exit - Ring Road,30.0001,31.121758,,,,18,822.0
pronouns.inspects.spout,Remaya Exit - Ring Road,30.000244,31.121588,,,,18,822.0
pinks.nuzzling.generally,Reporters Club - Al Bahr Al Aazam,30.005512,31.217402,,,,18,2424.5
survive.dugouts.unframed,Reporters Club - Al Bahr Al Aazam,30.005447,31.21754,,,,27,2789.0
extremely.wriggled.greed,Research Institute of Ophthalmology - Giza,30.015724,31.216688,,,,90,4381.5
jabs.kilt.gold,Research Institute of Ophthalmology - Giza,30.015842,31.216574,,,,18,1979.5
protects.boat.illogical,Rimo Car - Ahmed Helmy St,30.078783,31.25575,,,,72,3704.875
card.makeovers.inefficient,Ring Road Entrance - Cairo Alexandria Agriculture Road,30.149086,31.22534,,,,54,2754.0
jammy.general.duties,Ring Road Entrance - Cairo Alexandria Agriculture Road,30.149412,31.233467,,,,126,2553.1428571428573
blocks.rave.miracles,Ring Road Entrance - Mansoureyya Road - Kafr Al Gabal,29.9548,31.154284,,,,18,1137.5
cleanser.chapels.about,Ring Road Exit - Mansoureyya Road - Kafr Al Gabal,29.95579,31.154083,,,,18,1137.5
incurs.aquatics.firm,Ring Road Steps 1 - 26th of July Mehwar,30.062,31.175514,,,,45,2477.8
closed.beam.functions,Ring Road Steps 2 - 26th of July Mehwar,30.061895,31.175503,,,,27,2872.0
outermost.puncture.decide,Ring Road Steps 2 - 26th of July Mehwar,30.062584,31.172712,,,,9,146.0
clasping.roadways.documents,River Transport Authority - Zahraa,29.998129,31.228434,,,,252,4060.285714285714
signified.pats.diagram,River Transport Authority - Zahraa,29.998611,31.228842,,,,162,3561.3888888888887
boost.nesting.worms,Rod Al Farag Metro Station,30.080694,31.24522,,,,324,5577.444444444444
hacksaw.sandbags.swatted,Rod Al Farag Metro Station,30.080673,31.24535,,,,378,6206.261904761905
commuting.songbook.page,Rod Al Farag Youth Center,30.075893,31.228775,,,,63,4546.0
dizziness.reviewed.divides,Rod Al Farag Youth Center,30.07534,31.228266,,,,180,4510.05
outermost.dips.hinders,Rotana Motors - Maadi,29.986393,31.278807,,,,63,6180.714285714285
sulky.birthing.atoms,Rotana Motors - Maadi,29.986486,31.27877,,,,72,5527.375
greyhound.parts.taster,Roushdy Pharmacy - Al Remaya,29.991081,31.130705,,,,117,5421.846153846154
garage.legroom.alongside,Roxy,30.093903,31.318336,,,,18,2290.0
minimums.ember.artist,Roxy,30.093601,31.314302,,,,54,4748.0
obliging.lame.imported,Roxy,30.093067,31.315264,,,,90,6297.4
shunts.leotard.jammy,Roxy,30.093355,31.31505,,,,207,6131.391304347826
successes.stolen.happening,Roxy,30.093689,31.314362,,,,9,1367.0
nitrogen.brambles.comedians,Roxy Bus Station,30.094984,31.316248,,,,18,3166.0
rebounder.ridiculed.anode,Roxy Bus Station,30.09464,31.316118,,,,90,6400.9
clicker.windpipe.frosted,Royal City Gate - Sheikh Zayed,30.033121,31.02865,,,,9,146.0
station.dreaming.romantics,Roz Al Youssef Magazine - Garden City,30.035107,31.233776,,,,261,5932.413793103448
burglars.hypnotist.agents,SM Library - Sherket Al Maadi St,29.985985,31.277199,,,,63,6180.714285714285
hazelnuts.kennels.pilots,SM Library - Sherket Al Maadi St,29.986086,31.277168,,,,72,5527.375
averts.trucked.duplicity,Saad Zaghloul Metro,30.036503,31.24037,,,,18,1096.0
fabric.firmer.science,Saad Zaghloul School - 15th of May,29.832794,31.38189,,,,9,2039.0
mandolin.prep.warthog,Saad Zaghloul School - 15th of May,29.8327,31.3823,,,,27,5222.0
onions.reception.gamer,Saad Zaghloul St - Anwar Al Sadat St,29.823698,31.373394,,,,36,5441.25
piglet.clincher.kickbacks,Saad Zaghloul St - Anwar Al Sadat St,29.823755,31.373163,,,,27,4941.666666666667
ascendant.norms.soccer,Sadat Academy - Maadi,29.959782,31.248505,,,,9,817.0
income.swerving.cleansed,Sadat Academy - Maadi,29.9596,31.248276,,,,81,6673.0
outlooks.describes.year,Sadat Academy - Maadi,29.959694,31.248653,,,,9,817.0
cable.edit.forgotten,Safeer Square - Heliopolis,30.097979,31.338531,,,,225,5016.36
starters.doubts.billiard,Safeer Square - Heliopolis,30.097534,31.338545,,,,225,4898.48
pizzas.sharpness.above,Saft Al Laban,30.031252,31.168247,,,,9,3633.0
saving.craftsmen.fights,Saft Al Laban Entrance North - Ring Road,30.033884,31.165339,,,,81,2991.5555555555557
fuse.vanished.visa,Saft Al Laban Entrance South - Ring Road,30.025583,31.164158,,,,99,3019.6363636363635
poppy.paddlers.quack,Saft Al Laban Exit South - Ring Road,30.033684,31.165369,,,,99,3102.2727272727275
streaks.outermost.forkful,Saft Al Laban Exit South - Ring Road,30.025545,31.163992,,,,81,2991.5555555555557
underway.reassured.silks,Saft Al Laban Steps - Ring Road,30.036602,31.168098,,,,99,3102.2727272727275
deeds.premiums.sums,Safwa Clinics - Obour,30.256203,31.467829,,,,9,300.0
heads.taxi.loafing,Safwa Clinics - Obour,30.256271,31.467705,,,,9,300.0
sides.adjusted.unleashed,Saint Fatima Square,30.105759,31.343866,,,,234,5080.884615384615
talents.compelled.ripen,Saint Fatima Square,30.105679,31.344116,,,,252,4816.0
minerals.addicted.spouting,Saint Teresa Metro Station,30.089268,31.2454,,,,369,6073.487804878048
similar.symphonic.various,Saint Teresa Metro Station,30.089262,31.2453,,,,369,5697.365853658536
recording.boil.contracts,Sakiat Mekki Metro Station,29.994568,31.209032,,,,135,5339.866666666667
stated.qualify.prefix,Sakiat Mekki Metro Station,29.994572,31.209177,,,,126,4835.357142857143
epidemics.game.costs,Sakkara Steps - Ring Road,29.97392,31.172482,,,,126,2431.285714285714
televise.sprouting.offhand,Sakkara Steps - Ring Road,29.97401,31.172268,,,,117,2048.769230769231
bluntly.screeches.mime,Salah Al Din Citadel - Salah Salem,30.025267,31.26173,,,,315,4772.685714285714
defenders.migrants.chambers,Salah Al Din Citadel - Salah Salem,30.025385,31.261654,,,,198,3541.681818181818
bends.sprayer.stereos,Salah Al Din Square - Heliopolis,30.095213,31.330282,,,,153,5141.411764705882
graced.sidelined.eaten,Salah Al Din Square - Heliopolis,30.095142,31.330309,,,,135,5721.733333333334
compiler.breeze.martini,Salam Alexandria,30.191721,31.419973,,,,18,5494.0
inhaled.directive.owned,Salam Alexandria Bus Station,30.178577,31.420866,,,,27,1309.3333333333333
kidney.popping.rudder,Salam Alexandria Bus Station,30.17852,31.420938,,,,18,1637.0
harps.diverged.rewarding,Salam Nahda,30.155378,31.40934,,,,117,3544.0
table.inherits.rationing,Salam Nahda,30.155474,31.409397,,,,108,3422.5833333333335
kilts.mixing.herring,Salama Afifi Street - Al Zawya Al Hamra,30.09554,31.266666,,,,108,3460.6666666666665
receiving.walled.held,Salama Afifi Street - Al Zawya Al Hamra,30.095463,31.266647,,,,81,3256.3333333333335
forehand.conducted.lists,Saleh Sobhy - 15th of May,29.842047,31.357906,,,,54,5144.0
shuffles.amplified.cabinets,Saleh Sobhy - 15th of May,29.842592,31.358164,,,,36,2933.75
unhappily.congratulations.nicer,Samir & Ali - Al Thawra Street,30.082613,31.342884,,,,18,3679.5
songbird.pushover.recent,Saqqara (Moroor),29.850912,31.24111,,,,18,1693.0
stole.overtones.bids,Saqqara (Moroor),29.85091,31.24164,,,,18,1693.0
sprouting.snooping.lifetimes,Saqqara Badrasheen Bus Station,29.850231,31.23129,,,,18,804.0
blotting.grumbles.rising,Saqr Quraish,29.986624,31.288809,,,,81,2633.6666666666665
display.debut.rounds,Saqr Quraish,29.986483,31.288752,,,,90,4532.9
gangs.plausible.valley,Saqr Quraish,29.986399,31.288485,,,,9,589.0
hatter.elbowing.thrillers,Saqr Quraish,29.985842,31.285795,,,,18,1946.0
howler.comically.force,Saqr Quraish,29.986092,31.288712,,,,153,2983.5882352941176
montage.riverbank.muddle,Saqr Quraish,29.986357,31.288998,,,,9,1097.0
runner.remarking.hints,Saqr Quraish,29.985199,31.286264,,,,54,6505.0
shepherdess.pits.tank,Saqr Quraish,29.985836,31.288576,,,,81,5039.666666666667
snowboard.collect.encrusted,Saqr Quraish,29.98587,31.285892,,,,9,822.0
width.testing.willpower,Saqr Quraish,29.986034,31.288458,,,,18,3278.5
upholds.parade.pokes,Saray Al Qobba,30.098005,31.307537,,,,63,3109.5714285714284
waistcoat.required.formal,Saray Al Qobba,30.09799,31.307371,,,,117,4251.2307692307695
answers.scrub.manager,Sayyed Al Abedeen Pharmacy - Cablat St,30.11381,31.29253,,,,18,4197.0
whirlwind.trickle.diplomas,Scoial Services School - Roxy,30.091349,31.309818,,,,18,6013.0
december.scatters.creamed,Seagull Iron - Bolak,30.06748,31.229347,,,,90,1539.2
positions.ankle.union,Seagull Iron - Bolak,30.067562,31.229425,,,,81,1671.5555555555557
openly.winks.crisis,Sednawy - Sudan St,30.038057,31.196566,,,,207,3802.8695652173915
trek.fuels.merge,Sednawy - Sudan St,30.038036,31.196451,,,,216,4154.5
different.stacks.spun,Sekat Hadid Al Mahager - Basateen,29.984303,31.271845,,,,108,2953.1666666666665
entertainer.unspoiled.butter,Sekket Al Waili,30.091593,31.280077,,,,90,4280.1
revision.stowing.subplot,Sekket Al Waili,30.09165,31.279657,,,,63,4476.714285714285
unloaded.garlic.headset,Sekket Al Waili Street - Kobry Al Qobba,30.087593,31.289814,,,,117,5922.2307692307695
magical.hobby.sneezing,Shabramant Bus Station,29.939842,31.195314,,,,36,659.0
munch.alien.stroke,Shabramant Bus Station,29.939383,31.194988,,,,18,1995.0
unguarded.book.engraving,Shahrazad Hall - Sawah,30.111885,31.284094,,,,99,3762.818181818182
dollars.waking.supporter,Shams Club - Alf Maskan,30.121387,31.342785,,,,225,5959.2
newly.perfumed.nimbly,Shams Club - Alf Maskan,30.121525,31.342604,,,,153,5750.529411764706
admiringly.fizzled.bagpipes,Shams Club Squash Courts,30.11749,31.36081,,,,9,5664.0
fine.claw.paces,Shams Club Squash Courts,30.117662,31.360947,,,,270,4864.366666666667
downsize.think.soccer,Shawerma Abu Mazen - Maadi,29.960434,31.250397,,,,36,8330.5
testers.rather.absorbing,Sheikh Al Balad - Ain Shams St,30.123812,31.318815,,,,99,5832.0
unlisted.wound.swept,Sheikh Al Balad - Ain Shams St,30.123829,31.318724,,,,81,6134.111111111111
rivals.ballooned.smile,Sheikh Ali Youssef School - Downtown,30.029987,31.233912,,,,117,4894.0
shocking.objective.breakaway,Sheikh Selim Institute - Arbean St,30.134434,31.31476,,,,99,1968.7272727272727
walked.windy.smiles,Shepheard Hotel,30.042263,31.231504,,,,288,6071.90625
mule.daylight.nametag,Sheraton Bus Station,30.105803,31.386398,,,,72,1955.75
destroyer.degree.bandstand,Sherket Al Maadi St - Gazaer St,29.985071,31.273645,,,,90,6376.1
frizz.vocally.reprints,Sherket Al Maadi St - Gazaer St,29.985058,31.27377,,,,27,6832.0
present.cabinets.arranger,Shobra - Banha Steps,30.149567,31.254063,,,,126,2553.1428571428573
underline.purified.splice,Shobra - Banha Steps,30.149712,31.25426,,,,144,3036.5625
column.attends.cools,Shooting Club Pedestrian Tunnel,29.983543,31.325731,,,,90,2277.3
irritable.swells.text,Shooting Club Pedestrian Tunnel,29.98335,31.325705,,,,9,5678.0
though.calm.react,Shooting Club Pedestrian Tunnel,29.983711,31.325745,,,,81,4133.555555555556
cleanser.steamed.paddle,Shubra Al Khaima City Authority,30.11991,31.242662,,,,54,3599.3333333333335
case.pods.rummage,Shubra Al Kheima,30.12328,31.245155,,,,54,6382.166666666667
gymnasium.outreach.quarrel,Shubra Al Kheima,30.123129,31.245079,,,,18,4543.0
celebrate.slick.unit,Shubra Al Kheima City Council,30.1201,31.243366,,,,54,1348.5
revise.gets.vandalism,Shubra Al Kheima East District Presidency,30.13508,31.2728,,,,153,4255.882352941177
outlawing.remover.cricket,Shubra Al Kheima Metro Station,30.121689,31.244516,,,,81,2658.222222222222
workforce.duplicate.masterpiece,Shubra Al Kheima Metro Station,30.121758,31.24463,,,,81,2172.777777777778
lays.fork.jumbo,Shubra Al Kheima Power Plant,30.11448,31.24205,,,,108,2473.9166666666665
list.limiting.gossiped,Shubra Al Kheima Power Plant,30.11446,31.24194,,,,90,2776.4
applied.unsecured.patting,Silver Nile Social Club - Maadi Corniche,29.97853,31.233097,,,,135,3930.9333333333334
remembers.verb.defers,Silver Nile Social Club - Maadi Corniche,29.97851,31.232973,,,,180,4845.5
began.compelled.zoom,Silver Star Mall - 5th Settlement,30.003302,31.42034,New Cairo City,5712885.0,15000.0,9,300.0
began.compelled.zoom,Silver Star Mall - 5th Settlement,30.003302,31.42034,New Cairo City,5712885.0,15000.0,9,300.0
began.compelled.zoom,Silver Star Mall - 5th Settlement,30.003302,31.42034,New Cairo City,5712885.0,15000.0,9,300.0
began.compelled.zoom,Silver Star Mall - 5th Settlement,30.003302,31.42034,New Cairo City,5712885.0,15000.0,9,300.0
strike.hunches.strutting,Silver Star Mall - 5th Settlement,30.003605,31.42019,New Cairo City,5712885.0,15000.0,9,300.0
strike.hunches.strutting,Silver Star Mall - 5th Settlement,30.003605,31.42019,New Cairo City,5712885.0,15000.0,9,300.0
strike.hunches.strutting,Silver Star Mall - 5th Settlement,30.003605,31.42019,New Cairo City,5712885.0,15000.0,9,300.0
strike.hunches.strutting,Silver Star Mall - 5th Settlement,30.003605,31.42019,New Cairo City,5712885.0,15000.0,9,300.0
leads.amplified.senders,Simsima - Dokki,30.033813,31.211926,,,,99,3935.818181818182
over.tripods.observers,Simsima - Dokki,30.03319,31.212158,,,,90,4196.5
crunching.shipwreck.jigsaw,Sky Mart Mall - 1st Settlement,30.067867,31.451164,New Cairo City,5712885.0,15000.0,9,670.0
crunching.shipwreck.jigsaw,Sky Mart Mall - 1st Settlement,30.067867,31.451164,New Cairo City,5712885.0,15000.0,9,670.0
crunching.shipwreck.jigsaw,Sky Mart Mall - 1st Settlement,30.067867,31.451164,New Cairo City,5712885.0,15000.0,9,670.0
crunching.shipwreck.jigsaw,Sky Mart Mall - 1st Settlement,30.067867,31.451164,New Cairo City,5712885.0,15000.0,9,670.0
respects.slimmer.shun,Soap Factory - Marg,30.171812,31.345152,,,,72,2931.0
hacksaw.asserts.bulky,Sobhy Hussein St - Moqattam,29.998299,31.327147,,,,72,7089.75
rely.flitting.revival,Sobhy Hussein St - Moqattam,29.998503,31.326773,,,,72,6658.875
steeped.amaze.city,Social Insurance Bureau - El Khanka,30.227083,31.363916,,,,36,2816.5
joined.walks.verb,Social Insurance Bureau - Shubra Al Kheima,30.136131,31.27064,,,,81,5110.555555555556
feathers.piglets.full,Sonesta Hotel - Tayaran St,30.078936,31.318775,,,,72,5390.375
instead.graphic.melts,Sonesta Hotel - Tayaran St,30.078842,31.318634,,,,54,6021.166666666667
client.collapsed.baguette,Souq Al Asr - Khalifa Al Mamoun,30.088058,31.309906,,,,216,6139.416666666667
relies.ratio.defectors,Souq Al Asr - Khalifa Al Mamoun,30.08817,31.309748,,,,198,6150.909090909091
union.impulsive.wired,Souq Bab Al Louk,30.04521,31.23972,,,,198,5652.090909090909
chase.geologist.nearing,South Cairo Electricity Distribution Co - Kerdasa,30.034996,31.099918,,,,18,822.0
clouds.forgives.lordship,South Cairo Electricity Distribution Co - Kerdasa,30.035053,31.099964,,,,18,822.0
dimension.skyrocket.fuels,Sphinx Square,30.059973,31.208063,,,,144,5164.75
heartless.strays.curve,Sphinx Square,30.062052,31.207659,,,,252,4338.035714285715
leathers.cope.sweetly,Sphinx Square,30.060131,31.207727,,,,63,4950.428571428572
suffix.estuaries.panicking,Sphinx Square,30.06168,31.207418,,,,9,146.0
builders.corporate.caravan,Sports Cafe - Batal Ahmed St,30.053589,31.20565,,,,18,324.0
uniforms.nightfall.spires,Sports Cafe - Batal Ahmed St,30.053669,31.205774,,,,18,741.0
dumpling.trying.excellent,St Antony Church - Zahraa Al Maadi,29.969433,31.324057,,,,18,3293.0
simulations.dragons.toasters,St Antony Church - Zahraa Al Maadi,29.969618,31.324062,,,,18,3293.0
hires.gallons.roadblock,State Council - Dokki,30.036283,31.218552,,,,63,2646.4285714285716
snowballs.koala.plank,State Council - Dokki,30.036324,31.218414,,,,63,2646.4285714285716
aliens.tortoises.sound,Street 10 Steps - Ring Road,30.106262,31.20296,,,,54,3615.0
void.staples.something,Street 10 Steps - Ring Road,30.106283,31.202766,,,,54,2754.0
pines.plea.tonal,Street 29 - Al Hamd Square,29.99985,31.422531,New Cairo City,5712885.0,15000.0,9,300.0
pines.plea.tonal,Street 29 - Al Hamd Square,29.99985,31.422531,New Cairo City,5712885.0,15000.0,9,300.0
pines.plea.tonal,Street 29 - Al Hamd Square,29.99985,31.422531,New Cairo City,5712885.0,15000.0,9,300.0
pines.plea.tonal,Street 29 - Al Hamd Square,29.99985,31.422531,New Cairo City,5712885.0,15000.0,9,300.0
fulfilled.doctors.hidden,Sudan Street - Lebanon Square,30.059399,31.189949,,,,189,3353.2380952380954
squabbles.outsiders.wrenching,Sudan Street - Lebanon Square,30.059406,31.19004,,,,153,3878.294117647059
double.flushes.mouths,Suez Bridge,30.080288,31.435501,,,,81,4102.111111111111
vented.rebounds.dupe,Suez Bridge - Ring Road,30.0802,31.435741,,,,81,3445.1111111111113
parked.inhales.vibes,Suez Canal Bank - Shobra,30.073187,31.244999,,,,351,5433.692307692308
garlic.collects.motel,Sultan Abou Al Ela Mosque - Maspero,30.056337,31.230844,,,,27,2557.6666666666665
hopes.myth.hypocrite,Sultan Abou Al Ela Mosque - Maspero,30.056225,31.230804,,,,45,2663.2
slip.bloomers.frantic,Sun City Mall - Sheraton,30.103882,31.384287,,,,81,6087.222222222223
sweetened.melts.taxi,Sun City Mall - Sheraton,30.103954,31.384144,,,,81,6087.222222222223
minder.scratches.opened,Sun Mall,30.050423,31.392763,,,,90,3975.4
friends.serenade.speeches,Swan Lake Compound - 5th Settlement,30.054367,31.442087,New Cairo City,5712885.0,15000.0,18,3075.5
friends.serenade.speeches,Swan Lake Compound - 5th Settlement,30.054367,31.442087,New Cairo City,5712885.0,15000.0,18,3075.5
friends.serenade.speeches,Swan Lake Compound - 5th Settlement,30.054367,31.442087,New Cairo City,5712885.0,15000.0,18,3075.5
friends.serenade.speeches,Swan Lake Compound - 5th Settlement,30.054367,31.442087,New Cairo City,5712885.0,15000.0,18,3075.5
pyramid.womanly.forehand,Syndicate Of Commercial Professions - Abbasseya,30.066784,31.294334,,,,225,4522.56
sliding.lentil.revamping,Syndicate Of Commercial Professions - Abbasseya,30.066582,31.294127,,,,243,4281.925925925926
defenders.scar.headlines,Taaqa Gas Station - 15th of May,29.834192,31.356184,,,,27,4509.333333333333
partied.exactly.clenching,Taaqa Gas Station - 15th of May,29.834278,31.35593,,,,27,6575.333333333333
baseballs.plotting.anyone,Taawon Gas Station - Al Mataryaa,30.123241,31.301365,,,,9,2022.0
pave.glitz.brittle,Taawon Gas Station - Al Mataryaa,30.122766,31.300568,,,,72,3163.125
print.strongman.calculate,Taawon Gas Station - Al Mataryaa,30.122843,31.300657,,,,72,3719.75
costs.envelope.voltages,Tabarak - Omar Al Mokhtar St,30.122538,31.297058,,,,27,3493.3333333333335
wheat.jugs.gifted,Tabarak - Omar Al Mokhtar St,30.121536,31.297302,,,,36,4868.0
available.exhaled.envy,Tabarak Children's Hospital - Nasr City,30.046406,31.32845,,,,153,5701.294117647059
bakers.rooms.wobbling,Tabarak Children's Hospital - Nasr City,30.046604,31.328613,,,,135,5617.8
fists.jazz.turned,Tahrir Square,30.044655,31.236061,,,,90,6328.9
trudges.hers.nags,Tahrir Square,30.044035,31.235695,,,,180,5574.6
addicted.roses.yummy,Taki - Al Waili,30.059298,31.276402,,,,72,5374.75
optimists.waggled.sensible,Taki - Al Waili,30.059246,31.276339,,,,54,5321.0
doing.leathers.expiring,Talaat Harb Mall - Downtown,30.050495,31.24048,,,,63,3616.8571428571427
terminal.elevates.vaccines,Talaat Harb Square - Downtown,30.047781,31.23868,,,,54,3584.6666666666665
barbarian.birdcage.assess,Taqa Gas Station - Badrasheen,29.859373,31.27863,,,,18,1067.5
competent.dish.breaches,Taqa Gas Station - Badrasheen,29.859903,31.27911,,,,36,2027.25
hands.perusing.weeps,TechnoTex Clothes Co - 15th of May,29.817312,31.358702,,,,9,2028.0
when.sandpaper.snacks,TechnoTex Clothes Co - 15th of May,29.817469,31.35875,,,,9,2028.0
amicably.economies.ooze,Technological Center - Maadi,29.964636,31.26094,,,,9,423.0
gashes.insolvent.defaults,Technological Center - Maadi,29.964628,31.260841,,,,45,5063.0
texts.stopped.tourist,Telecom Egypt Central - Almaza,30.086441,31.334944,,,,27,5065.666666666667
tomorrow.cosmetic.screen,Telecom Egypt Central - Almaza,30.08662,31.335049,,,,27,3362.3333333333335
fuzz.dabbled.soccer,Teraat Al Gabal Street,30.101852,31.3057,,,,72,3678.875
rave.package.cutback,Teraat Al Gabal Street,30.101713,31.305626,,,,90,3924.5
romance.directive.special,Tereat Al Gabal St - Al Horeyya St,30.113407,31.31206,,,,180,4011.3
announced.accusing.king,Tharwat Bridge - Saft El Laban,30.02756,31.201534,,,,45,3388.0
enjoy.renders.chromatic,Tharwat Bridge - Saft El Laban,30.0274,31.201654,,,,72,2317.125
garden.party.florists,Tharwat Bridge - Saft El Laban,30.027296,31.201706,,,,72,4104.0
respects.surviving.lecturing,Tharwat Bridge - Saft El Laban,30.0275,31.201649,,,,54,971.8333333333334
concluded.nipping.audio,The Continental School - Obour,30.195063,31.460909,,,,9,300.0
easily.rush.look,The Continental School - Obour,30.195194,31.46101,,,,9,300.0
rejoiced.hound.tins,The Egyptian Lawyers Association,30.052374,31.237604,,,,702,5792.923076923077
blackbird.rescue.villager,The English School - Abu Bakr,30.101187,31.333122,,,,99,3774.3636363636365
padlock.deranged.caskets,The English School - Abu Bakr,30.10089,31.332691,,,,18,1306.5
conjured.retire.overpaid,The Good Shepherd Hospital,30.076738,31.245153,,,,342,5553.0
flattens.bloomers.firework,The Good Shepherd Nuns,30.078138,31.24519,,,,351,5433.692307692308
keener.imperious.increased,The Platform Maadi,29.974354,31.234755,,,,180,4845.5
system.tumblers.slot,The Platform Maadi,29.974386,31.23488,,,,135,3930.9333333333334
greet.chip.jobs,Three Brothers Supermarket - Manial,30.015821,31.22227,,,,135,3612.0
ounce.shoelaces.cove,Three Brothers Supermarket - Manial,30.015936,31.222256,,,,108,4182.416666666667
fashion.vowel.bids,Three Pyramids Hotel,30.000565,31.178139,,,,135,5929.466666666666
outfitter.view.lows,Three Pyramids Hotel,30.000706,31.178076,,,,126,6106.571428571428
pedicure.shins.postings,Tiles Workshop - Berak Al Khayam Rd,30.056458,31.160341,,,,18,196.0
avid.cookies.owned,Tolip - Zahraa Nasr City,30.051916,31.404387,,,,27,6929.333333333333
replayed.arose.interlude,Tolip - Zahraa Nasr City,30.051628,31.404638,,,,153,2979.235294117647
snips.scenes.agreement,Tolip Plaza,30.025322,31.46561,New Cairo City,5712885.0,15000.0,27,5128.333333333333
snips.scenes.agreement,Tolip Plaza,30.025322,31.46561,New Cairo City,5712885.0,15000.0,27,5128.333333333333
snips.scenes.agreement,Tolip Plaza,30.025322,31.46561,New Cairo City,5712885.0,15000.0,27,5128.333333333333
snips.scenes.agreement,Tolip Plaza,30.025322,31.46561,New Cairo City,5712885.0,15000.0,27,5128.333333333333
driving.snowy.centrally,Tolip Plaza - 5th Settlement,30.025606,31.465607,New Cairo City,5712885.0,15000.0,18,4666.0
driving.snowy.centrally,Tolip Plaza - 5th Settlement,30.025606,31.465607,New Cairo City,5712885.0,15000.0,18,4666.0
driving.snowy.centrally,Tolip Plaza - 5th Settlement,30.025606,31.465607,New Cairo City,5712885.0,15000.0,18,4666.0
driving.snowy.centrally,Tolip Plaza - 5th Settlement,30.025606,31.465607,New Cairo City,5712885.0,15000.0,18,4666.0
recruited.sank.tweed,Toman Bay St - Heliopolis,30.103365,31.314732,,,,81,5715.444444444444
knowledge.sporting.political,Tomwa - Abu Al Nomros,29.932976,31.255991,,,,45,3382.6
taskbar.porch.surfaces,Tomwa - Abu Al Nomros,29.933035,31.256063,,,,45,3382.6
conveying.pelting.short,Tora Prison - Autostrad,29.947107,31.28702,,,,108,2550.9166666666665
reason.according.chucked,Tora Prison - Autostrad,29.946606,31.287176,,,,108,3924.0
asserts.sings.shame,Tora Steps - Autostrad,29.95158,31.287321,,,,108,3924.0
safe.gong.backdrop,Tora Steps - Autostrad,29.951576,31.287125,,,,108,2550.9166666666665
monks.education.degree,Total Gas Station - Autostrad,29.982748,31.289143,,,,135,3294.733333333333
required.scored.crouches,Total Gas Station - Autostrad,29.982758,31.28943,,,,36,2910.5
slim.dwarves.motivates,Total Gas Station - Autostrad,29.982737,31.289026,,,,9,589.0
zaps.lamp.arise,Total Gas Station - Autostrad,29.982756,31.289314,,,,90,4532.9
fled.parked.displays,Total Gas Station - Autostrad Zahraa Al Maadi,29.95854,31.28749,,,,108,3924.0
thousands.submit.costs,Total Gas Station - Autostrad Zahraa Al Maadi,29.95855,31.28734,,,,108,2550.9166666666665
lakeside.replayed.making,Total Gas Station - Haram Marioteya,29.99099,31.15231,,,,126,6157.428571428572
often.ambushes.coats,Total Gas Station - Haram Marioteya,29.99085,31.152378,,,,135,5976.933333333333
appointed.debating.activism,Total Gas Station - Kattameya Entrance,29.983797,31.366215,,,,72,3272.875
encrusted.warping.flopping,Total Gas Station - Kattameya Entrance,29.983522,31.366636,New Cairo City,5712885.0,15000.0,27,3294.6666666666665
encrusted.warping.flopping,Total Gas Station - Kattameya Entrance,29.983522,31.366636,New Cairo City,5712885.0,15000.0,27,3294.6666666666665
encrusted.warping.flopping,Total Gas Station - Kattameya Entrance,29.983522,31.366636,New Cairo City,5712885.0,15000.0,27,3294.6666666666665
encrusted.warping.flopping,Total Gas Station - Kattameya Entrance,29.983522,31.366636,New Cairo City,5712885.0,15000.0,27,3294.6666666666665
splints.received.activism,Total Gas Station - Kattameya Entrance,29.983631,31.366325,,,,72,2320.875
erupt.masking.fluid,Total Gas Station Bassous - Ring Road,30.140024,31.206123,,,,54,2754.0
snowy.thing.leaky,Total Gas Station Bassous - Ring Road,30.139954,31.206324,,,,54,3615.0
camper.straying.decrease,Traffic Department Ain El Sira,30.014812,31.246943,,,,27,2128.0
paths.consoles.decompose,Traffic Department Ain El Sira,30.014887,31.246954,,,,72,4566.375
learning.gears.overjoyed,Triumph Hotel,30.086702,31.306011,,,,216,6139.416666666667
hers.factory.saved,Triumph Square,30.100857,31.343473,,,,243,4961.037037037037
royally.tailors.sheds,Triumph Square,30.100933,31.34302,,,,225,5214.76
immediate.transcribes.this,Tuktuk Stop - 15th of May Bridge - Shubra Al Kheima,30.121626,31.250525,,,,216,5810.166666666667
pumpkin.switched.norms,Tuktuk Stop - 15th of May Bridge - Shubra Al Kheima,30.12162,31.25039,,,,216,5327.083333333333
composes.operated.vaulting,Twin Plaza,30.052885,31.43201,New Cairo City,5712885.0,15000.0,18,3075.5
composes.operated.vaulting,Twin Plaza,30.052885,31.43201,New Cairo City,5712885.0,15000.0,18,3075.5
composes.operated.vaulting,Twin Plaza,30.052885,31.43201,New Cairo City,5712885.0,15000.0,18,3075.5
composes.operated.vaulting,Twin Plaza,30.052885,31.43201,New Cairo City,5712885.0,15000.0,18,3075.5
language.weary.dissolves,Unknown Soldier (Al Gondi Al Maghool),30.064703,31.314491,,,,207,4729.086956521739
living.thudding.weeks,Unknown Soldier (Al Gondi Al Maghool),30.064566,31.314634,,,,369,5064.878048780488
wizards.food.legroom,Vehicles Administration - Salah Salem St,30.061493,31.284578,,,,54,3323.6666666666665
worked.outhouse.moment,Vehicles Administration - Salah Salem St,30.061562,31.284456,,,,99,2015.3636363636363
apprehend.backswing.guideline,Versay - Waili,30.10375,31.280584,,,,126,4827.214285714285
fairy.sharpness.quaking,Versay - Waili,30.103537,31.28065,,,,135,4400.0
hides.foreheads.buggy,Victoria - Ahmed Helmy St,30.086847,31.255991,,,,72,3704.875
tonic.slopes.greyhound,Victoria - Ahmed Helmy St,30.08715,31.25587,,,,45,3344.6
coil.amount.pirates,Vitrac Square - 5th Settlement,30.011385,31.41438,New Cairo City,5712885.0,15000.0,9,300.0
coil.amount.pirates,Vitrac Square - 5th Settlement,30.011385,31.41438,New Cairo City,5712885.0,15000.0,9,300.0
coil.amount.pirates,Vitrac Square - 5th Settlement,30.011385,31.41438,New Cairo City,5712885.0,15000.0,9,300.0
coil.amount.pirates,Vitrac Square - 5th Settlement,30.011385,31.41438,New Cairo City,5712885.0,15000.0,9,300.0
guidebook.besotted.pelting,Vitrac Square - 5th Settlement,30.011192,31.413826,New Cairo City,5712885.0,15000.0,9,300.0
guidebook.besotted.pelting,Vitrac Square - 5th Settlement,30.011192,31.413826,New Cairo City,5712885.0,15000.0,9,300.0
guidebook.besotted.pelting,Vitrac Square - 5th Settlement,30.011192,31.413826,New Cairo City,5712885.0,15000.0,9,300.0
guidebook.besotted.pelting,Vitrac Square - 5th Settlement,30.011192,31.413826,New Cairo City,5712885.0,15000.0,9,300.0
bars.kilt.shield,Vodafone - Ahmed Al Zomor,30.04863,31.374516,,,,72,2709.625
puddings.treetop.cringe,Vodafone - Ahmed Al Zomor,30.04843,31.374554,,,,81,3459.777777777778
hogs.voucher.lamplight,Vodafone - Awsim,30.122011,31.13932,,,,9,1114.0
item.retract.adjuster,Vodafone - Imbaba,30.072039,31.209364,,,,54,2016.8333333333333
invite.cookery.reclined,Vodafone - Zahraa Al Maadi,29.961956,31.303055,,,,9,4396.0
unsettled.secretly.dote,Vodafone - Zahraa Al Maadi,29.961712,31.30303,,,,9,4396.0
handicaps.deriving.hides,Wadi Al Nile Hospital - Matareya St,30.09909,31.299648,,,,72,5229.5
tint.repay.woof,Wadi Al Nile Hospital - Matareya St,30.099112,31.299528,,,,72,4603.75
mainland.sensibly.lame,Wadi Al Nile St - Nile Courniche,29.95426,31.25448,,,,36,5527.75
weeks.purifier.glee,Wadi Al Nile St - Nile Courniche,29.954168,31.25443,,,,90,6887.7
movements.gilding.vintages,Wadi Degla Sporting Club - Heliopolis,30.095068,31.382782,,,,36,1330.25
noble.storming.jogged,Wadi Degla Sporting Club - New Cairo,30.052553,31.426704,New Cairo City,5712885.0,15000.0,18,3075.5
noble.storming.jogged,Wadi Degla Sporting Club - New Cairo,30.052553,31.426704,New Cairo City,5712885.0,15000.0,18,3075.5
noble.storming.jogged,Wadi Degla Sporting Club - New Cairo,30.052553,31.426704,New Cairo City,5712885.0,15000.0,18,3075.5
noble.storming.jogged,Wadi Degla Sporting Club - New Cairo,30.052553,31.426704,New Cairo City,5712885.0,15000.0,18,3075.5
punch.formally.dignitary,Wadi Degla Sporting Club - New Cairo,30.052345,31.42676,New Cairo City,5712885.0,15000.0,18,3075.5
punch.formally.dignitary,Wadi Degla Sporting Club - New Cairo,30.052345,31.42676,New Cairo City,5712885.0,15000.0,18,3075.5
punch.formally.dignitary,Wadi Degla Sporting Club - New Cairo,30.052345,31.42676,New Cairo City,5712885.0,15000.0,18,3075.5
punch.formally.dignitary,Wadi Degla Sporting Club - New Cairo,30.052345,31.42676,New Cairo City,5712885.0,15000.0,18,3075.5
mankind.shark.broadens,Wadi Hof Metro Station,29.879276,31.314032,,,,9,434.0
plant.bleaching.coaching,Wadi Hof Metro Station,29.878838,31.313166,,,,63,1737.5714285714287
talkative.secretly.sofa,Wadi Hof Metro Station,29.879316,31.314125,,,,81,4010.5555555555557
lads.deduced.each,Waei Islami Hospital - Mostorod,30.120516,31.285673,,,,45,6428.0
operating.smashes.hired,Waei Islami Hospital - Mostorod,30.12037,31.285807,,,,45,6649.6
summaries.agreed.nicely,Waei Islami Hospital - Mostorod,30.120123,31.286963,,,,81,3094.6666666666665
wanting.beginning.feuds,Waei Islami Hospital - Mostorod,30.119967,31.28705,,,,72,2918.5
invent.flop.pretty,Waha Garage - 10th District - Nasr City,30.040413,31.37895,,,,9,1348.0
vouch.rehearsed.union,Waha Garage - 10th District - Nasr City,30.040493,31.378796,,,,36,4950.75
abacus.grace.elbowing,Warraq Al Arab Bus Station,30.095581,31.214863,,,,54,2487.1666666666665
lectures.outbound.tutored,Warraq Al Arab Bus Station,30.095724,31.21479,,,,9,437.0
unhappily.unfair.gazette,Wataneya Gas Station - Al Nasr Company,29.869751,31.305399,,,,27,2892.3333333333335
aimlessly.bribing.wasp,Wataneya Gas Station - Autostrad Maadi,29.975727,31.290035,,,,90,4532.9
quail.pampered.unwraps,Wataneya Gas Station - Autostrad Maadi,29.975721,31.289837,,,,108,2550.9166666666665
scale.dislikes.crinkled,Wataneya Gas Station - Autostrad Maadi,29.975735,31.290129,,,,18,879.5
curable.bullion.diplomas,Wataneya Gas Station - Ring Road - Kattameya,29.98684,31.30891,,,,81,3293.1111111111113
thumb.finally.alarmed,Wataneya Gas Station - Ring Road - Kattameya,29.98652,31.309383,,,,72,3301.375
prayers.tolerable.clumped,Water Plant 1 - Asmarat,29.998314,31.33347,,,,36,7018.0
bandaged.truffles.napkins,Water Plant 2 - Asmarat,29.997883,31.33205,,,,72,7089.75
hardening.blend.cake,Water Plant 2 - Asmarat,29.997904,31.331915,,,,72,6658.875
like.maddening.cornfield,Waterway Compound,30.041355,31.47503,New Cairo City,5712885.0,15000.0,9,6053.0
like.maddening.cornfield,Waterway Compound,30.041355,31.47503,New Cairo City,5712885.0,15000.0,9,6053.0
like.maddening.cornfield,Waterway Compound,30.041355,31.47503,New Cairo City,5712885.0,15000.0,9,6053.0
like.maddening.cornfield,Waterway Compound,30.041355,31.47503,New Cairo City,5712885.0,15000.0,9,6053.0
fights.inkjet.candy,Wax Museum - Helwan,29.85955,31.32625,,,,54,2642.1666666666665
fortunate.coupler.novels,Wax Museum - Helwan,29.860022,31.326483,,,,72,4365.625
cages.fade.blemishes,West Golf,29.999386,31.400913,New Cairo City,5712885.0,15000.0,9,5678.0
cages.fade.blemishes,West Golf,29.999386,31.400913,New Cairo City,5712885.0,15000.0,9,5678.0
cages.fade.blemishes,West Golf,29.999386,31.400913,New Cairo City,5712885.0,15000.0,9,5678.0
cages.fade.blemishes,West Golf,29.999386,31.400913,New Cairo City,5712885.0,15000.0,9,5678.0
suits.thrones.hamper,West Golf,29.999191,31.40061,New Cairo City,5712885.0,15000.0,9,5678.0
suits.thrones.hamper,West Golf,29.999191,31.40061,New Cairo City,5712885.0,15000.0,9,5678.0
suits.thrones.hamper,West Golf,29.999191,31.40061,New Cairo City,5712885.0,15000.0,9,5678.0
suits.thrones.hamper,West Golf,29.999191,31.40061,New Cairo City,5712885.0,15000.0,9,5678.0
brew.selection.stone,White Road - Rind Road,30.056694,31.176073,,,,99,3102.2727272727275
plotting.sweeper.insulated,White Road - Rind Road,30.05666,31.1759,,,,81,2991.5555555555557
alike.leans.walking,Windrose Academy,29.979734,31.351715,,,,90,2277.3
uniform.neatly.guideline,Windrose Academy,29.979536,31.351593,,,,9,5678.0
louder.hurray.relief,Wonder Land Mall - Abbas Al Akkad,30.048239,31.33923,,,,18,8060.5
nods.coach.headrest,Wonder Land Mall - Abbas Al Akkad,30.04826,31.339441,,,,18,8060.5
choppy.unites.ramps,Yousef Abbas St - Autostrad,30.066807,31.320755,,,,261,4814.6551724137935
tuned.ratty.runways,Yousef Abbas St - Autostrad,30.06698,31.319702,,,,207,4729.086956521739
sushi.smooth.landlady,Youth Housing - Al Shorouq,30.16558,31.6475,,,,9,4734.0
witty.compacts.emerald,Youth Housing - Al Shorouq,30.165722,31.64695,,,,18,3048.0
deriving.engrossed.monitors,Zahraa,29.99813,31.228846,,,,18,2595.0
daredevil.airstrip.powers,Zahraa Ain Shams Bus Station,30.137196,31.337414,,,,9,3166.0
skidding.plea.vitals,Zahraa Ain Shams Bus Station,30.136753,31.337631,,,,36,2892.5
showed.lunching.elevated,Zahraa Al Maadi Tunnel - Start,29.961538,31.289337,,,,9,4396.0
dusts.lighters.shows,Zahraa Exit - Ring Road,29.991402,31.234106,,,,99,2891.3636363636365
exist.skis.loom,Zahraa Exit - Ring Road,29.991581,31.234047,,,,99,3692.5454545454545
fine.sleep.initiates,Zahraa Madinet Nasr,30.054674,31.413006,New Cairo City,5712885.0,15000.0,45,3532.2
fine.sleep.initiates,Zahraa Madinet Nasr,30.054674,31.413006,New Cairo City,5712885.0,15000.0,45,3532.2
fine.sleep.initiates,Zahraa Madinet Nasr,30.054674,31.413006,New Cairo City,5712885.0,15000.0,45,3532.2
fine.sleep.initiates,Zahraa Madinet Nasr,30.054674,31.413006,New Cairo City,5712885.0,15000.0,45,3532.2
newsprint.forgets.supplier,Zahraa Madinet Nasr,30.05165,31.401678,,,,108,4016.25
purifier.reform.foiled,Zahraa Madinet Nasr,30.05629,31.413527,,,,54,4423.333333333333
wasps.fork.contact,Zahraa Madinet Nasr,30.050953,31.406143,,,,45,1835.2
human.opens.costumed,Zahraa Metro Station,29.995083,31.231228,,,,45,1776.6
vowed.wolf.mergers,Zahraa Metro Station,29.995024,31.231157,,,,63,2571.8571428571427
brushing.fittingly.envy,Zahraa Nasr City,30.051455,31.399925,,,,108,4016.25
heartburn.hostels.aura,Zahraa Nasr City,30.051239,31.399977,,,,90,3975.4
bricks.scripted.garages,Zaker Hussein - Al Tayaran,30.043505,31.329123,,,,27,5266.666666666667
grumble.forced.joys,Zaker Hussein - Al Tayaran,30.043732,31.32926,,,,63,3332.4285714285716
prime.bypassed.watches,Zaker Hussein - Al Tayaran,30.043564,31.32929,,,,126,5983.071428571428
thinking.unfilled.stretch,Zaker Hussein - Al Tayaran,30.043745,31.329067,,,,171,5310.368421052632
cutaway.abandons.stung,Zamalek Sporting Club,30.060734,31.205017,,,,18,3386.5
grins.brief.duos,Zamzam Specialized Hospital - Om Bayoumi,30.139488,31.250868,,,,54,6861.166666666667
originals.brilliant.certified,Zamzam Specialized Hospital - Om Bayoumi,30.139528,31.250591,,,,36,6934.25
analogy.refusals.shadowed,Zayed 2000,30.019852,31.008379,,,,9,146.0
convert.busy.hourglass,Zohoor City - Basateen Rd,29.993923,31.266552,,,,288,5233.1875
