route_id,service_id,trip_id,shape_id,trip_headsign,direction_id
COOP_CA125,Ground_Daily,COOP_CA123_R (06-30-00),COOP_CA123_R_shape,COOP_CA123_R,1
COOP_CA125,Ground_Daily,COOP_CA123_R (08-00-00),COOP_CA123_R_shape,COOP_CA123_R,1
COOP_CA125,Ground_Daily,COOP_CA123_R (09-00-00),COOP_CA123_R_shape,COOP_CA123_R,1
COOP_CA125,Ground_Daily,COOP_CA123_R (11-00-00),COOP_CA123_R_shape,COOP_CA123_R,1
COOP_CA125,Ground_Daily,COOP_CA123_R (13-00-00),COOP_CA123_R_shape,COOP_CA123_R,1
COOP_CA125,Ground_Daily,COOP_CA123_R (15-00-00),COOP_CA123_R_shape,COOP_CA123_R,1
COOP_CA125,Ground_Daily,COOP_CA123_R (17-00-00),COOP_CA123_R_shape,COOP_CA123_R,1
COOP_CA125,Ground_Daily,COOP_CA123_R (19-00-00),COOP_CA123_R_shape,COOP_CA123_R,1
COOP_CA125,Ground_Daily,COOP_CA123_R (21-00-00),COOP_CA123_R_shape,COOP_CA123_R,1
COOP_CA125,Ground_Daily,COOP_CA125_O (06-30-00),COOP_CA125_O_shape,COOP_CA125_O,0
COOP_CA125,Ground_Daily,COOP_CA125_O (08-00-00),COOP_CA125_O_shape,COOP_CA125_O,0
COOP_CA125,Ground_Daily,COOP_CA125_O (09-00-00),COOP_CA125_O_shape,COOP_CA125_O,0
COOP_CA125,Ground_Daily,COOP_CA125_O (11-00-00),COOP_CA125_O_shape,COOP_CA125_O,0
COOP_CA125,Ground_Daily,COOP_CA125_O (13-00-00),COOP_CA125_O_shape,COOP_CA125_O,0
COOP_CA125,Ground_Daily,COOP_CA125_O (15-00-00),COOP_CA125_O_shape,COOP_CA125_O,0
COOP_CA125,Ground_Daily,COOP_CA125_O (17-00-00),COOP_CA125_O_shape,COOP_CA125_O,0
COOP_CA125,Ground_Daily,COOP_CA125_O (19-00-00),COOP_CA125_O_shape,COOP_CA125_O,0
COOP_CA125,Ground_Daily,COOP_CA125_O (21-00-00),COOP_CA125_O_shape,COOP_CA125_O,0
COOP_GZ016,Ground_Daily,COOP_GZ006_O (06-30-00),COOP_GZ006_O_shape,COOP_GZ006_O,0
COOP_GZ016,Ground_Daily,COOP_GZ006_O (08-00-00),COOP_GZ006_O_shape,COOP_GZ006_O,0
COOP_GZ016,Ground_Daily,COOP_GZ006_O (09-00-00),COOP_GZ006_O_shape,COOP_GZ006_O,0
COOP_GZ016,Ground_Daily,COOP_GZ006_O (11-00-00),COOP_GZ006_O_shape,COOP_GZ006_O,0
COOP_GZ016,Ground_Daily,COOP_GZ006_O (13-00-00),COOP_GZ006_O_shape,COOP_GZ006_O,0
COOP_GZ016,Ground_Daily,COOP_GZ006_O (15-00-00),COOP_GZ006_O_shape,COOP_GZ006_O,0
COOP_GZ016,Ground_Daily,COOP_GZ006_O (17-00-00),COOP_GZ006_O_shape,COOP_GZ006_O,0
COOP_GZ016,Ground_Daily,COOP_GZ006_O (19-00-00),COOP_GZ006_O_shape,COOP_GZ006_O,0
COOP_GZ016,Ground_Daily,COOP_GZ006_O (21-00-00),COOP_GZ006_O_shape,COOP_GZ006_O,0
COOP_GZ016,Ground_Daily,COOP_GZ009_R (06-30-00),COOP_GZ009_R_shape,COOP_GZ009_R,1
COOP_GZ016,Ground_Daily,COOP_GZ009_R (08-00-00),COOP_GZ009_R_shape,COOP_GZ009_R,1
COOP_GZ016,Ground_Daily,COOP_GZ009_R (09-00-00),COOP_GZ009_R_shape,COOP_GZ009_R,1
COOP_GZ016,Ground_Daily,COOP_GZ009_R (11-00-00),COOP_GZ009_R_shape,COOP_GZ009_R,1
COOP_GZ016,Ground_Daily,COOP_GZ009_R (13-00-00),COOP_GZ009_R_shape,COOP_GZ009_R,1
COOP_GZ016,Ground_Daily,COOP_GZ009_R (15-00-00),COOP_GZ009_R_shape,COOP_GZ009_R,1
COOP_GZ016,Ground_Daily,COOP_GZ009_R (17-00-00),COOP_GZ009_R_shape,COOP_GZ009_R,1
COOP_GZ016,Ground_Daily,COOP_GZ009_R (19-00-00),COOP_GZ009_R_shape,COOP_GZ009_R,1
COOP_GZ016,Ground_Daily,COOP_GZ009_R (21-00-00),COOP_GZ009_R_shape,COOP_GZ009_R,1
COOP_GZ016,Ground_Daily,COOP_GZ011_O (06-30-00),COOP_GZ011_O_shape,COOP_GZ011_O,0
COOP_GZ016,Ground_Daily,COOP_GZ011_O (08-00-00),COOP_GZ011_O_shape,COOP_GZ011_O,0
COOP_GZ016,Ground_Daily,COOP_GZ011_O (09-00-00),COOP_GZ011_O_shape,COOP_GZ011_O,0
COOP_GZ016,Ground_Daily,COOP_GZ011_O (11-00-00),COOP_GZ011_O_shape,COOP_GZ011_O,0
COOP_GZ016,Ground_Daily,COOP_GZ011_O (13-00-00),COOP_GZ011_O_shape,COOP_GZ011_O,0
COOP_GZ016,Ground_Daily,COOP_GZ011_O (15-00-00),COOP_GZ011_O_shape,COOP_GZ011_O,0
COOP_GZ016,Ground_Daily,COOP_GZ011_O (17-00-00),COOP_GZ011_O_shape,COOP_GZ011_O,0
COOP_GZ016,Ground_Daily,COOP_GZ011_O (19-00-00),COOP_GZ011_O_shape,COOP_GZ011_O,0
COOP_GZ016,Ground_Daily,COOP_GZ011_O (21-00-00),COOP_GZ011_O_shape,COOP_GZ011_O,0
COOP_GZ016,Ground_Daily,COOP_GZ011_R (06-30-00),COOP_GZ011_R_shape,COOP_GZ011_R,1
COOP_GZ016,Ground_Daily,COOP_GZ011_R (08-00-00),COOP_GZ011_R_shape,COOP_GZ011_R,1
COOP_GZ016,Ground_Daily,COOP_GZ011_R (09-00-00),COOP_GZ011_R_shape,COOP_GZ011_R,1
COOP_GZ016,Ground_Daily,COOP_GZ011_R (11-00-00),COOP_GZ011_R_shape,COOP_GZ011_R,1
COOP_GZ016,Ground_Daily,COOP_GZ011_R (13-00-00),COOP_GZ011_R_shape,COOP_GZ011_R,1
COOP_GZ016,Ground_Daily,COOP_GZ011_R (15-00-00),COOP_GZ011_R_shape,COOP_GZ011_R,1
COOP_GZ016,Ground_Daily,COOP_GZ011_R (17-00-00),COOP_GZ011_R_shape,COOP_GZ011_R,1
COOP_GZ016,Ground_Daily,COOP_GZ011_R (19-00-00),COOP_GZ011_R_shape,COOP_GZ011_R,1
COOP_GZ016,Ground_Daily,COOP_GZ011_R (21-00-00),COOP_GZ011_R_shape,COOP_GZ011_R,1
COOP_GZ016,Ground_Daily,COOP_GZ016_O (06-30-00),COOP_GZ016_O_shape,COOP_GZ016_O,0
COOP_GZ016,Ground_Daily,COOP_GZ016_O (08-00-00),COOP_GZ016_O_shape,COOP_GZ016_O,0
COOP_GZ016,Ground_Daily,COOP_GZ016_O (09-00-00),COOP_GZ016_O_shape,COOP_GZ016_O,0
COOP_GZ016,Ground_Daily,COOP_GZ016_O (11-00-00),COOP_GZ016_O_shape,COOP_GZ016_O,0
COOP_GZ016,Ground_Daily,COOP_GZ016_O (13-00-00),COOP_GZ016_O_shape,COOP_GZ016_O,0
COOP_GZ016,Ground_Daily,COOP_GZ016_O (15-00-00),COOP_GZ016_O_shape,COOP_GZ016_O,0
COOP_GZ016,Ground_Daily,COOP_GZ016_O (17-00-00),COOP_GZ016_O_shape,COOP_GZ016_O,0
COOP_GZ016,Ground_Daily,COOP_GZ016_O (19-00-00),COOP_GZ016_O_shape,COOP_GZ016_O,0
COOP_GZ016,Ground_Daily,COOP_GZ016_O (21-00-00),COOP_GZ016_O_shape,COOP_GZ016_O,0
COOP_GZ016,Ground_Daily,COOP_GZ016_R (06-30-00),COOP_GZ016_R_shape,COOP_GZ016_R,1
COOP_GZ016,Ground_Daily,COOP_GZ016_R (08-00-00),COOP_GZ016_R_shape,COOP_GZ016_R,1
COOP_GZ016,Ground_Daily,COOP_GZ016_R (09-00-00),COOP_GZ016_R_shape,COOP_GZ016_R,1
COOP_GZ016,Ground_Daily,COOP_GZ016_R (11-00-00),COOP_GZ016_R_shape,COOP_GZ016_R,1
COOP_GZ016,Ground_Daily,COOP_GZ016_R (13-00-00),COOP_GZ016_R_shape,COOP_GZ016_R,1
COOP_GZ016,Ground_Daily,COOP_GZ016_R (15-00-00),COOP_GZ016_R_shape,COOP_GZ016_R,1
COOP_GZ016,Ground_Daily,COOP_GZ016_R (17-00-00),COOP_GZ016_R_shape,COOP_GZ016_R,1
COOP_GZ016,Ground_Daily,COOP_GZ016_R (19-00-00),COOP_GZ016_R_shape,COOP_GZ016_R,1
COOP_GZ016,Ground_Daily,COOP_GZ016_R (21-00-00),COOP_GZ016_R_shape,COOP_GZ016_R,1
COOP_GZ016,Ground_Daily,COOP_GZ019_R (06-30-00),COOP_GZ019_R_shape,COOP_GZ019_R,1
COOP_GZ016,Ground_Daily,COOP_GZ019_R (08-00-00),COOP_GZ019_R_shape,COOP_GZ019_R,1
COOP_GZ016,Ground_Daily,COOP_GZ019_R (09-00-00),COOP_GZ019_R_shape,COOP_GZ019_R,1
COOP_GZ016,Ground_Daily,COOP_GZ019_R (11-00-00),COOP_GZ019_R_shape,COOP_GZ019_R,1
COOP_GZ016,Ground_Daily,COOP_GZ019_R (13-00-00),COOP_GZ019_R_shape,COOP_GZ019_R,1
COOP_GZ016,Ground_Daily,COOP_GZ019_R (15-00-00),COOP_GZ019_R_shape,COOP_GZ019_R,1
COOP_GZ016,Ground_Daily,COOP_GZ019_R (17-00-00),COOP_GZ019_R_shape,COOP_GZ019_R,1
COOP_GZ016,Ground_Daily,COOP_GZ019_R (19-00-00),COOP_GZ019_R_shape,COOP_GZ019_R,1
COOP_GZ016,Ground_Daily,COOP_GZ019_R (21-00-00),COOP_GZ019_R_shape,COOP_GZ019_R,1
COOP_GZ016,Ground_Daily,COOP_GZ028_O (06-30-00),COOP_GZ028_O_shape,COOP_GZ028_O,0
COOP_GZ016,Ground_Daily,COOP_GZ028_O (08-00-00),COOP_GZ028_O_shape,COOP_GZ028_O,0
COOP_GZ016,Ground_Daily,COOP_GZ028_O (09-00-00),COOP_GZ028_O_shape,COOP_GZ028_O,0
COOP_GZ016,Ground_Daily,COOP_GZ028_O (11-00-00),COOP_GZ028_O_shape,COOP_GZ028_O,0
COOP_GZ016,Ground_Daily,COOP_GZ028_O (13-00-00),COOP_GZ028_O_shape,COOP_GZ028_O,0
COOP_GZ016,Ground_Daily,COOP_GZ028_O (15-00-00),COOP_GZ028_O_shape,COOP_GZ028_O,0
COOP_GZ016,Ground_Daily,COOP_GZ028_O (17-00-00),COOP_GZ028_O_shape,COOP_GZ028_O,0
COOP_GZ016,Ground_Daily,COOP_GZ028_O (19-00-00),COOP_GZ028_O_shape,COOP_GZ028_O,0
COOP_GZ016,Ground_Daily,COOP_GZ028_O (21-00-00),COOP_GZ028_O_shape,COOP_GZ028_O,0
COOP_GZ016,Ground_Daily,COOP_GZ028_R (06-30-00),COOP_GZ028_R_shape,COOP_GZ028_R,1
COOP_GZ016,Ground_Daily,COOP_GZ028_R (08-00-00),COOP_GZ028_R_shape,COOP_GZ028_R,1
COOP_GZ016,Ground_Daily,COOP_GZ028_R (09-00-00),COOP_GZ028_R_shape,COOP_GZ028_R,1
COOP_GZ016,Ground_Daily,COOP_GZ028_R (11-00-00),COOP_GZ028_R_shape,COOP_GZ028_R,1
COOP_GZ016,Ground_Daily,COOP_GZ028_R (13-00-00),COOP_GZ028_R_shape,COOP_GZ028_R,1
COOP_GZ016,Ground_Daily,COOP_GZ028_R (15-00-00),COOP_GZ028_R_shape,COOP_GZ028_R,1
COOP_GZ016,Ground_Daily,COOP_GZ028_R (17-00-00),COOP_GZ028_R_shape,COOP_GZ028_R,1
COOP_GZ016,Ground_Daily,COOP_GZ028_R (19-00-00),COOP_GZ028_R_shape,COOP_GZ028_R,1
COOP_GZ016,Ground_Daily,COOP_GZ028_R (21-00-00),COOP_GZ028_R_shape,COOP_GZ028_R,1
COOP_GZ016,Ground_Daily,COOP_GZ029_O (06-30-00),COOP_GZ029_O_shape,COOP_GZ029_O,0
COOP_GZ016,Ground_Daily,COOP_GZ029_O (08-00-00),COOP_GZ029_O_shape,COOP_GZ029_O,0
COOP_GZ016,Ground_Daily,COOP_GZ029_O (09-00-00),COOP_GZ029_O_shape,COOP_GZ029_O,0
COOP_GZ016,Ground_Daily,COOP_GZ029_O (11-00-00),COOP_GZ029_O_shape,COOP_GZ029_O,0
COOP_GZ016,Ground_Daily,COOP_GZ029_O (13-00-00),COOP_GZ029_O_shape,COOP_GZ029_O,0
COOP_GZ016,Ground_Daily,COOP_GZ029_O (15-00-00),COOP_GZ029_O_shape,COOP_GZ029_O,0
COOP_GZ016,Ground_Daily,COOP_GZ029_O (17-00-00),COOP_GZ029_O_shape,COOP_GZ029_O,0
COOP_GZ016,Ground_Daily,COOP_GZ029_O (19-00-00),COOP_GZ029_O_shape,COOP_GZ029_O,0
COOP_GZ016,Ground_Daily,COOP_GZ029_O (21-00-00),COOP_GZ029_O_shape,COOP_GZ029_O,0
COOP_GZ016,Ground_Daily,COOP_GZ029_R (06-30-00),COOP_GZ029_R_shape,COOP_GZ029_R,1
COOP_GZ016,Ground_Daily,COOP_GZ029_R (08-00-00),COOP_GZ029_R_shape,COOP_GZ029_R,1
COOP_GZ016,Ground_Daily,COOP_GZ029_R (09-00-00),COOP_GZ029_R_shape,COOP_GZ029_R,1
COOP_GZ016,Ground_Daily,COOP_GZ029_R (11-00-00),COOP_GZ029_R_shape,COOP_GZ029_R,1
COOP_GZ016,Ground_Daily,COOP_GZ029_R (13-00-00),COOP_GZ029_R_shape,COOP_GZ029_R,1
COOP_GZ016,Ground_Daily,COOP_GZ029_R (15-00-00),COOP_GZ029_R_shape,COOP_GZ029_R,1
COOP_GZ016,Ground_Daily,COOP_GZ029_R (17-00-00),COOP_GZ029_R_shape,COOP_GZ029_R,1
COOP_GZ016,Ground_Daily,COOP_GZ029_R (19-00-00),COOP_GZ029_R_shape,COOP_GZ029_R,1
COOP_GZ016,Ground_Daily,COOP_GZ029_R (21-00-00),COOP_GZ029_R_shape,COOP_GZ029_R,1
COOP_GZ016,Ground_Daily,COOP_GZ051_O (06-30-00),COOP_GZ051_O_shape,COOP_GZ051_O,0
COOP_GZ016,Ground_Daily,COOP_GZ051_O (08-00-00),COOP_GZ051_O_shape,COOP_GZ051_O,0
COOP_GZ016,Ground_Daily,COOP_GZ051_O (09-00-00),COOP_GZ051_O_shape,COOP_GZ051_O,0
COOP_GZ016,Ground_Daily,COOP_GZ051_O (11-00-00),COOP_GZ051_O_shape,COOP_GZ051_O,0
COOP_GZ016,Ground_Daily,COOP_GZ051_O (13-00-00),COOP_GZ051_O_shape,COOP_GZ051_O,0
COOP_GZ016,Ground_Daily,COOP_GZ051_O (15-00-00),COOP_GZ051_O_shape,COOP_GZ051_O,0
COOP_GZ016,Ground_Daily,COOP_GZ051_O (17-00-00),COOP_GZ051_O_shape,COOP_GZ051_O,0
COOP_GZ016,Ground_Daily,COOP_GZ051_O (19-00-00),COOP_GZ051_O_shape,COOP_GZ051_O,0
COOP_GZ016,Ground_Daily,COOP_GZ051_O (21-00-00),COOP_GZ051_O_shape,COOP_GZ051_O,0
COOP_GZ016,Ground_Daily,COOP_GZ051_R (06-30-00),COOP_GZ051_R_shape,COOP_GZ051_R,1
COOP_GZ016,Ground_Daily,COOP_GZ051_R (08-00-00),COOP_GZ051_R_shape,COOP_GZ051_R,1
COOP_GZ016,Ground_Daily,COOP_GZ051_R (09-00-00),COOP_GZ051_R_shape,COOP_GZ051_R,1
COOP_GZ016,Ground_Daily,COOP_GZ051_R (11-00-00),COOP_GZ051_R_shape,COOP_GZ051_R,1
COOP_GZ016,Ground_Daily,COOP_GZ051_R (13-00-00),COOP_GZ051_R_shape,COOP_GZ051_R,1
COOP_GZ016,Ground_Daily,COOP_GZ051_R (15-00-00),COOP_GZ051_R_shape,COOP_GZ051_R,1
COOP_GZ016,Ground_Daily,COOP_GZ051_R (17-00-00),COOP_GZ051_R_shape,COOP_GZ051_R,1
COOP_GZ016,Ground_Daily,COOP_GZ051_R (19-00-00),COOP_GZ051_R_shape,COOP_GZ051_R,1
COOP_GZ016,Ground_Daily,COOP_GZ051_R (21-00-00),COOP_GZ051_R_shape,COOP_GZ051_R,1
COOP_GZ016,Ground_Daily,COOP_GZ062_O (06-30-00),COOP_GZ062_O_shape,COOP_GZ062_O,0
COOP_GZ016,Ground_Daily,COOP_GZ062_O (08-00-00),COOP_GZ062_O_shape,COOP_GZ062_O,0
COOP_GZ016,Ground_Daily,COOP_GZ062_O (09-00-00),COOP_GZ062_O_shape,COOP_GZ062_O,0
COOP_GZ016,Ground_Daily,COOP_GZ062_O (11-00-00),COOP_GZ062_O_shape,COOP_GZ062_O,0
COOP_GZ016,Ground_Daily,COOP_GZ062_O (13-00-00),COOP_GZ062_O_shape,COOP_GZ062_O,0
COOP_GZ016,Ground_Daily,COOP_GZ062_O (15-00-00),COOP_GZ062_O_shape,COOP_GZ062_O,0
COOP_GZ016,Ground_Daily,COOP_GZ062_O (17-00-00),COOP_GZ062_O_shape,COOP_GZ062_O,0
COOP_GZ016,Ground_Daily,COOP_GZ062_O (19-00-00),COOP_GZ062_O_shape,COOP_GZ062_O,0
COOP_GZ016,Ground_Daily,COOP_GZ062_O (21-00-00),COOP_GZ062_O_shape,COOP_GZ062_O,0
COOP_GZ016,Ground_Daily,COOP_GZ062_R (06-30-00),COOP_GZ062_R_shape,COOP_GZ062_R,1
COOP_GZ016,Ground_Daily,COOP_GZ062_R (08-00-00),COOP_GZ062_R_shape,COOP_GZ062_R,1
COOP_GZ016,Ground_Daily,COOP_GZ062_R (09-00-00),COOP_GZ062_R_shape,COOP_GZ062_R,1
COOP_GZ016,Ground_Daily,COOP_GZ062_R (11-00-00),COOP_GZ062_R_shape,COOP_GZ062_R,1
COOP_GZ016,Ground_Daily,COOP_GZ062_R (13-00-00),COOP_GZ062_R_shape,COOP_GZ062_R,1
COOP_GZ016,Ground_Daily,COOP_GZ062_R (15-00-00),COOP_GZ062_R_shape,COOP_GZ062_R,1
COOP_GZ016,Ground_Daily,COOP_GZ062_R (17-00-00),COOP_GZ062_R_shape,COOP_GZ062_R,1
COOP_GZ016,Ground_Daily,COOP_GZ062_R (19-00-00),COOP_GZ062_R_shape,COOP_GZ062_R,1
COOP_GZ016,Ground_Daily,COOP_GZ062_R (21-00-00),COOP_GZ062_R_shape,COOP_GZ062_R,1
COOP_IG026,Ground_Daily,COOP_IG007_O (06-30-00),COOP_IG007_O_shape,COOP_IG007_O,0
COOP_IG026,Ground_Daily,COOP_IG007_O (08-00-00),COOP_IG007_O_shape,COOP_IG007_O,0
COOP_IG026,Ground_Daily,COOP_IG007_O (09-00-00),COOP_IG007_O_shape,COOP_IG007_O,0
COOP_IG026,Ground_Daily,COOP_IG007_O (11-00-00),COOP_IG007_O_shape,COOP_IG007_O,0
COOP_IG026,Ground_Daily,COOP_IG007_O (13-00-00),COOP_IG007_O_shape,COOP_IG007_O,0
COOP_IG026,Ground_Daily,COOP_IG007_O (15-00-00),COOP_IG007_O_shape,COOP_IG007_O,0
COOP_IG026,Ground_Daily,COOP_IG007_O (17-00-00),COOP_IG007_O_shape,COOP_IG007_O,0
COOP_IG026,Ground_Daily,COOP_IG007_O (19-00-00),COOP_IG007_O_shape,COOP_IG007_O,0
COOP_IG026,Ground_Daily,COOP_IG007_O (21-00-00),COOP_IG007_O_shape,COOP_IG007_O,0
COOP_IG026,Ground_Daily,COOP_IG026_O (06-30-00),COOP_IG026_O_shape,COOP_IG026_O,0
COOP_IG026,Ground_Daily,COOP_IG026_O (08-00-00),COOP_IG026_O_shape,COOP_IG026_O,0
COOP_IG026,Ground_Daily,COOP_IG026_O (09-00-00),COOP_IG026_O_shape,COOP_IG026_O,0
COOP_IG026,Ground_Daily,COOP_IG026_O (11-00-00),COOP_IG026_O_shape,COOP_IG026_O,0
COOP_IG026,Ground_Daily,COOP_IG026_O (13-00-00),COOP_IG026_O_shape,COOP_IG026_O,0
COOP_IG026,Ground_Daily,COOP_IG026_O (15-00-00),COOP_IG026_O_shape,COOP_IG026_O,0
COOP_IG026,Ground_Daily,COOP_IG026_O (17-00-00),COOP_IG026_O_shape,COOP_IG026_O,0
COOP_IG026,Ground_Daily,COOP_IG026_O (19-00-00),COOP_IG026_O_shape,COOP_IG026_O,0
COOP_IG026,Ground_Daily,COOP_IG026_O (21-00-00),COOP_IG026_O_shape,COOP_IG026_O,0
COOP_IG026,Ground_Daily,COOP_IG045_O (06-30-00),COOP_IG045_O_shape,COOP_IG045_O,0
COOP_IG026,Ground_Daily,COOP_IG045_O (08-00-00),COOP_IG045_O_shape,COOP_IG045_O,0
COOP_IG026,Ground_Daily,COOP_IG045_O (09-00-00),COOP_IG045_O_shape,COOP_IG045_O,0
COOP_IG026,Ground_Daily,COOP_IG045_O (11-00-00),COOP_IG045_O_shape,COOP_IG045_O,0
COOP_IG026,Ground_Daily,COOP_IG045_O (13-00-00),COOP_IG045_O_shape,COOP_IG045_O,0
COOP_IG026,Ground_Daily,COOP_IG045_O (15-00-00),COOP_IG045_O_shape,COOP_IG045_O,0
COOP_IG026,Ground_Daily,COOP_IG045_O (17-00-00),COOP_IG045_O_shape,COOP_IG045_O,0
COOP_IG026,Ground_Daily,COOP_IG045_O (19-00-00),COOP_IG045_O_shape,COOP_IG045_O,0
COOP_IG026,Ground_Daily,COOP_IG045_O (21-00-00),COOP_IG045_O_shape,COOP_IG045_O,0
COOP_IG026,Ground_Daily,COOP_IG045_R (06-30-00),COOP_IG045_R_shape,COOP_IG045_R,1
COOP_IG026,Ground_Daily,COOP_IG045_R (08-00-00),COOP_IG045_R_shape,COOP_IG045_R,1
COOP_IG026,Ground_Daily,COOP_IG045_R (09-00-00),COOP_IG045_R_shape,COOP_IG045_R,1
COOP_IG026,Ground_Daily,COOP_IG045_R (11-00-00),COOP_IG045_R_shape,COOP_IG045_R,1
COOP_IG026,Ground_Daily,COOP_IG045_R (13-00-00),COOP_IG045_R_shape,COOP_IG045_R,1
COOP_IG026,Ground_Daily,COOP_IG045_R (15-00-00),COOP_IG045_R_shape,COOP_IG045_R,1
COOP_IG026,Ground_Daily,COOP_IG045_R (17-00-00),COOP_IG045_R_shape,COOP_IG045_R,1
COOP_IG026,Ground_Daily,COOP_IG045_R (19-00-00),COOP_IG045_R_shape,COOP_IG045_R,1
COOP_IG026,Ground_Daily,COOP_IG045_R (21-00-00),COOP_IG045_R_shape,COOP_IG045_R,1
COOP_IG026,Ground_Daily,COOP_IG048_O (06-30-00),COOP_IG048_O_shape,COOP_IG048_O,0
COOP_IG026,Ground_Daily,COOP_IG048_O (08-00-00),COOP_IG048_O_shape,COOP_IG048_O,0
COOP_IG026,Ground_Daily,COOP_IG048_O (09-00-00),COOP_IG048_O_shape,COOP_IG048_O,0
COOP_IG026,Ground_Daily,COOP_IG048_O (11-00-00),COOP_IG048_O_shape,COOP_IG048_O,0
COOP_IG026,Ground_Daily,COOP_IG048_O (13-00-00),COOP_IG048_O_shape,COOP_IG048_O,0
COOP_IG026,Ground_Daily,COOP_IG048_O (15-00-00),COOP_IG048_O_shape,COOP_IG048_O,0
COOP_IG026,Ground_Daily,COOP_IG048_O (17-00-00),COOP_IG048_O_shape,COOP_IG048_O,0
COOP_IG026,Ground_Daily,COOP_IG048_O (19-00-00),COOP_IG048_O_shape,COOP_IG048_O,0
COOP_IG026,Ground_Daily,COOP_IG048_O (21-00-00),COOP_IG048_O_shape,COOP_IG048_O,0
COOP_IG026,Ground_Daily,COOP_IG048_R (06-30-00),COOP_IG048_R_shape,COOP_IG048_R,1
COOP_IG026,Ground_Daily,COOP_IG048_R (08-00-00),COOP_IG048_R_shape,COOP_IG048_R,1
COOP_IG026,Ground_Daily,COOP_IG048_R (09-00-00),COOP_IG048_R_shape,COOP_IG048_R,1
COOP_IG026,Ground_Daily,COOP_IG048_R (11-00-00),COOP_IG048_R_shape,COOP_IG048_R,1
COOP_IG026,Ground_Daily,COOP_IG048_R (13-00-00),COOP_IG048_R_shape,COOP_IG048_R,1
COOP_IG026,Ground_Daily,COOP_IG048_R (15-00-00),COOP_IG048_R_shape,COOP_IG048_R,1
COOP_IG026,Ground_Daily,COOP_IG048_R (17-00-00),COOP_IG048_R_shape,COOP_IG048_R,1
COOP_IG026,Ground_Daily,COOP_IG048_R (19-00-00),COOP_IG048_R_shape,COOP_IG048_R,1
COOP_IG026,Ground_Daily,COOP_IG048_R (21-00-00),COOP_IG048_R_shape,COOP_IG048_R,1
COOP_IG026,Ground_Daily,COOP_IG053_O (06-30-00),COOP_IG053_O_shape,COOP_IG053_O,0
COOP_IG026,Ground_Daily,COOP_IG053_O (08-00-00),COOP_IG053_O_shape,COOP_IG053_O,0
COOP_IG026,Ground_Daily,COOP_IG053_O (09-00-00),COOP_IG053_O_shape,COOP_IG053_O,0
COOP_IG026,Ground_Daily,COOP_IG053_O (11-00-00),COOP_IG053_O_shape,COOP_IG053_O,0
COOP_IG026,Ground_Daily,COOP_IG053_O (13-00-00),COOP_IG053_O_shape,COOP_IG053_O,0
COOP_IG026,Ground_Daily,COOP_IG053_O (15-00-00),COOP_IG053_O_shape,COOP_IG053_O,0
COOP_IG026,Ground_Daily,COOP_IG053_O (17-00-00),COOP_IG053_O_shape,COOP_IG053_O,0
COOP_IG026,Ground_Daily,COOP_IG053_O (19-00-00),COOP_IG053_O_shape,COOP_IG053_O,0
COOP_IG026,Ground_Daily,COOP_IG053_O (21-00-00),COOP_IG053_O_shape,COOP_IG053_O,0
COOP_IG026,Ground_Daily,COOP_IG056_O (06-30-00),COOP_IG056_O_shape,COOP_IG056_O,0
COOP_IG026,Ground_Daily,COOP_IG056_O (08-00-00),COOP_IG056_O_shape,COOP_IG056_O,0
COOP_IG026,Ground_Daily,COOP_IG056_O (09-00-00),COOP_IG056_O_shape,COOP_IG056_O,0
COOP_IG026,Ground_Daily,COOP_IG056_O (11-00-00),COOP_IG056_O_shape,COOP_IG056_O,0
COOP_IG026,Ground_Daily,COOP_IG056_O (13-00-00),COOP_IG056_O_shape,COOP_IG056_O,0
COOP_IG026,Ground_Daily,COOP_IG056_O (15-00-00),COOP_IG056_O_shape,COOP_IG056_O,0
COOP_IG026,Ground_Daily,COOP_IG056_O (17-00-00),COOP_IG056_O_shape,COOP_IG056_O,0
COOP_IG026,Ground_Daily,COOP_IG056_O (19-00-00),COOP_IG056_O_shape,COOP_IG056_O,0
COOP_IG026,Ground_Daily,COOP_IG056_O (21-00-00),COOP_IG056_O_shape,COOP_IG056_O,0
COOP_IG026,Ground_Daily,COOP_IG056_R (06-30-00),COOP_IG056_R_shape,COOP_IG056_R,1
COOP_IG026,Ground_Daily,COOP_IG056_R (08-00-00),COOP_IG056_R_shape,COOP_IG056_R,1
COOP_IG026,Ground_Daily,COOP_IG056_R (09-00-00),COOP_IG056_R_shape,COOP_IG056_R,1
COOP_IG026,Ground_Daily,COOP_IG056_R (11-00-00),COOP_IG056_R_shape,COOP_IG056_R,1
COOP_IG026,Ground_Daily,COOP_IG056_R (13-00-00),COOP_IG056_R_shape,COOP_IG056_R,1
COOP_IG026,Ground_Daily,COOP_IG056_R (15-00-00),COOP_IG056_R_shape,COOP_IG056_R,1
COOP_IG026,Ground_Daily,COOP_IG056_R (17-00-00),COOP_IG056_R_shape,COOP_IG056_R,1
COOP_IG026,Ground_Daily,COOP_IG056_R (19-00-00),COOP_IG056_R_shape,COOP_IG056_R,1
COOP_IG026,Ground_Daily,COOP_IG056_R (21-00-00),COOP_IG056_R_shape,COOP_IG056_R,1
COOP_IG026,Ground_Daily,COOP_IG064_O (06-30-00),COOP_IG064_O_shape,COOP_IG064_O,0
COOP_IG026,Ground_Daily,COOP_IG064_O (08-00-00),COOP_IG064_O_shape,COOP_IG064_O,0
COOP_IG026,Ground_Daily,COOP_IG064_O (09-00-00),COOP_IG064_O_shape,COOP_IG064_O,0
COOP_IG026,Ground_Daily,COOP_IG064_O (11-00-00),COOP_IG064_O_shape,COOP_IG064_O,0
COOP_IG026,Ground_Daily,COOP_IG064_O (13-00-00),COOP_IG064_O_shape,COOP_IG064_O,0
COOP_IG026,Ground_Daily,COOP_IG064_O (15-00-00),COOP_IG064_O_shape,COOP_IG064_O,0
COOP_IG026,Ground_Daily,COOP_IG064_O (17-00-00),COOP_IG064_O_shape,COOP_IG064_O,0
COOP_IG026,Ground_Daily,COOP_IG064_O (19-00-00),COOP_IG064_O_shape,COOP_IG064_O,0
COOP_IG026,Ground_Daily,COOP_IG064_O (21-00-00),COOP_IG064_O_shape,COOP_IG064_O,0
COOP_IG026,Ground_Daily,COOP_IG064_R (06-30-00),COOP_IG064_R_shape,COOP_IG064_R,1
COOP_IG026,Ground_Daily,COOP_IG064_R (08-00-00),COOP_IG064_R_shape,COOP_IG064_R,1
COOP_IG026,Ground_Daily,COOP_IG064_R (09-00-00),COOP_IG064_R_shape,COOP_IG064_R,1
COOP_IG026,Ground_Daily,COOP_IG064_R (11-00-00),COOP_IG064_R_shape,COOP_IG064_R,1
COOP_IG026,Ground_Daily,COOP_IG064_R (13-00-00),COOP_IG064_R_shape,COOP_IG064_R,1
COOP_IG026,Ground_Daily,COOP_IG064_R (15-00-00),COOP_IG064_R_shape,COOP_IG064_R,1
COOP_IG026,Ground_Daily,COOP_IG064_R (17-00-00),COOP_IG064_R_shape,COOP_IG064_R,1
COOP_IG026,Ground_Daily,COOP_IG064_R (19-00-00),COOP_IG064_R_shape,COOP_IG064_R,1
COOP_IG026,Ground_Daily,COOP_IG064_R (21-00-00),COOP_IG064_R_shape,COOP_IG064_R,1
COOP_IG026,Ground_Daily,COOP_IG069_O (06-30-00),COOP_IG069_O_shape,COOP_IG069_O,0
COOP_IG026,Ground_Daily,COOP_IG069_O (08-00-00),COOP_IG069_O_shape,COOP_IG069_O,0
COOP_IG026,Ground_Daily,COOP_IG069_O (09-00-00),COOP_IG069_O_shape,COOP_IG069_O,0
COOP_IG026,Ground_Daily,COOP_IG069_O (11-00-00),COOP_IG069_O_shape,COOP_IG069_O,0
COOP_IG026,Ground_Daily,COOP_IG069_O (13-00-00),COOP_IG069_O_shape,COOP_IG069_O,0
COOP_IG026,Ground_Daily,COOP_IG069_O (15-00-00),COOP_IG069_O_shape,COOP_IG069_O,0
COOP_IG026,Ground_Daily,COOP_IG069_O (17-00-00),COOP_IG069_O_shape,COOP_IG069_O,0
COOP_IG026,Ground_Daily,COOP_IG069_O (19-00-00),COOP_IG069_O_shape,COOP_IG069_O,0
COOP_IG026,Ground_Daily,COOP_IG069_O (21-00-00),COOP_IG069_O_shape,COOP_IG069_O,0
COOP_IG026,Ground_Daily,COOP_IG070_O (06-30-00),COOP_IG070_O_shape,COOP_IG070_O,0
COOP_IG026,Ground_Daily,COOP_IG070_O (08-00-00),COOP_IG070_O_shape,COOP_IG070_O,0
COOP_IG026,Ground_Daily,COOP_IG070_O (09-00-00),COOP_IG070_O_shape,COOP_IG070_O,0
COOP_IG026,Ground_Daily,COOP_IG070_O (11-00-00),COOP_IG070_O_shape,COOP_IG070_O,0
COOP_IG026,Ground_Daily,COOP_IG070_O (13-00-00),COOP_IG070_O_shape,COOP_IG070_O,0
COOP_IG026,Ground_Daily,COOP_IG070_O (15-00-00),COOP_IG070_O_shape,COOP_IG070_O,0
COOP_IG026,Ground_Daily,COOP_IG070_O (17-00-00),COOP_IG070_O_shape,COOP_IG070_O,0
COOP_IG026,Ground_Daily,COOP_IG070_O (19-00-00),COOP_IG070_O_shape,COOP_IG070_O,0
COOP_IG026,Ground_Daily,COOP_IG070_O (21-00-00),COOP_IG070_O_shape,COOP_IG070_O,0
COOP_IG026,Ground_Daily,COOP_IG070_R (06-30-00),COOP_IG070_R_shape,COOP_IG070_R,1
COOP_IG026,Ground_Daily,COOP_IG070_R (08-00-00),COOP_IG070_R_shape,COOP_IG070_R,1
COOP_IG026,Ground_Daily,COOP_IG070_R (09-00-00),COOP_IG070_R_shape,COOP_IG070_R,1
COOP_IG026,Ground_Daily,COOP_IG070_R (11-00-00),COOP_IG070_R_shape,COOP_IG070_R,1
COOP_IG026,Ground_Daily,COOP_IG070_R (13-00-00),COOP_IG070_R_shape,COOP_IG070_R,1
COOP_IG026,Ground_Daily,COOP_IG070_R (15-00-00),COOP_IG070_R_shape,COOP_IG070_R,1
COOP_IG026,Ground_Daily,COOP_IG070_R (17-00-00),COOP_IG070_R_shape,COOP_IG070_R,1
COOP_IG026,Ground_Daily,COOP_IG070_R (19-00-00),COOP_IG070_R_shape,COOP_IG070_R,1
COOP_IG026,Ground_Daily,COOP_IG070_R (21-00-00),COOP_IG070_R_shape,COOP_IG070_R,1
COOP_IG026,Ground_Daily,COOP_IG072_O (06-30-00),COOP_IG072_O_shape,COOP_IG072_O,0
COOP_IG026,Ground_Daily,COOP_IG072_O (08-00-00),COOP_IG072_O_shape,COOP_IG072_O,0
COOP_IG026,Ground_Daily,COOP_IG072_O (09-00-00),COOP_IG072_O_shape,COOP_IG072_O,0
COOP_IG026,Ground_Daily,COOP_IG072_O (11-00-00),COOP_IG072_O_shape,COOP_IG072_O,0
COOP_IG026,Ground_Daily,COOP_IG072_O (13-00-00),COOP_IG072_O_shape,COOP_IG072_O,0
COOP_IG026,Ground_Daily,COOP_IG072_O (15-00-00),COOP_IG072_O_shape,COOP_IG072_O,0
COOP_IG026,Ground_Daily,COOP_IG072_O (17-00-00),COOP_IG072_O_shape,COOP_IG072_O,0
COOP_IG026,Ground_Daily,COOP_IG072_O (19-00-00),COOP_IG072_O_shape,COOP_IG072_O,0
COOP_IG026,Ground_Daily,COOP_IG072_O (21-00-00),COOP_IG072_O_shape,COOP_IG072_O,0
COOP_IG026,Ground_Daily,COOP_IG080_R (06-30-00),COOP_IG080_R_shape,COOP_IG080_R,1
COOP_IG026,Ground_Daily,COOP_IG080_R (08-00-00),COOP_IG080_R_shape,COOP_IG080_R,1
COOP_IG026,Ground_Daily,COOP_IG080_R (09-00-00),COOP_IG080_R_shape,COOP_IG080_R,1
COOP_IG026,Ground_Daily,COOP_IG080_R (11-00-00),COOP_IG080_R_shape,COOP_IG080_R,1
COOP_IG026,Ground_Daily,COOP_IG080_R (13-00-00),COOP_IG080_R_shape,COOP_IG080_R,1
COOP_IG026,Ground_Daily,COOP_IG080_R (15-00-00),COOP_IG080_R_shape,COOP_IG080_R,1
COOP_IG026,Ground_Daily,COOP_IG080_R (17-00-00),COOP_IG080_R_shape,COOP_IG080_R,1
COOP_IG026,Ground_Daily,COOP_IG080_R (19-00-00),COOP_IG080_R_shape,COOP_IG080_R,1
COOP_IG026,Ground_Daily,COOP_IG080_R (21-00-00),COOP_IG080_R_shape,COOP_IG080_R,1
COOP_IG026,Ground_Daily,COOP_IG081_O (06-30-00),COOP_IG081_O_shape,COOP_IG081_O,0
COOP_IG026,Ground_Daily,COOP_IG081_O (08-00-00),COOP_IG081_O_shape,COOP_IG081_O,0
COOP_IG026,Ground_Daily,COOP_IG081_O (09-00-00),COOP_IG081_O_shape,COOP_IG081_O,0
COOP_IG026,Ground_Daily,COOP_IG081_O (11-00-00),COOP_IG081_O_shape,COOP_IG081_O,0
COOP_IG026,Ground_Daily,COOP_IG081_O (13-00-00),COOP_IG081_O_shape,COOP_IG081_O,0
COOP_IG026,Ground_Daily,COOP_IG081_O (15-00-00),COOP_IG081_O_shape,COOP_IG081_O,0
COOP_IG026,Ground_Daily,COOP_IG081_O (17-00-00),COOP_IG081_O_shape,COOP_IG081_O,0
COOP_IG026,Ground_Daily,COOP_IG081_O (19-00-00),COOP_IG081_O_shape,COOP_IG081_O,0
COOP_IG026,Ground_Daily,COOP_IG081_O (21-00-00),COOP_IG081_O_shape,COOP_IG081_O,0
COOP_IG026,Ground_Daily,COOP_IG081_R (06-30-00),COOP_IG081_R_shape,COOP_IG081_R,1
COOP_IG026,Ground_Daily,COOP_IG081_R (08-00-00),COOP_IG081_R_shape,COOP_IG081_R,1
COOP_IG026,Ground_Daily,COOP_IG081_R (09-00-00),COOP_IG081_R_shape,COOP_IG081_R,1
COOP_IG026,Ground_Daily,COOP_IG081_R (11-00-00),COOP_IG081_R_shape,COOP_IG081_R,1
COOP_IG026,Ground_Daily,COOP_IG081_R (13-00-00),COOP_IG081_R_shape,COOP_IG081_R,1
COOP_IG026,Ground_Daily,COOP_IG081_R (15-00-00),COOP_IG081_R_shape,COOP_IG081_R,1
COOP_IG026,Ground_Daily,COOP_IG081_R (17-00-00),COOP_IG081_R_shape,COOP_IG081_R,1
COOP_IG026,Ground_Daily,COOP_IG081_R (19-00-00),COOP_IG081_R_shape,COOP_IG081_R,1
COOP_IG026,Ground_Daily,COOP_IG081_R (21-00-00),COOP_IG081_R_shape,COOP_IG081_R,1
COOP_QA007,Ground_Daily,COOP_QA001_R (06-30-00),COOP_QA001_R_shape,COOP_QA001_R,1
COOP_QA007,Ground_Daily,COOP_QA001_R (08-00-00),COOP_QA001_R_shape,COOP_QA001_R,1
COOP_QA007,Ground_Daily,COOP_QA001_R (09-00-00),COOP_QA001_R_shape,COOP_QA001_R,1
COOP_QA007,Ground_Daily,COOP_QA001_R (11-00-00),COOP_QA001_R_shape,COOP_QA001_R,1
COOP_QA007,Ground_Daily,COOP_QA001_R (13-00-00),COOP_QA001_R_shape,COOP_QA001_R,1
COOP_QA007,Ground_Daily,COOP_QA001_R (15-00-00),COOP_QA001_R_shape,COOP_QA001_R,1
COOP_QA007,Ground_Daily,COOP_QA001_R (17-00-00),COOP_QA001_R_shape,COOP_QA001_R,1
COOP_QA007,Ground_Daily,COOP_QA001_R (19-00-00),COOP_QA001_R_shape,COOP_QA001_R,1
COOP_QA007,Ground_Daily,COOP_QA001_R (21-00-00),COOP_QA001_R_shape,COOP_QA001_R,1
COOP_QA007,Ground_Daily,COOP_QA002_O (06-30-00),COOP_QA002_O_shape,COOP_QA002_O,0
COOP_QA007,Ground_Daily,COOP_QA002_O (08-00-00),COOP_QA002_O_shape,COOP_QA002_O,0
COOP_QA007,Ground_Daily,COOP_QA002_O (09-00-00),COOP_QA002_O_shape,COOP_QA002_O,0
COOP_QA007,Ground_Daily,COOP_QA002_O (11-00-00),COOP_QA002_O_shape,COOP_QA002_O,0
COOP_QA007,Ground_Daily,COOP_QA002_O (13-00-00),COOP_QA002_O_shape,COOP_QA002_O,0
COOP_QA007,Ground_Daily,COOP_QA002_O (15-00-00),COOP_QA002_O_shape,COOP_QA002_O,0
COOP_QA007,Ground_Daily,COOP_QA002_O (17-00-00),COOP_QA002_O_shape,COOP_QA002_O,0
COOP_QA007,Ground_Daily,COOP_QA002_O (19-00-00),COOP_QA002_O_shape,COOP_QA002_O,0
COOP_QA007,Ground_Daily,COOP_QA002_O (21-00-00),COOP_QA002_O_shape,COOP_QA002_O,0
COOP_QA007,Ground_Daily,COOP_QA002_R (06-30-00),COOP_QA002_R_shape,COOP_QA002_R,1
COOP_QA007,Ground_Daily,COOP_QA002_R (08-00-00),COOP_QA002_R_shape,COOP_QA002_R,1
COOP_QA007,Ground_Daily,COOP_QA002_R (09-00-00),COOP_QA002_R_shape,COOP_QA002_R,1
COOP_QA007,Ground_Daily,COOP_QA002_R (11-00-00),COOP_QA002_R_shape,COOP_QA002_R,1
COOP_QA007,Ground_Daily,COOP_QA002_R (13-00-00),COOP_QA002_R_shape,COOP_QA002_R,1
COOP_QA007,Ground_Daily,COOP_QA002_R (15-00-00),COOP_QA002_R_shape,COOP_QA002_R,1
COOP_QA007,Ground_Daily,COOP_QA002_R (17-00-00),COOP_QA002_R_shape,COOP_QA002_R,1
COOP_QA007,Ground_Daily,COOP_QA002_R (19-00-00),COOP_QA002_R_shape,COOP_QA002_R,1
COOP_QA007,Ground_Daily,COOP_QA002_R (21-00-00),COOP_QA002_R_shape,COOP_QA002_R,1
COOP_QA007,Ground_Daily,COOP_QA003_O (06-30-00),COOP_QA003_O_shape,COOP_QA003_O,0
COOP_QA007,Ground_Daily,COOP_QA003_O (08-00-00),COOP_QA003_O_shape,COOP_QA003_O,0
COOP_QA007,Ground_Daily,COOP_QA003_O (09-00-00),COOP_QA003_O_shape,COOP_QA003_O,0
COOP_QA007,Ground_Daily,COOP_QA003_O (11-00-00),COOP_QA003_O_shape,COOP_QA003_O,0
COOP_QA007,Ground_Daily,COOP_QA003_O (13-00-00),COOP_QA003_O_shape,COOP_QA003_O,0
COOP_QA007,Ground_Daily,COOP_QA003_O (15-00-00),COOP_QA003_O_shape,COOP_QA003_O,0
COOP_QA007,Ground_Daily,COOP_QA003_O (17-00-00),COOP_QA003_O_shape,COOP_QA003_O,0
COOP_QA007,Ground_Daily,COOP_QA003_O (19-00-00),COOP_QA003_O_shape,COOP_QA003_O,0
COOP_QA007,Ground_Daily,COOP_QA003_O (21-00-00),COOP_QA003_O_shape,COOP_QA003_O,0
COOP_QA007,Ground_Daily,COOP_QA003_R (06-30-00),COOP_QA003_R_shape,COOP_QA003_R,1
COOP_QA007,Ground_Daily,COOP_QA003_R (08-00-00),COOP_QA003_R_shape,COOP_QA003_R,1
COOP_QA007,Ground_Daily,COOP_QA003_R (09-00-00),COOP_QA003_R_shape,COOP_QA003_R,1
COOP_QA007,Ground_Daily,COOP_QA003_R (11-00-00),COOP_QA003_R_shape,COOP_QA003_R,1
COOP_QA007,Ground_Daily,COOP_QA003_R (13-00-00),COOP_QA003_R_shape,COOP_QA003_R,1
COOP_QA007,Ground_Daily,COOP_QA003_R (15-00-00),COOP_QA003_R_shape,COOP_QA003_R,1
COOP_QA007,Ground_Daily,COOP_QA003_R (17-00-00),COOP_QA003_R_shape,COOP_QA003_R,1
COOP_QA007,Ground_Daily,COOP_QA003_R (19-00-00),COOP_QA003_R_shape,COOP_QA003_R,1
COOP_QA007,Ground_Daily,COOP_QA003_R (21-00-00),COOP_QA003_R_shape,COOP_QA003_R,1
COOP_QA007,Ground_Daily,COOP_QA005_O (06-30-00),COOP_QA005_O_shape,COOP_QA005_O,0
COOP_QA007,Ground_Daily,COOP_QA005_O (08-00-00),COOP_QA005_O_shape,COOP_QA005_O,0
COOP_QA007,Ground_Daily,COOP_QA005_O (09-00-00),COOP_QA005_O_shape,COOP_QA005_O,0
COOP_QA007,Ground_Daily,COOP_QA005_O (11-00-00),COOP_QA005_O_shape,COOP_QA005_O,0
COOP_QA007,Ground_Daily,COOP_QA005_O (13-00-00),COOP_QA005_O_shape,COOP_QA005_O,0
COOP_QA007,Ground_Daily,COOP_QA005_O (15-00-00),COOP_QA005_O_shape,COOP_QA005_O,0
COOP_QA007,Ground_Daily,COOP_QA005_O (17-00-00),COOP_QA005_O_shape,COOP_QA005_O,0
COOP_QA007,Ground_Daily,COOP_QA005_O (19-00-00),COOP_QA005_O_shape,COOP_QA005_O,0
COOP_QA007,Ground_Daily,COOP_QA005_O (21-00-00),COOP_QA005_O_shape,COOP_QA005_O,0
COOP_QA007,Ground_Daily,COOP_QA005_R (06-30-00),COOP_QA005_R_shape,COOP_QA005_R,1
COOP_QA007,Ground_Daily,COOP_QA005_R (08-00-00),COOP_QA005_R_shape,COOP_QA005_R,1
COOP_QA007,Ground_Daily,COOP_QA005_R (09-00-00),COOP_QA005_R_shape,COOP_QA005_R,1
COOP_QA007,Ground_Daily,COOP_QA005_R (11-00-00),COOP_QA005_R_shape,COOP_QA005_R,1
COOP_QA007,Ground_Daily,COOP_QA005_R (13-00-00),COOP_QA005_R_shape,COOP_QA005_R,1
COOP_QA007,Ground_Daily,COOP_QA005_R (15-00-00),COOP_QA005_R_shape,COOP_QA005_R,1
COOP_QA007,Ground_Daily,COOP_QA005_R (17-00-00),COOP_QA005_R_shape,COOP_QA005_R,1
COOP_QA007,Ground_Daily,COOP_QA005_R (19-00-00),COOP_QA005_R_shape,COOP_QA005_R,1
COOP_QA007,Ground_Daily,COOP_QA005_R (21-00-00),COOP_QA005_R_shape,COOP_QA005_R,1
COOP_QA007,Ground_Daily,COOP_QA007_O (06-30-00),COOP_QA007_O_shape,COOP_QA007_O,0
COOP_QA007,Ground_Daily,COOP_QA007_O (08-00-00),COOP_QA007_O_shape,COOP_QA007_O,0
COOP_QA007,Ground_Daily,COOP_QA007_O (09-00-00),COOP_QA007_O_shape,COOP_QA007_O,0
COOP_QA007,Ground_Daily,COOP_QA007_O (11-00-00),COOP_QA007_O_shape,COOP_QA007_O,0
COOP_QA007,Ground_Daily,COOP_QA007_O (13-00-00),COOP_QA007_O_shape,COOP_QA007_O,0
COOP_QA007,Ground_Daily,COOP_QA007_O (15-00-00),COOP_QA007_O_shape,COOP_QA007_O,0
COOP_QA007,Ground_Daily,COOP_QA007_O (17-00-00),COOP_QA007_O_shape,COOP_QA007_O,0
COOP_QA007,Ground_Daily,COOP_QA007_O (19-00-00),COOP_QA007_O_shape,COOP_QA007_O,0
COOP_QA007,Ground_Daily,COOP_QA007_O (21-00-00),COOP_QA007_O_shape,COOP_QA007_O,0
CTA_1007,Ground_Daily,CTA_1002_O (06-30-00),CTA_1002_O_shape,CTA_1002_O,0
CTA_1007,Ground_Daily,CTA_1002_O (08-00-00),CTA_1002_O_shape,CTA_1002_O,0
CTA_1007,Ground_Daily,CTA_1002_O (09-00-00),CTA_1002_O_shape,CTA_1002_O,0
CTA_1007,Ground_Daily,CTA_1002_O (11-00-00),CTA_1002_O_shape,CTA_1002_O,0
CTA_1007,Ground_Daily,CTA_1002_O (13-00-00),CTA_1002_O_shape,CTA_1002_O,0
CTA_1007,Ground_Daily,CTA_1002_O (15-00-00),CTA_1002_O_shape,CTA_1002_O,0
CTA_1007,Ground_Daily,CTA_1002_O (17-00-00),CTA_1002_O_shape,CTA_1002_O,0
CTA_1007,Ground_Daily,CTA_1002_O (19-00-00),CTA_1002_O_shape,CTA_1002_O,0
CTA_1007,Ground_Daily,CTA_1002_O (21-00-00),CTA_1002_O_shape,CTA_1002_O,0
CTA_1007,Ground_Daily,CTA_1002_R (06-30-00),CTA_1002_R_shape,CTA_1002_R,1
CTA_1007,Ground_Daily,CTA_1002_R (08-00-00),CTA_1002_R_shape,CTA_1002_R,1
CTA_1007,Ground_Daily,CTA_1002_R (09-00-00),CTA_1002_R_shape,CTA_1002_R,1
CTA_1007,Ground_Daily,CTA_1002_R (11-00-00),CTA_1002_R_shape,CTA_1002_R,1
CTA_1007,Ground_Daily,CTA_1002_R (13-00-00),CTA_1002_R_shape,CTA_1002_R,1
CTA_1007,Ground_Daily,CTA_1002_R (15-00-00),CTA_1002_R_shape,CTA_1002_R,1
CTA_1007,Ground_Daily,CTA_1002_R (17-00-00),CTA_1002_R_shape,CTA_1002_R,1
CTA_1007,Ground_Daily,CTA_1002_R (19-00-00),CTA_1002_R_shape,CTA_1002_R,1
CTA_1007,Ground_Daily,CTA_1002_R (21-00-00),CTA_1002_R_shape,CTA_1002_R,1
CTA_1007,Ground_Daily,CTA_1003_O (06-30-00),CTA_1003_O_shape,CTA_1003_O,0
CTA_1007,Ground_Daily,CTA_1003_O (08-00-00),CTA_1003_O_shape,CTA_1003_O,0
CTA_1007,Ground_Daily,CTA_1003_O (09-00-00),CTA_1003_O_shape,CTA_1003_O,0
CTA_1007,Ground_Daily,CTA_1003_O (11-00-00),CTA_1003_O_shape,CTA_1003_O,0
CTA_1007,Ground_Daily,CTA_1003_O (13-00-00),CTA_1003_O_shape,CTA_1003_O,0
CTA_1007,Ground_Daily,CTA_1003_O (15-00-00),CTA_1003_O_shape,CTA_1003_O,0
CTA_1007,Ground_Daily,CTA_1003_O (17-00-00),CTA_1003_O_shape,CTA_1003_O,0
CTA_1007,Ground_Daily,CTA_1003_O (19-00-00),CTA_1003_O_shape,CTA_1003_O,0
CTA_1007,Ground_Daily,CTA_1003_O (21-00-00),CTA_1003_O_shape,CTA_1003_O,0
CTA_1007,Ground_Daily,CTA_1003_R (06-30-00),CTA_1003_R_shape,CTA_1003_R,1
CTA_1007,Ground_Daily,CTA_1003_R (08-00-00),CTA_1003_R_shape,CTA_1003_R,1
CTA_1007,Ground_Daily,CTA_1003_R (09-00-00),CTA_1003_R_shape,CTA_1003_R,1
CTA_1007,Ground_Daily,CTA_1003_R (11-00-00),CTA_1003_R_shape,CTA_1003_R,1
CTA_1007,Ground_Daily,CTA_1003_R (13-00-00),CTA_1003_R_shape,CTA_1003_R,1
CTA_1007,Ground_Daily,CTA_1003_R (15-00-00),CTA_1003_R_shape,CTA_1003_R,1
CTA_1007,Ground_Daily,CTA_1003_R (17-00-00),CTA_1003_R_shape,CTA_1003_R,1
CTA_1007,Ground_Daily,CTA_1003_R (19-00-00),CTA_1003_R_shape,CTA_1003_R,1
CTA_1007,Ground_Daily,CTA_1003_R (21-00-00),CTA_1003_R_shape,CTA_1003_R,1
CTA_1007,Ground_Daily,CTA_1004_O (06-30-00),CTA_1004_O_shape,CTA_1004_O,0
CTA_1007,Ground_Daily,CTA_1004_O (08-00-00),CTA_1004_O_shape,CTA_1004_O,0
CTA_1007,Ground_Daily,CTA_1004_O (09-00-00),CTA_1004_O_shape,CTA_1004_O,0
CTA_1007,Ground_Daily,CTA_1004_O (11-00-00),CTA_1004_O_shape,CTA_1004_O,0
CTA_1007,Ground_Daily,CTA_1004_O (13-00-00),CTA_1004_O_shape,CTA_1004_O,0
CTA_1007,Ground_Daily,CTA_1004_O (15-00-00),CTA_1004_O_shape,CTA_1004_O,0
CTA_1007,Ground_Daily,CTA_1004_O (17-00-00),CTA_1004_O_shape,CTA_1004_O,0
CTA_1007,Ground_Daily,CTA_1004_O (19-00-00),CTA_1004_O_shape,CTA_1004_O,0
CTA_1007,Ground_Daily,CTA_1004_O (21-00-00),CTA_1004_O_shape,CTA_1004_O,0
CTA_1007,Ground_Daily,CTA_1004_R (06-30-00),CTA_1004_R_shape,CTA_1004_R,1
CTA_1007,Ground_Daily,CTA_1004_R (08-00-00),CTA_1004_R_shape,CTA_1004_R,1
CTA_1007,Ground_Daily,CTA_1004_R (09-00-00),CTA_1004_R_shape,CTA_1004_R,1
CTA_1007,Ground_Daily,CTA_1004_R (11-00-00),CTA_1004_R_shape,CTA_1004_R,1
CTA_1007,Ground_Daily,CTA_1004_R (13-00-00),CTA_1004_R_shape,CTA_1004_R,1
CTA_1007,Ground_Daily,CTA_1004_R (15-00-00),CTA_1004_R_shape,CTA_1004_R,1
CTA_1007,Ground_Daily,CTA_1004_R (17-00-00),CTA_1004_R_shape,CTA_1004_R,1
CTA_1007,Ground_Daily,CTA_1004_R (19-00-00),CTA_1004_R_shape,CTA_1004_R,1
CTA_1007,Ground_Daily,CTA_1004_R (21-00-00),CTA_1004_R_shape,CTA_1004_R,1
CTA_1007,Ground_Daily,CTA_1005_O (06-30-00),CTA_1005_O_shape,CTA_1005_O,0
CTA_1007,Ground_Daily,CTA_1005_O (08-00-00),CTA_1005_O_shape,CTA_1005_O,0
CTA_1007,Ground_Daily,CTA_1005_O (09-00-00),CTA_1005_O_shape,CTA_1005_O,0
CTA_1007,Ground_Daily,CTA_1005_O (11-00-00),CTA_1005_O_shape,CTA_1005_O,0
CTA_1007,Ground_Daily,CTA_1005_O (13-00-00),CTA_1005_O_shape,CTA_1005_O,0
CTA_1007,Ground_Daily,CTA_1005_O (15-00-00),CTA_1005_O_shape,CTA_1005_O,0
CTA_1007,Ground_Daily,CTA_1005_O (17-00-00),CTA_1005_O_shape,CTA_1005_O,0
CTA_1007,Ground_Daily,CTA_1005_O (19-00-00),CTA_1005_O_shape,CTA_1005_O,0
CTA_1007,Ground_Daily,CTA_1005_O (21-00-00),CTA_1005_O_shape,CTA_1005_O,0
CTA_1007,Ground_Daily,CTA_1005_R (06-30-00),CTA_1005_R_shape,CTA_1005_R,1
CTA_1007,Ground_Daily,CTA_1005_R (08-00-00),CTA_1005_R_shape,CTA_1005_R,1
CTA_1007,Ground_Daily,CTA_1005_R (09-00-00),CTA_1005_R_shape,CTA_1005_R,1
CTA_1007,Ground_Daily,CTA_1005_R (11-00-00),CTA_1005_R_shape,CTA_1005_R,1
CTA_1007,Ground_Daily,CTA_1005_R (13-00-00),CTA_1005_R_shape,CTA_1005_R,1
CTA_1007,Ground_Daily,CTA_1005_R (15-00-00),CTA_1005_R_shape,CTA_1005_R,1
CTA_1007,Ground_Daily,CTA_1005_R (17-00-00),CTA_1005_R_shape,CTA_1005_R,1
CTA_1007,Ground_Daily,CTA_1005_R (19-00-00),CTA_1005_R_shape,CTA_1005_R,1
CTA_1007,Ground_Daily,CTA_1005_R (21-00-00),CTA_1005_R_shape,CTA_1005_R,1
CTA_1007,Ground_Daily,CTA_1006_O (06-30-00),CTA_1006_O_shape,CTA_1006_O,0
CTA_1007,Ground_Daily,CTA_1006_O (08-00-00),CTA_1006_O_shape,CTA_1006_O,0
CTA_1007,Ground_Daily,CTA_1006_O (09-00-00),CTA_1006_O_shape,CTA_1006_O,0
CTA_1007,Ground_Daily,CTA_1006_O (11-00-00),CTA_1006_O_shape,CTA_1006_O,0
CTA_1007,Ground_Daily,CTA_1006_O (13-00-00),CTA_1006_O_shape,CTA_1006_O,0
CTA_1007,Ground_Daily,CTA_1006_O (15-00-00),CTA_1006_O_shape,CTA_1006_O,0
CTA_1007,Ground_Daily,CTA_1006_O (17-00-00),CTA_1006_O_shape,CTA_1006_O,0
CTA_1007,Ground_Daily,CTA_1006_O (19-00-00),CTA_1006_O_shape,CTA_1006_O,0
CTA_1007,Ground_Daily,CTA_1006_O (21-00-00),CTA_1006_O_shape,CTA_1006_O,0
CTA_1007,Ground_Daily,CTA_1006_R (06-30-00),CTA_1006_R_shape,CTA_1006_R,1
CTA_1007,Ground_Daily,CTA_1006_R (08-00-00),CTA_1006_R_shape,CTA_1006_R,1
CTA_1007,Ground_Daily,CTA_1006_R (09-00-00),CTA_1006_R_shape,CTA_1006_R,1
CTA_1007,Ground_Daily,CTA_1006_R (11-00-00),CTA_1006_R_shape,CTA_1006_R,1
CTA_1007,Ground_Daily,CTA_1006_R (13-00-00),CTA_1006_R_shape,CTA_1006_R,1
CTA_1007,Ground_Daily,CTA_1006_R (15-00-00),CTA_1006_R_shape,CTA_1006_R,1
CTA_1007,Ground_Daily,CTA_1006_R (17-00-00),CTA_1006_R_shape,CTA_1006_R,1
CTA_1007,Ground_Daily,CTA_1006_R (19-00-00),CTA_1006_R_shape,CTA_1006_R,1
CTA_1007,Ground_Daily,CTA_1006_R (21-00-00),CTA_1006_R_shape,CTA_1006_R,1
CTA_1007,Ground_Daily,CTA_1007_O (06-30-00),CTA_1007_O_shape,CTA_1007_O,0
CTA_1007,Ground_Daily,CTA_1007_O (08-00-00),CTA_1007_O_shape,CTA_1007_O,0
CTA_1007,Ground_Daily,CTA_1007_O (09-00-00),CTA_1007_O_shape,CTA_1007_O,0
CTA_1007,Ground_Daily,CTA_1007_O (11-00-00),CTA_1007_O_shape,CTA_1007_O,0
CTA_1007,Ground_Daily,CTA_1007_O (13-00-00),CTA_1007_O_shape,CTA_1007_O,0
CTA_1007,Ground_Daily,CTA_1007_O (15-00-00),CTA_1007_O_shape,CTA_1007_O,0
CTA_1007,Ground_Daily,CTA_1007_O (17-00-00),CTA_1007_O_shape,CTA_1007_O,0
CTA_1007,Ground_Daily,CTA_1007_O (19-00-00),CTA_1007_O_shape,CTA_1007_O,0
CTA_1007,Ground_Daily,CTA_1007_O (21-00-00),CTA_1007_O_shape,CTA_1007_O,0
CTA_1007,Ground_Daily,CTA_1007_R (06-30-00),CTA_1007_R_shape,CTA_1007_R,1
CTA_1007,Ground_Daily,CTA_1007_R (08-00-00),CTA_1007_R_shape,CTA_1007_R,1
CTA_1007,Ground_Daily,CTA_1007_R (09-00-00),CTA_1007_R_shape,CTA_1007_R,1
CTA_1007,Ground_Daily,CTA_1007_R (11-00-00),CTA_1007_R_shape,CTA_1007_R,1
CTA_1007,Ground_Daily,CTA_1007_R (13-00-00),CTA_1007_R_shape,CTA_1007_R,1
CTA_1007,Ground_Daily,CTA_1007_R (15-00-00),CTA_1007_R_shape,CTA_1007_R,1
CTA_1007,Ground_Daily,CTA_1007_R (17-00-00),CTA_1007_R_shape,CTA_1007_R,1
CTA_1007,Ground_Daily,CTA_1007_R (19-00-00),CTA_1007_R_shape,CTA_1007_R,1
CTA_1007,Ground_Daily,CTA_1007_R (21-00-00),CTA_1007_R_shape,CTA_1007_R,1
CTA_1007,Ground_Daily,CTA_1008_O (06-30-00),CTA_1008_O_shape,CTA_1008_O,0
CTA_1007,Ground_Daily,CTA_1008_O (08-00-00),CTA_1008_O_shape,CTA_1008_O,0
CTA_1007,Ground_Daily,CTA_1008_O (09-00-00),CTA_1008_O_shape,CTA_1008_O,0
CTA_1007,Ground_Daily,CTA_1008_O (11-00-00),CTA_1008_O_shape,CTA_1008_O,0
CTA_1007,Ground_Daily,CTA_1008_O (13-00-00),CTA_1008_O_shape,CTA_1008_O,0
CTA_1007,Ground_Daily,CTA_1008_O (15-00-00),CTA_1008_O_shape,CTA_1008_O,0
CTA_1007,Ground_Daily,CTA_1008_O (17-00-00),CTA_1008_O_shape,CTA_1008_O,0
CTA_1007,Ground_Daily,CTA_1008_O (19-00-00),CTA_1008_O_shape,CTA_1008_O,0
CTA_1007,Ground_Daily,CTA_1008_O (21-00-00),CTA_1008_O_shape,CTA_1008_O,0
CTA_1007,Ground_Daily,CTA_1008_R (06-30-00),CTA_1008_R_shape,CTA_1008_R,1
CTA_1007,Ground_Daily,CTA_1008_R (08-00-00),CTA_1008_R_shape,CTA_1008_R,1
CTA_1007,Ground_Daily,CTA_1008_R (09-00-00),CTA_1008_R_shape,CTA_1008_R,1
CTA_1007,Ground_Daily,CTA_1008_R (11-00-00),CTA_1008_R_shape,CTA_1008_R,1
CTA_1007,Ground_Daily,CTA_1008_R (13-00-00),CTA_1008_R_shape,CTA_1008_R,1
CTA_1007,Ground_Daily,CTA_1008_R (15-00-00),CTA_1008_R_shape,CTA_1008_R,1
CTA_1007,Ground_Daily,CTA_1008_R (17-00-00),CTA_1008_R_shape,CTA_1008_R,1
CTA_1007,Ground_Daily,CTA_1008_R (19-00-00),CTA_1008_R_shape,CTA_1008_R,1
CTA_1007,Ground_Daily,CTA_1008_R (21-00-00),CTA_1008_R_shape,CTA_1008_R,1
CTA_1007,Ground_Daily,CTA_1009_O (06-30-00),CTA_1009_O_shape,CTA_1009_O,0
CTA_1007,Ground_Daily,CTA_1009_O (08-00-00),CTA_1009_O_shape,CTA_1009_O,0
CTA_1007,Ground_Daily,CTA_1009_O (09-00-00),CTA_1009_O_shape,CTA_1009_O,0
CTA_1007,Ground_Daily,CTA_1009_O (11-00-00),CTA_1009_O_shape,CTA_1009_O,0
CTA_1007,Ground_Daily,CTA_1009_O (13-00-00),CTA_1009_O_shape,CTA_1009_O,0
CTA_1007,Ground_Daily,CTA_1009_O (15-00-00),CTA_1009_O_shape,CTA_1009_O,0
CTA_1007,Ground_Daily,CTA_1009_O (17-00-00),CTA_1009_O_shape,CTA_1009_O,0
CTA_1007,Ground_Daily,CTA_1009_O (19-00-00),CTA_1009_O_shape,CTA_1009_O,0
CTA_1007,Ground_Daily,CTA_1009_O (21-00-00),CTA_1009_O_shape,CTA_1009_O,0
CTA_1007,Ground_Daily,CTA_1009_R (06-30-00),CTA_1009_R_shape,CTA_1009_R,1
CTA_1007,Ground_Daily,CTA_1009_R (08-00-00),CTA_1009_R_shape,CTA_1009_R,1
CTA_1007,Ground_Daily,CTA_1009_R (09-00-00),CTA_1009_R_shape,CTA_1009_R,1
CTA_1007,Ground_Daily,CTA_1009_R (11-00-00),CTA_1009_R_shape,CTA_1009_R,1
CTA_1007,Ground_Daily,CTA_1009_R (13-00-00),CTA_1009_R_shape,CTA_1009_R,1
CTA_1007,Ground_Daily,CTA_1009_R (15-00-00),CTA_1009_R_shape,CTA_1009_R,1
CTA_1007,Ground_Daily,CTA_1009_R (17-00-00),CTA_1009_R_shape,CTA_1009_R,1
CTA_1007,Ground_Daily,CTA_1009_R (19-00-00),CTA_1009_R_shape,CTA_1009_R,1
CTA_1007,Ground_Daily,CTA_1009_R (21-00-00),CTA_1009_R_shape,CTA_1009_R,1
CTA_1010,Ground_Daily,CTA_1010_O (06-30-00),CTA_1010_O_shape,CTA_1010_O,0
CTA_1010,Ground_Daily,CTA_1010_O (08-00-00),CTA_1010_O_shape,CTA_1010_O,0
CTA_1010,Ground_Daily,CTA_1010_O (09-00-00),CTA_1010_O_shape,CTA_1010_O,0
CTA_1010,Ground_Daily,CTA_1010_O (11-00-00),CTA_1010_O_shape,CTA_1010_O,0
CTA_1010,Ground_Daily,CTA_1010_O (13-00-00),CTA_1010_O_shape,CTA_1010_O,0
CTA_1010,Ground_Daily,CTA_1010_O (15-00-00),CTA_1010_O_shape,CTA_1010_O,0
CTA_1010,Ground_Daily,CTA_1010_O (17-00-00),CTA_1010_O_shape,CTA_1010_O,0
CTA_1010,Ground_Daily,CTA_1010_O (19-00-00),CTA_1010_O_shape,CTA_1010_O,0
CTA_1010,Ground_Daily,CTA_1010_O (21-00-00),CTA_1010_O_shape,CTA_1010_O,0
CTA_1010,Ground_Daily,CTA_1010_R (06-30-00),CTA_1010_R_shape,CTA_1010_R,1
CTA_1010,Ground_Daily,CTA_1010_R (08-00-00),CTA_1010_R_shape,CTA_1010_R,1
CTA_1010,Ground_Daily,CTA_1010_R (09-00-00),CTA_1010_R_shape,CTA_1010_R,1
CTA_1010,Ground_Daily,CTA_1010_R (11-00-00),CTA_1010_R_shape,CTA_1010_R,1
CTA_1010,Ground_Daily,CTA_1010_R (13-00-00),CTA_1010_R_shape,CTA_1010_R,1
CTA_1010,Ground_Daily,CTA_1010_R (15-00-00),CTA_1010_R_shape,CTA_1010_R,1
CTA_1010,Ground_Daily,CTA_1010_R (17-00-00),CTA_1010_R_shape,CTA_1010_R,1
CTA_1010,Ground_Daily,CTA_1010_R (19-00-00),CTA_1010_R_shape,CTA_1010_R,1
CTA_1010,Ground_Daily,CTA_1010_R (21-00-00),CTA_1010_R_shape,CTA_1010_R,1
CTA_1010,Ground_Daily,CTA_1011_O (06-30-00),CTA_1011_O_shape,CTA_1011_O,0
CTA_1010,Ground_Daily,CTA_1011_O (08-00-00),CTA_1011_O_shape,CTA_1011_O,0
CTA_1010,Ground_Daily,CTA_1011_O (09-00-00),CTA_1011_O_shape,CTA_1011_O,0
CTA_1010,Ground_Daily,CTA_1011_O (11-00-00),CTA_1011_O_shape,CTA_1011_O,0
CTA_1010,Ground_Daily,CTA_1011_O (13-00-00),CTA_1011_O_shape,CTA_1011_O,0
CTA_1010,Ground_Daily,CTA_1011_O (15-00-00),CTA_1011_O_shape,CTA_1011_O,0
CTA_1010,Ground_Daily,CTA_1011_O (17-00-00),CTA_1011_O_shape,CTA_1011_O,0
CTA_1010,Ground_Daily,CTA_1011_O (19-00-00),CTA_1011_O_shape,CTA_1011_O,0
CTA_1010,Ground_Daily,CTA_1011_O (21-00-00),CTA_1011_O_shape,CTA_1011_O,0
CTA_1010,Ground_Daily,CTA_1011_R (06-30-00),CTA_1011_R_shape,CTA_1011_R,1
CTA_1010,Ground_Daily,CTA_1011_R (08-00-00),CTA_1011_R_shape,CTA_1011_R,1
CTA_1010,Ground_Daily,CTA_1011_R (09-00-00),CTA_1011_R_shape,CTA_1011_R,1
CTA_1010,Ground_Daily,CTA_1011_R (11-00-00),CTA_1011_R_shape,CTA_1011_R,1
CTA_1010,Ground_Daily,CTA_1011_R (13-00-00),CTA_1011_R_shape,CTA_1011_R,1
CTA_1010,Ground_Daily,CTA_1011_R (15-00-00),CTA_1011_R_shape,CTA_1011_R,1
CTA_1010,Ground_Daily,CTA_1011_R (17-00-00),CTA_1011_R_shape,CTA_1011_R,1
CTA_1010,Ground_Daily,CTA_1011_R (19-00-00),CTA_1011_R_shape,CTA_1011_R,1
CTA_1010,Ground_Daily,CTA_1011_R (21-00-00),CTA_1011_R_shape,CTA_1011_R,1
CTA_1025,Ground_Daily,CTA_1021_O (06-30-00),CTA_1021_O_shape,CTA_1021_O,0
CTA_1025,Ground_Daily,CTA_1021_O (08-00-00),CTA_1021_O_shape,CTA_1021_O,0
CTA_1025,Ground_Daily,CTA_1021_O (09-00-00),CTA_1021_O_shape,CTA_1021_O,0
CTA_1025,Ground_Daily,CTA_1021_O (11-00-00),CTA_1021_O_shape,CTA_1021_O,0
CTA_1025,Ground_Daily,CTA_1021_O (13-00-00),CTA_1021_O_shape,CTA_1021_O,0
CTA_1025,Ground_Daily,CTA_1021_O (15-00-00),CTA_1021_O_shape,CTA_1021_O,0
CTA_1025,Ground_Daily,CTA_1021_O (17-00-00),CTA_1021_O_shape,CTA_1021_O,0
CTA_1025,Ground_Daily,CTA_1021_O (19-00-00),CTA_1021_O_shape,CTA_1021_O,0
CTA_1025,Ground_Daily,CTA_1021_O (21-00-00),CTA_1021_O_shape,CTA_1021_O,0
CTA_1025,Ground_Daily,CTA_1021_R (06-30-00),CTA_1021_R_shape,CTA_1021_R,1
CTA_1025,Ground_Daily,CTA_1021_R (08-00-00),CTA_1021_R_shape,CTA_1021_R,1
CTA_1025,Ground_Daily,CTA_1021_R (09-00-00),CTA_1021_R_shape,CTA_1021_R,1
CTA_1025,Ground_Daily,CTA_1021_R (11-00-00),CTA_1021_R_shape,CTA_1021_R,1
CTA_1025,Ground_Daily,CTA_1021_R (13-00-00),CTA_1021_R_shape,CTA_1021_R,1
CTA_1025,Ground_Daily,CTA_1021_R (15-00-00),CTA_1021_R_shape,CTA_1021_R,1
CTA_1025,Ground_Daily,CTA_1021_R (17-00-00),CTA_1021_R_shape,CTA_1021_R,1
CTA_1025,Ground_Daily,CTA_1021_R (19-00-00),CTA_1021_R_shape,CTA_1021_R,1
CTA_1025,Ground_Daily,CTA_1021_R (21-00-00),CTA_1021_R_shape,CTA_1021_R,1
CTA_1025,Ground_Daily,CTA_1023_O (06-30-00),CTA_1023_O_shape,CTA_1023_O,0
CTA_1025,Ground_Daily,CTA_1023_O (08-00-00),CTA_1023_O_shape,CTA_1023_O,0
CTA_1025,Ground_Daily,CTA_1023_O (09-00-00),CTA_1023_O_shape,CTA_1023_O,0
CTA_1025,Ground_Daily,CTA_1023_O (11-00-00),CTA_1023_O_shape,CTA_1023_O,0
CTA_1025,Ground_Daily,CTA_1023_O (13-00-00),CTA_1023_O_shape,CTA_1023_O,0
CTA_1025,Ground_Daily,CTA_1023_O (15-00-00),CTA_1023_O_shape,CTA_1023_O,0
CTA_1025,Ground_Daily,CTA_1023_O (17-00-00),CTA_1023_O_shape,CTA_1023_O,0
CTA_1025,Ground_Daily,CTA_1023_O (19-00-00),CTA_1023_O_shape,CTA_1023_O,0
CTA_1025,Ground_Daily,CTA_1023_O (21-00-00),CTA_1023_O_shape,CTA_1023_O,0
CTA_1025,Ground_Daily,CTA_1023_R (06-30-00),CTA_1023_R_shape,CTA_1023_R,1
CTA_1025,Ground_Daily,CTA_1023_R (08-00-00),CTA_1023_R_shape,CTA_1023_R,1
CTA_1025,Ground_Daily,CTA_1023_R (09-00-00),CTA_1023_R_shape,CTA_1023_R,1
CTA_1025,Ground_Daily,CTA_1023_R (11-00-00),CTA_1023_R_shape,CTA_1023_R,1
CTA_1025,Ground_Daily,CTA_1023_R (13-00-00),CTA_1023_R_shape,CTA_1023_R,1
CTA_1025,Ground_Daily,CTA_1023_R (15-00-00),CTA_1023_R_shape,CTA_1023_R,1
CTA_1025,Ground_Daily,CTA_1023_R (17-00-00),CTA_1023_R_shape,CTA_1023_R,1
CTA_1025,Ground_Daily,CTA_1023_R (19-00-00),CTA_1023_R_shape,CTA_1023_R,1
CTA_1025,Ground_Daily,CTA_1023_R (21-00-00),CTA_1023_R_shape,CTA_1023_R,1
CTA_1025,Ground_Daily,CTA_1025_O (06-30-00),CTA_1025_O_shape,CTA_1025_O,0
CTA_1025,Ground_Daily,CTA_1025_O (08-00-00),CTA_1025_O_shape,CTA_1025_O,0
CTA_1025,Ground_Daily,CTA_1025_O (09-00-00),CTA_1025_O_shape,CTA_1025_O,0
CTA_1025,Ground_Daily,CTA_1025_O (11-00-00),CTA_1025_O_shape,CTA_1025_O,0
CTA_1025,Ground_Daily,CTA_1025_O (13-00-00),CTA_1025_O_shape,CTA_1025_O,0
CTA_1025,Ground_Daily,CTA_1025_O (15-00-00),CTA_1025_O_shape,CTA_1025_O,0
CTA_1025,Ground_Daily,CTA_1025_O (17-00-00),CTA_1025_O_shape,CTA_1025_O,0
CTA_1025,Ground_Daily,CTA_1025_O (19-00-00),CTA_1025_O_shape,CTA_1025_O,0
CTA_1025,Ground_Daily,CTA_1025_O (21-00-00),CTA_1025_O_shape,CTA_1025_O,0
CTA_1025,Ground_Daily,CTA_1025_R (06-30-00),CTA_1025_R_shape,CTA_1025_R,1
CTA_1025,Ground_Daily,CTA_1025_R (08-00-00),CTA_1025_R_shape,CTA_1025_R,1
CTA_1025,Ground_Daily,CTA_1025_R (09-00-00),CTA_1025_R_shape,CTA_1025_R,1
CTA_1025,Ground_Daily,CTA_1025_R (11-00-00),CTA_1025_R_shape,CTA_1025_R,1
CTA_1025,Ground_Daily,CTA_1025_R (13-00-00),CTA_1025_R_shape,CTA_1025_R,1
CTA_1025,Ground_Daily,CTA_1025_R (15-00-00),CTA_1025_R_shape,CTA_1025_R,1
CTA_1025,Ground_Daily,CTA_1025_R (17-00-00),CTA_1025_R_shape,CTA_1025_R,1
CTA_1025,Ground_Daily,CTA_1025_R (19-00-00),CTA_1025_R_shape,CTA_1025_R,1
CTA_1025,Ground_Daily,CTA_1025_R (21-00-00),CTA_1025_R_shape,CTA_1025_R,1
CTA_1025,Ground_Daily,CTA_1026_O (06-30-00),CTA_1026_O_shape,CTA_1026_O,0
CTA_1025,Ground_Daily,CTA_1026_O (08-00-00),CTA_1026_O_shape,CTA_1026_O,0
CTA_1025,Ground_Daily,CTA_1026_O (09-00-00),CTA_1026_O_shape,CTA_1026_O,0
CTA_1025,Ground_Daily,CTA_1026_O (11-00-00),CTA_1026_O_shape,CTA_1026_O,0
CTA_1025,Ground_Daily,CTA_1026_O (13-00-00),CTA_1026_O_shape,CTA_1026_O,0
CTA_1025,Ground_Daily,CTA_1026_O (15-00-00),CTA_1026_O_shape,CTA_1026_O,0
CTA_1025,Ground_Daily,CTA_1026_O (17-00-00),CTA_1026_O_shape,CTA_1026_O,0
CTA_1025,Ground_Daily,CTA_1026_O (19-00-00),CTA_1026_O_shape,CTA_1026_O,0
CTA_1025,Ground_Daily,CTA_1026_O (21-00-00),CTA_1026_O_shape,CTA_1026_O,0
CTA_1025,Ground_Daily,CTA_1026_R (06-30-00),CTA_1026_R_shape,CTA_1026_R,1
CTA_1025,Ground_Daily,CTA_1026_R (08-00-00),CTA_1026_R_shape,CTA_1026_R,1
CTA_1025,Ground_Daily,CTA_1026_R (09-00-00),CTA_1026_R_shape,CTA_1026_R,1
CTA_1025,Ground_Daily,CTA_1026_R (11-00-00),CTA_1026_R_shape,CTA_1026_R,1
CTA_1025,Ground_Daily,CTA_1026_R (13-00-00),CTA_1026_R_shape,CTA_1026_R,1
CTA_1025,Ground_Daily,CTA_1026_R (15-00-00),CTA_1026_R_shape,CTA_1026_R,1
CTA_1025,Ground_Daily,CTA_1026_R (17-00-00),CTA_1026_R_shape,CTA_1026_R,1
CTA_1025,Ground_Daily,CTA_1026_R (19-00-00),CTA_1026_R_shape,CTA_1026_R,1
CTA_1025,Ground_Daily,CTA_1026_R (21-00-00),CTA_1026_R_shape,CTA_1026_R,1
CTA_1025,Ground_Daily,CTA_1027_O (06-30-00),CTA_1027_O_shape,CTA_1027_O,0
CTA_1025,Ground_Daily,CTA_1027_O (08-00-00),CTA_1027_O_shape,CTA_1027_O,0
CTA_1025,Ground_Daily,CTA_1027_O (09-00-00),CTA_1027_O_shape,CTA_1027_O,0
CTA_1025,Ground_Daily,CTA_1027_O (11-00-00),CTA_1027_O_shape,CTA_1027_O,0
CTA_1025,Ground_Daily,CTA_1027_O (13-00-00),CTA_1027_O_shape,CTA_1027_O,0
CTA_1025,Ground_Daily,CTA_1027_O (15-00-00),CTA_1027_O_shape,CTA_1027_O,0
CTA_1025,Ground_Daily,CTA_1027_O (17-00-00),CTA_1027_O_shape,CTA_1027_O,0
CTA_1025,Ground_Daily,CTA_1027_O (19-00-00),CTA_1027_O_shape,CTA_1027_O,0
CTA_1025,Ground_Daily,CTA_1027_O (21-00-00),CTA_1027_O_shape,CTA_1027_O,0
CTA_1025,Ground_Daily,CTA_1027_R (06-30-00),CTA_1027_R_shape,CTA_1027_R,1
CTA_1025,Ground_Daily,CTA_1027_R (08-00-00),CTA_1027_R_shape,CTA_1027_R,1
CTA_1025,Ground_Daily,CTA_1027_R (09-00-00),CTA_1027_R_shape,CTA_1027_R,1
CTA_1025,Ground_Daily,CTA_1027_R (11-00-00),CTA_1027_R_shape,CTA_1027_R,1
CTA_1025,Ground_Daily,CTA_1027_R (13-00-00),CTA_1027_R_shape,CTA_1027_R,1
CTA_1025,Ground_Daily,CTA_1027_R (15-00-00),CTA_1027_R_shape,CTA_1027_R,1
CTA_1025,Ground_Daily,CTA_1027_R (17-00-00),CTA_1027_R_shape,CTA_1027_R,1
CTA_1025,Ground_Daily,CTA_1027_R (19-00-00),CTA_1027_R_shape,CTA_1027_R,1
CTA_1025,Ground_Daily,CTA_1027_R (21-00-00),CTA_1027_R_shape,CTA_1027_R,1
CTA_1025,Ground_Daily,CTA_1028_O (06-30-00),CTA_1028_O_shape,CTA_1028_O,0
CTA_1025,Ground_Daily,CTA_1028_O (08-00-00),CTA_1028_O_shape,CTA_1028_O,0
CTA_1025,Ground_Daily,CTA_1028_O (09-00-00),CTA_1028_O_shape,CTA_1028_O,0
CTA_1025,Ground_Daily,CTA_1028_O (11-00-00),CTA_1028_O_shape,CTA_1028_O,0
CTA_1025,Ground_Daily,CTA_1028_O (13-00-00),CTA_1028_O_shape,CTA_1028_O,0
CTA_1025,Ground_Daily,CTA_1028_O (15-00-00),CTA_1028_O_shape,CTA_1028_O,0
CTA_1025,Ground_Daily,CTA_1028_O (17-00-00),CTA_1028_O_shape,CTA_1028_O,0
CTA_1025,Ground_Daily,CTA_1028_O (19-00-00),CTA_1028_O_shape,CTA_1028_O,0
CTA_1025,Ground_Daily,CTA_1028_O (21-00-00),CTA_1028_O_shape,CTA_1028_O,0
CTA_1025,Ground_Daily,CTA_1028_R (06-30-00),CTA_1028_R_shape,CTA_1028_R,1
CTA_1025,Ground_Daily,CTA_1028_R (08-00-00),CTA_1028_R_shape,CTA_1028_R,1
CTA_1025,Ground_Daily,CTA_1028_R (09-00-00),CTA_1028_R_shape,CTA_1028_R,1
CTA_1025,Ground_Daily,CTA_1028_R (11-00-00),CTA_1028_R_shape,CTA_1028_R,1
CTA_1025,Ground_Daily,CTA_1028_R (13-00-00),CTA_1028_R_shape,CTA_1028_R,1
CTA_1025,Ground_Daily,CTA_1028_R (15-00-00),CTA_1028_R_shape,CTA_1028_R,1
CTA_1025,Ground_Daily,CTA_1028_R (17-00-00),CTA_1028_R_shape,CTA_1028_R,1
CTA_1025,Ground_Daily,CTA_1028_R (19-00-00),CTA_1028_R_shape,CTA_1028_R,1
CTA_1025,Ground_Daily,CTA_1028_R (21-00-00),CTA_1028_R_shape,CTA_1028_R,1
CTA_103-1094,Ground_Daily,CTA_1030_O (06-30-00),CTA_1030_O_shape,CTA_1030_O,0
CTA_103-1094,Ground_Daily,CTA_1030_O (08-00-00),CTA_1030_O_shape,CTA_1030_O,0
CTA_103-1094,Ground_Daily,CTA_1030_O (09-00-00),CTA_1030_O_shape,CTA_1030_O,0
CTA_103-1094,Ground_Daily,CTA_1030_O (11-00-00),CTA_1030_O_shape,CTA_1030_O,0
CTA_103-1094,Ground_Daily,CTA_1030_O (13-00-00),CTA_1030_O_shape,CTA_1030_O,0
CTA_103-1094,Ground_Daily,CTA_1030_O (15-00-00),CTA_1030_O_shape,CTA_1030_O,0
CTA_103-1094,Ground_Daily,CTA_1030_O (17-00-00),CTA_1030_O_shape,CTA_1030_O,0
CTA_103-1094,Ground_Daily,CTA_1030_O (19-00-00),CTA_1030_O_shape,CTA_1030_O,0
CTA_103-1094,Ground_Daily,CTA_1030_O (21-00-00),CTA_1030_O_shape,CTA_1030_O,0
CTA_103-1094,Ground_Daily,CTA_1030_R (06-30-00),CTA_1030_R_shape,CTA_1030_R,1
CTA_103-1094,Ground_Daily,CTA_1030_R (08-00-00),CTA_1030_R_shape,CTA_1030_R,1
CTA_103-1094,Ground_Daily,CTA_1030_R (09-00-00),CTA_1030_R_shape,CTA_1030_R,1
CTA_103-1094,Ground_Daily,CTA_1030_R (11-00-00),CTA_1030_R_shape,CTA_1030_R,1
CTA_103-1094,Ground_Daily,CTA_1030_R (13-00-00),CTA_1030_R_shape,CTA_1030_R,1
CTA_103-1094,Ground_Daily,CTA_1030_R (15-00-00),CTA_1030_R_shape,CTA_1030_R,1
CTA_103-1094,Ground_Daily,CTA_1030_R (17-00-00),CTA_1030_R_shape,CTA_1030_R,1
CTA_103-1094,Ground_Daily,CTA_1030_R (19-00-00),CTA_1030_R_shape,CTA_1030_R,1
CTA_103-1094,Ground_Daily,CTA_1030_R (21-00-00),CTA_1030_R_shape,CTA_1030_R,1
CTA_103-1094,Ground_Daily,CTA_1031_O (06-30-00),CTA_1031_O_shape,CTA_1031_O,0
CTA_103-1094,Ground_Daily,CTA_1031_O (08-00-00),CTA_1031_O_shape,CTA_1031_O,0
CTA_103-1094,Ground_Daily,CTA_1031_O (09-00-00),CTA_1031_O_shape,CTA_1031_O,0
CTA_103-1094,Ground_Daily,CTA_1031_O (11-00-00),CTA_1031_O_shape,CTA_1031_O,0
CTA_103-1094,Ground_Daily,CTA_1031_O (13-00-00),CTA_1031_O_shape,CTA_1031_O,0
CTA_103-1094,Ground_Daily,CTA_1031_O (15-00-00),CTA_1031_O_shape,CTA_1031_O,0
CTA_103-1094,Ground_Daily,CTA_1031_O (17-00-00),CTA_1031_O_shape,CTA_1031_O,0
CTA_103-1094,Ground_Daily,CTA_1031_O (19-00-00),CTA_1031_O_shape,CTA_1031_O,0
CTA_103-1094,Ground_Daily,CTA_1031_O (21-00-00),CTA_1031_O_shape,CTA_1031_O,0
CTA_103-1094,Ground_Daily,CTA_1031_R (06-30-00),CTA_1031_R_shape,CTA_1031_R,1
CTA_103-1094,Ground_Daily,CTA_1031_R (08-00-00),CTA_1031_R_shape,CTA_1031_R,1
CTA_103-1094,Ground_Daily,CTA_1031_R (09-00-00),CTA_1031_R_shape,CTA_1031_R,1
CTA_103-1094,Ground_Daily,CTA_1031_R (11-00-00),CTA_1031_R_shape,CTA_1031_R,1
CTA_103-1094,Ground_Daily,CTA_1031_R (13-00-00),CTA_1031_R_shape,CTA_1031_R,1
CTA_103-1094,Ground_Daily,CTA_1031_R (15-00-00),CTA_1031_R_shape,CTA_1031_R,1
CTA_103-1094,Ground_Daily,CTA_1031_R (17-00-00),CTA_1031_R_shape,CTA_1031_R,1
CTA_103-1094,Ground_Daily,CTA_1031_R (19-00-00),CTA_1031_R_shape,CTA_1031_R,1
CTA_103-1094,Ground_Daily,CTA_1031_R (21-00-00),CTA_1031_R_shape,CTA_1031_R,1
CTA_103-1094,Ground_Daily,CTA_103or1094_O (06-30-00),CTA_103or1094_O_shape,CTA_103or1094_O,0
CTA_103-1094,Ground_Daily,CTA_103or1094_O (08-00-00),CTA_103or1094_O_shape,CTA_103or1094_O,0
CTA_103-1094,Ground_Daily,CTA_103or1094_O (09-00-00),CTA_103or1094_O_shape,CTA_103or1094_O,0
CTA_103-1094,Ground_Daily,CTA_103or1094_O (11-00-00),CTA_103or1094_O_shape,CTA_103or1094_O,0
CTA_103-1094,Ground_Daily,CTA_103or1094_O (13-00-00),CTA_103or1094_O_shape,CTA_103or1094_O,0
CTA_103-1094,Ground_Daily,CTA_103or1094_O (15-00-00),CTA_103or1094_O_shape,CTA_103or1094_O,0
CTA_103-1094,Ground_Daily,CTA_103or1094_O (17-00-00),CTA_103or1094_O_shape,CTA_103or1094_O,0
CTA_103-1094,Ground_Daily,CTA_103or1094_O (19-00-00),CTA_103or1094_O_shape,CTA_103or1094_O,0
CTA_103-1094,Ground_Daily,CTA_103or1094_O (21-00-00),CTA_103or1094_O_shape,CTA_103or1094_O,0
CTA_103-1094,Ground_Daily,CTA_103or1094_R (06-30-00),CTA_103or1094_R_shape,CTA_103or1094_R,1
CTA_103-1094,Ground_Daily,CTA_103or1094_R (08-00-00),CTA_103or1094_R_shape,CTA_103or1094_R,1
CTA_103-1094,Ground_Daily,CTA_103or1094_R (09-00-00),CTA_103or1094_R_shape,CTA_103or1094_R,1
CTA_103-1094,Ground_Daily,CTA_103or1094_R (11-00-00),CTA_103or1094_R_shape,CTA_103or1094_R,1
CTA_103-1094,Ground_Daily,CTA_103or1094_R (13-00-00),CTA_103or1094_R_shape,CTA_103or1094_R,1
CTA_103-1094,Ground_Daily,CTA_103or1094_R (15-00-00),CTA_103or1094_R_shape,CTA_103or1094_R,1
CTA_103-1094,Ground_Daily,CTA_103or1094_R (17-00-00),CTA_103or1094_R_shape,CTA_103or1094_R,1
CTA_103-1094,Ground_Daily,CTA_103or1094_R (19-00-00),CTA_103or1094_R_shape,CTA_103or1094_R,1
CTA_103-1094,Ground_Daily,CTA_103or1094_R (21-00-00),CTA_103or1094_R_shape,CTA_103or1094_R,1
CTA_1045,Ground_Daily,CTA_1045_O (06-30-00),CTA_1045_O_shape,CTA_1045_O,0
CTA_1045,Ground_Daily,CTA_1045_O (08-00-00),CTA_1045_O_shape,CTA_1045_O,0
CTA_1045,Ground_Daily,CTA_1045_O (09-00-00),CTA_1045_O_shape,CTA_1045_O,0
CTA_1045,Ground_Daily,CTA_1045_O (11-00-00),CTA_1045_O_shape,CTA_1045_O,0
CTA_1045,Ground_Daily,CTA_1045_O (13-00-00),CTA_1045_O_shape,CTA_1045_O,0
CTA_1045,Ground_Daily,CTA_1045_O (15-00-00),CTA_1045_O_shape,CTA_1045_O,0
CTA_1045,Ground_Daily,CTA_1045_O (17-00-00),CTA_1045_O_shape,CTA_1045_O,0
CTA_1045,Ground_Daily,CTA_1045_O (19-00-00),CTA_1045_O_shape,CTA_1045_O,0
CTA_1045,Ground_Daily,CTA_1045_O (21-00-00),CTA_1045_O_shape,CTA_1045_O,0
CTA_1045,Ground_Daily,CTA_1045_R (06-30-00),CTA_1045_R_shape,CTA_1045_R,1
CTA_1045,Ground_Daily,CTA_1045_R (08-00-00),CTA_1045_R_shape,CTA_1045_R,1
CTA_1045,Ground_Daily,CTA_1045_R (09-00-00),CTA_1045_R_shape,CTA_1045_R,1
CTA_1045,Ground_Daily,CTA_1045_R (11-00-00),CTA_1045_R_shape,CTA_1045_R,1
CTA_1045,Ground_Daily,CTA_1045_R (13-00-00),CTA_1045_R_shape,CTA_1045_R,1
CTA_1045,Ground_Daily,CTA_1045_R (15-00-00),CTA_1045_R_shape,CTA_1045_R,1
CTA_1045,Ground_Daily,CTA_1045_R (17-00-00),CTA_1045_R_shape,CTA_1045_R,1
CTA_1045,Ground_Daily,CTA_1045_R (19-00-00),CTA_1045_R_shape,CTA_1045_R,1
CTA_1045,Ground_Daily,CTA_1045_R (21-00-00),CTA_1045_R_shape,CTA_1045_R,1
CTA_1045,Ground_Daily,CTA_104S_O (06-30-00),CTA_104S_O_shape,CTA_104S_O,0
CTA_1045,Ground_Daily,CTA_104S_O (08-00-00),CTA_104S_O_shape,CTA_104S_O,0
CTA_1045,Ground_Daily,CTA_104S_O (09-00-00),CTA_104S_O_shape,CTA_104S_O,0
CTA_1045,Ground_Daily,CTA_104S_O (11-00-00),CTA_104S_O_shape,CTA_104S_O,0
CTA_1045,Ground_Daily,CTA_104S_O (13-00-00),CTA_104S_O_shape,CTA_104S_O,0
CTA_1045,Ground_Daily,CTA_104S_O (15-00-00),CTA_104S_O_shape,CTA_104S_O,0
CTA_1045,Ground_Daily,CTA_104S_O (17-00-00),CTA_104S_O_shape,CTA_104S_O,0
CTA_1045,Ground_Daily,CTA_104S_O (19-00-00),CTA_104S_O_shape,CTA_104S_O,0
CTA_1045,Ground_Daily,CTA_104S_O (21-00-00),CTA_104S_O_shape,CTA_104S_O,0
CTA_1045,Ground_Daily,CTA_104S_R (06-30-00),CTA_104S_R_shape,CTA_104S_R,1
CTA_1045,Ground_Daily,CTA_104S_R (08-00-00),CTA_104S_R_shape,CTA_104S_R,1
CTA_1045,Ground_Daily,CTA_104S_R (09-00-00),CTA_104S_R_shape,CTA_104S_R,1
CTA_1045,Ground_Daily,CTA_104S_R (11-00-00),CTA_104S_R_shape,CTA_104S_R,1
CTA_1045,Ground_Daily,CTA_104S_R (13-00-00),CTA_104S_R_shape,CTA_104S_R,1
CTA_1045,Ground_Daily,CTA_104S_R (15-00-00),CTA_104S_R_shape,CTA_104S_R,1
CTA_1045,Ground_Daily,CTA_104S_R (17-00-00),CTA_104S_R_shape,CTA_104S_R,1
CTA_1045,Ground_Daily,CTA_104S_R (19-00-00),CTA_104S_R_shape,CTA_104S_R,1
CTA_1045,Ground_Daily,CTA_104S_R (21-00-00),CTA_104S_R_shape,CTA_104S_R,1
CTA_1053,Ground_Daily,CTA_1053_O (06-30-00),CTA_1053_O_shape,CTA_1053_O,0
CTA_1053,Ground_Daily,CTA_1053_O (08-00-00),CTA_1053_O_shape,CTA_1053_O,0
CTA_1053,Ground_Daily,CTA_1053_O (09-00-00),CTA_1053_O_shape,CTA_1053_O,0
CTA_1053,Ground_Daily,CTA_1053_O (11-00-00),CTA_1053_O_shape,CTA_1053_O,0
CTA_1053,Ground_Daily,CTA_1053_O (13-00-00),CTA_1053_O_shape,CTA_1053_O,0
CTA_1053,Ground_Daily,CTA_1053_O (15-00-00),CTA_1053_O_shape,CTA_1053_O,0
CTA_1053,Ground_Daily,CTA_1053_O (17-00-00),CTA_1053_O_shape,CTA_1053_O,0
CTA_1053,Ground_Daily,CTA_1053_O (19-00-00),CTA_1053_O_shape,CTA_1053_O,0
CTA_1053,Ground_Daily,CTA_1053_O (21-00-00),CTA_1053_O_shape,CTA_1053_O,0
CTA_1053,Ground_Daily,CTA_1053_R (06-30-00),CTA_1053_R_shape,CTA_1053_R,1
CTA_1053,Ground_Daily,CTA_1053_R (08-00-00),CTA_1053_R_shape,CTA_1053_R,1
CTA_1053,Ground_Daily,CTA_1053_R (09-00-00),CTA_1053_R_shape,CTA_1053_R,1
CTA_1053,Ground_Daily,CTA_1053_R (11-00-00),CTA_1053_R_shape,CTA_1053_R,1
CTA_1053,Ground_Daily,CTA_1053_R (13-00-00),CTA_1053_R_shape,CTA_1053_R,1
CTA_1053,Ground_Daily,CTA_1053_R (15-00-00),CTA_1053_R_shape,CTA_1053_R,1
CTA_1053,Ground_Daily,CTA_1053_R (17-00-00),CTA_1053_R_shape,CTA_1053_R,1
CTA_1053,Ground_Daily,CTA_1053_R (19-00-00),CTA_1053_R_shape,CTA_1053_R,1
CTA_1053,Ground_Daily,CTA_1053_R (21-00-00),CTA_1053_R_shape,CTA_1053_R,1
CTA_1053,Ground_Daily,CTA_1057_R (06-30-00),CTA_1057_R_shape,CTA_1057_R,1
CTA_1053,Ground_Daily,CTA_1057_R (08-00-00),CTA_1057_R_shape,CTA_1057_R,1
CTA_1053,Ground_Daily,CTA_1057_R (09-00-00),CTA_1057_R_shape,CTA_1057_R,1
CTA_1053,Ground_Daily,CTA_1057_R (11-00-00),CTA_1057_R_shape,CTA_1057_R,1
CTA_1053,Ground_Daily,CTA_1057_R (13-00-00),CTA_1057_R_shape,CTA_1057_R,1
CTA_1053,Ground_Daily,CTA_1057_R (15-00-00),CTA_1057_R_shape,CTA_1057_R,1
CTA_1053,Ground_Daily,CTA_1057_R (17-00-00),CTA_1057_R_shape,CTA_1057_R,1
CTA_1053,Ground_Daily,CTA_1057_R (19-00-00),CTA_1057_R_shape,CTA_1057_R,1
CTA_1053,Ground_Daily,CTA_1057_R (21-00-00),CTA_1057_R_shape,CTA_1057_R,1
CTA_1068,Ground_Daily,CTA_1063_O (06-30-00),CTA_1063_O_shape,CTA_1063_O,0
CTA_1068,Ground_Daily,CTA_1063_O (08-00-00),CTA_1063_O_shape,CTA_1063_O,0
CTA_1068,Ground_Daily,CTA_1063_O (09-00-00),CTA_1063_O_shape,CTA_1063_O,0
CTA_1068,Ground_Daily,CTA_1063_O (11-00-00),CTA_1063_O_shape,CTA_1063_O,0
CTA_1068,Ground_Daily,CTA_1063_O (13-00-00),CTA_1063_O_shape,CTA_1063_O,0
CTA_1068,Ground_Daily,CTA_1063_O (15-00-00),CTA_1063_O_shape,CTA_1063_O,0
CTA_1068,Ground_Daily,CTA_1063_O (17-00-00),CTA_1063_O_shape,CTA_1063_O,0
CTA_1068,Ground_Daily,CTA_1063_O (19-00-00),CTA_1063_O_shape,CTA_1063_O,0
CTA_1068,Ground_Daily,CTA_1063_O (21-00-00),CTA_1063_O_shape,CTA_1063_O,0
CTA_1068,Ground_Daily,CTA_1063_R (06-30-00),CTA_1063_R_shape,CTA_1063_R,1
CTA_1068,Ground_Daily,CTA_1063_R (08-00-00),CTA_1063_R_shape,CTA_1063_R,1
CTA_1068,Ground_Daily,CTA_1063_R (09-00-00),CTA_1063_R_shape,CTA_1063_R,1
CTA_1068,Ground_Daily,CTA_1063_R (11-00-00),CTA_1063_R_shape,CTA_1063_R,1
CTA_1068,Ground_Daily,CTA_1063_R (13-00-00),CTA_1063_R_shape,CTA_1063_R,1
CTA_1068,Ground_Daily,CTA_1063_R (15-00-00),CTA_1063_R_shape,CTA_1063_R,1
CTA_1068,Ground_Daily,CTA_1063_R (17-00-00),CTA_1063_R_shape,CTA_1063_R,1
CTA_1068,Ground_Daily,CTA_1063_R (19-00-00),CTA_1063_R_shape,CTA_1063_R,1
CTA_1068,Ground_Daily,CTA_1063_R (21-00-00),CTA_1063_R_shape,CTA_1063_R,1
CTA_1068,Ground_Daily,CTA_1068_O (06-30-00),CTA_1068_O_shape,CTA_1068_O,0
CTA_1068,Ground_Daily,CTA_1068_O (08-00-00),CTA_1068_O_shape,CTA_1068_O,0
CTA_1068,Ground_Daily,CTA_1068_O (09-00-00),CTA_1068_O_shape,CTA_1068_O,0
CTA_1068,Ground_Daily,CTA_1068_O (11-00-00),CTA_1068_O_shape,CTA_1068_O,0
CTA_1068,Ground_Daily,CTA_1068_O (13-00-00),CTA_1068_O_shape,CTA_1068_O,0
CTA_1068,Ground_Daily,CTA_1068_O (15-00-00),CTA_1068_O_shape,CTA_1068_O,0
CTA_1068,Ground_Daily,CTA_1068_O (17-00-00),CTA_1068_O_shape,CTA_1068_O,0
CTA_1068,Ground_Daily,CTA_1068_O (19-00-00),CTA_1068_O_shape,CTA_1068_O,0
CTA_1068,Ground_Daily,CTA_1068_O (21-00-00),CTA_1068_O_shape,CTA_1068_O,0
CTA_1068,Ground_Daily,CTA_1068_R (06-30-00),CTA_1068_R_shape,CTA_1068_R,1
CTA_1068,Ground_Daily,CTA_1068_R (08-00-00),CTA_1068_R_shape,CTA_1068_R,1
CTA_1068,Ground_Daily,CTA_1068_R (09-00-00),CTA_1068_R_shape,CTA_1068_R,1
CTA_1068,Ground_Daily,CTA_1068_R (11-00-00),CTA_1068_R_shape,CTA_1068_R,1
CTA_1068,Ground_Daily,CTA_1068_R (13-00-00),CTA_1068_R_shape,CTA_1068_R,1
CTA_1068,Ground_Daily,CTA_1068_R (15-00-00),CTA_1068_R_shape,CTA_1068_R,1
CTA_1068,Ground_Daily,CTA_1068_R (17-00-00),CTA_1068_R_shape,CTA_1068_R,1
CTA_1068,Ground_Daily,CTA_1068_R (19-00-00),CTA_1068_R_shape,CTA_1068_R,1
CTA_1068,Ground_Daily,CTA_1068_R (21-00-00),CTA_1068_R_shape,CTA_1068_R,1
CTA_1068,Ground_Daily,CTA_106or1069_O (06-30-00),CTA_106or1069_O_shape,CTA_106or1069_O,0
CTA_1068,Ground_Daily,CTA_106or1069_O (08-00-00),CTA_106or1069_O_shape,CTA_106or1069_O,0
CTA_1068,Ground_Daily,CTA_106or1069_O (09-00-00),CTA_106or1069_O_shape,CTA_106or1069_O,0
CTA_1068,Ground_Daily,CTA_106or1069_O (11-00-00),CTA_106or1069_O_shape,CTA_106or1069_O,0
CTA_1068,Ground_Daily,CTA_106or1069_O (13-00-00),CTA_106or1069_O_shape,CTA_106or1069_O,0
CTA_1068,Ground_Daily,CTA_106or1069_O (15-00-00),CTA_106or1069_O_shape,CTA_106or1069_O,0
CTA_1068,Ground_Daily,CTA_106or1069_O (17-00-00),CTA_106or1069_O_shape,CTA_106or1069_O,0
CTA_1068,Ground_Daily,CTA_106or1069_O (19-00-00),CTA_106or1069_O_shape,CTA_106or1069_O,0
CTA_1068,Ground_Daily,CTA_106or1069_O (21-00-00),CTA_106or1069_O_shape,CTA_106or1069_O,0
CTA_1068,Ground_Daily,CTA_106or1069_R (06-30-00),CTA_106or1069_R_shape,CTA_106or1069_R,1
CTA_1068,Ground_Daily,CTA_106or1069_R (08-00-00),CTA_106or1069_R_shape,CTA_106or1069_R,1
CTA_1068,Ground_Daily,CTA_106or1069_R (09-00-00),CTA_106or1069_R_shape,CTA_106or1069_R,1
CTA_1068,Ground_Daily,CTA_106or1069_R (11-00-00),CTA_106or1069_R_shape,CTA_106or1069_R,1
CTA_1068,Ground_Daily,CTA_106or1069_R (13-00-00),CTA_106or1069_R_shape,CTA_106or1069_R,1
CTA_1068,Ground_Daily,CTA_106or1069_R (15-00-00),CTA_106or1069_R_shape,CTA_106or1069_R,1
CTA_1068,Ground_Daily,CTA_106or1069_R (17-00-00),CTA_106or1069_R_shape,CTA_106or1069_R,1
CTA_1068,Ground_Daily,CTA_106or1069_R (19-00-00),CTA_106or1069_R_shape,CTA_106or1069_R,1
CTA_1068,Ground_Daily,CTA_106or1069_R (21-00-00),CTA_106or1069_R_shape,CTA_106or1069_R,1
CTA_1072,Ground_Daily,CTA_1072_O (06-30-00),CTA_1072_O_shape,CTA_1072_O,0
CTA_1072,Ground_Daily,CTA_1072_O (08-00-00),CTA_1072_O_shape,CTA_1072_O,0
CTA_1072,Ground_Daily,CTA_1072_O (09-00-00),CTA_1072_O_shape,CTA_1072_O,0
CTA_1072,Ground_Daily,CTA_1072_O (11-00-00),CTA_1072_O_shape,CTA_1072_O,0
CTA_1072,Ground_Daily,CTA_1072_O (13-00-00),CTA_1072_O_shape,CTA_1072_O,0
CTA_1072,Ground_Daily,CTA_1072_O (15-00-00),CTA_1072_O_shape,CTA_1072_O,0
CTA_1072,Ground_Daily,CTA_1072_O (17-00-00),CTA_1072_O_shape,CTA_1072_O,0
CTA_1072,Ground_Daily,CTA_1072_O (19-00-00),CTA_1072_O_shape,CTA_1072_O,0
CTA_1072,Ground_Daily,CTA_1072_O (21-00-00),CTA_1072_O_shape,CTA_1072_O,0
CTA_1072,Ground_Daily,CTA_1072_R (06-30-00),CTA_1072_R_shape,CTA_1072_R,1
CTA_1072,Ground_Daily,CTA_1072_R (08-00-00),CTA_1072_R_shape,CTA_1072_R,1
CTA_1072,Ground_Daily,CTA_1072_R (09-00-00),CTA_1072_R_shape,CTA_1072_R,1
CTA_1072,Ground_Daily,CTA_1072_R (11-00-00),CTA_1072_R_shape,CTA_1072_R,1
CTA_1072,Ground_Daily,CTA_1072_R (13-00-00),CTA_1072_R_shape,CTA_1072_R,1
CTA_1072,Ground_Daily,CTA_1072_R (15-00-00),CTA_1072_R_shape,CTA_1072_R,1
CTA_1072,Ground_Daily,CTA_1072_R (17-00-00),CTA_1072_R_shape,CTA_1072_R,1
CTA_1072,Ground_Daily,CTA_1072_R (19-00-00),CTA_1072_R_shape,CTA_1072_R,1
CTA_1072,Ground_Daily,CTA_1072_R (21-00-00),CTA_1072_R_shape,CTA_1072_R,1
CTA_1072,Ground_Daily,CTA_1073_O (06-30-00),CTA_1073_O_shape,CTA_1073_O,0
CTA_1072,Ground_Daily,CTA_1073_O (08-00-00),CTA_1073_O_shape,CTA_1073_O,0
CTA_1072,Ground_Daily,CTA_1073_O (09-00-00),CTA_1073_O_shape,CTA_1073_O,0
CTA_1072,Ground_Daily,CTA_1073_O (11-00-00),CTA_1073_O_shape,CTA_1073_O,0
CTA_1072,Ground_Daily,CTA_1073_O (13-00-00),CTA_1073_O_shape,CTA_1073_O,0
CTA_1072,Ground_Daily,CTA_1073_O (15-00-00),CTA_1073_O_shape,CTA_1073_O,0
CTA_1072,Ground_Daily,CTA_1073_O (17-00-00),CTA_1073_O_shape,CTA_1073_O,0
CTA_1072,Ground_Daily,CTA_1073_O (19-00-00),CTA_1073_O_shape,CTA_1073_O,0
CTA_1072,Ground_Daily,CTA_1073_O (21-00-00),CTA_1073_O_shape,CTA_1073_O,0
CTA_1072,Ground_Daily,CTA_1073_R (06-30-00),CTA_1073_R_shape,CTA_1073_R,1
CTA_1072,Ground_Daily,CTA_1073_R (08-00-00),CTA_1073_R_shape,CTA_1073_R,1
CTA_1072,Ground_Daily,CTA_1073_R (09-00-00),CTA_1073_R_shape,CTA_1073_R,1
CTA_1072,Ground_Daily,CTA_1073_R (11-00-00),CTA_1073_R_shape,CTA_1073_R,1
CTA_1072,Ground_Daily,CTA_1073_R (13-00-00),CTA_1073_R_shape,CTA_1073_R,1
CTA_1072,Ground_Daily,CTA_1073_R (15-00-00),CTA_1073_R_shape,CTA_1073_R,1
CTA_1072,Ground_Daily,CTA_1073_R (17-00-00),CTA_1073_R_shape,CTA_1073_R,1
CTA_1072,Ground_Daily,CTA_1073_R (19-00-00),CTA_1073_R_shape,CTA_1073_R,1
CTA_1072,Ground_Daily,CTA_1073_R (21-00-00),CTA_1073_R_shape,CTA_1073_R,1
CTA_1072,Ground_Daily,CTA_1076_O (06-30-00),CTA_1076_O_shape,CTA_1076_O,0
CTA_1072,Ground_Daily,CTA_1076_O (08-00-00),CTA_1076_O_shape,CTA_1076_O,0
CTA_1072,Ground_Daily,CTA_1076_O (09-00-00),CTA_1076_O_shape,CTA_1076_O,0
CTA_1072,Ground_Daily,CTA_1076_O (11-00-00),CTA_1076_O_shape,CTA_1076_O,0
CTA_1072,Ground_Daily,CTA_1076_O (13-00-00),CTA_1076_O_shape,CTA_1076_O,0
CTA_1072,Ground_Daily,CTA_1076_O (15-00-00),CTA_1076_O_shape,CTA_1076_O,0
CTA_1072,Ground_Daily,CTA_1076_O (17-00-00),CTA_1076_O_shape,CTA_1076_O,0
CTA_1072,Ground_Daily,CTA_1076_O (19-00-00),CTA_1076_O_shape,CTA_1076_O,0
CTA_1072,Ground_Daily,CTA_1076_O (21-00-00),CTA_1076_O_shape,CTA_1076_O,0
CTA_1072,Ground_Daily,CTA_1076_R (06-30-00),CTA_1076_R_shape,CTA_1076_R,1
CTA_1072,Ground_Daily,CTA_1076_R (08-00-00),CTA_1076_R_shape,CTA_1076_R,1
CTA_1072,Ground_Daily,CTA_1076_R (09-00-00),CTA_1076_R_shape,CTA_1076_R,1
CTA_1072,Ground_Daily,CTA_1076_R (11-00-00),CTA_1076_R_shape,CTA_1076_R,1
CTA_1072,Ground_Daily,CTA_1076_R (13-00-00),CTA_1076_R_shape,CTA_1076_R,1
CTA_1072,Ground_Daily,CTA_1076_R (15-00-00),CTA_1076_R_shape,CTA_1076_R,1
CTA_1072,Ground_Daily,CTA_1076_R (17-00-00),CTA_1076_R_shape,CTA_1076_R,1
CTA_1072,Ground_Daily,CTA_1076_R (19-00-00),CTA_1076_R_shape,CTA_1076_R,1
CTA_1072,Ground_Daily,CTA_1076_R (21-00-00),CTA_1076_R_shape,CTA_1076_R,1
CTA_1088,Ground_Daily,CTA_1081_O (06-30-00),CTA_1081_O_shape,CTA_1081_O,0
CTA_1088,Ground_Daily,CTA_1081_O (08-00-00),CTA_1081_O_shape,CTA_1081_O,0
CTA_1088,Ground_Daily,CTA_1081_O (09-00-00),CTA_1081_O_shape,CTA_1081_O,0
CTA_1088,Ground_Daily,CTA_1081_O (11-00-00),CTA_1081_O_shape,CTA_1081_O,0
CTA_1088,Ground_Daily,CTA_1081_O (13-00-00),CTA_1081_O_shape,CTA_1081_O,0
CTA_1088,Ground_Daily,CTA_1081_O (15-00-00),CTA_1081_O_shape,CTA_1081_O,0
CTA_1088,Ground_Daily,CTA_1081_O (17-00-00),CTA_1081_O_shape,CTA_1081_O,0
CTA_1088,Ground_Daily,CTA_1081_O (19-00-00),CTA_1081_O_shape,CTA_1081_O,0
CTA_1088,Ground_Daily,CTA_1081_O (21-00-00),CTA_1081_O_shape,CTA_1081_O,0
CTA_1088,Ground_Daily,CTA_1081_R (06-30-00),CTA_1081_R_shape,CTA_1081_R,1
CTA_1088,Ground_Daily,CTA_1081_R (08-00-00),CTA_1081_R_shape,CTA_1081_R,1
CTA_1088,Ground_Daily,CTA_1081_R (09-00-00),CTA_1081_R_shape,CTA_1081_R,1
CTA_1088,Ground_Daily,CTA_1081_R (11-00-00),CTA_1081_R_shape,CTA_1081_R,1
CTA_1088,Ground_Daily,CTA_1081_R (13-00-00),CTA_1081_R_shape,CTA_1081_R,1
CTA_1088,Ground_Daily,CTA_1081_R (15-00-00),CTA_1081_R_shape,CTA_1081_R,1
CTA_1088,Ground_Daily,CTA_1081_R (17-00-00),CTA_1081_R_shape,CTA_1081_R,1
CTA_1088,Ground_Daily,CTA_1081_R (19-00-00),CTA_1081_R_shape,CTA_1081_R,1
CTA_1088,Ground_Daily,CTA_1081_R (21-00-00),CTA_1081_R_shape,CTA_1081_R,1
CTA_1088,Ground_Daily,CTA_1085_O (06-30-00),CTA_1085_O_shape,CTA_1085_O,0
CTA_1088,Ground_Daily,CTA_1085_O (08-00-00),CTA_1085_O_shape,CTA_1085_O,0
CTA_1088,Ground_Daily,CTA_1085_O (09-00-00),CTA_1085_O_shape,CTA_1085_O,0
CTA_1088,Ground_Daily,CTA_1085_O (11-00-00),CTA_1085_O_shape,CTA_1085_O,0
CTA_1088,Ground_Daily,CTA_1085_O (13-00-00),CTA_1085_O_shape,CTA_1085_O,0
CTA_1088,Ground_Daily,CTA_1085_O (15-00-00),CTA_1085_O_shape,CTA_1085_O,0
CTA_1088,Ground_Daily,CTA_1085_O (17-00-00),CTA_1085_O_shape,CTA_1085_O,0
CTA_1088,Ground_Daily,CTA_1085_O (19-00-00),CTA_1085_O_shape,CTA_1085_O,0
CTA_1088,Ground_Daily,CTA_1085_O (21-00-00),CTA_1085_O_shape,CTA_1085_O,0
CTA_1088,Ground_Daily,CTA_1085_R (06-30-00),CTA_1085_R_shape,CTA_1085_R,1
CTA_1088,Ground_Daily,CTA_1085_R (08-00-00),CTA_1085_R_shape,CTA_1085_R,1
CTA_1088,Ground_Daily,CTA_1085_R (09-00-00),CTA_1085_R_shape,CTA_1085_R,1
CTA_1088,Ground_Daily,CTA_1085_R (11-00-00),CTA_1085_R_shape,CTA_1085_R,1
CTA_1088,Ground_Daily,CTA_1085_R (13-00-00),CTA_1085_R_shape,CTA_1085_R,1
CTA_1088,Ground_Daily,CTA_1085_R (15-00-00),CTA_1085_R_shape,CTA_1085_R,1
CTA_1088,Ground_Daily,CTA_1085_R (17-00-00),CTA_1085_R_shape,CTA_1085_R,1
CTA_1088,Ground_Daily,CTA_1085_R (19-00-00),CTA_1085_R_shape,CTA_1085_R,1
CTA_1088,Ground_Daily,CTA_1085_R (21-00-00),CTA_1085_R_shape,CTA_1085_R,1
CTA_1088,Ground_Daily,CTA_1087_O (06-30-00),CTA_1087_O_shape,CTA_1087_O,0
CTA_1088,Ground_Daily,CTA_1087_O (08-00-00),CTA_1087_O_shape,CTA_1087_O,0
CTA_1088,Ground_Daily,CTA_1087_O (09-00-00),CTA_1087_O_shape,CTA_1087_O,0
CTA_1088,Ground_Daily,CTA_1087_O (11-00-00),CTA_1087_O_shape,CTA_1087_O,0
CTA_1088,Ground_Daily,CTA_1087_O (13-00-00),CTA_1087_O_shape,CTA_1087_O,0
CTA_1088,Ground_Daily,CTA_1087_O (15-00-00),CTA_1087_O_shape,CTA_1087_O,0
CTA_1088,Ground_Daily,CTA_1087_O (17-00-00),CTA_1087_O_shape,CTA_1087_O,0
CTA_1088,Ground_Daily,CTA_1087_O (19-00-00),CTA_1087_O_shape,CTA_1087_O,0
CTA_1088,Ground_Daily,CTA_1087_O (21-00-00),CTA_1087_O_shape,CTA_1087_O,0
CTA_1088,Ground_Daily,CTA_1087_R (06-30-00),CTA_1087_R_shape,CTA_1087_R,1
CTA_1088,Ground_Daily,CTA_1087_R (08-00-00),CTA_1087_R_shape,CTA_1087_R,1
CTA_1088,Ground_Daily,CTA_1087_R (09-00-00),CTA_1087_R_shape,CTA_1087_R,1
CTA_1088,Ground_Daily,CTA_1087_R (11-00-00),CTA_1087_R_shape,CTA_1087_R,1
CTA_1088,Ground_Daily,CTA_1087_R (13-00-00),CTA_1087_R_shape,CTA_1087_R,1
CTA_1088,Ground_Daily,CTA_1087_R (15-00-00),CTA_1087_R_shape,CTA_1087_R,1
CTA_1088,Ground_Daily,CTA_1087_R (17-00-00),CTA_1087_R_shape,CTA_1087_R,1
CTA_1088,Ground_Daily,CTA_1087_R (19-00-00),CTA_1087_R_shape,CTA_1087_R,1
CTA_1088,Ground_Daily,CTA_1087_R (21-00-00),CTA_1087_R_shape,CTA_1087_R,1
CTA_1088,Ground_Daily,CTA_1088_O (06-30-00),CTA_1088_O_shape,CTA_1088_O,0
CTA_1088,Ground_Daily,CTA_1088_O (08-00-00),CTA_1088_O_shape,CTA_1088_O,0
CTA_1088,Ground_Daily,CTA_1088_O (09-00-00),CTA_1088_O_shape,CTA_1088_O,0
CTA_1088,Ground_Daily,CTA_1088_O (11-00-00),CTA_1088_O_shape,CTA_1088_O,0
CTA_1088,Ground_Daily,CTA_1088_O (13-00-00),CTA_1088_O_shape,CTA_1088_O,0
CTA_1088,Ground_Daily,CTA_1088_O (15-00-00),CTA_1088_O_shape,CTA_1088_O,0
CTA_1088,Ground_Daily,CTA_1088_O (17-00-00),CTA_1088_O_shape,CTA_1088_O,0
CTA_1088,Ground_Daily,CTA_1088_O (19-00-00),CTA_1088_O_shape,CTA_1088_O,0
CTA_1088,Ground_Daily,CTA_1088_O (21-00-00),CTA_1088_O_shape,CTA_1088_O,0
CTA_1088,Ground_Daily,CTA_1088_R (06-30-00),CTA_1088_R_shape,CTA_1088_R,1
CTA_1088,Ground_Daily,CTA_1088_R (08-00-00),CTA_1088_R_shape,CTA_1088_R,1
CTA_1088,Ground_Daily,CTA_1088_R (09-00-00),CTA_1088_R_shape,CTA_1088_R,1
CTA_1088,Ground_Daily,CTA_1088_R (11-00-00),CTA_1088_R_shape,CTA_1088_R,1
CTA_1088,Ground_Daily,CTA_1088_R (13-00-00),CTA_1088_R_shape,CTA_1088_R,1
CTA_1088,Ground_Daily,CTA_1088_R (15-00-00),CTA_1088_R_shape,CTA_1088_R,1
CTA_1088,Ground_Daily,CTA_1088_R (17-00-00),CTA_1088_R_shape,CTA_1088_R,1
CTA_1088,Ground_Daily,CTA_1088_R (19-00-00),CTA_1088_R_shape,CTA_1088_R,1
CTA_1088,Ground_Daily,CTA_1088_R (21-00-00),CTA_1088_R_shape,CTA_1088_R,1
CTA_1088,Ground_Daily,CTA_1089_O (06-30-00),CTA_1089_O_shape,CTA_1089_O,0
CTA_1088,Ground_Daily,CTA_1089_O (08-00-00),CTA_1089_O_shape,CTA_1089_O,0
CTA_1088,Ground_Daily,CTA_1089_O (09-00-00),CTA_1089_O_shape,CTA_1089_O,0
CTA_1088,Ground_Daily,CTA_1089_O (11-00-00),CTA_1089_O_shape,CTA_1089_O,0
CTA_1088,Ground_Daily,CTA_1089_O (13-00-00),CTA_1089_O_shape,CTA_1089_O,0
CTA_1088,Ground_Daily,CTA_1089_O (15-00-00),CTA_1089_O_shape,CTA_1089_O,0
CTA_1088,Ground_Daily,CTA_1089_O (17-00-00),CTA_1089_O_shape,CTA_1089_O,0
CTA_1088,Ground_Daily,CTA_1089_O (19-00-00),CTA_1089_O_shape,CTA_1089_O,0
CTA_1088,Ground_Daily,CTA_1089_O (21-00-00),CTA_1089_O_shape,CTA_1089_O,0
CTA_1097,Ground_Daily,CTA_1097_O (06-30-00),CTA_1097_O_shape,CTA_1097_O,0
CTA_1097,Ground_Daily,CTA_1097_O (08-00-00),CTA_1097_O_shape,CTA_1097_O,0
CTA_1097,Ground_Daily,CTA_1097_O (09-00-00),CTA_1097_O_shape,CTA_1097_O,0
CTA_1097,Ground_Daily,CTA_1097_O (11-00-00),CTA_1097_O_shape,CTA_1097_O,0
CTA_1097,Ground_Daily,CTA_1097_O (13-00-00),CTA_1097_O_shape,CTA_1097_O,0
CTA_1097,Ground_Daily,CTA_1097_O (15-00-00),CTA_1097_O_shape,CTA_1097_O,0
CTA_1097,Ground_Daily,CTA_1097_O (17-00-00),CTA_1097_O_shape,CTA_1097_O,0
CTA_1097,Ground_Daily,CTA_1097_O (19-00-00),CTA_1097_O_shape,CTA_1097_O,0
CTA_1097,Ground_Daily,CTA_1097_O (21-00-00),CTA_1097_O_shape,CTA_1097_O,0
CTA_1097,Ground_Daily,CTA_1097_R (06-30-00),CTA_1097_R_shape,CTA_1097_R,1
CTA_1097,Ground_Daily,CTA_1097_R (08-00-00),CTA_1097_R_shape,CTA_1097_R,1
CTA_1097,Ground_Daily,CTA_1097_R (09-00-00),CTA_1097_R_shape,CTA_1097_R,1
CTA_1097,Ground_Daily,CTA_1097_R (11-00-00),CTA_1097_R_shape,CTA_1097_R,1
CTA_1097,Ground_Daily,CTA_1097_R (13-00-00),CTA_1097_R_shape,CTA_1097_R,1
CTA_1097,Ground_Daily,CTA_1097_R (15-00-00),CTA_1097_R_shape,CTA_1097_R,1
CTA_1097,Ground_Daily,CTA_1097_R (17-00-00),CTA_1097_R_shape,CTA_1097_R,1
CTA_1097,Ground_Daily,CTA_1097_R (19-00-00),CTA_1097_R_shape,CTA_1097_R,1
CTA_1097,Ground_Daily,CTA_1097_R (21-00-00),CTA_1097_R_shape,CTA_1097_R,1
CTA_1106,Ground_Daily,CTA_1101_O (06-30-00),CTA_1101_O_shape,CTA_1101_O,0
CTA_1106,Ground_Daily,CTA_1101_O (08-00-00),CTA_1101_O_shape,CTA_1101_O,0
CTA_1106,Ground_Daily,CTA_1101_O (09-00-00),CTA_1101_O_shape,CTA_1101_O,0
CTA_1106,Ground_Daily,CTA_1101_O (11-00-00),CTA_1101_O_shape,CTA_1101_O,0
CTA_1106,Ground_Daily,CTA_1101_O (13-00-00),CTA_1101_O_shape,CTA_1101_O,0
CTA_1106,Ground_Daily,CTA_1101_O (15-00-00),CTA_1101_O_shape,CTA_1101_O,0
CTA_1106,Ground_Daily,CTA_1101_O (17-00-00),CTA_1101_O_shape,CTA_1101_O,0
CTA_1106,Ground_Daily,CTA_1101_O (19-00-00),CTA_1101_O_shape,CTA_1101_O,0
CTA_1106,Ground_Daily,CTA_1101_O (21-00-00),CTA_1101_O_shape,CTA_1101_O,0
CTA_1106,Ground_Daily,CTA_1101_R (06-30-00),CTA_1101_R_shape,CTA_1101_R,1
CTA_1106,Ground_Daily,CTA_1101_R (08-00-00),CTA_1101_R_shape,CTA_1101_R,1
CTA_1106,Ground_Daily,CTA_1101_R (09-00-00),CTA_1101_R_shape,CTA_1101_R,1
CTA_1106,Ground_Daily,CTA_1101_R (11-00-00),CTA_1101_R_shape,CTA_1101_R,1
CTA_1106,Ground_Daily,CTA_1101_R (13-00-00),CTA_1101_R_shape,CTA_1101_R,1
CTA_1106,Ground_Daily,CTA_1101_R (15-00-00),CTA_1101_R_shape,CTA_1101_R,1
CTA_1106,Ground_Daily,CTA_1101_R (17-00-00),CTA_1101_R_shape,CTA_1101_R,1
CTA_1106,Ground_Daily,CTA_1101_R (19-00-00),CTA_1101_R_shape,CTA_1101_R,1
CTA_1106,Ground_Daily,CTA_1101_R (21-00-00),CTA_1101_R_shape,CTA_1101_R,1
CTA_1106,Ground_Daily,CTA_1106_O (06-30-00),CTA_1106_O_shape,CTA_1106_O,0
CTA_1106,Ground_Daily,CTA_1106_O (08-00-00),CTA_1106_O_shape,CTA_1106_O,0
CTA_1106,Ground_Daily,CTA_1106_O (09-00-00),CTA_1106_O_shape,CTA_1106_O,0
CTA_1106,Ground_Daily,CTA_1106_O (11-00-00),CTA_1106_O_shape,CTA_1106_O,0
CTA_1106,Ground_Daily,CTA_1106_O (13-00-00),CTA_1106_O_shape,CTA_1106_O,0
CTA_1106,Ground_Daily,CTA_1106_O (15-00-00),CTA_1106_O_shape,CTA_1106_O,0
CTA_1106,Ground_Daily,CTA_1106_O (17-00-00),CTA_1106_O_shape,CTA_1106_O,0
CTA_1106,Ground_Daily,CTA_1106_O (19-00-00),CTA_1106_O_shape,CTA_1106_O,0
CTA_1106,Ground_Daily,CTA_1106_O (21-00-00),CTA_1106_O_shape,CTA_1106_O,0
CTA_1106,Ground_Daily,CTA_1106_R (06-30-00),CTA_1106_R_shape,CTA_1106_R,1
CTA_1106,Ground_Daily,CTA_1106_R (08-00-00),CTA_1106_R_shape,CTA_1106_R,1
CTA_1106,Ground_Daily,CTA_1106_R (09-00-00),CTA_1106_R_shape,CTA_1106_R,1
CTA_1106,Ground_Daily,CTA_1106_R (11-00-00),CTA_1106_R_shape,CTA_1106_R,1
CTA_1106,Ground_Daily,CTA_1106_R (13-00-00),CTA_1106_R_shape,CTA_1106_R,1
CTA_1106,Ground_Daily,CTA_1106_R (15-00-00),CTA_1106_R_shape,CTA_1106_R,1
CTA_1106,Ground_Daily,CTA_1106_R (17-00-00),CTA_1106_R_shape,CTA_1106_R,1
CTA_1106,Ground_Daily,CTA_1106_R (19-00-00),CTA_1106_R_shape,CTA_1106_R,1
CTA_1106,Ground_Daily,CTA_1106_R (21-00-00),CTA_1106_R_shape,CTA_1106_R,1
CTA_1106,Ground_Daily,CTA_1108_O (06-30-00),CTA_1108_O_shape,CTA_1108_O,0
CTA_1106,Ground_Daily,CTA_1108_O (08-00-00),CTA_1108_O_shape,CTA_1108_O,0
CTA_1106,Ground_Daily,CTA_1108_O (09-00-00),CTA_1108_O_shape,CTA_1108_O,0
CTA_1106,Ground_Daily,CTA_1108_O (11-00-00),CTA_1108_O_shape,CTA_1108_O,0
CTA_1106,Ground_Daily,CTA_1108_O (13-00-00),CTA_1108_O_shape,CTA_1108_O,0
CTA_1106,Ground_Daily,CTA_1108_O (15-00-00),CTA_1108_O_shape,CTA_1108_O,0
CTA_1106,Ground_Daily,CTA_1108_O (17-00-00),CTA_1108_O_shape,CTA_1108_O,0
CTA_1106,Ground_Daily,CTA_1108_O (19-00-00),CTA_1108_O_shape,CTA_1108_O,0
CTA_1106,Ground_Daily,CTA_1108_O (21-00-00),CTA_1108_O_shape,CTA_1108_O,0
CTA_1106,Ground_Daily,CTA_1108_R (06-30-00),CTA_1108_R_shape,CTA_1108_R,1
CTA_1106,Ground_Daily,CTA_1108_R (08-00-00),CTA_1108_R_shape,CTA_1108_R,1
CTA_1106,Ground_Daily,CTA_1108_R (09-00-00),CTA_1108_R_shape,CTA_1108_R,1
CTA_1106,Ground_Daily,CTA_1108_R (11-00-00),CTA_1108_R_shape,CTA_1108_R,1
CTA_1106,Ground_Daily,CTA_1108_R (13-00-00),CTA_1108_R_shape,CTA_1108_R,1
CTA_1106,Ground_Daily,CTA_1108_R (15-00-00),CTA_1108_R_shape,CTA_1108_R,1
CTA_1106,Ground_Daily,CTA_1108_R (17-00-00),CTA_1108_R_shape,CTA_1108_R,1
CTA_1106,Ground_Daily,CTA_1108_R (19-00-00),CTA_1108_R_shape,CTA_1108_R,1
CTA_1106,Ground_Daily,CTA_1108_R (21-00-00),CTA_1108_R_shape,CTA_1108_R,1
CTA_1106,Ground_Daily,CTA_1109_O (06-30-00),CTA_1109_O_shape,CTA_1109_O,0
CTA_1106,Ground_Daily,CTA_1109_O (08-00-00),CTA_1109_O_shape,CTA_1109_O,0
CTA_1106,Ground_Daily,CTA_1109_O (09-00-00),CTA_1109_O_shape,CTA_1109_O,0
CTA_1106,Ground_Daily,CTA_1109_O (11-00-00),CTA_1109_O_shape,CTA_1109_O,0
CTA_1106,Ground_Daily,CTA_1109_O (13-00-00),CTA_1109_O_shape,CTA_1109_O,0
CTA_1106,Ground_Daily,CTA_1109_O (15-00-00),CTA_1109_O_shape,CTA_1109_O,0
CTA_1106,Ground_Daily,CTA_1109_O (17-00-00),CTA_1109_O_shape,CTA_1109_O,0
CTA_1106,Ground_Daily,CTA_1109_O (19-00-00),CTA_1109_O_shape,CTA_1109_O,0
CTA_1106,Ground_Daily,CTA_1109_O (21-00-00),CTA_1109_O_shape,CTA_1109_O,0
CTA_1106,Ground_Daily,CTA_1109_R (06-30-00),CTA_1109_R_shape,CTA_1109_R,1
CTA_1106,Ground_Daily,CTA_1109_R (08-00-00),CTA_1109_R_shape,CTA_1109_R,1
CTA_1106,Ground_Daily,CTA_1109_R (09-00-00),CTA_1109_R_shape,CTA_1109_R,1
CTA_1106,Ground_Daily,CTA_1109_R (11-00-00),CTA_1109_R_shape,CTA_1109_R,1
CTA_1106,Ground_Daily,CTA_1109_R (13-00-00),CTA_1109_R_shape,CTA_1109_R,1
CTA_1106,Ground_Daily,CTA_1109_R (15-00-00),CTA_1109_R_shape,CTA_1109_R,1
CTA_1106,Ground_Daily,CTA_1109_R (17-00-00),CTA_1109_R_shape,CTA_1109_R,1
CTA_1106,Ground_Daily,CTA_1109_R (19-00-00),CTA_1109_R_shape,CTA_1109_R,1
CTA_1106,Ground_Daily,CTA_1109_R (21-00-00),CTA_1109_R_shape,CTA_1109_R,1
CTA_1118,Ground_Daily,CTA_1118_O (06-30-00),CTA_1118_O_shape,CTA_1118_O,0
CTA_1118,Ground_Daily,CTA_1118_O (08-00-00),CTA_1118_O_shape,CTA_1118_O,0
CTA_1118,Ground_Daily,CTA_1118_O (09-00-00),CTA_1118_O_shape,CTA_1118_O,0
CTA_1118,Ground_Daily,CTA_1118_O (11-00-00),CTA_1118_O_shape,CTA_1118_O,0
CTA_1118,Ground_Daily,CTA_1118_O (13-00-00),CTA_1118_O_shape,CTA_1118_O,0
CTA_1118,Ground_Daily,CTA_1118_O (15-00-00),CTA_1118_O_shape,CTA_1118_O,0
CTA_1118,Ground_Daily,CTA_1118_O (17-00-00),CTA_1118_O_shape,CTA_1118_O,0
CTA_1118,Ground_Daily,CTA_1118_O (19-00-00),CTA_1118_O_shape,CTA_1118_O,0
CTA_1118,Ground_Daily,CTA_1118_O (21-00-00),CTA_1118_O_shape,CTA_1118_O,0
CTA_1118,Ground_Daily,CTA_1118_R (06-30-00),CTA_1118_R_shape,CTA_1118_R,1
CTA_1118,Ground_Daily,CTA_1118_R (08-00-00),CTA_1118_R_shape,CTA_1118_R,1
CTA_1118,Ground_Daily,CTA_1118_R (09-00-00),CTA_1118_R_shape,CTA_1118_R,1
CTA_1118,Ground_Daily,CTA_1118_R (11-00-00),CTA_1118_R_shape,CTA_1118_R,1
CTA_1118,Ground_Daily,CTA_1118_R (13-00-00),CTA_1118_R_shape,CTA_1118_R,1
CTA_1118,Ground_Daily,CTA_1118_R (15-00-00),CTA_1118_R_shape,CTA_1118_R,1
CTA_1118,Ground_Daily,CTA_1118_R (17-00-00),CTA_1118_R_shape,CTA_1118_R,1
CTA_1118,Ground_Daily,CTA_1118_R (19-00-00),CTA_1118_R_shape,CTA_1118_R,1
CTA_1118,Ground_Daily,CTA_1118_R (21-00-00),CTA_1118_R_shape,CTA_1118_R,1
CTA_1118,Ground_Daily,CTA_111_R (06-30-00),CTA_111_R_shape,CTA_111_R,1
CTA_1118,Ground_Daily,CTA_111_R (08-00-00),CTA_111_R_shape,CTA_111_R,1
CTA_1118,Ground_Daily,CTA_111_R (09-00-00),CTA_111_R_shape,CTA_111_R,1
CTA_1118,Ground_Daily,CTA_111_R (11-00-00),CTA_111_R_shape,CTA_111_R,1
CTA_1118,Ground_Daily,CTA_111_R (13-00-00),CTA_111_R_shape,CTA_111_R,1
CTA_1118,Ground_Daily,CTA_111_R (15-00-00),CTA_111_R_shape,CTA_111_R,1
CTA_1118,Ground_Daily,CTA_111_R (17-00-00),CTA_111_R_shape,CTA_111_R,1
CTA_1118,Ground_Daily,CTA_111_R (19-00-00),CTA_111_R_shape,CTA_111_R,1
CTA_1118,Ground_Daily,CTA_111_R (21-00-00),CTA_111_R_shape,CTA_111_R,1
CTA_1122,Ground_Daily,CTA_1122_O (06-30-00),CTA_1122_O_shape,CTA_1122_O,0
CTA_1122,Ground_Daily,CTA_1122_O (08-00-00),CTA_1122_O_shape,CTA_1122_O,0
CTA_1122,Ground_Daily,CTA_1122_O (09-00-00),CTA_1122_O_shape,CTA_1122_O,0
CTA_1122,Ground_Daily,CTA_1122_O (11-00-00),CTA_1122_O_shape,CTA_1122_O,0
CTA_1122,Ground_Daily,CTA_1122_O (13-00-00),CTA_1122_O_shape,CTA_1122_O,0
CTA_1122,Ground_Daily,CTA_1122_O (15-00-00),CTA_1122_O_shape,CTA_1122_O,0
CTA_1122,Ground_Daily,CTA_1122_O (17-00-00),CTA_1122_O_shape,CTA_1122_O,0
CTA_1122,Ground_Daily,CTA_1122_O (19-00-00),CTA_1122_O_shape,CTA_1122_O,0
CTA_1122,Ground_Daily,CTA_1122_O (21-00-00),CTA_1122_O_shape,CTA_1122_O,0
CTA_1122,Ground_Daily,CTA_1122_R (06-30-00),CTA_1122_R_shape,CTA_1122_R,1
CTA_1122,Ground_Daily,CTA_1122_R (08-00-00),CTA_1122_R_shape,CTA_1122_R,1
CTA_1122,Ground_Daily,CTA_1122_R (09-00-00),CTA_1122_R_shape,CTA_1122_R,1
CTA_1122,Ground_Daily,CTA_1122_R (11-00-00),CTA_1122_R_shape,CTA_1122_R,1
CTA_1122,Ground_Daily,CTA_1122_R (13-00-00),CTA_1122_R_shape,CTA_1122_R,1
CTA_1122,Ground_Daily,CTA_1122_R (15-00-00),CTA_1122_R_shape,CTA_1122_R,1
CTA_1122,Ground_Daily,CTA_1122_R (17-00-00),CTA_1122_R_shape,CTA_1122_R,1
CTA_1122,Ground_Daily,CTA_1122_R (19-00-00),CTA_1122_R_shape,CTA_1122_R,1
CTA_1122,Ground_Daily,CTA_1122_R (21-00-00),CTA_1122_R_shape,CTA_1122_R,1
CTA_1122,Ground_Daily,CTA_1124_O (06-30-00),CTA_1124_O_shape,CTA_1124_O,0
CTA_1122,Ground_Daily,CTA_1124_O (08-00-00),CTA_1124_O_shape,CTA_1124_O,0
CTA_1122,Ground_Daily,CTA_1124_O (09-00-00),CTA_1124_O_shape,CTA_1124_O,0
CTA_1122,Ground_Daily,CTA_1124_O (11-00-00),CTA_1124_O_shape,CTA_1124_O,0
CTA_1122,Ground_Daily,CTA_1124_O (13-00-00),CTA_1124_O_shape,CTA_1124_O,0
CTA_1122,Ground_Daily,CTA_1124_O (15-00-00),CTA_1124_O_shape,CTA_1124_O,0
CTA_1122,Ground_Daily,CTA_1124_O (17-00-00),CTA_1124_O_shape,CTA_1124_O,0
CTA_1122,Ground_Daily,CTA_1124_O (19-00-00),CTA_1124_O_shape,CTA_1124_O,0
CTA_1122,Ground_Daily,CTA_1124_O (21-00-00),CTA_1124_O_shape,CTA_1124_O,0
CTA_1122,Ground_Daily,CTA_1124_R (06-30-00),CTA_1124_R_shape,CTA_1124_R,1
CTA_1122,Ground_Daily,CTA_1124_R (08-00-00),CTA_1124_R_shape,CTA_1124_R,1
CTA_1122,Ground_Daily,CTA_1124_R (09-00-00),CTA_1124_R_shape,CTA_1124_R,1
CTA_1122,Ground_Daily,CTA_1124_R (11-00-00),CTA_1124_R_shape,CTA_1124_R,1
CTA_1122,Ground_Daily,CTA_1124_R (13-00-00),CTA_1124_R_shape,CTA_1124_R,1
CTA_1122,Ground_Daily,CTA_1124_R (15-00-00),CTA_1124_R_shape,CTA_1124_R,1
CTA_1122,Ground_Daily,CTA_1124_R (17-00-00),CTA_1124_R_shape,CTA_1124_R,1
CTA_1122,Ground_Daily,CTA_1124_R (19-00-00),CTA_1124_R_shape,CTA_1124_R,1
CTA_1122,Ground_Daily,CTA_1124_R (21-00-00),CTA_1124_R_shape,CTA_1124_R,1
CTA_1122,Ground_Daily,CTA_1128_O (06-30-00),CTA_1128_O_shape,CTA_1128_O,0
CTA_1122,Ground_Daily,CTA_1128_O (08-00-00),CTA_1128_O_shape,CTA_1128_O,0
CTA_1122,Ground_Daily,CTA_1128_O (09-00-00),CTA_1128_O_shape,CTA_1128_O,0
CTA_1122,Ground_Daily,CTA_1128_O (11-00-00),CTA_1128_O_shape,CTA_1128_O,0
CTA_1122,Ground_Daily,CTA_1128_O (13-00-00),CTA_1128_O_shape,CTA_1128_O,0
CTA_1122,Ground_Daily,CTA_1128_O (15-00-00),CTA_1128_O_shape,CTA_1128_O,0
CTA_1122,Ground_Daily,CTA_1128_O (17-00-00),CTA_1128_O_shape,CTA_1128_O,0
CTA_1122,Ground_Daily,CTA_1128_O (19-00-00),CTA_1128_O_shape,CTA_1128_O,0
CTA_1122,Ground_Daily,CTA_1128_O (21-00-00),CTA_1128_O_shape,CTA_1128_O,0
CTA_1122,Ground_Daily,CTA_1128_R (06-30-00),CTA_1128_R_shape,CTA_1128_R,1
CTA_1122,Ground_Daily,CTA_1128_R (08-00-00),CTA_1128_R_shape,CTA_1128_R,1
CTA_1122,Ground_Daily,CTA_1128_R (09-00-00),CTA_1128_R_shape,CTA_1128_R,1
CTA_1122,Ground_Daily,CTA_1128_R (11-00-00),CTA_1128_R_shape,CTA_1128_R,1
CTA_1122,Ground_Daily,CTA_1128_R (13-00-00),CTA_1128_R_shape,CTA_1128_R,1
CTA_1122,Ground_Daily,CTA_1128_R (15-00-00),CTA_1128_R_shape,CTA_1128_R,1
CTA_1122,Ground_Daily,CTA_1128_R (17-00-00),CTA_1128_R_shape,CTA_1128_R,1
CTA_1122,Ground_Daily,CTA_1128_R (19-00-00),CTA_1128_R_shape,CTA_1128_R,1
CTA_1122,Ground_Daily,CTA_1128_R (21-00-00),CTA_1128_R_shape,CTA_1128_R,1
CTA_1138,Ground_Daily,CTA_1138_O (06-30-00),CTA_1138_O_shape,CTA_1138_O,0
CTA_1138,Ground_Daily,CTA_1138_O (08-00-00),CTA_1138_O_shape,CTA_1138_O,0
CTA_1138,Ground_Daily,CTA_1138_O (09-00-00),CTA_1138_O_shape,CTA_1138_O,0
CTA_1138,Ground_Daily,CTA_1138_O (11-00-00),CTA_1138_O_shape,CTA_1138_O,0
CTA_1138,Ground_Daily,CTA_1138_O (13-00-00),CTA_1138_O_shape,CTA_1138_O,0
CTA_1138,Ground_Daily,CTA_1138_O (15-00-00),CTA_1138_O_shape,CTA_1138_O,0
CTA_1138,Ground_Daily,CTA_1138_O (17-00-00),CTA_1138_O_shape,CTA_1138_O,0
CTA_1138,Ground_Daily,CTA_1138_O (19-00-00),CTA_1138_O_shape,CTA_1138_O,0
CTA_1138,Ground_Daily,CTA_1138_O (21-00-00),CTA_1138_O_shape,CTA_1138_O,0
CTA_1138,Ground_Daily,CTA_1138_R (06-30-00),CTA_1138_R_shape,CTA_1138_R,1
CTA_1138,Ground_Daily,CTA_1138_R (08-00-00),CTA_1138_R_shape,CTA_1138_R,1
CTA_1138,Ground_Daily,CTA_1138_R (09-00-00),CTA_1138_R_shape,CTA_1138_R,1
CTA_1138,Ground_Daily,CTA_1138_R (11-00-00),CTA_1138_R_shape,CTA_1138_R,1
CTA_1138,Ground_Daily,CTA_1138_R (13-00-00),CTA_1138_R_shape,CTA_1138_R,1
CTA_1138,Ground_Daily,CTA_1138_R (15-00-00),CTA_1138_R_shape,CTA_1138_R,1
CTA_1138,Ground_Daily,CTA_1138_R (17-00-00),CTA_1138_R_shape,CTA_1138_R,1
CTA_1138,Ground_Daily,CTA_1138_R (19-00-00),CTA_1138_R_shape,CTA_1138_R,1
CTA_1138,Ground_Daily,CTA_1138_R (21-00-00),CTA_1138_R_shape,CTA_1138_R,1
CTA_1144,Ground_Daily,CTA_1142_O (06-30-00),CTA_1142_O_shape,CTA_1142_O,0
CTA_1144,Ground_Daily,CTA_1142_O (08-00-00),CTA_1142_O_shape,CTA_1142_O,0
CTA_1144,Ground_Daily,CTA_1142_O (09-00-00),CTA_1142_O_shape,CTA_1142_O,0
CTA_1144,Ground_Daily,CTA_1142_O (11-00-00),CTA_1142_O_shape,CTA_1142_O,0
CTA_1144,Ground_Daily,CTA_1142_O (13-00-00),CTA_1142_O_shape,CTA_1142_O,0
CTA_1144,Ground_Daily,CTA_1142_O (15-00-00),CTA_1142_O_shape,CTA_1142_O,0
CTA_1144,Ground_Daily,CTA_1142_O (17-00-00),CTA_1142_O_shape,CTA_1142_O,0
CTA_1144,Ground_Daily,CTA_1142_O (19-00-00),CTA_1142_O_shape,CTA_1142_O,0
CTA_1144,Ground_Daily,CTA_1142_O (21-00-00),CTA_1142_O_shape,CTA_1142_O,0
CTA_1144,Ground_Daily,CTA_1142_R (06-30-00),CTA_1142_R_shape,CTA_1142_R,1
CTA_1144,Ground_Daily,CTA_1142_R (08-00-00),CTA_1142_R_shape,CTA_1142_R,1
CTA_1144,Ground_Daily,CTA_1142_R (09-00-00),CTA_1142_R_shape,CTA_1142_R,1
CTA_1144,Ground_Daily,CTA_1142_R (11-00-00),CTA_1142_R_shape,CTA_1142_R,1
CTA_1144,Ground_Daily,CTA_1142_R (13-00-00),CTA_1142_R_shape,CTA_1142_R,1
CTA_1144,Ground_Daily,CTA_1142_R (15-00-00),CTA_1142_R_shape,CTA_1142_R,1
CTA_1144,Ground_Daily,CTA_1142_R (17-00-00),CTA_1142_R_shape,CTA_1142_R,1
CTA_1144,Ground_Daily,CTA_1142_R (19-00-00),CTA_1142_R_shape,CTA_1142_R,1
CTA_1144,Ground_Daily,CTA_1142_R (21-00-00),CTA_1142_R_shape,CTA_1142_R,1
CTA_1144,Ground_Daily,CTA_1143_O (06-30-00),CTA_1143_O_shape,CTA_1143_O,0
CTA_1144,Ground_Daily,CTA_1143_O (08-00-00),CTA_1143_O_shape,CTA_1143_O,0
CTA_1144,Ground_Daily,CTA_1143_O (09-00-00),CTA_1143_O_shape,CTA_1143_O,0
CTA_1144,Ground_Daily,CTA_1143_O (11-00-00),CTA_1143_O_shape,CTA_1143_O,0
CTA_1144,Ground_Daily,CTA_1143_O (13-00-00),CTA_1143_O_shape,CTA_1143_O,0
CTA_1144,Ground_Daily,CTA_1143_O (15-00-00),CTA_1143_O_shape,CTA_1143_O,0
CTA_1144,Ground_Daily,CTA_1143_O (17-00-00),CTA_1143_O_shape,CTA_1143_O,0
CTA_1144,Ground_Daily,CTA_1143_O (19-00-00),CTA_1143_O_shape,CTA_1143_O,0
CTA_1144,Ground_Daily,CTA_1143_O (21-00-00),CTA_1143_O_shape,CTA_1143_O,0
CTA_1144,Ground_Daily,CTA_1143_R (06-30-00),CTA_1143_R_shape,CTA_1143_R,1
CTA_1144,Ground_Daily,CTA_1143_R (08-00-00),CTA_1143_R_shape,CTA_1143_R,1
CTA_1144,Ground_Daily,CTA_1143_R (09-00-00),CTA_1143_R_shape,CTA_1143_R,1
CTA_1144,Ground_Daily,CTA_1143_R (11-00-00),CTA_1143_R_shape,CTA_1143_R,1
CTA_1144,Ground_Daily,CTA_1143_R (13-00-00),CTA_1143_R_shape,CTA_1143_R,1
CTA_1144,Ground_Daily,CTA_1143_R (15-00-00),CTA_1143_R_shape,CTA_1143_R,1
CTA_1144,Ground_Daily,CTA_1143_R (17-00-00),CTA_1143_R_shape,CTA_1143_R,1
CTA_1144,Ground_Daily,CTA_1143_R (19-00-00),CTA_1143_R_shape,CTA_1143_R,1
CTA_1144,Ground_Daily,CTA_1143_R (21-00-00),CTA_1143_R_shape,CTA_1143_R,1
CTA_1144,Ground_Daily,CTA_1144_O (06-30-00),CTA_1144_O_shape,CTA_1144_O,0
CTA_1144,Ground_Daily,CTA_1144_O (08-00-00),CTA_1144_O_shape,CTA_1144_O,0
CTA_1144,Ground_Daily,CTA_1144_O (09-00-00),CTA_1144_O_shape,CTA_1144_O,0
CTA_1144,Ground_Daily,CTA_1144_O (11-00-00),CTA_1144_O_shape,CTA_1144_O,0
CTA_1144,Ground_Daily,CTA_1144_O (13-00-00),CTA_1144_O_shape,CTA_1144_O,0
CTA_1144,Ground_Daily,CTA_1144_O (15-00-00),CTA_1144_O_shape,CTA_1144_O,0
CTA_1144,Ground_Daily,CTA_1144_O (17-00-00),CTA_1144_O_shape,CTA_1144_O,0
CTA_1144,Ground_Daily,CTA_1144_O (19-00-00),CTA_1144_O_shape,CTA_1144_O,0
CTA_1144,Ground_Daily,CTA_1144_O (21-00-00),CTA_1144_O_shape,CTA_1144_O,0
CTA_1144,Ground_Daily,CTA_1144_R (06-30-00),CTA_1144_R_shape,CTA_1144_R,1
CTA_1144,Ground_Daily,CTA_1144_R (08-00-00),CTA_1144_R_shape,CTA_1144_R,1
CTA_1144,Ground_Daily,CTA_1144_R (09-00-00),CTA_1144_R_shape,CTA_1144_R,1
CTA_1144,Ground_Daily,CTA_1144_R (11-00-00),CTA_1144_R_shape,CTA_1144_R,1
CTA_1144,Ground_Daily,CTA_1144_R (13-00-00),CTA_1144_R_shape,CTA_1144_R,1
CTA_1144,Ground_Daily,CTA_1144_R (15-00-00),CTA_1144_R_shape,CTA_1144_R,1
CTA_1144,Ground_Daily,CTA_1144_R (17-00-00),CTA_1144_R_shape,CTA_1144_R,1
CTA_1144,Ground_Daily,CTA_1144_R (19-00-00),CTA_1144_R_shape,CTA_1144_R,1
CTA_1144,Ground_Daily,CTA_1144_R (21-00-00),CTA_1144_R_shape,CTA_1144_R,1
CTA_1144,Ground_Daily,CTA_1145_O (06-30-00),CTA_1145_O_shape,CTA_1145_O,0
CTA_1144,Ground_Daily,CTA_1145_O (08-00-00),CTA_1145_O_shape,CTA_1145_O,0
CTA_1144,Ground_Daily,CTA_1145_O (09-00-00),CTA_1145_O_shape,CTA_1145_O,0
CTA_1144,Ground_Daily,CTA_1145_O (11-00-00),CTA_1145_O_shape,CTA_1145_O,0
CTA_1144,Ground_Daily,CTA_1145_O (13-00-00),CTA_1145_O_shape,CTA_1145_O,0
CTA_1144,Ground_Daily,CTA_1145_O (15-00-00),CTA_1145_O_shape,CTA_1145_O,0
CTA_1144,Ground_Daily,CTA_1145_O (17-00-00),CTA_1145_O_shape,CTA_1145_O,0
CTA_1144,Ground_Daily,CTA_1145_O (19-00-00),CTA_1145_O_shape,CTA_1145_O,0
CTA_1144,Ground_Daily,CTA_1145_O (21-00-00),CTA_1145_O_shape,CTA_1145_O,0
CTA_1144,Ground_Daily,CTA_1145_R (06-30-00),CTA_1145_R_shape,CTA_1145_R,1
CTA_1144,Ground_Daily,CTA_1145_R (08-00-00),CTA_1145_R_shape,CTA_1145_R,1
CTA_1144,Ground_Daily,CTA_1145_R (09-00-00),CTA_1145_R_shape,CTA_1145_R,1
CTA_1144,Ground_Daily,CTA_1145_R (11-00-00),CTA_1145_R_shape,CTA_1145_R,1
CTA_1144,Ground_Daily,CTA_1145_R (13-00-00),CTA_1145_R_shape,CTA_1145_R,1
CTA_1144,Ground_Daily,CTA_1145_R (15-00-00),CTA_1145_R_shape,CTA_1145_R,1
CTA_1144,Ground_Daily,CTA_1145_R (17-00-00),CTA_1145_R_shape,CTA_1145_R,1
CTA_1144,Ground_Daily,CTA_1145_R (19-00-00),CTA_1145_R_shape,CTA_1145_R,1
CTA_1144,Ground_Daily,CTA_1145_R (21-00-00),CTA_1145_R_shape,CTA_1145_R,1
CTA_1144,Ground_Daily,CTA_1146_O (06-30-00),CTA_1146_O_shape,CTA_1146_O,0
CTA_1144,Ground_Daily,CTA_1146_O (08-00-00),CTA_1146_O_shape,CTA_1146_O,0
CTA_1144,Ground_Daily,CTA_1146_O (09-00-00),CTA_1146_O_shape,CTA_1146_O,0
CTA_1144,Ground_Daily,CTA_1146_O (11-00-00),CTA_1146_O_shape,CTA_1146_O,0
CTA_1144,Ground_Daily,CTA_1146_O (13-00-00),CTA_1146_O_shape,CTA_1146_O,0
CTA_1144,Ground_Daily,CTA_1146_O (15-00-00),CTA_1146_O_shape,CTA_1146_O,0
CTA_1144,Ground_Daily,CTA_1146_O (17-00-00),CTA_1146_O_shape,CTA_1146_O,0
CTA_1144,Ground_Daily,CTA_1146_O (19-00-00),CTA_1146_O_shape,CTA_1146_O,0
CTA_1144,Ground_Daily,CTA_1146_O (21-00-00),CTA_1146_O_shape,CTA_1146_O,0
CTA_1144,Ground_Daily,CTA_1146_R (06-30-00),CTA_1146_R_shape,CTA_1146_R,1
CTA_1144,Ground_Daily,CTA_1146_R (08-00-00),CTA_1146_R_shape,CTA_1146_R,1
CTA_1144,Ground_Daily,CTA_1146_R (09-00-00),CTA_1146_R_shape,CTA_1146_R,1
CTA_1144,Ground_Daily,CTA_1146_R (11-00-00),CTA_1146_R_shape,CTA_1146_R,1
CTA_1144,Ground_Daily,CTA_1146_R (13-00-00),CTA_1146_R_shape,CTA_1146_R,1
CTA_1144,Ground_Daily,CTA_1146_R (15-00-00),CTA_1146_R_shape,CTA_1146_R,1
CTA_1144,Ground_Daily,CTA_1146_R (17-00-00),CTA_1146_R_shape,CTA_1146_R,1
CTA_1144,Ground_Daily,CTA_1146_R (19-00-00),CTA_1146_R_shape,CTA_1146_R,1
CTA_1144,Ground_Daily,CTA_1146_R (21-00-00),CTA_1146_R_shape,CTA_1146_R,1
CTA_1144,Ground_Daily,CTA_114or1060_O (06-30-00),CTA_114or1060_O_shape,CTA_114or1060_O,0
CTA_1144,Ground_Daily,CTA_114or1060_O (08-00-00),CTA_114or1060_O_shape,CTA_114or1060_O,0
CTA_1144,Ground_Daily,CTA_114or1060_O (09-00-00),CTA_114or1060_O_shape,CTA_114or1060_O,0
CTA_1144,Ground_Daily,CTA_114or1060_O (11-00-00),CTA_114or1060_O_shape,CTA_114or1060_O,0
CTA_1144,Ground_Daily,CTA_114or1060_O (13-00-00),CTA_114or1060_O_shape,CTA_114or1060_O,0
CTA_1144,Ground_Daily,CTA_114or1060_O (15-00-00),CTA_114or1060_O_shape,CTA_114or1060_O,0
CTA_1144,Ground_Daily,CTA_114or1060_O (17-00-00),CTA_114or1060_O_shape,CTA_114or1060_O,0
CTA_1144,Ground_Daily,CTA_114or1060_O (19-00-00),CTA_114or1060_O_shape,CTA_114or1060_O,0
CTA_1144,Ground_Daily,CTA_114or1060_O (21-00-00),CTA_114or1060_O_shape,CTA_114or1060_O,0
CTA_1144,Ground_Daily,CTA_114or1060_R (06-30-00),CTA_114or1060_R_shape,CTA_114or1060_R,1
CTA_1144,Ground_Daily,CTA_114or1060_R (08-00-00),CTA_114or1060_R_shape,CTA_114or1060_R,1
CTA_1144,Ground_Daily,CTA_114or1060_R (09-00-00),CTA_114or1060_R_shape,CTA_114or1060_R,1
CTA_1144,Ground_Daily,CTA_114or1060_R (11-00-00),CTA_114or1060_R_shape,CTA_114or1060_R,1
CTA_1144,Ground_Daily,CTA_114or1060_R (13-00-00),CTA_114or1060_R_shape,CTA_114or1060_R,1
CTA_1144,Ground_Daily,CTA_114or1060_R (15-00-00),CTA_114or1060_R_shape,CTA_114or1060_R,1
CTA_1144,Ground_Daily,CTA_114or1060_R (17-00-00),CTA_114or1060_R_shape,CTA_114or1060_R,1
CTA_1144,Ground_Daily,CTA_114or1060_R (19-00-00),CTA_114or1060_R_shape,CTA_114or1060_R,1
CTA_1144,Ground_Daily,CTA_114or1060_R (21-00-00),CTA_114or1060_R_shape,CTA_114or1060_R,1
CTA_1150,Ground_Daily,CTA_1150_O (06-30-00),CTA_1150_O_shape,CTA_1150_O,0
CTA_1150,Ground_Daily,CTA_1150_O (08-00-00),CTA_1150_O_shape,CTA_1150_O,0
CTA_1150,Ground_Daily,CTA_1150_O (09-00-00),CTA_1150_O_shape,CTA_1150_O,0
CTA_1150,Ground_Daily,CTA_1150_O (11-00-00),CTA_1150_O_shape,CTA_1150_O,0
CTA_1150,Ground_Daily,CTA_1150_O (13-00-00),CTA_1150_O_shape,CTA_1150_O,0
CTA_1150,Ground_Daily,CTA_1150_O (15-00-00),CTA_1150_O_shape,CTA_1150_O,0
CTA_1150,Ground_Daily,CTA_1150_O (17-00-00),CTA_1150_O_shape,CTA_1150_O,0
CTA_1150,Ground_Daily,CTA_1150_O (19-00-00),CTA_1150_O_shape,CTA_1150_O,0
CTA_1150,Ground_Daily,CTA_1150_O (21-00-00),CTA_1150_O_shape,CTA_1150_O,0
CTA_1150,Ground_Daily,CTA_1150_R (06-30-00),CTA_1150_R_shape,CTA_1150_R,1
CTA_1150,Ground_Daily,CTA_1150_R (08-00-00),CTA_1150_R_shape,CTA_1150_R,1
CTA_1150,Ground_Daily,CTA_1150_R (09-00-00),CTA_1150_R_shape,CTA_1150_R,1
CTA_1150,Ground_Daily,CTA_1150_R (11-00-00),CTA_1150_R_shape,CTA_1150_R,1
CTA_1150,Ground_Daily,CTA_1150_R (13-00-00),CTA_1150_R_shape,CTA_1150_R,1
CTA_1150,Ground_Daily,CTA_1150_R (15-00-00),CTA_1150_R_shape,CTA_1150_R,1
CTA_1150,Ground_Daily,CTA_1150_R (17-00-00),CTA_1150_R_shape,CTA_1150_R,1
CTA_1150,Ground_Daily,CTA_1150_R (19-00-00),CTA_1150_R_shape,CTA_1150_R,1
CTA_1150,Ground_Daily,CTA_1150_R (21-00-00),CTA_1150_R_shape,CTA_1150_R,1
CTA_1150,Ground_Daily,CTA_1151_O (06-30-00),CTA_1151_O_shape,CTA_1151_O,0
CTA_1150,Ground_Daily,CTA_1151_O (08-00-00),CTA_1151_O_shape,CTA_1151_O,0
CTA_1150,Ground_Daily,CTA_1151_O (09-00-00),CTA_1151_O_shape,CTA_1151_O,0
CTA_1150,Ground_Daily,CTA_1151_O (11-00-00),CTA_1151_O_shape,CTA_1151_O,0
CTA_1150,Ground_Daily,CTA_1151_O (13-00-00),CTA_1151_O_shape,CTA_1151_O,0
CTA_1150,Ground_Daily,CTA_1151_O (15-00-00),CTA_1151_O_shape,CTA_1151_O,0
CTA_1150,Ground_Daily,CTA_1151_O (17-00-00),CTA_1151_O_shape,CTA_1151_O,0
CTA_1150,Ground_Daily,CTA_1151_O (19-00-00),CTA_1151_O_shape,CTA_1151_O,0
CTA_1150,Ground_Daily,CTA_1151_O (21-00-00),CTA_1151_O_shape,CTA_1151_O,0
CTA_1150,Ground_Daily,CTA_1151_R (06-30-00),CTA_1151_R_shape,CTA_1151_R,1
CTA_1150,Ground_Daily,CTA_1151_R (08-00-00),CTA_1151_R_shape,CTA_1151_R,1
CTA_1150,Ground_Daily,CTA_1151_R (09-00-00),CTA_1151_R_shape,CTA_1151_R,1
CTA_1150,Ground_Daily,CTA_1151_R (11-00-00),CTA_1151_R_shape,CTA_1151_R,1
CTA_1150,Ground_Daily,CTA_1151_R (13-00-00),CTA_1151_R_shape,CTA_1151_R,1
CTA_1150,Ground_Daily,CTA_1151_R (15-00-00),CTA_1151_R_shape,CTA_1151_R,1
CTA_1150,Ground_Daily,CTA_1151_R (17-00-00),CTA_1151_R_shape,CTA_1151_R,1
CTA_1150,Ground_Daily,CTA_1151_R (19-00-00),CTA_1151_R_shape,CTA_1151_R,1
CTA_1150,Ground_Daily,CTA_1151_R (21-00-00),CTA_1151_R_shape,CTA_1151_R,1
CTA_1150,Ground_Daily,CTA_1153_O (06-30-00),CTA_1153_O_shape,CTA_1153_O,0
CTA_1150,Ground_Daily,CTA_1153_O (08-00-00),CTA_1153_O_shape,CTA_1153_O,0
CTA_1150,Ground_Daily,CTA_1153_O (09-00-00),CTA_1153_O_shape,CTA_1153_O,0
CTA_1150,Ground_Daily,CTA_1153_O (11-00-00),CTA_1153_O_shape,CTA_1153_O,0
CTA_1150,Ground_Daily,CTA_1153_O (13-00-00),CTA_1153_O_shape,CTA_1153_O,0
CTA_1150,Ground_Daily,CTA_1153_O (15-00-00),CTA_1153_O_shape,CTA_1153_O,0
CTA_1150,Ground_Daily,CTA_1153_O (17-00-00),CTA_1153_O_shape,CTA_1153_O,0
CTA_1150,Ground_Daily,CTA_1153_O (19-00-00),CTA_1153_O_shape,CTA_1153_O,0
CTA_1150,Ground_Daily,CTA_1153_O (21-00-00),CTA_1153_O_shape,CTA_1153_O,0
CTA_1150,Ground_Daily,CTA_1153_R (06-30-00),CTA_1153_R_shape,CTA_1153_R,1
CTA_1150,Ground_Daily,CTA_1153_R (08-00-00),CTA_1153_R_shape,CTA_1153_R,1
CTA_1150,Ground_Daily,CTA_1153_R (09-00-00),CTA_1153_R_shape,CTA_1153_R,1
CTA_1150,Ground_Daily,CTA_1153_R (11-00-00),CTA_1153_R_shape,CTA_1153_R,1
CTA_1150,Ground_Daily,CTA_1153_R (13-00-00),CTA_1153_R_shape,CTA_1153_R,1
CTA_1150,Ground_Daily,CTA_1153_R (15-00-00),CTA_1153_R_shape,CTA_1153_R,1
CTA_1150,Ground_Daily,CTA_1153_R (17-00-00),CTA_1153_R_shape,CTA_1153_R,1
CTA_1150,Ground_Daily,CTA_1153_R (19-00-00),CTA_1153_R_shape,CTA_1153_R,1
CTA_1150,Ground_Daily,CTA_1153_R (21-00-00),CTA_1153_R_shape,CTA_1153_R,1
P_O_14_CA056,Ground_Daily,CTA_11_O (06-30-00),CTA_11_O_shape,CTA_11_O,0
P_O_14_CA056,Ground_Daily,CTA_11_O (08-00-00),CTA_11_O_shape,CTA_11_O,0
P_O_14_CA056,Ground_Daily,CTA_11_O (09-00-00),CTA_11_O_shape,CTA_11_O,0
P_O_14_CA056,Ground_Daily,CTA_11_O (11-00-00),CTA_11_O_shape,CTA_11_O,0
P_O_14_CA056,Ground_Daily,CTA_11_O (13-00-00),CTA_11_O_shape,CTA_11_O,0
P_O_14_CA056,Ground_Daily,CTA_11_O (15-00-00),CTA_11_O_shape,CTA_11_O,0
P_O_14_CA056,Ground_Daily,CTA_11_O (17-00-00),CTA_11_O_shape,CTA_11_O,0
P_O_14_CA056,Ground_Daily,CTA_11_O (19-00-00),CTA_11_O_shape,CTA_11_O,0
P_O_14_CA056,Ground_Daily,CTA_11_O (21-00-00),CTA_11_O_shape,CTA_11_O,0
P_O_14_CA056,Ground_Daily,CTA_11_R (06-30-00),CTA_11_R_shape,CTA_11_R,1
P_O_14_CA056,Ground_Daily,CTA_11_R (08-00-00),CTA_11_R_shape,CTA_11_R,1
P_O_14_CA056,Ground_Daily,CTA_11_R (09-00-00),CTA_11_R_shape,CTA_11_R,1
P_O_14_CA056,Ground_Daily,CTA_11_R (11-00-00),CTA_11_R_shape,CTA_11_R,1
P_O_14_CA056,Ground_Daily,CTA_11_R (13-00-00),CTA_11_R_shape,CTA_11_R,1
P_O_14_CA056,Ground_Daily,CTA_11_R (15-00-00),CTA_11_R_shape,CTA_11_R,1
P_O_14_CA056,Ground_Daily,CTA_11_R (17-00-00),CTA_11_R_shape,CTA_11_R,1
P_O_14_CA056,Ground_Daily,CTA_11_R (19-00-00),CTA_11_R_shape,CTA_11_R,1
P_O_14_CA056,Ground_Daily,CTA_11_R (21-00-00),CTA_11_R_shape,CTA_11_R,1
CTA_122-1059,Ground_Daily,CTA_122or1059_O (06-30-00),CTA_122or1059_O_shape,CTA_122or1059_O,0
CTA_122-1059,Ground_Daily,CTA_122or1059_O (08-00-00),CTA_122or1059_O_shape,CTA_122or1059_O,0
CTA_122-1059,Ground_Daily,CTA_122or1059_O (09-00-00),CTA_122or1059_O_shape,CTA_122or1059_O,0
CTA_122-1059,Ground_Daily,CTA_122or1059_O (11-00-00),CTA_122or1059_O_shape,CTA_122or1059_O,0
CTA_122-1059,Ground_Daily,CTA_122or1059_O (13-00-00),CTA_122or1059_O_shape,CTA_122or1059_O,0
CTA_122-1059,Ground_Daily,CTA_122or1059_O (15-00-00),CTA_122or1059_O_shape,CTA_122or1059_O,0
CTA_122-1059,Ground_Daily,CTA_122or1059_O (17-00-00),CTA_122or1059_O_shape,CTA_122or1059_O,0
CTA_122-1059,Ground_Daily,CTA_122or1059_O (19-00-00),CTA_122or1059_O_shape,CTA_122or1059_O,0
CTA_122-1059,Ground_Daily,CTA_122or1059_O (21-00-00),CTA_122or1059_O_shape,CTA_122or1059_O,0
CTA_122-1059,Ground_Daily,CTA_122or1059_R (06-30-00),CTA_122or1059_R_shape,CTA_122or1059_R,1
CTA_122-1059,Ground_Daily,CTA_122or1059_R (08-00-00),CTA_122or1059_R_shape,CTA_122or1059_R,1
CTA_122-1059,Ground_Daily,CTA_122or1059_R (09-00-00),CTA_122or1059_R_shape,CTA_122or1059_R,1
CTA_122-1059,Ground_Daily,CTA_122or1059_R (11-00-00),CTA_122or1059_R_shape,CTA_122or1059_R,1
CTA_122-1059,Ground_Daily,CTA_122or1059_R (13-00-00),CTA_122or1059_R_shape,CTA_122or1059_R,1
CTA_122-1059,Ground_Daily,CTA_122or1059_R (15-00-00),CTA_122or1059_R_shape,CTA_122or1059_R,1
CTA_122-1059,Ground_Daily,CTA_122or1059_R (17-00-00),CTA_122or1059_R_shape,CTA_122or1059_R,1
CTA_122-1059,Ground_Daily,CTA_122or1059_R (19-00-00),CTA_122or1059_R_shape,CTA_122or1059_R,1
CTA_122-1059,Ground_Daily,CTA_122or1059_R (21-00-00),CTA_122or1059_R_shape,CTA_122or1059_R,1
CTA_124,Ground_Daily,CTA_124_O (06-30-00),CTA_124_O_shape,CTA_124_O,0
CTA_124,Ground_Daily,CTA_124_O (08-00-00),CTA_124_O_shape,CTA_124_O,0
CTA_124,Ground_Daily,CTA_124_O (09-00-00),CTA_124_O_shape,CTA_124_O,0
CTA_124,Ground_Daily,CTA_124_O (11-00-00),CTA_124_O_shape,CTA_124_O,0
CTA_124,Ground_Daily,CTA_124_O (13-00-00),CTA_124_O_shape,CTA_124_O,0
CTA_124,Ground_Daily,CTA_124_O (15-00-00),CTA_124_O_shape,CTA_124_O,0
CTA_124,Ground_Daily,CTA_124_O (17-00-00),CTA_124_O_shape,CTA_124_O,0
CTA_124,Ground_Daily,CTA_124_O (19-00-00),CTA_124_O_shape,CTA_124_O,0
CTA_124,Ground_Daily,CTA_124_O (21-00-00),CTA_124_O_shape,CTA_124_O,0
CTA_124,Ground_Daily,CTA_124_R (06-30-00),CTA_124_R_shape,CTA_124_R,1
CTA_124,Ground_Daily,CTA_124_R (08-00-00),CTA_124_R_shape,CTA_124_R,1
CTA_124,Ground_Daily,CTA_124_R (09-00-00),CTA_124_R_shape,CTA_124_R,1
CTA_124,Ground_Daily,CTA_124_R (11-00-00),CTA_124_R_shape,CTA_124_R,1
CTA_124,Ground_Daily,CTA_124_R (13-00-00),CTA_124_R_shape,CTA_124_R,1
CTA_124,Ground_Daily,CTA_124_R (15-00-00),CTA_124_R_shape,CTA_124_R,1
CTA_124,Ground_Daily,CTA_124_R (17-00-00),CTA_124_R_shape,CTA_124_R,1
CTA_124,Ground_Daily,CTA_124_R (19-00-00),CTA_124_R_shape,CTA_124_R,1
CTA_124,Ground_Daily,CTA_124_R (21-00-00),CTA_124_R_shape,CTA_124_R,1
P_O_14_CA056,Ground_Daily,CTA_12_R (06-30-00),CTA_12_R_shape,CTA_12_R,1
P_O_14_CA056,Ground_Daily,CTA_12_R (08-00-00),CTA_12_R_shape,CTA_12_R,1
P_O_14_CA056,Ground_Daily,CTA_12_R (09-00-00),CTA_12_R_shape,CTA_12_R,1
P_O_14_CA056,Ground_Daily,CTA_12_R (11-00-00),CTA_12_R_shape,CTA_12_R,1
P_O_14_CA056,Ground_Daily,CTA_12_R (13-00-00),CTA_12_R_shape,CTA_12_R,1
P_O_14_CA056,Ground_Daily,CTA_12_R (15-00-00),CTA_12_R_shape,CTA_12_R,1
P_O_14_CA056,Ground_Daily,CTA_12_R (17-00-00),CTA_12_R_shape,CTA_12_R,1
P_O_14_CA056,Ground_Daily,CTA_12_R (19-00-00),CTA_12_R_shape,CTA_12_R,1
P_O_14_CA056,Ground_Daily,CTA_12_R (21-00-00),CTA_12_R_shape,CTA_12_R,1
CTA_134,Ground_Daily,CTA_134_O (06-30-00),CTA_134_O_shape,CTA_134_O,0
CTA_134,Ground_Daily,CTA_134_O (08-00-00),CTA_134_O_shape,CTA_134_O,0
CTA_134,Ground_Daily,CTA_134_O (09-00-00),CTA_134_O_shape,CTA_134_O,0
CTA_134,Ground_Daily,CTA_134_O (11-00-00),CTA_134_O_shape,CTA_134_O,0
CTA_134,Ground_Daily,CTA_134_O (13-00-00),CTA_134_O_shape,CTA_134_O,0
CTA_134,Ground_Daily,CTA_134_O (15-00-00),CTA_134_O_shape,CTA_134_O,0
CTA_134,Ground_Daily,CTA_134_O (17-00-00),CTA_134_O_shape,CTA_134_O,0
CTA_134,Ground_Daily,CTA_134_O (19-00-00),CTA_134_O_shape,CTA_134_O,0
CTA_134,Ground_Daily,CTA_134_O (21-00-00),CTA_134_O_shape,CTA_134_O,0
CTA_134,Ground_Daily,CTA_134_R (06-30-00),CTA_134_R_shape,CTA_134_R,1
CTA_134,Ground_Daily,CTA_134_R (08-00-00),CTA_134_R_shape,CTA_134_R,1
CTA_134,Ground_Daily,CTA_134_R (09-00-00),CTA_134_R_shape,CTA_134_R,1
CTA_134,Ground_Daily,CTA_134_R (11-00-00),CTA_134_R_shape,CTA_134_R,1
CTA_134,Ground_Daily,CTA_134_R (13-00-00),CTA_134_R_shape,CTA_134_R,1
CTA_134,Ground_Daily,CTA_134_R (15-00-00),CTA_134_R_shape,CTA_134_R,1
CTA_134,Ground_Daily,CTA_134_R (17-00-00),CTA_134_R_shape,CTA_134_R,1
CTA_134,Ground_Daily,CTA_134_R (19-00-00),CTA_134_R_shape,CTA_134_R,1
CTA_134,Ground_Daily,CTA_134_R (21-00-00),CTA_134_R_shape,CTA_134_R,1
CTA_154,Ground_Daily,CTA_154_O (06-30-00),CTA_154_O_shape,CTA_154_O,0
CTA_154,Ground_Daily,CTA_154_O (08-00-00),CTA_154_O_shape,CTA_154_O,0
CTA_154,Ground_Daily,CTA_154_O (09-00-00),CTA_154_O_shape,CTA_154_O,0
CTA_154,Ground_Daily,CTA_154_O (11-00-00),CTA_154_O_shape,CTA_154_O,0
CTA_154,Ground_Daily,CTA_154_O (13-00-00),CTA_154_O_shape,CTA_154_O,0
CTA_154,Ground_Daily,CTA_154_O (15-00-00),CTA_154_O_shape,CTA_154_O,0
CTA_154,Ground_Daily,CTA_154_O (17-00-00),CTA_154_O_shape,CTA_154_O,0
CTA_154,Ground_Daily,CTA_154_O (19-00-00),CTA_154_O_shape,CTA_154_O,0
CTA_154,Ground_Daily,CTA_154_O (21-00-00),CTA_154_O_shape,CTA_154_O,0
CTA_154,Ground_Daily,CTA_154_R (06-30-00),CTA_154_R_shape,CTA_154_R,1
CTA_154,Ground_Daily,CTA_154_R (08-00-00),CTA_154_R_shape,CTA_154_R,1
CTA_154,Ground_Daily,CTA_154_R (09-00-00),CTA_154_R_shape,CTA_154_R,1
CTA_154,Ground_Daily,CTA_154_R (11-00-00),CTA_154_R_shape,CTA_154_R,1
CTA_154,Ground_Daily,CTA_154_R (13-00-00),CTA_154_R_shape,CTA_154_R,1
CTA_154,Ground_Daily,CTA_154_R (15-00-00),CTA_154_R_shape,CTA_154_R,1
CTA_154,Ground_Daily,CTA_154_R (17-00-00),CTA_154_R_shape,CTA_154_R,1
CTA_154,Ground_Daily,CTA_154_R (19-00-00),CTA_154_R_shape,CTA_154_R,1
CTA_154,Ground_Daily,CTA_154_R (21-00-00),CTA_154_R_shape,CTA_154_R,1
P_O_14_CA056,Ground_Daily,CTA_15_O (06-30-00),CTA_15_O_shape,CTA_15_O,0
P_O_14_CA056,Ground_Daily,CTA_15_O (08-00-00),CTA_15_O_shape,CTA_15_O,0
P_O_14_CA056,Ground_Daily,CTA_15_O (09-00-00),CTA_15_O_shape,CTA_15_O,0
P_O_14_CA056,Ground_Daily,CTA_15_O (11-00-00),CTA_15_O_shape,CTA_15_O,0
P_O_14_CA056,Ground_Daily,CTA_15_O (13-00-00),CTA_15_O_shape,CTA_15_O,0
P_O_14_CA056,Ground_Daily,CTA_15_O (15-00-00),CTA_15_O_shape,CTA_15_O,0
P_O_14_CA056,Ground_Daily,CTA_15_O (17-00-00),CTA_15_O_shape,CTA_15_O,0
P_O_14_CA056,Ground_Daily,CTA_15_O (19-00-00),CTA_15_O_shape,CTA_15_O,0
P_O_14_CA056,Ground_Daily,CTA_15_O (21-00-00),CTA_15_O_shape,CTA_15_O,0
P_O_14_CA056,Ground_Daily,CTA_15_R (06-30-00),CTA_15_R_shape,CTA_15_R,1
P_O_14_CA056,Ground_Daily,CTA_15_R (08-00-00),CTA_15_R_shape,CTA_15_R,1
P_O_14_CA056,Ground_Daily,CTA_15_R (09-00-00),CTA_15_R_shape,CTA_15_R,1
P_O_14_CA056,Ground_Daily,CTA_15_R (11-00-00),CTA_15_R_shape,CTA_15_R,1
P_O_14_CA056,Ground_Daily,CTA_15_R (13-00-00),CTA_15_R_shape,CTA_15_R,1
P_O_14_CA056,Ground_Daily,CTA_15_R (15-00-00),CTA_15_R_shape,CTA_15_R,1
P_O_14_CA056,Ground_Daily,CTA_15_R (17-00-00),CTA_15_R_shape,CTA_15_R,1
P_O_14_CA056,Ground_Daily,CTA_15_R (19-00-00),CTA_15_R_shape,CTA_15_R,1
P_O_14_CA056,Ground_Daily,CTA_15_R (21-00-00),CTA_15_R_shape,CTA_15_R,1
CTA_160,Ground_Daily,CTA_160_O (06-30-00),CTA_160_O_shape,CTA_160_O,0
CTA_160,Ground_Daily,CTA_160_O (08-00-00),CTA_160_O_shape,CTA_160_O,0
CTA_160,Ground_Daily,CTA_160_O (09-00-00),CTA_160_O_shape,CTA_160_O,0
CTA_160,Ground_Daily,CTA_160_O (11-00-00),CTA_160_O_shape,CTA_160_O,0
CTA_160,Ground_Daily,CTA_160_O (13-00-00),CTA_160_O_shape,CTA_160_O,0
CTA_160,Ground_Daily,CTA_160_O (15-00-00),CTA_160_O_shape,CTA_160_O,0
CTA_160,Ground_Daily,CTA_160_O (17-00-00),CTA_160_O_shape,CTA_160_O,0
CTA_160,Ground_Daily,CTA_160_O (19-00-00),CTA_160_O_shape,CTA_160_O,0
CTA_160,Ground_Daily,CTA_160_O (21-00-00),CTA_160_O_shape,CTA_160_O,0
CTA_160,Ground_Daily,CTA_160_R (06-30-00),CTA_160_R_shape,CTA_160_R,1
CTA_160,Ground_Daily,CTA_160_R (08-00-00),CTA_160_R_shape,CTA_160_R,1
CTA_160,Ground_Daily,CTA_160_R (09-00-00),CTA_160_R_shape,CTA_160_R,1
CTA_160,Ground_Daily,CTA_160_R (11-00-00),CTA_160_R_shape,CTA_160_R,1
CTA_160,Ground_Daily,CTA_160_R (13-00-00),CTA_160_R_shape,CTA_160_R,1
CTA_160,Ground_Daily,CTA_160_R (15-00-00),CTA_160_R_shape,CTA_160_R,1
CTA_160,Ground_Daily,CTA_160_R (17-00-00),CTA_160_R_shape,CTA_160_R,1
CTA_160,Ground_Daily,CTA_160_R (19-00-00),CTA_160_R_shape,CTA_160_R,1
CTA_160,Ground_Daily,CTA_160_R (21-00-00),CTA_160_R_shape,CTA_160_R,1
CTA_166,Ground_Daily,CTA_166_O (06-30-00),CTA_166_O_shape,CTA_166_O,0
CTA_166,Ground_Daily,CTA_166_O (08-00-00),CTA_166_O_shape,CTA_166_O,0
CTA_166,Ground_Daily,CTA_166_O (09-00-00),CTA_166_O_shape,CTA_166_O,0
CTA_166,Ground_Daily,CTA_166_O (11-00-00),CTA_166_O_shape,CTA_166_O,0
CTA_166,Ground_Daily,CTA_166_O (13-00-00),CTA_166_O_shape,CTA_166_O,0
CTA_166,Ground_Daily,CTA_166_O (15-00-00),CTA_166_O_shape,CTA_166_O,0
CTA_166,Ground_Daily,CTA_166_O (17-00-00),CTA_166_O_shape,CTA_166_O,0
CTA_166,Ground_Daily,CTA_166_O (19-00-00),CTA_166_O_shape,CTA_166_O,0
CTA_166,Ground_Daily,CTA_166_O (21-00-00),CTA_166_O_shape,CTA_166_O,0
CTA_166,Ground_Daily,CTA_166_R (06-30-00),CTA_166_R_shape,CTA_166_R,1
CTA_166,Ground_Daily,CTA_166_R (08-00-00),CTA_166_R_shape,CTA_166_R,1
CTA_166,Ground_Daily,CTA_166_R (09-00-00),CTA_166_R_shape,CTA_166_R,1
CTA_166,Ground_Daily,CTA_166_R (11-00-00),CTA_166_R_shape,CTA_166_R,1
CTA_166,Ground_Daily,CTA_166_R (13-00-00),CTA_166_R_shape,CTA_166_R,1
CTA_166,Ground_Daily,CTA_166_R (15-00-00),CTA_166_R_shape,CTA_166_R,1
CTA_166,Ground_Daily,CTA_166_R (17-00-00),CTA_166_R_shape,CTA_166_R,1
CTA_166,Ground_Daily,CTA_166_R (19-00-00),CTA_166_R_shape,CTA_166_R,1
CTA_166,Ground_Daily,CTA_166_R (21-00-00),CTA_166_R_shape,CTA_166_R,1
P_O_14_CA056,Ground_Daily,CTA_16_O (06-30-00),CTA_16_O_shape,CTA_16_O,0
P_O_14_CA056,Ground_Daily,CTA_16_O (08-00-00),CTA_16_O_shape,CTA_16_O,0
P_O_14_CA056,Ground_Daily,CTA_16_O (09-00-00),CTA_16_O_shape,CTA_16_O,0
P_O_14_CA056,Ground_Daily,CTA_16_O (11-00-00),CTA_16_O_shape,CTA_16_O,0
P_O_14_CA056,Ground_Daily,CTA_16_O (13-00-00),CTA_16_O_shape,CTA_16_O,0
P_O_14_CA056,Ground_Daily,CTA_16_O (15-00-00),CTA_16_O_shape,CTA_16_O,0
P_O_14_CA056,Ground_Daily,CTA_16_O (17-00-00),CTA_16_O_shape,CTA_16_O,0
P_O_14_CA056,Ground_Daily,CTA_16_O (19-00-00),CTA_16_O_shape,CTA_16_O,0
P_O_14_CA056,Ground_Daily,CTA_16_O (21-00-00),CTA_16_O_shape,CTA_16_O,0
P_O_14_CA056,Ground_Daily,CTA_16_R (06-30-00),CTA_16_R_shape,CTA_16_R,1
P_O_14_CA056,Ground_Daily,CTA_16_R (08-00-00),CTA_16_R_shape,CTA_16_R,1
P_O_14_CA056,Ground_Daily,CTA_16_R (09-00-00),CTA_16_R_shape,CTA_16_R,1
P_O_14_CA056,Ground_Daily,CTA_16_R (11-00-00),CTA_16_R_shape,CTA_16_R,1
P_O_14_CA056,Ground_Daily,CTA_16_R (13-00-00),CTA_16_R_shape,CTA_16_R,1
P_O_14_CA056,Ground_Daily,CTA_16_R (15-00-00),CTA_16_R_shape,CTA_16_R,1
P_O_14_CA056,Ground_Daily,CTA_16_R (17-00-00),CTA_16_R_shape,CTA_16_R,1
P_O_14_CA056,Ground_Daily,CTA_16_R (19-00-00),CTA_16_R_shape,CTA_16_R,1
P_O_14_CA056,Ground_Daily,CTA_16_R (21-00-00),CTA_16_R_shape,CTA_16_R,1
CTA_170,Ground_Daily,CTA_170_O (06-30-00),CTA_170_O_shape,CTA_170_O,0
CTA_170,Ground_Daily,CTA_170_O (08-00-00),CTA_170_O_shape,CTA_170_O,0
CTA_170,Ground_Daily,CTA_170_O (09-00-00),CTA_170_O_shape,CTA_170_O,0
CTA_170,Ground_Daily,CTA_170_O (11-00-00),CTA_170_O_shape,CTA_170_O,0
CTA_170,Ground_Daily,CTA_170_O (13-00-00),CTA_170_O_shape,CTA_170_O,0
CTA_170,Ground_Daily,CTA_170_O (15-00-00),CTA_170_O_shape,CTA_170_O,0
CTA_170,Ground_Daily,CTA_170_O (17-00-00),CTA_170_O_shape,CTA_170_O,0
CTA_170,Ground_Daily,CTA_170_O (19-00-00),CTA_170_O_shape,CTA_170_O,0
CTA_170,Ground_Daily,CTA_170_O (21-00-00),CTA_170_O_shape,CTA_170_O,0
CTA_170,Ground_Daily,CTA_170_R (06-30-00),CTA_170_R_shape,CTA_170_R,1
CTA_170,Ground_Daily,CTA_170_R (08-00-00),CTA_170_R_shape,CTA_170_R,1
CTA_170,Ground_Daily,CTA_170_R (09-00-00),CTA_170_R_shape,CTA_170_R,1
CTA_170,Ground_Daily,CTA_170_R (11-00-00),CTA_170_R_shape,CTA_170_R,1
CTA_170,Ground_Daily,CTA_170_R (13-00-00),CTA_170_R_shape,CTA_170_R,1
CTA_170,Ground_Daily,CTA_170_R (15-00-00),CTA_170_R_shape,CTA_170_R,1
CTA_170,Ground_Daily,CTA_170_R (17-00-00),CTA_170_R_shape,CTA_170_R,1
CTA_170,Ground_Daily,CTA_170_R (19-00-00),CTA_170_R_shape,CTA_170_R,1
CTA_170,Ground_Daily,CTA_170_R (21-00-00),CTA_170_R_shape,CTA_170_R,1
CTA_173SS,Ground_Daily,CTA_173SS_O (06-30-00),CTA_173SS_O_shape,CTA_173SS_O,0
CTA_173SS,Ground_Daily,CTA_173SS_O (08-00-00),CTA_173SS_O_shape,CTA_173SS_O,0
CTA_173SS,Ground_Daily,CTA_173SS_O (09-00-00),CTA_173SS_O_shape,CTA_173SS_O,0
CTA_173SS,Ground_Daily,CTA_173SS_O (11-00-00),CTA_173SS_O_shape,CTA_173SS_O,0
CTA_173SS,Ground_Daily,CTA_173SS_O (13-00-00),CTA_173SS_O_shape,CTA_173SS_O,0
CTA_173SS,Ground_Daily,CTA_173SS_O (15-00-00),CTA_173SS_O_shape,CTA_173SS_O,0
CTA_173SS,Ground_Daily,CTA_173SS_O (17-00-00),CTA_173SS_O_shape,CTA_173SS_O,0
CTA_173SS,Ground_Daily,CTA_173SS_O (19-00-00),CTA_173SS_O_shape,CTA_173SS_O,0
CTA_173SS,Ground_Daily,CTA_173SS_O (21-00-00),CTA_173SS_O_shape,CTA_173SS_O,0
CTA_173SS,Ground_Daily,CTA_173SS_R (06-30-00),CTA_173SS_R_shape,CTA_173SS_R,1
CTA_173SS,Ground_Daily,CTA_173SS_R (08-00-00),CTA_173SS_R_shape,CTA_173SS_R,1
CTA_173SS,Ground_Daily,CTA_173SS_R (09-00-00),CTA_173SS_R_shape,CTA_173SS_R,1
CTA_173SS,Ground_Daily,CTA_173SS_R (11-00-00),CTA_173SS_R_shape,CTA_173SS_R,1
CTA_173SS,Ground_Daily,CTA_173SS_R (13-00-00),CTA_173SS_R_shape,CTA_173SS_R,1
CTA_173SS,Ground_Daily,CTA_173SS_R (15-00-00),CTA_173SS_R_shape,CTA_173SS_R,1
CTA_173SS,Ground_Daily,CTA_173SS_R (17-00-00),CTA_173SS_R_shape,CTA_173SS_R,1
CTA_173SS,Ground_Daily,CTA_173SS_R (19-00-00),CTA_173SS_R_shape,CTA_173SS_R,1
CTA_173SS,Ground_Daily,CTA_173SS_R (21-00-00),CTA_173SS_R_shape,CTA_173SS_R,1
CTA_175-1125,Ground_Daily,CTA_175or1125_O (06-30-00),CTA_175or1125_O_shape,CTA_175or1125_O,0
CTA_175-1125,Ground_Daily,CTA_175or1125_O (08-00-00),CTA_175or1125_O_shape,CTA_175or1125_O,0
CTA_175-1125,Ground_Daily,CTA_175or1125_O (09-00-00),CTA_175or1125_O_shape,CTA_175or1125_O,0
CTA_175-1125,Ground_Daily,CTA_175or1125_O (11-00-00),CTA_175or1125_O_shape,CTA_175or1125_O,0
CTA_175-1125,Ground_Daily,CTA_175or1125_O (13-00-00),CTA_175or1125_O_shape,CTA_175or1125_O,0
CTA_175-1125,Ground_Daily,CTA_175or1125_O (15-00-00),CTA_175or1125_O_shape,CTA_175or1125_O,0
CTA_175-1125,Ground_Daily,CTA_175or1125_O (17-00-00),CTA_175or1125_O_shape,CTA_175or1125_O,0
CTA_175-1125,Ground_Daily,CTA_175or1125_O (19-00-00),CTA_175or1125_O_shape,CTA_175or1125_O,0
CTA_175-1125,Ground_Daily,CTA_175or1125_O (21-00-00),CTA_175or1125_O_shape,CTA_175or1125_O,0
CTA_175-1125,Ground_Daily,CTA_175or1125_R (06-30-00),CTA_175or1125_R_shape,CTA_175or1125_R,1
CTA_175-1125,Ground_Daily,CTA_175or1125_R (08-00-00),CTA_175or1125_R_shape,CTA_175or1125_R,1
CTA_175-1125,Ground_Daily,CTA_175or1125_R (09-00-00),CTA_175or1125_R_shape,CTA_175or1125_R,1
CTA_175-1125,Ground_Daily,CTA_175or1125_R (11-00-00),CTA_175or1125_R_shape,CTA_175or1125_R,1
CTA_175-1125,Ground_Daily,CTA_175or1125_R (13-00-00),CTA_175or1125_R_shape,CTA_175or1125_R,1
CTA_175-1125,Ground_Daily,CTA_175or1125_R (15-00-00),CTA_175or1125_R_shape,CTA_175or1125_R,1
CTA_175-1125,Ground_Daily,CTA_175or1125_R (17-00-00),CTA_175or1125_R_shape,CTA_175or1125_R,1
CTA_175-1125,Ground_Daily,CTA_175or1125_R (19-00-00),CTA_175or1125_R_shape,CTA_175or1125_R,1
CTA_175-1125,Ground_Daily,CTA_175or1125_R (21-00-00),CTA_175or1125_R_shape,CTA_175or1125_R,1
P_O_14_CA056,Ground_Daily,CTA_17or17Gor923_O (06-30-00),CTA_17or17Gor923_O_shape,CTA_17or17Gor923_O,0
P_O_14_CA056,Ground_Daily,CTA_17or17Gor923_O (08-00-00),CTA_17or17Gor923_O_shape,CTA_17or17Gor923_O,0
P_O_14_CA056,Ground_Daily,CTA_17or17Gor923_O (09-00-00),CTA_17or17Gor923_O_shape,CTA_17or17Gor923_O,0
P_O_14_CA056,Ground_Daily,CTA_17or17Gor923_O (11-00-00),CTA_17or17Gor923_O_shape,CTA_17or17Gor923_O,0
P_O_14_CA056,Ground_Daily,CTA_17or17Gor923_O (13-00-00),CTA_17or17Gor923_O_shape,CTA_17or17Gor923_O,0
P_O_14_CA056,Ground_Daily,CTA_17or17Gor923_O (15-00-00),CTA_17or17Gor923_O_shape,CTA_17or17Gor923_O,0
P_O_14_CA056,Ground_Daily,CTA_17or17Gor923_O (17-00-00),CTA_17or17Gor923_O_shape,CTA_17or17Gor923_O,0
P_O_14_CA056,Ground_Daily,CTA_17or17Gor923_O (19-00-00),CTA_17or17Gor923_O_shape,CTA_17or17Gor923_O,0
P_O_14_CA056,Ground_Daily,CTA_17or17Gor923_O (21-00-00),CTA_17or17Gor923_O_shape,CTA_17or17Gor923_O,0
P_O_14_CA056,Ground_Daily,CTA_17or17Gor923_R (06-30-00),CTA_17or17Gor923_R_shape,CTA_17or17Gor923_R,1
P_O_14_CA056,Ground_Daily,CTA_17or17Gor923_R (08-00-00),CTA_17or17Gor923_R_shape,CTA_17or17Gor923_R,1
P_O_14_CA056,Ground_Daily,CTA_17or17Gor923_R (09-00-00),CTA_17or17Gor923_R_shape,CTA_17or17Gor923_R,1
P_O_14_CA056,Ground_Daily,CTA_17or17Gor923_R (11-00-00),CTA_17or17Gor923_R_shape,CTA_17or17Gor923_R,1
P_O_14_CA056,Ground_Daily,CTA_17or17Gor923_R (13-00-00),CTA_17or17Gor923_R_shape,CTA_17or17Gor923_R,1
P_O_14_CA056,Ground_Daily,CTA_17or17Gor923_R (15-00-00),CTA_17or17Gor923_R_shape,CTA_17or17Gor923_R,1
P_O_14_CA056,Ground_Daily,CTA_17or17Gor923_R (17-00-00),CTA_17or17Gor923_R_shape,CTA_17or17Gor923_R,1
P_O_14_CA056,Ground_Daily,CTA_17or17Gor923_R (19-00-00),CTA_17or17Gor923_R_shape,CTA_17or17Gor923_R,1
P_O_14_CA056,Ground_Daily,CTA_17or17Gor923_R (21-00-00),CTA_17or17Gor923_R_shape,CTA_17or17Gor923_R,1
CTA_186,Ground_Daily,CTA_186_O (06-30-00),CTA_186_O_shape,CTA_186_O,0
CTA_186,Ground_Daily,CTA_186_O (08-00-00),CTA_186_O_shape,CTA_186_O,0
CTA_186,Ground_Daily,CTA_186_O (09-00-00),CTA_186_O_shape,CTA_186_O,0
CTA_186,Ground_Daily,CTA_186_O (11-00-00),CTA_186_O_shape,CTA_186_O,0
CTA_186,Ground_Daily,CTA_186_O (13-00-00),CTA_186_O_shape,CTA_186_O,0
CTA_186,Ground_Daily,CTA_186_O (15-00-00),CTA_186_O_shape,CTA_186_O,0
CTA_186,Ground_Daily,CTA_186_O (17-00-00),CTA_186_O_shape,CTA_186_O,0
CTA_186,Ground_Daily,CTA_186_O (19-00-00),CTA_186_O_shape,CTA_186_O,0
CTA_186,Ground_Daily,CTA_186_O (21-00-00),CTA_186_O_shape,CTA_186_O,0
CTA_186,Ground_Daily,CTA_186_R (06-30-00),CTA_186_R_shape,CTA_186_R,1
CTA_186,Ground_Daily,CTA_186_R (08-00-00),CTA_186_R_shape,CTA_186_R,1
CTA_186,Ground_Daily,CTA_186_R (09-00-00),CTA_186_R_shape,CTA_186_R,1
CTA_186,Ground_Daily,CTA_186_R (11-00-00),CTA_186_R_shape,CTA_186_R,1
CTA_186,Ground_Daily,CTA_186_R (13-00-00),CTA_186_R_shape,CTA_186_R,1
CTA_186,Ground_Daily,CTA_186_R (15-00-00),CTA_186_R_shape,CTA_186_R,1
CTA_186,Ground_Daily,CTA_186_R (17-00-00),CTA_186_R_shape,CTA_186_R,1
CTA_186,Ground_Daily,CTA_186_R (19-00-00),CTA_186_R_shape,CTA_186_R,1
CTA_186,Ground_Daily,CTA_186_R (21-00-00),CTA_186_R_shape,CTA_186_R,1
CTA_190-1117,Ground_Daily,CTA_190or1117_O (06-30-00),CTA_190or1117_O_shape,CTA_190or1117_O,0
CTA_190-1117,Ground_Daily,CTA_190or1117_O (08-00-00),CTA_190or1117_O_shape,CTA_190or1117_O,0
CTA_190-1117,Ground_Daily,CTA_190or1117_O (09-00-00),CTA_190or1117_O_shape,CTA_190or1117_O,0
CTA_190-1117,Ground_Daily,CTA_190or1117_O (11-00-00),CTA_190or1117_O_shape,CTA_190or1117_O,0
CTA_190-1117,Ground_Daily,CTA_190or1117_O (13-00-00),CTA_190or1117_O_shape,CTA_190or1117_O,0
CTA_190-1117,Ground_Daily,CTA_190or1117_O (15-00-00),CTA_190or1117_O_shape,CTA_190or1117_O,0
CTA_190-1117,Ground_Daily,CTA_190or1117_O (17-00-00),CTA_190or1117_O_shape,CTA_190or1117_O,0
CTA_190-1117,Ground_Daily,CTA_190or1117_O (19-00-00),CTA_190or1117_O_shape,CTA_190or1117_O,0
CTA_190-1117,Ground_Daily,CTA_190or1117_O (21-00-00),CTA_190or1117_O_shape,CTA_190or1117_O,0
CTA_190-1117,Ground_Daily,CTA_190or1117_R (06-30-00),CTA_190or1117_R_shape,CTA_190or1117_R,1
CTA_190-1117,Ground_Daily,CTA_190or1117_R (08-00-00),CTA_190or1117_R_shape,CTA_190or1117_R,1
CTA_190-1117,Ground_Daily,CTA_190or1117_R (09-00-00),CTA_190or1117_R_shape,CTA_190or1117_R,1
CTA_190-1117,Ground_Daily,CTA_190or1117_R (11-00-00),CTA_190or1117_R_shape,CTA_190or1117_R,1
CTA_190-1117,Ground_Daily,CTA_190or1117_R (13-00-00),CTA_190or1117_R_shape,CTA_190or1117_R,1
CTA_190-1117,Ground_Daily,CTA_190or1117_R (15-00-00),CTA_190or1117_R_shape,CTA_190or1117_R,1
CTA_190-1117,Ground_Daily,CTA_190or1117_R (17-00-00),CTA_190or1117_R_shape,CTA_190or1117_R,1
CTA_190-1117,Ground_Daily,CTA_190or1117_R (19-00-00),CTA_190or1117_R_shape,CTA_190or1117_R,1
CTA_190-1117,Ground_Daily,CTA_190or1117_R (21-00-00),CTA_190or1117_R_shape,CTA_190or1117_R,1
P_O_14_CA056,Ground_Daily,CTA_1or1140_O (06-30-00),CTA_1or1140_O_shape,CTA_1or1140_O,0
P_O_14_CA056,Ground_Daily,CTA_1or1140_O (08-00-00),CTA_1or1140_O_shape,CTA_1or1140_O,0
P_O_14_CA056,Ground_Daily,CTA_1or1140_O (09-00-00),CTA_1or1140_O_shape,CTA_1or1140_O,0
P_O_14_CA056,Ground_Daily,CTA_1or1140_O (11-00-00),CTA_1or1140_O_shape,CTA_1or1140_O,0
P_O_14_CA056,Ground_Daily,CTA_1or1140_O (13-00-00),CTA_1or1140_O_shape,CTA_1or1140_O,0
P_O_14_CA056,Ground_Daily,CTA_1or1140_O (15-00-00),CTA_1or1140_O_shape,CTA_1or1140_O,0
P_O_14_CA056,Ground_Daily,CTA_1or1140_O (17-00-00),CTA_1or1140_O_shape,CTA_1or1140_O,0
P_O_14_CA056,Ground_Daily,CTA_1or1140_O (19-00-00),CTA_1or1140_O_shape,CTA_1or1140_O,0
P_O_14_CA056,Ground_Daily,CTA_1or1140_O (21-00-00),CTA_1or1140_O_shape,CTA_1or1140_O,0
P_O_14_CA056,Ground_Daily,CTA_1or1140_R (06-30-00),CTA_1or1140_R_shape,CTA_1or1140_R,1
P_O_14_CA056,Ground_Daily,CTA_1or1140_R (08-00-00),CTA_1or1140_R_shape,CTA_1or1140_R,1
P_O_14_CA056,Ground_Daily,CTA_1or1140_R (09-00-00),CTA_1or1140_R_shape,CTA_1or1140_R,1
P_O_14_CA056,Ground_Daily,CTA_1or1140_R (11-00-00),CTA_1or1140_R_shape,CTA_1or1140_R,1
P_O_14_CA056,Ground_Daily,CTA_1or1140_R (13-00-00),CTA_1or1140_R_shape,CTA_1or1140_R,1
P_O_14_CA056,Ground_Daily,CTA_1or1140_R (15-00-00),CTA_1or1140_R_shape,CTA_1or1140_R,1
P_O_14_CA056,Ground_Daily,CTA_1or1140_R (17-00-00),CTA_1or1140_R_shape,CTA_1or1140_R,1
P_O_14_CA056,Ground_Daily,CTA_1or1140_R (19-00-00),CTA_1or1140_R_shape,CTA_1or1140_R,1
P_O_14_CA056,Ground_Daily,CTA_1or1140_R (21-00-00),CTA_1or1140_R_shape,CTA_1or1140_R,1
CTA_2001,Ground_Daily,CTA_2001_O (06-30-00),CTA_2001_O_shape,CTA_2001_O,0
CTA_2001,Ground_Daily,CTA_2001_O (08-00-00),CTA_2001_O_shape,CTA_2001_O,0
CTA_2001,Ground_Daily,CTA_2001_O (09-00-00),CTA_2001_O_shape,CTA_2001_O,0
CTA_2001,Ground_Daily,CTA_2001_O (11-00-00),CTA_2001_O_shape,CTA_2001_O,0
CTA_2001,Ground_Daily,CTA_2001_O (13-00-00),CTA_2001_O_shape,CTA_2001_O,0
CTA_2001,Ground_Daily,CTA_2001_O (15-00-00),CTA_2001_O_shape,CTA_2001_O,0
CTA_2001,Ground_Daily,CTA_2001_O (17-00-00),CTA_2001_O_shape,CTA_2001_O,0
CTA_2001,Ground_Daily,CTA_2001_O (19-00-00),CTA_2001_O_shape,CTA_2001_O,0
CTA_2001,Ground_Daily,CTA_2001_O (21-00-00),CTA_2001_O_shape,CTA_2001_O,0
CTA_2001,Ground_Daily,CTA_2001_R (06-30-00),CTA_2001_R_shape,CTA_2001_R,1
CTA_2001,Ground_Daily,CTA_2001_R (08-00-00),CTA_2001_R_shape,CTA_2001_R,1
CTA_2001,Ground_Daily,CTA_2001_R (09-00-00),CTA_2001_R_shape,CTA_2001_R,1
CTA_2001,Ground_Daily,CTA_2001_R (11-00-00),CTA_2001_R_shape,CTA_2001_R,1
CTA_2001,Ground_Daily,CTA_2001_R (13-00-00),CTA_2001_R_shape,CTA_2001_R,1
CTA_2001,Ground_Daily,CTA_2001_R (15-00-00),CTA_2001_R_shape,CTA_2001_R,1
CTA_2001,Ground_Daily,CTA_2001_R (17-00-00),CTA_2001_R_shape,CTA_2001_R,1
CTA_2001,Ground_Daily,CTA_2001_R (19-00-00),CTA_2001_R_shape,CTA_2001_R,1
CTA_2001,Ground_Daily,CTA_2001_R (21-00-00),CTA_2001_R_shape,CTA_2001_R,1
CTA_2001,Ground_Daily,CTA_2002_O (06-30-00),CTA_2002_O_shape,CTA_2002_O,0
CTA_2001,Ground_Daily,CTA_2002_O (08-00-00),CTA_2002_O_shape,CTA_2002_O,0
CTA_2001,Ground_Daily,CTA_2002_O (09-00-00),CTA_2002_O_shape,CTA_2002_O,0
CTA_2001,Ground_Daily,CTA_2002_O (11-00-00),CTA_2002_O_shape,CTA_2002_O,0
CTA_2001,Ground_Daily,CTA_2002_O (13-00-00),CTA_2002_O_shape,CTA_2002_O,0
CTA_2001,Ground_Daily,CTA_2002_O (15-00-00),CTA_2002_O_shape,CTA_2002_O,0
CTA_2001,Ground_Daily,CTA_2002_O (17-00-00),CTA_2002_O_shape,CTA_2002_O,0
CTA_2001,Ground_Daily,CTA_2002_O (19-00-00),CTA_2002_O_shape,CTA_2002_O,0
CTA_2001,Ground_Daily,CTA_2002_O (21-00-00),CTA_2002_O_shape,CTA_2002_O,0
CTA_2001,Ground_Daily,CTA_2002_R (06-30-00),CTA_2002_R_shape,CTA_2002_R,1
CTA_2001,Ground_Daily,CTA_2002_R (08-00-00),CTA_2002_R_shape,CTA_2002_R,1
CTA_2001,Ground_Daily,CTA_2002_R (09-00-00),CTA_2002_R_shape,CTA_2002_R,1
CTA_2001,Ground_Daily,CTA_2002_R (11-00-00),CTA_2002_R_shape,CTA_2002_R,1
CTA_2001,Ground_Daily,CTA_2002_R (13-00-00),CTA_2002_R_shape,CTA_2002_R,1
CTA_2001,Ground_Daily,CTA_2002_R (15-00-00),CTA_2002_R_shape,CTA_2002_R,1
CTA_2001,Ground_Daily,CTA_2002_R (17-00-00),CTA_2002_R_shape,CTA_2002_R,1
CTA_2001,Ground_Daily,CTA_2002_R (19-00-00),CTA_2002_R_shape,CTA_2002_R,1
CTA_2001,Ground_Daily,CTA_2002_R (21-00-00),CTA_2002_R_shape,CTA_2002_R,1
CTA_203,Ground_Daily,CTA_203_O (06-30-00),CTA_203_O_shape,CTA_203_O,0
CTA_203,Ground_Daily,CTA_203_O (08-00-00),CTA_203_O_shape,CTA_203_O,0
CTA_203,Ground_Daily,CTA_203_O (09-00-00),CTA_203_O_shape,CTA_203_O,0
CTA_203,Ground_Daily,CTA_203_O (11-00-00),CTA_203_O_shape,CTA_203_O,0
CTA_203,Ground_Daily,CTA_203_O (13-00-00),CTA_203_O_shape,CTA_203_O,0
CTA_203,Ground_Daily,CTA_203_O (15-00-00),CTA_203_O_shape,CTA_203_O,0
CTA_203,Ground_Daily,CTA_203_O (17-00-00),CTA_203_O_shape,CTA_203_O,0
CTA_203,Ground_Daily,CTA_203_O (19-00-00),CTA_203_O_shape,CTA_203_O,0
CTA_203,Ground_Daily,CTA_203_O (21-00-00),CTA_203_O_shape,CTA_203_O,0
CTA_203,Ground_Daily,CTA_203_R (06-30-00),CTA_203_R_shape,CTA_203_R,1
CTA_203,Ground_Daily,CTA_203_R (08-00-00),CTA_203_R_shape,CTA_203_R,1
CTA_203,Ground_Daily,CTA_203_R (09-00-00),CTA_203_R_shape,CTA_203_R,1
CTA_203,Ground_Daily,CTA_203_R (11-00-00),CTA_203_R_shape,CTA_203_R,1
CTA_203,Ground_Daily,CTA_203_R (13-00-00),CTA_203_R_shape,CTA_203_R,1
CTA_203,Ground_Daily,CTA_203_R (15-00-00),CTA_203_R_shape,CTA_203_R,1
CTA_203,Ground_Daily,CTA_203_R (17-00-00),CTA_203_R_shape,CTA_203_R,1
CTA_203,Ground_Daily,CTA_203_R (19-00-00),CTA_203_R_shape,CTA_203_R,1
CTA_203,Ground_Daily,CTA_203_R (21-00-00),CTA_203_R_shape,CTA_203_R,1
CTA_204,Ground_Daily,CTA_204_O (06-30-00),CTA_204_O_shape,CTA_204_O,0
CTA_204,Ground_Daily,CTA_204_O (08-00-00),CTA_204_O_shape,CTA_204_O,0
CTA_204,Ground_Daily,CTA_204_O (09-00-00),CTA_204_O_shape,CTA_204_O,0
CTA_204,Ground_Daily,CTA_204_O (11-00-00),CTA_204_O_shape,CTA_204_O,0
CTA_204,Ground_Daily,CTA_204_O (13-00-00),CTA_204_O_shape,CTA_204_O,0
CTA_204,Ground_Daily,CTA_204_O (15-00-00),CTA_204_O_shape,CTA_204_O,0
CTA_204,Ground_Daily,CTA_204_O (17-00-00),CTA_204_O_shape,CTA_204_O,0
CTA_204,Ground_Daily,CTA_204_O (19-00-00),CTA_204_O_shape,CTA_204_O,0
CTA_204,Ground_Daily,CTA_204_O (21-00-00),CTA_204_O_shape,CTA_204_O,0
CTA_204,Ground_Daily,CTA_204_R (06-30-00),CTA_204_R_shape,CTA_204_R,1
CTA_204,Ground_Daily,CTA_204_R (08-00-00),CTA_204_R_shape,CTA_204_R,1
CTA_204,Ground_Daily,CTA_204_R (09-00-00),CTA_204_R_shape,CTA_204_R,1
CTA_204,Ground_Daily,CTA_204_R (11-00-00),CTA_204_R_shape,CTA_204_R,1
CTA_204,Ground_Daily,CTA_204_R (13-00-00),CTA_204_R_shape,CTA_204_R,1
CTA_204,Ground_Daily,CTA_204_R (15-00-00),CTA_204_R_shape,CTA_204_R,1
CTA_204,Ground_Daily,CTA_204_R (17-00-00),CTA_204_R_shape,CTA_204_R,1
CTA_204,Ground_Daily,CTA_204_R (19-00-00),CTA_204_R_shape,CTA_204_R,1
CTA_204,Ground_Daily,CTA_204_R (21-00-00),CTA_204_R_shape,CTA_204_R,1
CTA_208,Ground_Daily,CTA_208_O (06-30-00),CTA_208_O_shape,CTA_208_O,0
CTA_208,Ground_Daily,CTA_208_O (08-00-00),CTA_208_O_shape,CTA_208_O,0
CTA_208,Ground_Daily,CTA_208_O (09-00-00),CTA_208_O_shape,CTA_208_O,0
CTA_208,Ground_Daily,CTA_208_O (11-00-00),CTA_208_O_shape,CTA_208_O,0
CTA_208,Ground_Daily,CTA_208_O (13-00-00),CTA_208_O_shape,CTA_208_O,0
CTA_208,Ground_Daily,CTA_208_O (15-00-00),CTA_208_O_shape,CTA_208_O,0
CTA_208,Ground_Daily,CTA_208_O (17-00-00),CTA_208_O_shape,CTA_208_O,0
CTA_208,Ground_Daily,CTA_208_O (19-00-00),CTA_208_O_shape,CTA_208_O,0
CTA_208,Ground_Daily,CTA_208_O (21-00-00),CTA_208_O_shape,CTA_208_O,0
CTA_208,Ground_Daily,CTA_208_R (06-30-00),CTA_208_R_shape,CTA_208_R,1
CTA_208,Ground_Daily,CTA_208_R (08-00-00),CTA_208_R_shape,CTA_208_R,1
CTA_208,Ground_Daily,CTA_208_R (09-00-00),CTA_208_R_shape,CTA_208_R,1
CTA_208,Ground_Daily,CTA_208_R (11-00-00),CTA_208_R_shape,CTA_208_R,1
CTA_208,Ground_Daily,CTA_208_R (13-00-00),CTA_208_R_shape,CTA_208_R,1
CTA_208,Ground_Daily,CTA_208_R (15-00-00),CTA_208_R_shape,CTA_208_R,1
CTA_208,Ground_Daily,CTA_208_R (17-00-00),CTA_208_R_shape,CTA_208_R,1
CTA_208,Ground_Daily,CTA_208_R (19-00-00),CTA_208_R_shape,CTA_208_R,1
CTA_208,Ground_Daily,CTA_208_R (21-00-00),CTA_208_R_shape,CTA_208_R,1
P_O_14_CA056,Ground_Daily,CTA_20_O (06-30-00),CTA_20_O_shape,CTA_20_O,0
P_O_14_CA056,Ground_Daily,CTA_20_O (08-00-00),CTA_20_O_shape,CTA_20_O,0
P_O_14_CA056,Ground_Daily,CTA_20_O (09-00-00),CTA_20_O_shape,CTA_20_O,0
P_O_14_CA056,Ground_Daily,CTA_20_O (11-00-00),CTA_20_O_shape,CTA_20_O,0
P_O_14_CA056,Ground_Daily,CTA_20_O (13-00-00),CTA_20_O_shape,CTA_20_O,0
P_O_14_CA056,Ground_Daily,CTA_20_O (15-00-00),CTA_20_O_shape,CTA_20_O,0
P_O_14_CA056,Ground_Daily,CTA_20_O (17-00-00),CTA_20_O_shape,CTA_20_O,0
P_O_14_CA056,Ground_Daily,CTA_20_O (19-00-00),CTA_20_O_shape,CTA_20_O,0
P_O_14_CA056,Ground_Daily,CTA_20_O (21-00-00),CTA_20_O_shape,CTA_20_O,0
P_O_14_CA056,Ground_Daily,CTA_20_R (06-30-00),CTA_20_R_shape,CTA_20_R,1
P_O_14_CA056,Ground_Daily,CTA_20_R (08-00-00),CTA_20_R_shape,CTA_20_R,1
P_O_14_CA056,Ground_Daily,CTA_20_R (09-00-00),CTA_20_R_shape,CTA_20_R,1
P_O_14_CA056,Ground_Daily,CTA_20_R (11-00-00),CTA_20_R_shape,CTA_20_R,1
P_O_14_CA056,Ground_Daily,CTA_20_R (13-00-00),CTA_20_R_shape,CTA_20_R,1
P_O_14_CA056,Ground_Daily,CTA_20_R (15-00-00),CTA_20_R_shape,CTA_20_R,1
P_O_14_CA056,Ground_Daily,CTA_20_R (17-00-00),CTA_20_R_shape,CTA_20_R,1
P_O_14_CA056,Ground_Daily,CTA_20_R (19-00-00),CTA_20_R_shape,CTA_20_R,1
P_O_14_CA056,Ground_Daily,CTA_20_R (21-00-00),CTA_20_R_shape,CTA_20_R,1
CTA_211,Ground_Daily,CTA_211_O (06-30-00),CTA_211_O_shape,CTA_211_O,0
CTA_211,Ground_Daily,CTA_211_O (08-00-00),CTA_211_O_shape,CTA_211_O,0
CTA_211,Ground_Daily,CTA_211_O (09-00-00),CTA_211_O_shape,CTA_211_O,0
CTA_211,Ground_Daily,CTA_211_O (11-00-00),CTA_211_O_shape,CTA_211_O,0
CTA_211,Ground_Daily,CTA_211_O (13-00-00),CTA_211_O_shape,CTA_211_O,0
CTA_211,Ground_Daily,CTA_211_O (15-00-00),CTA_211_O_shape,CTA_211_O,0
CTA_211,Ground_Daily,CTA_211_O (17-00-00),CTA_211_O_shape,CTA_211_O,0
CTA_211,Ground_Daily,CTA_211_O (19-00-00),CTA_211_O_shape,CTA_211_O,0
CTA_211,Ground_Daily,CTA_211_O (21-00-00),CTA_211_O_shape,CTA_211_O,0
CTA_211,Ground_Daily,CTA_211_R (06-30-00),CTA_211_R_shape,CTA_211_R,1
CTA_211,Ground_Daily,CTA_211_R (08-00-00),CTA_211_R_shape,CTA_211_R,1
CTA_211,Ground_Daily,CTA_211_R (09-00-00),CTA_211_R_shape,CTA_211_R,1
CTA_211,Ground_Daily,CTA_211_R (11-00-00),CTA_211_R_shape,CTA_211_R,1
CTA_211,Ground_Daily,CTA_211_R (13-00-00),CTA_211_R_shape,CTA_211_R,1
CTA_211,Ground_Daily,CTA_211_R (15-00-00),CTA_211_R_shape,CTA_211_R,1
CTA_211,Ground_Daily,CTA_211_R (17-00-00),CTA_211_R_shape,CTA_211_R,1
CTA_211,Ground_Daily,CTA_211_R (19-00-00),CTA_211_R_shape,CTA_211_R,1
CTA_211,Ground_Daily,CTA_211_R (21-00-00),CTA_211_R_shape,CTA_211_R,1
CTA_235,Ground_Daily,CTA_235_O (06-30-00),CTA_235_O_shape,CTA_235_O,0
CTA_235,Ground_Daily,CTA_235_O (08-00-00),CTA_235_O_shape,CTA_235_O,0
CTA_235,Ground_Daily,CTA_235_O (09-00-00),CTA_235_O_shape,CTA_235_O,0
CTA_235,Ground_Daily,CTA_235_O (11-00-00),CTA_235_O_shape,CTA_235_O,0
CTA_235,Ground_Daily,CTA_235_O (13-00-00),CTA_235_O_shape,CTA_235_O,0
CTA_235,Ground_Daily,CTA_235_O (15-00-00),CTA_235_O_shape,CTA_235_O,0
CTA_235,Ground_Daily,CTA_235_O (17-00-00),CTA_235_O_shape,CTA_235_O,0
CTA_235,Ground_Daily,CTA_235_O (19-00-00),CTA_235_O_shape,CTA_235_O,0
CTA_235,Ground_Daily,CTA_235_O (21-00-00),CTA_235_O_shape,CTA_235_O,0
CTA_235,Ground_Daily,CTA_235_R (06-30-00),CTA_235_R_shape,CTA_235_R,1
CTA_235,Ground_Daily,CTA_235_R (08-00-00),CTA_235_R_shape,CTA_235_R,1
CTA_235,Ground_Daily,CTA_235_R (09-00-00),CTA_235_R_shape,CTA_235_R,1
CTA_235,Ground_Daily,CTA_235_R (11-00-00),CTA_235_R_shape,CTA_235_R,1
CTA_235,Ground_Daily,CTA_235_R (13-00-00),CTA_235_R_shape,CTA_235_R,1
CTA_235,Ground_Daily,CTA_235_R (15-00-00),CTA_235_R_shape,CTA_235_R,1
CTA_235,Ground_Daily,CTA_235_R (17-00-00),CTA_235_R_shape,CTA_235_R,1
CTA_235,Ground_Daily,CTA_235_R (19-00-00),CTA_235_R_shape,CTA_235_R,1
CTA_235,Ground_Daily,CTA_235_R (21-00-00),CTA_235_R_shape,CTA_235_R,1
CTA_24S,Ground_Daily,CTA_24S_O (06-30-00),CTA_24S_O_shape,CTA_24S_O,0
CTA_24S,Ground_Daily,CTA_24S_O (08-00-00),CTA_24S_O_shape,CTA_24S_O,0
CTA_24S,Ground_Daily,CTA_24S_O (09-00-00),CTA_24S_O_shape,CTA_24S_O,0
CTA_24S,Ground_Daily,CTA_24S_O (11-00-00),CTA_24S_O_shape,CTA_24S_O,0
CTA_24S,Ground_Daily,CTA_24S_O (13-00-00),CTA_24S_O_shape,CTA_24S_O,0
CTA_24S,Ground_Daily,CTA_24S_O (15-00-00),CTA_24S_O_shape,CTA_24S_O,0
CTA_24S,Ground_Daily,CTA_24S_O (17-00-00),CTA_24S_O_shape,CTA_24S_O,0
CTA_24S,Ground_Daily,CTA_24S_O (19-00-00),CTA_24S_O_shape,CTA_24S_O,0
CTA_24S,Ground_Daily,CTA_24S_O (21-00-00),CTA_24S_O_shape,CTA_24S_O,0
CTA_24S,Ground_Daily,CTA_24S_R (06-30-00),CTA_24S_R_shape,CTA_24S_R,1
CTA_24S,Ground_Daily,CTA_24S_R (08-00-00),CTA_24S_R_shape,CTA_24S_R,1
CTA_24S,Ground_Daily,CTA_24S_R (09-00-00),CTA_24S_R_shape,CTA_24S_R,1
CTA_24S,Ground_Daily,CTA_24S_R (11-00-00),CTA_24S_R_shape,CTA_24S_R,1
CTA_24S,Ground_Daily,CTA_24S_R (13-00-00),CTA_24S_R_shape,CTA_24S_R,1
CTA_24S,Ground_Daily,CTA_24S_R (15-00-00),CTA_24S_R_shape,CTA_24S_R,1
CTA_24S,Ground_Daily,CTA_24S_R (17-00-00),CTA_24S_R_shape,CTA_24S_R,1
CTA_24S,Ground_Daily,CTA_24S_R (19-00-00),CTA_24S_R_shape,CTA_24S_R,1
CTA_24S,Ground_Daily,CTA_24S_R (21-00-00),CTA_24S_R_shape,CTA_24S_R,1
CTA_24T,Ground_Daily,CTA_24T_O (06-30-00),CTA_24T_O_shape,CTA_24T_O,0
CTA_24T,Ground_Daily,CTA_24T_O (08-00-00),CTA_24T_O_shape,CTA_24T_O,0
CTA_24T,Ground_Daily,CTA_24T_O (09-00-00),CTA_24T_O_shape,CTA_24T_O,0
CTA_24T,Ground_Daily,CTA_24T_O (11-00-00),CTA_24T_O_shape,CTA_24T_O,0
CTA_24T,Ground_Daily,CTA_24T_O (13-00-00),CTA_24T_O_shape,CTA_24T_O,0
CTA_24T,Ground_Daily,CTA_24T_O (15-00-00),CTA_24T_O_shape,CTA_24T_O,0
CTA_24T,Ground_Daily,CTA_24T_O (17-00-00),CTA_24T_O_shape,CTA_24T_O,0
CTA_24T,Ground_Daily,CTA_24T_O (19-00-00),CTA_24T_O_shape,CTA_24T_O,0
CTA_24T,Ground_Daily,CTA_24T_O (21-00-00),CTA_24T_O_shape,CTA_24T_O,0
CTA_24T,Ground_Daily,CTA_24T_R (06-30-00),CTA_24T_R_shape,CTA_24T_R,1
CTA_24T,Ground_Daily,CTA_24T_R (08-00-00),CTA_24T_R_shape,CTA_24T_R,1
CTA_24T,Ground_Daily,CTA_24T_R (09-00-00),CTA_24T_R_shape,CTA_24T_R,1
CTA_24T,Ground_Daily,CTA_24T_R (11-00-00),CTA_24T_R_shape,CTA_24T_R,1
CTA_24T,Ground_Daily,CTA_24T_R (13-00-00),CTA_24T_R_shape,CTA_24T_R,1
CTA_24T,Ground_Daily,CTA_24T_R (15-00-00),CTA_24T_R_shape,CTA_24T_R,1
CTA_24T,Ground_Daily,CTA_24T_R (17-00-00),CTA_24T_R_shape,CTA_24T_R,1
CTA_24T,Ground_Daily,CTA_24T_R (19-00-00),CTA_24T_R_shape,CTA_24T_R,1
CTA_24T,Ground_Daily,CTA_24T_R (21-00-00),CTA_24T_R_shape,CTA_24T_R,1
P_O_14_CA056,Ground_Daily,CTA_24_O (06-30-00),CTA_24_O_shape,CTA_24_O,0
P_O_14_CA056,Ground_Daily,CTA_24_O (08-00-00),CTA_24_O_shape,CTA_24_O,0
P_O_14_CA056,Ground_Daily,CTA_24_O (09-00-00),CTA_24_O_shape,CTA_24_O,0
P_O_14_CA056,Ground_Daily,CTA_24_O (11-00-00),CTA_24_O_shape,CTA_24_O,0
P_O_14_CA056,Ground_Daily,CTA_24_O (13-00-00),CTA_24_O_shape,CTA_24_O,0
P_O_14_CA056,Ground_Daily,CTA_24_O (15-00-00),CTA_24_O_shape,CTA_24_O,0
P_O_14_CA056,Ground_Daily,CTA_24_O (17-00-00),CTA_24_O_shape,CTA_24_O,0
P_O_14_CA056,Ground_Daily,CTA_24_O (19-00-00),CTA_24_O_shape,CTA_24_O,0
P_O_14_CA056,Ground_Daily,CTA_24_O (21-00-00),CTA_24_O_shape,CTA_24_O,0
P_O_14_CA056,Ground_Daily,CTA_24_R (06-30-00),CTA_24_R_shape,CTA_24_R,1
P_O_14_CA056,Ground_Daily,CTA_24_R (08-00-00),CTA_24_R_shape,CTA_24_R,1
P_O_14_CA056,Ground_Daily,CTA_24_R (09-00-00),CTA_24_R_shape,CTA_24_R,1
P_O_14_CA056,Ground_Daily,CTA_24_R (11-00-00),CTA_24_R_shape,CTA_24_R,1
P_O_14_CA056,Ground_Daily,CTA_24_R (13-00-00),CTA_24_R_shape,CTA_24_R,1
P_O_14_CA056,Ground_Daily,CTA_24_R (15-00-00),CTA_24_R_shape,CTA_24_R,1
P_O_14_CA056,Ground_Daily,CTA_24_R (17-00-00),CTA_24_R_shape,CTA_24_R,1
P_O_14_CA056,Ground_Daily,CTA_24_R (19-00-00),CTA_24_R_shape,CTA_24_R,1
P_O_14_CA056,Ground_Daily,CTA_24_R (21-00-00),CTA_24_R_shape,CTA_24_R,1
CTA_250,Ground_Daily,CTA_250_O (06-30-00),CTA_250_O_shape,CTA_250_O,0
CTA_250,Ground_Daily,CTA_250_O (08-00-00),CTA_250_O_shape,CTA_250_O,0
CTA_250,Ground_Daily,CTA_250_O (09-00-00),CTA_250_O_shape,CTA_250_O,0
CTA_250,Ground_Daily,CTA_250_O (11-00-00),CTA_250_O_shape,CTA_250_O,0
CTA_250,Ground_Daily,CTA_250_O (13-00-00),CTA_250_O_shape,CTA_250_O,0
CTA_250,Ground_Daily,CTA_250_O (15-00-00),CTA_250_O_shape,CTA_250_O,0
CTA_250,Ground_Daily,CTA_250_O (17-00-00),CTA_250_O_shape,CTA_250_O,0
CTA_250,Ground_Daily,CTA_250_O (19-00-00),CTA_250_O_shape,CTA_250_O,0
CTA_250,Ground_Daily,CTA_250_O (21-00-00),CTA_250_O_shape,CTA_250_O,0
CTA_250,Ground_Daily,CTA_250_R (06-30-00),CTA_250_R_shape,CTA_250_R,1
CTA_250,Ground_Daily,CTA_250_R (08-00-00),CTA_250_R_shape,CTA_250_R,1
CTA_250,Ground_Daily,CTA_250_R (09-00-00),CTA_250_R_shape,CTA_250_R,1
CTA_250,Ground_Daily,CTA_250_R (11-00-00),CTA_250_R_shape,CTA_250_R,1
CTA_250,Ground_Daily,CTA_250_R (13-00-00),CTA_250_R_shape,CTA_250_R,1
CTA_250,Ground_Daily,CTA_250_R (15-00-00),CTA_250_R_shape,CTA_250_R,1
CTA_250,Ground_Daily,CTA_250_R (17-00-00),CTA_250_R_shape,CTA_250_R,1
CTA_250,Ground_Daily,CTA_250_R (19-00-00),CTA_250_R_shape,CTA_250_R,1
CTA_250,Ground_Daily,CTA_250_R (21-00-00),CTA_250_R_shape,CTA_250_R,1
CTA_26T,Ground_Daily,CTA_26T_O (06-30-00),CTA_26T_O_shape,CTA_26T_O,0
CTA_26T,Ground_Daily,CTA_26T_O (08-00-00),CTA_26T_O_shape,CTA_26T_O,0
CTA_26T,Ground_Daily,CTA_26T_O (09-00-00),CTA_26T_O_shape,CTA_26T_O,0
CTA_26T,Ground_Daily,CTA_26T_O (11-00-00),CTA_26T_O_shape,CTA_26T_O,0
CTA_26T,Ground_Daily,CTA_26T_O (13-00-00),CTA_26T_O_shape,CTA_26T_O,0
CTA_26T,Ground_Daily,CTA_26T_O (15-00-00),CTA_26T_O_shape,CTA_26T_O,0
CTA_26T,Ground_Daily,CTA_26T_O (17-00-00),CTA_26T_O_shape,CTA_26T_O,0
CTA_26T,Ground_Daily,CTA_26T_O (19-00-00),CTA_26T_O_shape,CTA_26T_O,0
CTA_26T,Ground_Daily,CTA_26T_O (21-00-00),CTA_26T_O_shape,CTA_26T_O,0
CTA_26T,Ground_Daily,CTA_26T_R (06-30-00),CTA_26T_R_shape,CTA_26T_R,1
CTA_26T,Ground_Daily,CTA_26T_R (08-00-00),CTA_26T_R_shape,CTA_26T_R,1
CTA_26T,Ground_Daily,CTA_26T_R (09-00-00),CTA_26T_R_shape,CTA_26T_R,1
CTA_26T,Ground_Daily,CTA_26T_R (11-00-00),CTA_26T_R_shape,CTA_26T_R,1
CTA_26T,Ground_Daily,CTA_26T_R (13-00-00),CTA_26T_R_shape,CTA_26T_R,1
CTA_26T,Ground_Daily,CTA_26T_R (15-00-00),CTA_26T_R_shape,CTA_26T_R,1
CTA_26T,Ground_Daily,CTA_26T_R (17-00-00),CTA_26T_R_shape,CTA_26T_R,1
CTA_26T,Ground_Daily,CTA_26T_R (19-00-00),CTA_26T_R_shape,CTA_26T_R,1
CTA_26T,Ground_Daily,CTA_26T_R (21-00-00),CTA_26T_R_shape,CTA_26T_R,1
P_O_14_CA056,Ground_Daily,CTA_28_O (06-30-00),CTA_28_O_shape,CTA_28_O,0
P_O_14_CA056,Ground_Daily,CTA_28_O (08-00-00),CTA_28_O_shape,CTA_28_O,0
P_O_14_CA056,Ground_Daily,CTA_28_O (09-00-00),CTA_28_O_shape,CTA_28_O,0
P_O_14_CA056,Ground_Daily,CTA_28_O (11-00-00),CTA_28_O_shape,CTA_28_O,0
P_O_14_CA056,Ground_Daily,CTA_28_O (13-00-00),CTA_28_O_shape,CTA_28_O,0
P_O_14_CA056,Ground_Daily,CTA_28_O (15-00-00),CTA_28_O_shape,CTA_28_O,0
P_O_14_CA056,Ground_Daily,CTA_28_O (17-00-00),CTA_28_O_shape,CTA_28_O,0
P_O_14_CA056,Ground_Daily,CTA_28_O (19-00-00),CTA_28_O_shape,CTA_28_O,0
P_O_14_CA056,Ground_Daily,CTA_28_O (21-00-00),CTA_28_O_shape,CTA_28_O,0
P_O_14_CA056,Ground_Daily,CTA_28_R (06-30-00),CTA_28_R_shape,CTA_28_R,1
P_O_14_CA056,Ground_Daily,CTA_28_R (08-00-00),CTA_28_R_shape,CTA_28_R,1
P_O_14_CA056,Ground_Daily,CTA_28_R (09-00-00),CTA_28_R_shape,CTA_28_R,1
P_O_14_CA056,Ground_Daily,CTA_28_R (11-00-00),CTA_28_R_shape,CTA_28_R,1
P_O_14_CA056,Ground_Daily,CTA_28_R (13-00-00),CTA_28_R_shape,CTA_28_R,1
P_O_14_CA056,Ground_Daily,CTA_28_R (15-00-00),CTA_28_R_shape,CTA_28_R,1
P_O_14_CA056,Ground_Daily,CTA_28_R (17-00-00),CTA_28_R_shape,CTA_28_R,1
P_O_14_CA056,Ground_Daily,CTA_28_R (19-00-00),CTA_28_R_shape,CTA_28_R,1
P_O_14_CA056,Ground_Daily,CTA_28_R (21-00-00),CTA_28_R_shape,CTA_28_R,1
CTA_290,Ground_Daily,CTA_290_O (06-30-00),CTA_290_O_shape,CTA_290_O,0
CTA_290,Ground_Daily,CTA_290_O (08-00-00),CTA_290_O_shape,CTA_290_O,0
CTA_290,Ground_Daily,CTA_290_O (09-00-00),CTA_290_O_shape,CTA_290_O,0
CTA_290,Ground_Daily,CTA_290_O (11-00-00),CTA_290_O_shape,CTA_290_O,0
CTA_290,Ground_Daily,CTA_290_O (13-00-00),CTA_290_O_shape,CTA_290_O,0
CTA_290,Ground_Daily,CTA_290_O (15-00-00),CTA_290_O_shape,CTA_290_O,0
CTA_290,Ground_Daily,CTA_290_O (17-00-00),CTA_290_O_shape,CTA_290_O,0
CTA_290,Ground_Daily,CTA_290_O (19-00-00),CTA_290_O_shape,CTA_290_O,0
CTA_290,Ground_Daily,CTA_290_O (21-00-00),CTA_290_O_shape,CTA_290_O,0
CTA_290,Ground_Daily,CTA_290_R (06-30-00),CTA_290_R_shape,CTA_290_R,1
CTA_290,Ground_Daily,CTA_290_R (08-00-00),CTA_290_R_shape,CTA_290_R,1
CTA_290,Ground_Daily,CTA_290_R (09-00-00),CTA_290_R_shape,CTA_290_R,1
CTA_290,Ground_Daily,CTA_290_R (11-00-00),CTA_290_R_shape,CTA_290_R,1
CTA_290,Ground_Daily,CTA_290_R (13-00-00),CTA_290_R_shape,CTA_290_R,1
CTA_290,Ground_Daily,CTA_290_R (15-00-00),CTA_290_R_shape,CTA_290_R,1
CTA_290,Ground_Daily,CTA_290_R (17-00-00),CTA_290_R_shape,CTA_290_R,1
CTA_290,Ground_Daily,CTA_290_R (19-00-00),CTA_290_R_shape,CTA_290_R,1
CTA_290,Ground_Daily,CTA_290_R (21-00-00),CTA_290_R_shape,CTA_290_R,1
P_O_14_CA056,Ground_Daily,CTA_2_O (06-30-00),CTA_2_O_shape,CTA_2_O,0
P_O_14_CA056,Ground_Daily,CTA_2_O (08-00-00),CTA_2_O_shape,CTA_2_O,0
P_O_14_CA056,Ground_Daily,CTA_2_O (09-00-00),CTA_2_O_shape,CTA_2_O,0
P_O_14_CA056,Ground_Daily,CTA_2_O (11-00-00),CTA_2_O_shape,CTA_2_O,0
P_O_14_CA056,Ground_Daily,CTA_2_O (13-00-00),CTA_2_O_shape,CTA_2_O,0
P_O_14_CA056,Ground_Daily,CTA_2_O (15-00-00),CTA_2_O_shape,CTA_2_O,0
P_O_14_CA056,Ground_Daily,CTA_2_O (17-00-00),CTA_2_O_shape,CTA_2_O,0
P_O_14_CA056,Ground_Daily,CTA_2_O (19-00-00),CTA_2_O_shape,CTA_2_O,0
P_O_14_CA056,Ground_Daily,CTA_2_O (21-00-00),CTA_2_O_shape,CTA_2_O,0
P_O_14_CA056,Ground_Daily,CTA_2_R (06-30-00),CTA_2_R_shape,CTA_2_R,1
P_O_14_CA056,Ground_Daily,CTA_2_R (08-00-00),CTA_2_R_shape,CTA_2_R,1
P_O_14_CA056,Ground_Daily,CTA_2_R (09-00-00),CTA_2_R_shape,CTA_2_R,1
P_O_14_CA056,Ground_Daily,CTA_2_R (11-00-00),CTA_2_R_shape,CTA_2_R,1
P_O_14_CA056,Ground_Daily,CTA_2_R (13-00-00),CTA_2_R_shape,CTA_2_R,1
P_O_14_CA056,Ground_Daily,CTA_2_R (15-00-00),CTA_2_R_shape,CTA_2_R,1
P_O_14_CA056,Ground_Daily,CTA_2_R (17-00-00),CTA_2_R_shape,CTA_2_R,1
P_O_14_CA056,Ground_Daily,CTA_2_R (19-00-00),CTA_2_R_shape,CTA_2_R,1
P_O_14_CA056,Ground_Daily,CTA_2_R (21-00-00),CTA_2_R_shape,CTA_2_R,1
CTA_305-1104,Ground_Daily,CTA_305or1104_O (06-30-00),CTA_305or1104_O_shape,CTA_305or1104_O,0
CTA_305-1104,Ground_Daily,CTA_305or1104_O (08-00-00),CTA_305or1104_O_shape,CTA_305or1104_O,0
CTA_305-1104,Ground_Daily,CTA_305or1104_O (09-00-00),CTA_305or1104_O_shape,CTA_305or1104_O,0
CTA_305-1104,Ground_Daily,CTA_305or1104_O (11-00-00),CTA_305or1104_O_shape,CTA_305or1104_O,0
CTA_305-1104,Ground_Daily,CTA_305or1104_O (13-00-00),CTA_305or1104_O_shape,CTA_305or1104_O,0
CTA_305-1104,Ground_Daily,CTA_305or1104_O (15-00-00),CTA_305or1104_O_shape,CTA_305or1104_O,0
CTA_305-1104,Ground_Daily,CTA_305or1104_O (17-00-00),CTA_305or1104_O_shape,CTA_305or1104_O,0
CTA_305-1104,Ground_Daily,CTA_305or1104_O (19-00-00),CTA_305or1104_O_shape,CTA_305or1104_O,0
CTA_305-1104,Ground_Daily,CTA_305or1104_O (21-00-00),CTA_305or1104_O_shape,CTA_305or1104_O,0
CTA_305-1104,Ground_Daily,CTA_305or1104_R (06-30-00),CTA_305or1104_R_shape,CTA_305or1104_R,1
CTA_305-1104,Ground_Daily,CTA_305or1104_R (08-00-00),CTA_305or1104_R_shape,CTA_305or1104_R,1
CTA_305-1104,Ground_Daily,CTA_305or1104_R (09-00-00),CTA_305or1104_R_shape,CTA_305or1104_R,1
CTA_305-1104,Ground_Daily,CTA_305or1104_R (11-00-00),CTA_305or1104_R_shape,CTA_305or1104_R,1
CTA_305-1104,Ground_Daily,CTA_305or1104_R (13-00-00),CTA_305or1104_R_shape,CTA_305or1104_R,1
CTA_305-1104,Ground_Daily,CTA_305or1104_R (15-00-00),CTA_305or1104_R_shape,CTA_305or1104_R,1
CTA_305-1104,Ground_Daily,CTA_305or1104_R (17-00-00),CTA_305or1104_R_shape,CTA_305or1104_R,1
CTA_305-1104,Ground_Daily,CTA_305or1104_R (19-00-00),CTA_305or1104_R_shape,CTA_305or1104_R,1
CTA_305-1104,Ground_Daily,CTA_305or1104_R (21-00-00),CTA_305or1104_R_shape,CTA_305or1104_R,1
CTA_306,Ground_Daily,CTA_306_O (06-30-00),CTA_306_O_shape,CTA_306_O,0
CTA_306,Ground_Daily,CTA_306_O (08-00-00),CTA_306_O_shape,CTA_306_O,0
CTA_306,Ground_Daily,CTA_306_O (09-00-00),CTA_306_O_shape,CTA_306_O,0
CTA_306,Ground_Daily,CTA_306_O (11-00-00),CTA_306_O_shape,CTA_306_O,0
CTA_306,Ground_Daily,CTA_306_O (13-00-00),CTA_306_O_shape,CTA_306_O,0
CTA_306,Ground_Daily,CTA_306_O (15-00-00),CTA_306_O_shape,CTA_306_O,0
CTA_306,Ground_Daily,CTA_306_O (17-00-00),CTA_306_O_shape,CTA_306_O,0
CTA_306,Ground_Daily,CTA_306_O (19-00-00),CTA_306_O_shape,CTA_306_O,0
CTA_306,Ground_Daily,CTA_306_O (21-00-00),CTA_306_O_shape,CTA_306_O,0
CTA_306,Ground_Daily,CTA_306_R (06-30-00),CTA_306_R_shape,CTA_306_R,1
CTA_306,Ground_Daily,CTA_306_R (08-00-00),CTA_306_R_shape,CTA_306_R,1
CTA_306,Ground_Daily,CTA_306_R (09-00-00),CTA_306_R_shape,CTA_306_R,1
CTA_306,Ground_Daily,CTA_306_R (11-00-00),CTA_306_R_shape,CTA_306_R,1
CTA_306,Ground_Daily,CTA_306_R (13-00-00),CTA_306_R_shape,CTA_306_R,1
CTA_306,Ground_Daily,CTA_306_R (15-00-00),CTA_306_R_shape,CTA_306_R,1
CTA_306,Ground_Daily,CTA_306_R (17-00-00),CTA_306_R_shape,CTA_306_R,1
CTA_306,Ground_Daily,CTA_306_R (19-00-00),CTA_306_R_shape,CTA_306_R,1
CTA_306,Ground_Daily,CTA_306_R (21-00-00),CTA_306_R_shape,CTA_306_R,1
P_O_14_CA056,Ground_Daily,CTA_30_R (06-30-00),CTA_30_R_shape,CTA_30_R,1
P_O_14_CA056,Ground_Daily,CTA_30_R (08-00-00),CTA_30_R_shape,CTA_30_R,1
P_O_14_CA056,Ground_Daily,CTA_30_R (09-00-00),CTA_30_R_shape,CTA_30_R,1
P_O_14_CA056,Ground_Daily,CTA_30_R (11-00-00),CTA_30_R_shape,CTA_30_R,1
P_O_14_CA056,Ground_Daily,CTA_30_R (13-00-00),CTA_30_R_shape,CTA_30_R,1
P_O_14_CA056,Ground_Daily,CTA_30_R (15-00-00),CTA_30_R_shape,CTA_30_R,1
P_O_14_CA056,Ground_Daily,CTA_30_R (17-00-00),CTA_30_R_shape,CTA_30_R,1
P_O_14_CA056,Ground_Daily,CTA_30_R (19-00-00),CTA_30_R_shape,CTA_30_R,1
P_O_14_CA056,Ground_Daily,CTA_30_R (21-00-00),CTA_30_R_shape,CTA_30_R,1
CTA_317,Ground_Daily,CTA_317_O (06-30-00),CTA_317_O_shape,CTA_317_O,0
CTA_317,Ground_Daily,CTA_317_O (08-00-00),CTA_317_O_shape,CTA_317_O,0
CTA_317,Ground_Daily,CTA_317_O (09-00-00),CTA_317_O_shape,CTA_317_O,0
CTA_317,Ground_Daily,CTA_317_O (11-00-00),CTA_317_O_shape,CTA_317_O,0
CTA_317,Ground_Daily,CTA_317_O (13-00-00),CTA_317_O_shape,CTA_317_O,0
CTA_317,Ground_Daily,CTA_317_O (15-00-00),CTA_317_O_shape,CTA_317_O,0
CTA_317,Ground_Daily,CTA_317_O (17-00-00),CTA_317_O_shape,CTA_317_O,0
CTA_317,Ground_Daily,CTA_317_O (19-00-00),CTA_317_O_shape,CTA_317_O,0
CTA_317,Ground_Daily,CTA_317_O (21-00-00),CTA_317_O_shape,CTA_317_O,0
CTA_317,Ground_Daily,CTA_317_R (06-30-00),CTA_317_R_shape,CTA_317_R,1
CTA_317,Ground_Daily,CTA_317_R (08-00-00),CTA_317_R_shape,CTA_317_R,1
CTA_317,Ground_Daily,CTA_317_R (09-00-00),CTA_317_R_shape,CTA_317_R,1
CTA_317,Ground_Daily,CTA_317_R (11-00-00),CTA_317_R_shape,CTA_317_R,1
CTA_317,Ground_Daily,CTA_317_R (13-00-00),CTA_317_R_shape,CTA_317_R,1
CTA_317,Ground_Daily,CTA_317_R (15-00-00),CTA_317_R_shape,CTA_317_R,1
CTA_317,Ground_Daily,CTA_317_R (17-00-00),CTA_317_R_shape,CTA_317_R,1
CTA_317,Ground_Daily,CTA_317_R (19-00-00),CTA_317_R_shape,CTA_317_R,1
CTA_317,Ground_Daily,CTA_317_R (21-00-00),CTA_317_R_shape,CTA_317_R,1
CTA_318,Ground_Daily,CTA_318_O (06-30-00),CTA_318_O_shape,CTA_318_O,0
CTA_318,Ground_Daily,CTA_318_O (08-00-00),CTA_318_O_shape,CTA_318_O,0
CTA_318,Ground_Daily,CTA_318_O (09-00-00),CTA_318_O_shape,CTA_318_O,0
CTA_318,Ground_Daily,CTA_318_O (11-00-00),CTA_318_O_shape,CTA_318_O,0
CTA_318,Ground_Daily,CTA_318_O (13-00-00),CTA_318_O_shape,CTA_318_O,0
CTA_318,Ground_Daily,CTA_318_O (15-00-00),CTA_318_O_shape,CTA_318_O,0
CTA_318,Ground_Daily,CTA_318_O (17-00-00),CTA_318_O_shape,CTA_318_O,0
CTA_318,Ground_Daily,CTA_318_O (19-00-00),CTA_318_O_shape,CTA_318_O,0
CTA_318,Ground_Daily,CTA_318_O (21-00-00),CTA_318_O_shape,CTA_318_O,0
CTA_318,Ground_Daily,CTA_318_R (06-30-00),CTA_318_R_shape,CTA_318_R,1
CTA_318,Ground_Daily,CTA_318_R (08-00-00),CTA_318_R_shape,CTA_318_R,1
CTA_318,Ground_Daily,CTA_318_R (09-00-00),CTA_318_R_shape,CTA_318_R,1
CTA_318,Ground_Daily,CTA_318_R (11-00-00),CTA_318_R_shape,CTA_318_R,1
CTA_318,Ground_Daily,CTA_318_R (13-00-00),CTA_318_R_shape,CTA_318_R,1
CTA_318,Ground_Daily,CTA_318_R (15-00-00),CTA_318_R_shape,CTA_318_R,1
CTA_318,Ground_Daily,CTA_318_R (17-00-00),CTA_318_R_shape,CTA_318_R,1
CTA_318,Ground_Daily,CTA_318_R (19-00-00),CTA_318_R_shape,CTA_318_R,1
CTA_318,Ground_Daily,CTA_318_R (21-00-00),CTA_318_R_shape,CTA_318_R,1
CTA_31S,Ground_Daily,CTA_31S_O (06-30-00),CTA_31S_O_shape,CTA_31S_O,0
CTA_31S,Ground_Daily,CTA_31S_O (08-00-00),CTA_31S_O_shape,CTA_31S_O,0
CTA_31S,Ground_Daily,CTA_31S_O (09-00-00),CTA_31S_O_shape,CTA_31S_O,0
CTA_31S,Ground_Daily,CTA_31S_O (11-00-00),CTA_31S_O_shape,CTA_31S_O,0
CTA_31S,Ground_Daily,CTA_31S_O (13-00-00),CTA_31S_O_shape,CTA_31S_O,0
CTA_31S,Ground_Daily,CTA_31S_O (15-00-00),CTA_31S_O_shape,CTA_31S_O,0
CTA_31S,Ground_Daily,CTA_31S_O (17-00-00),CTA_31S_O_shape,CTA_31S_O,0
CTA_31S,Ground_Daily,CTA_31S_O (19-00-00),CTA_31S_O_shape,CTA_31S_O,0
CTA_31S,Ground_Daily,CTA_31S_O (21-00-00),CTA_31S_O_shape,CTA_31S_O,0
CTA_31S,Ground_Daily,CTA_31S_R (06-30-00),CTA_31S_R_shape,CTA_31S_R,1
CTA_31S,Ground_Daily,CTA_31S_R (08-00-00),CTA_31S_R_shape,CTA_31S_R,1
CTA_31S,Ground_Daily,CTA_31S_R (09-00-00),CTA_31S_R_shape,CTA_31S_R,1
CTA_31S,Ground_Daily,CTA_31S_R (11-00-00),CTA_31S_R_shape,CTA_31S_R,1
CTA_31S,Ground_Daily,CTA_31S_R (13-00-00),CTA_31S_R_shape,CTA_31S_R,1
CTA_31S,Ground_Daily,CTA_31S_R (15-00-00),CTA_31S_R_shape,CTA_31S_R,1
CTA_31S,Ground_Daily,CTA_31S_R (17-00-00),CTA_31S_R_shape,CTA_31S_R,1
CTA_31S,Ground_Daily,CTA_31S_R (19-00-00),CTA_31S_R_shape,CTA_31S_R,1
CTA_31S,Ground_Daily,CTA_31S_R (21-00-00),CTA_31S_R_shape,CTA_31S_R,1
CTA_321,Ground_Daily,CTA_321_O (06-30-00),CTA_321_O_shape,CTA_321_O,0
CTA_321,Ground_Daily,CTA_321_O (08-00-00),CTA_321_O_shape,CTA_321_O,0
CTA_321,Ground_Daily,CTA_321_O (09-00-00),CTA_321_O_shape,CTA_321_O,0
CTA_321,Ground_Daily,CTA_321_O (11-00-00),CTA_321_O_shape,CTA_321_O,0
CTA_321,Ground_Daily,CTA_321_O (13-00-00),CTA_321_O_shape,CTA_321_O,0
CTA_321,Ground_Daily,CTA_321_O (15-00-00),CTA_321_O_shape,CTA_321_O,0
CTA_321,Ground_Daily,CTA_321_O (17-00-00),CTA_321_O_shape,CTA_321_O,0
CTA_321,Ground_Daily,CTA_321_O (19-00-00),CTA_321_O_shape,CTA_321_O,0
CTA_321,Ground_Daily,CTA_321_O (21-00-00),CTA_321_O_shape,CTA_321_O,0
CTA_321,Ground_Daily,CTA_321_R (06-30-00),CTA_321_R_shape,CTA_321_R,1
CTA_321,Ground_Daily,CTA_321_R (08-00-00),CTA_321_R_shape,CTA_321_R,1
CTA_321,Ground_Daily,CTA_321_R (09-00-00),CTA_321_R_shape,CTA_321_R,1
CTA_321,Ground_Daily,CTA_321_R (11-00-00),CTA_321_R_shape,CTA_321_R,1
CTA_321,Ground_Daily,CTA_321_R (13-00-00),CTA_321_R_shape,CTA_321_R,1
CTA_321,Ground_Daily,CTA_321_R (15-00-00),CTA_321_R_shape,CTA_321_R,1
CTA_321,Ground_Daily,CTA_321_R (17-00-00),CTA_321_R_shape,CTA_321_R,1
CTA_321,Ground_Daily,CTA_321_R (19-00-00),CTA_321_R_shape,CTA_321_R,1
CTA_321,Ground_Daily,CTA_321_R (21-00-00),CTA_321_R_shape,CTA_321_R,1
CTA_323,Ground_Daily,CTA_323_O (06-30-00),CTA_323_O_shape,CTA_323_O,0
CTA_323,Ground_Daily,CTA_323_O (08-00-00),CTA_323_O_shape,CTA_323_O,0
CTA_323,Ground_Daily,CTA_323_O (09-00-00),CTA_323_O_shape,CTA_323_O,0
CTA_323,Ground_Daily,CTA_323_O (11-00-00),CTA_323_O_shape,CTA_323_O,0
CTA_323,Ground_Daily,CTA_323_O (13-00-00),CTA_323_O_shape,CTA_323_O,0
CTA_323,Ground_Daily,CTA_323_O (15-00-00),CTA_323_O_shape,CTA_323_O,0
CTA_323,Ground_Daily,CTA_323_O (17-00-00),CTA_323_O_shape,CTA_323_O,0
CTA_323,Ground_Daily,CTA_323_O (19-00-00),CTA_323_O_shape,CTA_323_O,0
CTA_323,Ground_Daily,CTA_323_O (21-00-00),CTA_323_O_shape,CTA_323_O,0
CTA_323,Ground_Daily,CTA_323_R (06-30-00),CTA_323_R_shape,CTA_323_R,1
CTA_323,Ground_Daily,CTA_323_R (08-00-00),CTA_323_R_shape,CTA_323_R,1
CTA_323,Ground_Daily,CTA_323_R (09-00-00),CTA_323_R_shape,CTA_323_R,1
CTA_323,Ground_Daily,CTA_323_R (11-00-00),CTA_323_R_shape,CTA_323_R,1
CTA_323,Ground_Daily,CTA_323_R (13-00-00),CTA_323_R_shape,CTA_323_R,1
CTA_323,Ground_Daily,CTA_323_R (15-00-00),CTA_323_R_shape,CTA_323_R,1
CTA_323,Ground_Daily,CTA_323_R (17-00-00),CTA_323_R_shape,CTA_323_R,1
CTA_323,Ground_Daily,CTA_323_R (19-00-00),CTA_323_R_shape,CTA_323_R,1
CTA_323,Ground_Daily,CTA_323_R (21-00-00),CTA_323_R_shape,CTA_323_R,1
CTA_342,Ground_Daily,CTA_342_O (06-30-00),CTA_342_O_shape,CTA_342_O,0
CTA_342,Ground_Daily,CTA_342_O (08-00-00),CTA_342_O_shape,CTA_342_O,0
CTA_342,Ground_Daily,CTA_342_O (09-00-00),CTA_342_O_shape,CTA_342_O,0
CTA_342,Ground_Daily,CTA_342_O (11-00-00),CTA_342_O_shape,CTA_342_O,0
CTA_342,Ground_Daily,CTA_342_O (13-00-00),CTA_342_O_shape,CTA_342_O,0
CTA_342,Ground_Daily,CTA_342_O (15-00-00),CTA_342_O_shape,CTA_342_O,0
CTA_342,Ground_Daily,CTA_342_O (17-00-00),CTA_342_O_shape,CTA_342_O,0
CTA_342,Ground_Daily,CTA_342_O (19-00-00),CTA_342_O_shape,CTA_342_O,0
CTA_342,Ground_Daily,CTA_342_O (21-00-00),CTA_342_O_shape,CTA_342_O,0
CTA_342,Ground_Daily,CTA_342_R (06-30-00),CTA_342_R_shape,CTA_342_R,1
CTA_342,Ground_Daily,CTA_342_R (08-00-00),CTA_342_R_shape,CTA_342_R,1
CTA_342,Ground_Daily,CTA_342_R (09-00-00),CTA_342_R_shape,CTA_342_R,1
CTA_342,Ground_Daily,CTA_342_R (11-00-00),CTA_342_R_shape,CTA_342_R,1
CTA_342,Ground_Daily,CTA_342_R (13-00-00),CTA_342_R_shape,CTA_342_R,1
CTA_342,Ground_Daily,CTA_342_R (15-00-00),CTA_342_R_shape,CTA_342_R,1
CTA_342,Ground_Daily,CTA_342_R (17-00-00),CTA_342_R_shape,CTA_342_R,1
CTA_342,Ground_Daily,CTA_342_R (19-00-00),CTA_342_R_shape,CTA_342_R,1
CTA_342,Ground_Daily,CTA_342_R (21-00-00),CTA_342_R_shape,CTA_342_R,1
CTA_357-1095,Ground_Daily,CTA_357or1095_O (06-30-00),CTA_357or1095_O_shape,CTA_357or1095_O,0
CTA_357-1095,Ground_Daily,CTA_357or1095_O (08-00-00),CTA_357or1095_O_shape,CTA_357or1095_O,0
CTA_357-1095,Ground_Daily,CTA_357or1095_O (09-00-00),CTA_357or1095_O_shape,CTA_357or1095_O,0
CTA_357-1095,Ground_Daily,CTA_357or1095_O (11-00-00),CTA_357or1095_O_shape,CTA_357or1095_O,0
CTA_357-1095,Ground_Daily,CTA_357or1095_O (13-00-00),CTA_357or1095_O_shape,CTA_357or1095_O,0
CTA_357-1095,Ground_Daily,CTA_357or1095_O (15-00-00),CTA_357or1095_O_shape,CTA_357or1095_O,0
CTA_357-1095,Ground_Daily,CTA_357or1095_O (17-00-00),CTA_357or1095_O_shape,CTA_357or1095_O,0
CTA_357-1095,Ground_Daily,CTA_357or1095_O (19-00-00),CTA_357or1095_O_shape,CTA_357or1095_O,0
CTA_357-1095,Ground_Daily,CTA_357or1095_O (21-00-00),CTA_357or1095_O_shape,CTA_357or1095_O,0
CTA_357-1095,Ground_Daily,CTA_357or1095_R (06-30-00),CTA_357or1095_R_shape,CTA_357or1095_R,1
CTA_357-1095,Ground_Daily,CTA_357or1095_R (08-00-00),CTA_357or1095_R_shape,CTA_357or1095_R,1
CTA_357-1095,Ground_Daily,CTA_357or1095_R (09-00-00),CTA_357or1095_R_shape,CTA_357or1095_R,1
CTA_357-1095,Ground_Daily,CTA_357or1095_R (11-00-00),CTA_357or1095_R_shape,CTA_357or1095_R,1
CTA_357-1095,Ground_Daily,CTA_357or1095_R (13-00-00),CTA_357or1095_R_shape,CTA_357or1095_R,1
CTA_357-1095,Ground_Daily,CTA_357or1095_R (15-00-00),CTA_357or1095_R_shape,CTA_357or1095_R,1
CTA_357-1095,Ground_Daily,CTA_357or1095_R (17-00-00),CTA_357or1095_R_shape,CTA_357or1095_R,1
CTA_357-1095,Ground_Daily,CTA_357or1095_R (19-00-00),CTA_357or1095_R_shape,CTA_357or1095_R,1
CTA_357-1095,Ground_Daily,CTA_357or1095_R (21-00-00),CTA_357or1095_R_shape,CTA_357or1095_R,1
CTA_35S,Ground_Daily,CTA_35S_O (06-30-00),CTA_35S_O_shape,CTA_35S_O,0
CTA_35S,Ground_Daily,CTA_35S_O (08-00-00),CTA_35S_O_shape,CTA_35S_O,0
CTA_35S,Ground_Daily,CTA_35S_O (09-00-00),CTA_35S_O_shape,CTA_35S_O,0
CTA_35S,Ground_Daily,CTA_35S_O (11-00-00),CTA_35S_O_shape,CTA_35S_O,0
CTA_35S,Ground_Daily,CTA_35S_O (13-00-00),CTA_35S_O_shape,CTA_35S_O,0
CTA_35S,Ground_Daily,CTA_35S_O (15-00-00),CTA_35S_O_shape,CTA_35S_O,0
CTA_35S,Ground_Daily,CTA_35S_O (17-00-00),CTA_35S_O_shape,CTA_35S_O,0
CTA_35S,Ground_Daily,CTA_35S_O (19-00-00),CTA_35S_O_shape,CTA_35S_O,0
CTA_35S,Ground_Daily,CTA_35S_O (21-00-00),CTA_35S_O_shape,CTA_35S_O,0
CTA_35S,Ground_Daily,CTA_35S_R (06-30-00),CTA_35S_R_shape,CTA_35S_R,1
CTA_35S,Ground_Daily,CTA_35S_R (08-00-00),CTA_35S_R_shape,CTA_35S_R,1
CTA_35S,Ground_Daily,CTA_35S_R (09-00-00),CTA_35S_R_shape,CTA_35S_R,1
CTA_35S,Ground_Daily,CTA_35S_R (11-00-00),CTA_35S_R_shape,CTA_35S_R,1
CTA_35S,Ground_Daily,CTA_35S_R (13-00-00),CTA_35S_R_shape,CTA_35S_R,1
CTA_35S,Ground_Daily,CTA_35S_R (15-00-00),CTA_35S_R_shape,CTA_35S_R,1
CTA_35S,Ground_Daily,CTA_35S_R (17-00-00),CTA_35S_R_shape,CTA_35S_R,1
CTA_35S,Ground_Daily,CTA_35S_R (19-00-00),CTA_35S_R_shape,CTA_35S_R,1
CTA_35S,Ground_Daily,CTA_35S_R (21-00-00),CTA_35S_R_shape,CTA_35S_R,1
P_O_14_CA056,Ground_Daily,CTA_35_O (06-30-00),CTA_35_O_shape,CTA_35_O,0
P_O_14_CA056,Ground_Daily,CTA_35_O (08-00-00),CTA_35_O_shape,CTA_35_O,0
P_O_14_CA056,Ground_Daily,CTA_35_O (09-00-00),CTA_35_O_shape,CTA_35_O,0
P_O_14_CA056,Ground_Daily,CTA_35_O (11-00-00),CTA_35_O_shape,CTA_35_O,0
P_O_14_CA056,Ground_Daily,CTA_35_O (13-00-00),CTA_35_O_shape,CTA_35_O,0
P_O_14_CA056,Ground_Daily,CTA_35_O (15-00-00),CTA_35_O_shape,CTA_35_O,0
P_O_14_CA056,Ground_Daily,CTA_35_O (17-00-00),CTA_35_O_shape,CTA_35_O,0
P_O_14_CA056,Ground_Daily,CTA_35_O (19-00-00),CTA_35_O_shape,CTA_35_O,0
P_O_14_CA056,Ground_Daily,CTA_35_O (21-00-00),CTA_35_O_shape,CTA_35_O,0
P_O_14_CA056,Ground_Daily,CTA_35_R (06-30-00),CTA_35_R_shape,CTA_35_R,1
P_O_14_CA056,Ground_Daily,CTA_35_R (08-00-00),CTA_35_R_shape,CTA_35_R,1
P_O_14_CA056,Ground_Daily,CTA_35_R (09-00-00),CTA_35_R_shape,CTA_35_R,1
P_O_14_CA056,Ground_Daily,CTA_35_R (11-00-00),CTA_35_R_shape,CTA_35_R,1
P_O_14_CA056,Ground_Daily,CTA_35_R (13-00-00),CTA_35_R_shape,CTA_35_R,1
P_O_14_CA056,Ground_Daily,CTA_35_R (15-00-00),CTA_35_R_shape,CTA_35_R,1
P_O_14_CA056,Ground_Daily,CTA_35_R (17-00-00),CTA_35_R_shape,CTA_35_R,1
P_O_14_CA056,Ground_Daily,CTA_35_R (19-00-00),CTA_35_R_shape,CTA_35_R,1
P_O_14_CA056,Ground_Daily,CTA_35_R (21-00-00),CTA_35_R_shape,CTA_35_R,1
CTA_366-1054,Ground_Daily,CTA_366or1054_O (06-30-00),CTA_366or1054_O_shape,CTA_366or1054_O,0
CTA_366-1054,Ground_Daily,CTA_366or1054_O (08-00-00),CTA_366or1054_O_shape,CTA_366or1054_O,0
CTA_366-1054,Ground_Daily,CTA_366or1054_O (09-00-00),CTA_366or1054_O_shape,CTA_366or1054_O,0
CTA_366-1054,Ground_Daily,CTA_366or1054_O (11-00-00),CTA_366or1054_O_shape,CTA_366or1054_O,0
CTA_366-1054,Ground_Daily,CTA_366or1054_O (13-00-00),CTA_366or1054_O_shape,CTA_366or1054_O,0
CTA_366-1054,Ground_Daily,CTA_366or1054_O (15-00-00),CTA_366or1054_O_shape,CTA_366or1054_O,0
CTA_366-1054,Ground_Daily,CTA_366or1054_O (17-00-00),CTA_366or1054_O_shape,CTA_366or1054_O,0
CTA_366-1054,Ground_Daily,CTA_366or1054_O (19-00-00),CTA_366or1054_O_shape,CTA_366or1054_O,0
CTA_366-1054,Ground_Daily,CTA_366or1054_O (21-00-00),CTA_366or1054_O_shape,CTA_366or1054_O,0
CTA_366-1054,Ground_Daily,CTA_366or1054_R (06-30-00),CTA_366or1054_R_shape,CTA_366or1054_R,1
CTA_366-1054,Ground_Daily,CTA_366or1054_R (08-00-00),CTA_366or1054_R_shape,CTA_366or1054_R,1
CTA_366-1054,Ground_Daily,CTA_366or1054_R (09-00-00),CTA_366or1054_R_shape,CTA_366or1054_R,1
CTA_366-1054,Ground_Daily,CTA_366or1054_R (11-00-00),CTA_366or1054_R_shape,CTA_366or1054_R,1
CTA_366-1054,Ground_Daily,CTA_366or1054_R (13-00-00),CTA_366or1054_R_shape,CTA_366or1054_R,1
CTA_366-1054,Ground_Daily,CTA_366or1054_R (15-00-00),CTA_366or1054_R_shape,CTA_366or1054_R,1
CTA_366-1054,Ground_Daily,CTA_366or1054_R (17-00-00),CTA_366or1054_R_shape,CTA_366or1054_R,1
CTA_366-1054,Ground_Daily,CTA_366or1054_R (19-00-00),CTA_366or1054_R_shape,CTA_366or1054_R,1
CTA_366-1054,Ground_Daily,CTA_366or1054_R (21-00-00),CTA_366or1054_R_shape,CTA_366or1054_R,1
CTA_38x,Ground_Daily,CTA_38x_O (06-30-00),CTA_38x_O_shape,CTA_38x_O,0
CTA_38x,Ground_Daily,CTA_38x_O (08-00-00),CTA_38x_O_shape,CTA_38x_O,0
CTA_38x,Ground_Daily,CTA_38x_O (09-00-00),CTA_38x_O_shape,CTA_38x_O,0
CTA_38x,Ground_Daily,CTA_38x_O (11-00-00),CTA_38x_O_shape,CTA_38x_O,0
CTA_38x,Ground_Daily,CTA_38x_O (13-00-00),CTA_38x_O_shape,CTA_38x_O,0
CTA_38x,Ground_Daily,CTA_38x_O (15-00-00),CTA_38x_O_shape,CTA_38x_O,0
CTA_38x,Ground_Daily,CTA_38x_O (17-00-00),CTA_38x_O_shape,CTA_38x_O,0
CTA_38x,Ground_Daily,CTA_38x_O (19-00-00),CTA_38x_O_shape,CTA_38x_O,0
CTA_38x,Ground_Daily,CTA_38x_O (21-00-00),CTA_38x_O_shape,CTA_38x_O,0
P_O_14_CA056,Ground_Daily,CTA_3G_O (06-30-00),CTA_3G_O_shape,CTA_3G_O,0
P_O_14_CA056,Ground_Daily,CTA_3G_O (08-00-00),CTA_3G_O_shape,CTA_3G_O,0
P_O_14_CA056,Ground_Daily,CTA_3G_O (09-00-00),CTA_3G_O_shape,CTA_3G_O,0
P_O_14_CA056,Ground_Daily,CTA_3G_O (11-00-00),CTA_3G_O_shape,CTA_3G_O,0
P_O_14_CA056,Ground_Daily,CTA_3G_O (13-00-00),CTA_3G_O_shape,CTA_3G_O,0
P_O_14_CA056,Ground_Daily,CTA_3G_O (15-00-00),CTA_3G_O_shape,CTA_3G_O,0
P_O_14_CA056,Ground_Daily,CTA_3G_O (17-00-00),CTA_3G_O_shape,CTA_3G_O,0
P_O_14_CA056,Ground_Daily,CTA_3G_O (19-00-00),CTA_3G_O_shape,CTA_3G_O,0
P_O_14_CA056,Ground_Daily,CTA_3G_O (21-00-00),CTA_3G_O_shape,CTA_3G_O,0
P_O_14_CA056,Ground_Daily,CTA_3G_R (06-30-00),CTA_3G_R_shape,CTA_3G_R,1
P_O_14_CA056,Ground_Daily,CTA_3G_R (08-00-00),CTA_3G_R_shape,CTA_3G_R,1
P_O_14_CA056,Ground_Daily,CTA_3G_R (09-00-00),CTA_3G_R_shape,CTA_3G_R,1
P_O_14_CA056,Ground_Daily,CTA_3G_R (11-00-00),CTA_3G_R_shape,CTA_3G_R,1
P_O_14_CA056,Ground_Daily,CTA_3G_R (13-00-00),CTA_3G_R_shape,CTA_3G_R,1
P_O_14_CA056,Ground_Daily,CTA_3G_R (15-00-00),CTA_3G_R_shape,CTA_3G_R,1
P_O_14_CA056,Ground_Daily,CTA_3G_R (17-00-00),CTA_3G_R_shape,CTA_3G_R,1
P_O_14_CA056,Ground_Daily,CTA_3G_R (19-00-00),CTA_3G_R_shape,CTA_3G_R,1
P_O_14_CA056,Ground_Daily,CTA_3G_R (21-00-00),CTA_3G_R_shape,CTA_3G_R,1
CTA_400-1036,Ground_Daily,CTA_400or1036_O (06-30-00),CTA_400or1036_O_shape,CTA_400or1036_O,0
CTA_400-1036,Ground_Daily,CTA_400or1036_O (08-00-00),CTA_400or1036_O_shape,CTA_400or1036_O,0
CTA_400-1036,Ground_Daily,CTA_400or1036_O (09-00-00),CTA_400or1036_O_shape,CTA_400or1036_O,0
CTA_400-1036,Ground_Daily,CTA_400or1036_O (11-00-00),CTA_400or1036_O_shape,CTA_400or1036_O,0
CTA_400-1036,Ground_Daily,CTA_400or1036_O (13-00-00),CTA_400or1036_O_shape,CTA_400or1036_O,0
CTA_400-1036,Ground_Daily,CTA_400or1036_O (15-00-00),CTA_400or1036_O_shape,CTA_400or1036_O,0
CTA_400-1036,Ground_Daily,CTA_400or1036_O (17-00-00),CTA_400or1036_O_shape,CTA_400or1036_O,0
CTA_400-1036,Ground_Daily,CTA_400or1036_O (19-00-00),CTA_400or1036_O_shape,CTA_400or1036_O,0
CTA_400-1036,Ground_Daily,CTA_400or1036_O (21-00-00),CTA_400or1036_O_shape,CTA_400or1036_O,0
CTA_400-1036,Ground_Daily,CTA_400or1036_R (06-30-00),CTA_400or1036_R_shape,CTA_400or1036_R,1
CTA_400-1036,Ground_Daily,CTA_400or1036_R (08-00-00),CTA_400or1036_R_shape,CTA_400or1036_R,1
CTA_400-1036,Ground_Daily,CTA_400or1036_R (09-00-00),CTA_400or1036_R_shape,CTA_400or1036_R,1
CTA_400-1036,Ground_Daily,CTA_400or1036_R (11-00-00),CTA_400or1036_R_shape,CTA_400or1036_R,1
CTA_400-1036,Ground_Daily,CTA_400or1036_R (13-00-00),CTA_400or1036_R_shape,CTA_400or1036_R,1
CTA_400-1036,Ground_Daily,CTA_400or1036_R (15-00-00),CTA_400or1036_R_shape,CTA_400or1036_R,1
CTA_400-1036,Ground_Daily,CTA_400or1036_R (17-00-00),CTA_400or1036_R_shape,CTA_400or1036_R,1
CTA_400-1036,Ground_Daily,CTA_400or1036_R (19-00-00),CTA_400or1036_R_shape,CTA_400or1036_R,1
CTA_400-1036,Ground_Daily,CTA_400or1036_R (21-00-00),CTA_400or1036_R_shape,CTA_400or1036_R,1
CTA_406,Ground_Daily,CTA_406_O (06-30-00),CTA_406_O_shape,CTA_406_O,0
CTA_406,Ground_Daily,CTA_406_O (08-00-00),CTA_406_O_shape,CTA_406_O,0
CTA_406,Ground_Daily,CTA_406_O (09-00-00),CTA_406_O_shape,CTA_406_O,0
CTA_406,Ground_Daily,CTA_406_O (11-00-00),CTA_406_O_shape,CTA_406_O,0
CTA_406,Ground_Daily,CTA_406_O (13-00-00),CTA_406_O_shape,CTA_406_O,0
CTA_406,Ground_Daily,CTA_406_O (15-00-00),CTA_406_O_shape,CTA_406_O,0
CTA_406,Ground_Daily,CTA_406_O (17-00-00),CTA_406_O_shape,CTA_406_O,0
CTA_406,Ground_Daily,CTA_406_O (19-00-00),CTA_406_O_shape,CTA_406_O,0
CTA_406,Ground_Daily,CTA_406_O (21-00-00),CTA_406_O_shape,CTA_406_O,0
CTA_406,Ground_Daily,CTA_406_R (06-30-00),CTA_406_R_shape,CTA_406_R,1
CTA_406,Ground_Daily,CTA_406_R (08-00-00),CTA_406_R_shape,CTA_406_R,1
CTA_406,Ground_Daily,CTA_406_R (09-00-00),CTA_406_R_shape,CTA_406_R,1
CTA_406,Ground_Daily,CTA_406_R (11-00-00),CTA_406_R_shape,CTA_406_R,1
CTA_406,Ground_Daily,CTA_406_R (13-00-00),CTA_406_R_shape,CTA_406_R,1
CTA_406,Ground_Daily,CTA_406_R (15-00-00),CTA_406_R_shape,CTA_406_R,1
CTA_406,Ground_Daily,CTA_406_R (17-00-00),CTA_406_R_shape,CTA_406_R,1
CTA_406,Ground_Daily,CTA_406_R (19-00-00),CTA_406_R_shape,CTA_406_R,1
CTA_406,Ground_Daily,CTA_406_R (21-00-00),CTA_406_R_shape,CTA_406_R,1
CTA_407,Ground_Daily,CTA_407_O (06-30-00),CTA_407_O_shape,CTA_407_O,0
CTA_407,Ground_Daily,CTA_407_O (08-00-00),CTA_407_O_shape,CTA_407_O,0
CTA_407,Ground_Daily,CTA_407_O (09-00-00),CTA_407_O_shape,CTA_407_O,0
CTA_407,Ground_Daily,CTA_407_O (11-00-00),CTA_407_O_shape,CTA_407_O,0
CTA_407,Ground_Daily,CTA_407_O (13-00-00),CTA_407_O_shape,CTA_407_O,0
CTA_407,Ground_Daily,CTA_407_O (15-00-00),CTA_407_O_shape,CTA_407_O,0
CTA_407,Ground_Daily,CTA_407_O (17-00-00),CTA_407_O_shape,CTA_407_O,0
CTA_407,Ground_Daily,CTA_407_O (19-00-00),CTA_407_O_shape,CTA_407_O,0
CTA_407,Ground_Daily,CTA_407_O (21-00-00),CTA_407_O_shape,CTA_407_O,0
CTA_407,Ground_Daily,CTA_407_R (06-30-00),CTA_407_R_shape,CTA_407_R,1
CTA_407,Ground_Daily,CTA_407_R (08-00-00),CTA_407_R_shape,CTA_407_R,1
CTA_407,Ground_Daily,CTA_407_R (09-00-00),CTA_407_R_shape,CTA_407_R,1
CTA_407,Ground_Daily,CTA_407_R (11-00-00),CTA_407_R_shape,CTA_407_R,1
CTA_407,Ground_Daily,CTA_407_R (13-00-00),CTA_407_R_shape,CTA_407_R,1
CTA_407,Ground_Daily,CTA_407_R (15-00-00),CTA_407_R_shape,CTA_407_R,1
CTA_407,Ground_Daily,CTA_407_R (17-00-00),CTA_407_R_shape,CTA_407_R,1
CTA_407,Ground_Daily,CTA_407_R (19-00-00),CTA_407_R_shape,CTA_407_R,1
CTA_407,Ground_Daily,CTA_407_R (21-00-00),CTA_407_R_shape,CTA_407_R,1
P_O_14_CA056,Ground_Daily,CTA_41_R (06-30-00),CTA_41_R_shape,CTA_41_R,1
P_O_14_CA056,Ground_Daily,CTA_41_R (08-00-00),CTA_41_R_shape,CTA_41_R,1
P_O_14_CA056,Ground_Daily,CTA_41_R (09-00-00),CTA_41_R_shape,CTA_41_R,1
P_O_14_CA056,Ground_Daily,CTA_41_R (11-00-00),CTA_41_R_shape,CTA_41_R,1
P_O_14_CA056,Ground_Daily,CTA_41_R (13-00-00),CTA_41_R_shape,CTA_41_R,1
P_O_14_CA056,Ground_Daily,CTA_41_R (15-00-00),CTA_41_R_shape,CTA_41_R,1
P_O_14_CA056,Ground_Daily,CTA_41_R (17-00-00),CTA_41_R_shape,CTA_41_R,1
P_O_14_CA056,Ground_Daily,CTA_41_R (19-00-00),CTA_41_R_shape,CTA_41_R,1
P_O_14_CA056,Ground_Daily,CTA_41_R (21-00-00),CTA_41_R_shape,CTA_41_R,1
CTA_41x,Ground_Daily,CTA_41x_O (06-30-00),CTA_41x_O_shape,CTA_41x_O,0
CTA_41x,Ground_Daily,CTA_41x_O (08-00-00),CTA_41x_O_shape,CTA_41x_O,0
CTA_41x,Ground_Daily,CTA_41x_O (09-00-00),CTA_41x_O_shape,CTA_41x_O,0
CTA_41x,Ground_Daily,CTA_41x_O (11-00-00),CTA_41x_O_shape,CTA_41x_O,0
CTA_41x,Ground_Daily,CTA_41x_O (13-00-00),CTA_41x_O_shape,CTA_41x_O,0
CTA_41x,Ground_Daily,CTA_41x_O (15-00-00),CTA_41x_O_shape,CTA_41x_O,0
CTA_41x,Ground_Daily,CTA_41x_O (17-00-00),CTA_41x_O_shape,CTA_41x_O,0
CTA_41x,Ground_Daily,CTA_41x_O (19-00-00),CTA_41x_O_shape,CTA_41x_O,0
CTA_41x,Ground_Daily,CTA_41x_O (21-00-00),CTA_41x_O_shape,CTA_41x_O,0
CTA_430,Ground_Daily,CTA_430_O (06-30-00),CTA_430_O_shape,CTA_430_O,0
CTA_430,Ground_Daily,CTA_430_O (08-00-00),CTA_430_O_shape,CTA_430_O,0
CTA_430,Ground_Daily,CTA_430_O (09-00-00),CTA_430_O_shape,CTA_430_O,0
CTA_430,Ground_Daily,CTA_430_O (11-00-00),CTA_430_O_shape,CTA_430_O,0
CTA_430,Ground_Daily,CTA_430_O (13-00-00),CTA_430_O_shape,CTA_430_O,0
CTA_430,Ground_Daily,CTA_430_O (15-00-00),CTA_430_O_shape,CTA_430_O,0
CTA_430,Ground_Daily,CTA_430_O (17-00-00),CTA_430_O_shape,CTA_430_O,0
CTA_430,Ground_Daily,CTA_430_O (19-00-00),CTA_430_O_shape,CTA_430_O,0
CTA_430,Ground_Daily,CTA_430_O (21-00-00),CTA_430_O_shape,CTA_430_O,0
CTA_430,Ground_Daily,CTA_430_R (06-30-00),CTA_430_R_shape,CTA_430_R,1
CTA_430,Ground_Daily,CTA_430_R (08-00-00),CTA_430_R_shape,CTA_430_R,1
CTA_430,Ground_Daily,CTA_430_R (09-00-00),CTA_430_R_shape,CTA_430_R,1
CTA_430,Ground_Daily,CTA_430_R (11-00-00),CTA_430_R_shape,CTA_430_R,1
CTA_430,Ground_Daily,CTA_430_R (13-00-00),CTA_430_R_shape,CTA_430_R,1
CTA_430,Ground_Daily,CTA_430_R (15-00-00),CTA_430_R_shape,CTA_430_R,1
CTA_430,Ground_Daily,CTA_430_R (17-00-00),CTA_430_R_shape,CTA_430_R,1
CTA_430,Ground_Daily,CTA_430_R (19-00-00),CTA_430_R_shape,CTA_430_R,1
CTA_430,Ground_Daily,CTA_430_R (21-00-00),CTA_430_R_shape,CTA_430_R,1
P_O_14_CA056,Ground_Daily,CTA_43_O (06-30-00),CTA_43_O_shape,CTA_43_O,0
P_O_14_CA056,Ground_Daily,CTA_43_O (08-00-00),CTA_43_O_shape,CTA_43_O,0
P_O_14_CA056,Ground_Daily,CTA_43_O (09-00-00),CTA_43_O_shape,CTA_43_O,0
P_O_14_CA056,Ground_Daily,CTA_43_O (11-00-00),CTA_43_O_shape,CTA_43_O,0
P_O_14_CA056,Ground_Daily,CTA_43_O (13-00-00),CTA_43_O_shape,CTA_43_O,0
P_O_14_CA056,Ground_Daily,CTA_43_O (15-00-00),CTA_43_O_shape,CTA_43_O,0
P_O_14_CA056,Ground_Daily,CTA_43_O (17-00-00),CTA_43_O_shape,CTA_43_O,0
P_O_14_CA056,Ground_Daily,CTA_43_O (19-00-00),CTA_43_O_shape,CTA_43_O,0
P_O_14_CA056,Ground_Daily,CTA_43_O (21-00-00),CTA_43_O_shape,CTA_43_O,0
P_O_14_CA056,Ground_Daily,CTA_43_R (06-30-00),CTA_43_R_shape,CTA_43_R,1
P_O_14_CA056,Ground_Daily,CTA_43_R (08-00-00),CTA_43_R_shape,CTA_43_R,1
P_O_14_CA056,Ground_Daily,CTA_43_R (09-00-00),CTA_43_R_shape,CTA_43_R,1
P_O_14_CA056,Ground_Daily,CTA_43_R (11-00-00),CTA_43_R_shape,CTA_43_R,1
P_O_14_CA056,Ground_Daily,CTA_43_R (13-00-00),CTA_43_R_shape,CTA_43_R,1
P_O_14_CA056,Ground_Daily,CTA_43_R (15-00-00),CTA_43_R_shape,CTA_43_R,1
P_O_14_CA056,Ground_Daily,CTA_43_R (17-00-00),CTA_43_R_shape,CTA_43_R,1
P_O_14_CA056,Ground_Daily,CTA_43_R (19-00-00),CTA_43_R_shape,CTA_43_R,1
P_O_14_CA056,Ground_Daily,CTA_43_R (21-00-00),CTA_43_R_shape,CTA_43_R,1
CTA_440,Ground_Daily,CTA_440_O (06-30-00),CTA_440_O_shape,CTA_440_O,0
CTA_440,Ground_Daily,CTA_440_O (08-00-00),CTA_440_O_shape,CTA_440_O,0
CTA_440,Ground_Daily,CTA_440_O (09-00-00),CTA_440_O_shape,CTA_440_O,0
CTA_440,Ground_Daily,CTA_440_O (11-00-00),CTA_440_O_shape,CTA_440_O,0
CTA_440,Ground_Daily,CTA_440_O (13-00-00),CTA_440_O_shape,CTA_440_O,0
CTA_440,Ground_Daily,CTA_440_O (15-00-00),CTA_440_O_shape,CTA_440_O,0
CTA_440,Ground_Daily,CTA_440_O (17-00-00),CTA_440_O_shape,CTA_440_O,0
CTA_440,Ground_Daily,CTA_440_O (19-00-00),CTA_440_O_shape,CTA_440_O,0
CTA_440,Ground_Daily,CTA_440_O (21-00-00),CTA_440_O_shape,CTA_440_O,0
CTA_44S-1042,Ground_Daily,CTA_44Sor1042_O (06-30-00),CTA_44Sor1042_O_shape,CTA_44Sor1042_O,0
CTA_44S-1042,Ground_Daily,CTA_44Sor1042_O (08-00-00),CTA_44Sor1042_O_shape,CTA_44Sor1042_O,0
CTA_44S-1042,Ground_Daily,CTA_44Sor1042_O (09-00-00),CTA_44Sor1042_O_shape,CTA_44Sor1042_O,0
CTA_44S-1042,Ground_Daily,CTA_44Sor1042_O (11-00-00),CTA_44Sor1042_O_shape,CTA_44Sor1042_O,0
CTA_44S-1042,Ground_Daily,CTA_44Sor1042_O (13-00-00),CTA_44Sor1042_O_shape,CTA_44Sor1042_O,0
CTA_44S-1042,Ground_Daily,CTA_44Sor1042_O (15-00-00),CTA_44Sor1042_O_shape,CTA_44Sor1042_O,0
CTA_44S-1042,Ground_Daily,CTA_44Sor1042_O (17-00-00),CTA_44Sor1042_O_shape,CTA_44Sor1042_O,0
CTA_44S-1042,Ground_Daily,CTA_44Sor1042_O (19-00-00),CTA_44Sor1042_O_shape,CTA_44Sor1042_O,0
CTA_44S-1042,Ground_Daily,CTA_44Sor1042_O (21-00-00),CTA_44Sor1042_O_shape,CTA_44Sor1042_O,0
CTA_44S-1042,Ground_Daily,CTA_44Sor1042_R (06-30-00),CTA_44Sor1042_R_shape,CTA_44Sor1042_R,1
CTA_44S-1042,Ground_Daily,CTA_44Sor1042_R (08-00-00),CTA_44Sor1042_R_shape,CTA_44Sor1042_R,1
CTA_44S-1042,Ground_Daily,CTA_44Sor1042_R (09-00-00),CTA_44Sor1042_R_shape,CTA_44Sor1042_R,1
CTA_44S-1042,Ground_Daily,CTA_44Sor1042_R (11-00-00),CTA_44Sor1042_R_shape,CTA_44Sor1042_R,1
CTA_44S-1042,Ground_Daily,CTA_44Sor1042_R (13-00-00),CTA_44Sor1042_R_shape,CTA_44Sor1042_R,1
CTA_44S-1042,Ground_Daily,CTA_44Sor1042_R (15-00-00),CTA_44Sor1042_R_shape,CTA_44Sor1042_R,1
CTA_44S-1042,Ground_Daily,CTA_44Sor1042_R (17-00-00),CTA_44Sor1042_R_shape,CTA_44Sor1042_R,1
CTA_44S-1042,Ground_Daily,CTA_44Sor1042_R (19-00-00),CTA_44Sor1042_R_shape,CTA_44Sor1042_R,1
CTA_44S-1042,Ground_Daily,CTA_44Sor1042_R (21-00-00),CTA_44Sor1042_R_shape,CTA_44Sor1042_R,1
CTA_501,Ground_Daily,CTA_501_O (06-30-00),CTA_501_O_shape,CTA_501_O,0
CTA_501,Ground_Daily,CTA_501_O (08-00-00),CTA_501_O_shape,CTA_501_O,0
CTA_501,Ground_Daily,CTA_501_O (09-00-00),CTA_501_O_shape,CTA_501_O,0
CTA_501,Ground_Daily,CTA_501_O (11-00-00),CTA_501_O_shape,CTA_501_O,0
CTA_501,Ground_Daily,CTA_501_O (13-00-00),CTA_501_O_shape,CTA_501_O,0
CTA_501,Ground_Daily,CTA_501_O (15-00-00),CTA_501_O_shape,CTA_501_O,0
CTA_501,Ground_Daily,CTA_501_O (17-00-00),CTA_501_O_shape,CTA_501_O,0
CTA_501,Ground_Daily,CTA_501_O (19-00-00),CTA_501_O_shape,CTA_501_O,0
CTA_501,Ground_Daily,CTA_501_O (21-00-00),CTA_501_O_shape,CTA_501_O,0
CTA_507,Ground_Daily,CTA_507_O (06-30-00),CTA_507_O_shape,CTA_507_O,0
CTA_507,Ground_Daily,CTA_507_O (08-00-00),CTA_507_O_shape,CTA_507_O,0
CTA_507,Ground_Daily,CTA_507_O (09-00-00),CTA_507_O_shape,CTA_507_O,0
CTA_507,Ground_Daily,CTA_507_O (11-00-00),CTA_507_O_shape,CTA_507_O,0
CTA_507,Ground_Daily,CTA_507_O (13-00-00),CTA_507_O_shape,CTA_507_O,0
CTA_507,Ground_Daily,CTA_507_O (15-00-00),CTA_507_O_shape,CTA_507_O,0
CTA_507,Ground_Daily,CTA_507_O (17-00-00),CTA_507_O_shape,CTA_507_O,0
CTA_507,Ground_Daily,CTA_507_O (19-00-00),CTA_507_O_shape,CTA_507_O,0
CTA_507,Ground_Daily,CTA_507_O (21-00-00),CTA_507_O_shape,CTA_507_O,0
CTA_507,Ground_Daily,CTA_507_R (06-30-00),CTA_507_R_shape,CTA_507_R,1
CTA_507,Ground_Daily,CTA_507_R (08-00-00),CTA_507_R_shape,CTA_507_R,1
CTA_507,Ground_Daily,CTA_507_R (09-00-00),CTA_507_R_shape,CTA_507_R,1
CTA_507,Ground_Daily,CTA_507_R (11-00-00),CTA_507_R_shape,CTA_507_R,1
CTA_507,Ground_Daily,CTA_507_R (13-00-00),CTA_507_R_shape,CTA_507_R,1
CTA_507,Ground_Daily,CTA_507_R (15-00-00),CTA_507_R_shape,CTA_507_R,1
CTA_507,Ground_Daily,CTA_507_R (17-00-00),CTA_507_R_shape,CTA_507_R,1
CTA_507,Ground_Daily,CTA_507_R (19-00-00),CTA_507_R_shape,CTA_507_R,1
CTA_507,Ground_Daily,CTA_507_R (21-00-00),CTA_507_R_shape,CTA_507_R,1
CTA_521,Ground_Daily,CTA_521_O (06-30-00),CTA_521_O_shape,CTA_521_O,0
CTA_521,Ground_Daily,CTA_521_O (08-00-00),CTA_521_O_shape,CTA_521_O,0
CTA_521,Ground_Daily,CTA_521_O (09-00-00),CTA_521_O_shape,CTA_521_O,0
CTA_521,Ground_Daily,CTA_521_O (11-00-00),CTA_521_O_shape,CTA_521_O,0
CTA_521,Ground_Daily,CTA_521_O (13-00-00),CTA_521_O_shape,CTA_521_O,0
CTA_521,Ground_Daily,CTA_521_O (15-00-00),CTA_521_O_shape,CTA_521_O,0
CTA_521,Ground_Daily,CTA_521_O (17-00-00),CTA_521_O_shape,CTA_521_O,0
CTA_521,Ground_Daily,CTA_521_O (19-00-00),CTA_521_O_shape,CTA_521_O,0
CTA_521,Ground_Daily,CTA_521_O (21-00-00),CTA_521_O_shape,CTA_521_O,0
CTA_530,Ground_Daily,CTA_530_O (06-30-00),CTA_530_O_shape,CTA_530_O,0
CTA_530,Ground_Daily,CTA_530_O (08-00-00),CTA_530_O_shape,CTA_530_O,0
CTA_530,Ground_Daily,CTA_530_O (09-00-00),CTA_530_O_shape,CTA_530_O,0
CTA_530,Ground_Daily,CTA_530_O (11-00-00),CTA_530_O_shape,CTA_530_O,0
CTA_530,Ground_Daily,CTA_530_O (13-00-00),CTA_530_O_shape,CTA_530_O,0
CTA_530,Ground_Daily,CTA_530_O (15-00-00),CTA_530_O_shape,CTA_530_O,0
CTA_530,Ground_Daily,CTA_530_O (17-00-00),CTA_530_O_shape,CTA_530_O,0
CTA_530,Ground_Daily,CTA_530_O (19-00-00),CTA_530_O_shape,CTA_530_O,0
CTA_530,Ground_Daily,CTA_530_O (21-00-00),CTA_530_O_shape,CTA_530_O,0
CTA_530,Ground_Daily,CTA_530_R (06-30-00),CTA_530_R_shape,CTA_530_R,1
CTA_530,Ground_Daily,CTA_530_R (08-00-00),CTA_530_R_shape,CTA_530_R,1
CTA_530,Ground_Daily,CTA_530_R (09-00-00),CTA_530_R_shape,CTA_530_R,1
CTA_530,Ground_Daily,CTA_530_R (11-00-00),CTA_530_R_shape,CTA_530_R,1
CTA_530,Ground_Daily,CTA_530_R (13-00-00),CTA_530_R_shape,CTA_530_R,1
CTA_530,Ground_Daily,CTA_530_R (15-00-00),CTA_530_R_shape,CTA_530_R,1
CTA_530,Ground_Daily,CTA_530_R (17-00-00),CTA_530_R_shape,CTA_530_R,1
CTA_530,Ground_Daily,CTA_530_R (19-00-00),CTA_530_R_shape,CTA_530_R,1
CTA_530,Ground_Daily,CTA_530_R (21-00-00),CTA_530_R_shape,CTA_530_R,1
CTA_531,Ground_Daily,CTA_531_O (06-30-00),CTA_531_O_shape,CTA_531_O,0
CTA_531,Ground_Daily,CTA_531_O (08-00-00),CTA_531_O_shape,CTA_531_O,0
CTA_531,Ground_Daily,CTA_531_O (09-00-00),CTA_531_O_shape,CTA_531_O,0
CTA_531,Ground_Daily,CTA_531_O (11-00-00),CTA_531_O_shape,CTA_531_O,0
CTA_531,Ground_Daily,CTA_531_O (13-00-00),CTA_531_O_shape,CTA_531_O,0
CTA_531,Ground_Daily,CTA_531_O (15-00-00),CTA_531_O_shape,CTA_531_O,0
CTA_531,Ground_Daily,CTA_531_O (17-00-00),CTA_531_O_shape,CTA_531_O,0
CTA_531,Ground_Daily,CTA_531_O (19-00-00),CTA_531_O_shape,CTA_531_O,0
CTA_531,Ground_Daily,CTA_531_O (21-00-00),CTA_531_O_shape,CTA_531_O,0
CTA_531,Ground_Daily,CTA_531_R (06-30-00),CTA_531_R_shape,CTA_531_R,1
CTA_531,Ground_Daily,CTA_531_R (08-00-00),CTA_531_R_shape,CTA_531_R,1
CTA_531,Ground_Daily,CTA_531_R (09-00-00),CTA_531_R_shape,CTA_531_R,1
CTA_531,Ground_Daily,CTA_531_R (11-00-00),CTA_531_R_shape,CTA_531_R,1
CTA_531,Ground_Daily,CTA_531_R (13-00-00),CTA_531_R_shape,CTA_531_R,1
CTA_531,Ground_Daily,CTA_531_R (15-00-00),CTA_531_R_shape,CTA_531_R,1
CTA_531,Ground_Daily,CTA_531_R (17-00-00),CTA_531_R_shape,CTA_531_R,1
CTA_531,Ground_Daily,CTA_531_R (19-00-00),CTA_531_R_shape,CTA_531_R,1
CTA_531,Ground_Daily,CTA_531_R (21-00-00),CTA_531_R_shape,CTA_531_R,1
CTA_532,Ground_Daily,CTA_532_O (06-30-00),CTA_532_O_shape,CTA_532_O,0
CTA_532,Ground_Daily,CTA_532_O (08-00-00),CTA_532_O_shape,CTA_532_O,0
CTA_532,Ground_Daily,CTA_532_O (09-00-00),CTA_532_O_shape,CTA_532_O,0
CTA_532,Ground_Daily,CTA_532_O (11-00-00),CTA_532_O_shape,CTA_532_O,0
CTA_532,Ground_Daily,CTA_532_O (13-00-00),CTA_532_O_shape,CTA_532_O,0
CTA_532,Ground_Daily,CTA_532_O (15-00-00),CTA_532_O_shape,CTA_532_O,0
CTA_532,Ground_Daily,CTA_532_O (17-00-00),CTA_532_O_shape,CTA_532_O,0
CTA_532,Ground_Daily,CTA_532_O (19-00-00),CTA_532_O_shape,CTA_532_O,0
CTA_532,Ground_Daily,CTA_532_O (21-00-00),CTA_532_O_shape,CTA_532_O,0
CTA_532,Ground_Daily,CTA_532_R (06-30-00),CTA_532_R_shape,CTA_532_R,1
CTA_532,Ground_Daily,CTA_532_R (08-00-00),CTA_532_R_shape,CTA_532_R,1
CTA_532,Ground_Daily,CTA_532_R (09-00-00),CTA_532_R_shape,CTA_532_R,1
CTA_532,Ground_Daily,CTA_532_R (11-00-00),CTA_532_R_shape,CTA_532_R,1
CTA_532,Ground_Daily,CTA_532_R (13-00-00),CTA_532_R_shape,CTA_532_R,1
CTA_532,Ground_Daily,CTA_532_R (15-00-00),CTA_532_R_shape,CTA_532_R,1
CTA_532,Ground_Daily,CTA_532_R (17-00-00),CTA_532_R_shape,CTA_532_R,1
CTA_532,Ground_Daily,CTA_532_R (19-00-00),CTA_532_R_shape,CTA_532_R,1
CTA_532,Ground_Daily,CTA_532_R (21-00-00),CTA_532_R_shape,CTA_532_R,1
CTA_555,Ground_Daily,CTA_555_O (06-30-00),CTA_555_O_shape,CTA_555_O,0
CTA_555,Ground_Daily,CTA_555_O (08-00-00),CTA_555_O_shape,CTA_555_O,0
CTA_555,Ground_Daily,CTA_555_O (09-00-00),CTA_555_O_shape,CTA_555_O,0
CTA_555,Ground_Daily,CTA_555_O (11-00-00),CTA_555_O_shape,CTA_555_O,0
CTA_555,Ground_Daily,CTA_555_O (13-00-00),CTA_555_O_shape,CTA_555_O,0
CTA_555,Ground_Daily,CTA_555_O (15-00-00),CTA_555_O_shape,CTA_555_O,0
CTA_555,Ground_Daily,CTA_555_O (17-00-00),CTA_555_O_shape,CTA_555_O,0
CTA_555,Ground_Daily,CTA_555_O (19-00-00),CTA_555_O_shape,CTA_555_O,0
CTA_555,Ground_Daily,CTA_555_O (21-00-00),CTA_555_O_shape,CTA_555_O,0
CTA_555,Ground_Daily,CTA_555_R (06-30-00),CTA_555_R_shape,CTA_555_R,1
CTA_555,Ground_Daily,CTA_555_R (08-00-00),CTA_555_R_shape,CTA_555_R,1
CTA_555,Ground_Daily,CTA_555_R (09-00-00),CTA_555_R_shape,CTA_555_R,1
CTA_555,Ground_Daily,CTA_555_R (11-00-00),CTA_555_R_shape,CTA_555_R,1
CTA_555,Ground_Daily,CTA_555_R (13-00-00),CTA_555_R_shape,CTA_555_R,1
CTA_555,Ground_Daily,CTA_555_R (15-00-00),CTA_555_R_shape,CTA_555_R,1
CTA_555,Ground_Daily,CTA_555_R (17-00-00),CTA_555_R_shape,CTA_555_R,1
CTA_555,Ground_Daily,CTA_555_R (19-00-00),CTA_555_R_shape,CTA_555_R,1
CTA_555,Ground_Daily,CTA_555_R (21-00-00),CTA_555_R_shape,CTA_555_R,1
CTA_568,Ground_Daily,CTA_568_O (06-30-00),CTA_568_O_shape,CTA_568_O,0
CTA_568,Ground_Daily,CTA_568_O (08-00-00),CTA_568_O_shape,CTA_568_O,0
CTA_568,Ground_Daily,CTA_568_O (09-00-00),CTA_568_O_shape,CTA_568_O,0
CTA_568,Ground_Daily,CTA_568_O (11-00-00),CTA_568_O_shape,CTA_568_O,0
CTA_568,Ground_Daily,CTA_568_O (13-00-00),CTA_568_O_shape,CTA_568_O,0
CTA_568,Ground_Daily,CTA_568_O (15-00-00),CTA_568_O_shape,CTA_568_O,0
CTA_568,Ground_Daily,CTA_568_O (17-00-00),CTA_568_O_shape,CTA_568_O,0
CTA_568,Ground_Daily,CTA_568_O (19-00-00),CTA_568_O_shape,CTA_568_O,0
CTA_568,Ground_Daily,CTA_568_O (21-00-00),CTA_568_O_shape,CTA_568_O,0
CTA_568,Ground_Daily,CTA_568_R (06-30-00),CTA_568_R_shape,CTA_568_R,1
CTA_568,Ground_Daily,CTA_568_R (08-00-00),CTA_568_R_shape,CTA_568_R,1
CTA_568,Ground_Daily,CTA_568_R (09-00-00),CTA_568_R_shape,CTA_568_R,1
CTA_568,Ground_Daily,CTA_568_R (11-00-00),CTA_568_R_shape,CTA_568_R,1
CTA_568,Ground_Daily,CTA_568_R (13-00-00),CTA_568_R_shape,CTA_568_R,1
CTA_568,Ground_Daily,CTA_568_R (15-00-00),CTA_568_R_shape,CTA_568_R,1
CTA_568,Ground_Daily,CTA_568_R (17-00-00),CTA_568_R_shape,CTA_568_R,1
CTA_568,Ground_Daily,CTA_568_R (19-00-00),CTA_568_R_shape,CTA_568_R,1
CTA_568,Ground_Daily,CTA_568_R (21-00-00),CTA_568_R_shape,CTA_568_R,1
CTA_580,Ground_Daily,CTA_580_O (06-30-00),CTA_580_O_shape,CTA_580_O,0
CTA_580,Ground_Daily,CTA_580_O (08-00-00),CTA_580_O_shape,CTA_580_O,0
CTA_580,Ground_Daily,CTA_580_O (09-00-00),CTA_580_O_shape,CTA_580_O,0
CTA_580,Ground_Daily,CTA_580_O (11-00-00),CTA_580_O_shape,CTA_580_O,0
CTA_580,Ground_Daily,CTA_580_O (13-00-00),CTA_580_O_shape,CTA_580_O,0
CTA_580,Ground_Daily,CTA_580_O (15-00-00),CTA_580_O_shape,CTA_580_O,0
CTA_580,Ground_Daily,CTA_580_O (17-00-00),CTA_580_O_shape,CTA_580_O,0
CTA_580,Ground_Daily,CTA_580_O (19-00-00),CTA_580_O_shape,CTA_580_O,0
CTA_580,Ground_Daily,CTA_580_O (21-00-00),CTA_580_O_shape,CTA_580_O,0
CTA_580,Ground_Daily,CTA_580_R (06-30-00),CTA_580_R_shape,CTA_580_R,1
CTA_580,Ground_Daily,CTA_580_R (08-00-00),CTA_580_R_shape,CTA_580_R,1
CTA_580,Ground_Daily,CTA_580_R (09-00-00),CTA_580_R_shape,CTA_580_R,1
CTA_580,Ground_Daily,CTA_580_R (11-00-00),CTA_580_R_shape,CTA_580_R,1
CTA_580,Ground_Daily,CTA_580_R (13-00-00),CTA_580_R_shape,CTA_580_R,1
CTA_580,Ground_Daily,CTA_580_R (15-00-00),CTA_580_R_shape,CTA_580_R,1
CTA_580,Ground_Daily,CTA_580_R (17-00-00),CTA_580_R_shape,CTA_580_R,1
CTA_580,Ground_Daily,CTA_580_R (19-00-00),CTA_580_R_shape,CTA_580_R,1
CTA_580,Ground_Daily,CTA_580_R (21-00-00),CTA_580_R_shape,CTA_580_R,1
P_O_14_CA056,Ground_Daily,CTA_58_R (06-30-00),CTA_58_R_shape,CTA_58_R,1
P_O_14_CA056,Ground_Daily,CTA_58_R (08-00-00),CTA_58_R_shape,CTA_58_R,1
P_O_14_CA056,Ground_Daily,CTA_58_R (09-00-00),CTA_58_R_shape,CTA_58_R,1
P_O_14_CA056,Ground_Daily,CTA_58_R (11-00-00),CTA_58_R_shape,CTA_58_R,1
P_O_14_CA056,Ground_Daily,CTA_58_R (13-00-00),CTA_58_R_shape,CTA_58_R,1
P_O_14_CA056,Ground_Daily,CTA_58_R (15-00-00),CTA_58_R_shape,CTA_58_R,1
P_O_14_CA056,Ground_Daily,CTA_58_R (17-00-00),CTA_58_R_shape,CTA_58_R,1
P_O_14_CA056,Ground_Daily,CTA_58_R (19-00-00),CTA_58_R_shape,CTA_58_R,1
P_O_14_CA056,Ground_Daily,CTA_58_R (21-00-00),CTA_58_R_shape,CTA_58_R,1
P_O_14_CA056,Ground_Daily,CTA_59_O (06-30-00),CTA_59_O_shape,CTA_59_O,0
P_O_14_CA056,Ground_Daily,CTA_59_O (08-00-00),CTA_59_O_shape,CTA_59_O,0
P_O_14_CA056,Ground_Daily,CTA_59_O (09-00-00),CTA_59_O_shape,CTA_59_O,0
P_O_14_CA056,Ground_Daily,CTA_59_O (11-00-00),CTA_59_O_shape,CTA_59_O,0
P_O_14_CA056,Ground_Daily,CTA_59_O (13-00-00),CTA_59_O_shape,CTA_59_O,0
P_O_14_CA056,Ground_Daily,CTA_59_O (15-00-00),CTA_59_O_shape,CTA_59_O,0
P_O_14_CA056,Ground_Daily,CTA_59_O (17-00-00),CTA_59_O_shape,CTA_59_O,0
P_O_14_CA056,Ground_Daily,CTA_59_O (19-00-00),CTA_59_O_shape,CTA_59_O,0
P_O_14_CA056,Ground_Daily,CTA_59_O (21-00-00),CTA_59_O_shape,CTA_59_O,0
P_O_14_CA056,Ground_Daily,CTA_59_R (06-30-00),CTA_59_R_shape,CTA_59_R,1
P_O_14_CA056,Ground_Daily,CTA_59_R (08-00-00),CTA_59_R_shape,CTA_59_R,1
P_O_14_CA056,Ground_Daily,CTA_59_R (09-00-00),CTA_59_R_shape,CTA_59_R,1
P_O_14_CA056,Ground_Daily,CTA_59_R (11-00-00),CTA_59_R_shape,CTA_59_R,1
P_O_14_CA056,Ground_Daily,CTA_59_R (13-00-00),CTA_59_R_shape,CTA_59_R,1
P_O_14_CA056,Ground_Daily,CTA_59_R (15-00-00),CTA_59_R_shape,CTA_59_R,1
P_O_14_CA056,Ground_Daily,CTA_59_R (17-00-00),CTA_59_R_shape,CTA_59_R,1
P_O_14_CA056,Ground_Daily,CTA_59_R (19-00-00),CTA_59_R_shape,CTA_59_R,1
P_O_14_CA056,Ground_Daily,CTA_59_R (21-00-00),CTA_59_R_shape,CTA_59_R,1
CTA_65x,Ground_Daily,CTA_65x_O (06-30-00),CTA_65x_O_shape,CTA_65x_O,0
CTA_65x,Ground_Daily,CTA_65x_O (08-00-00),CTA_65x_O_shape,CTA_65x_O,0
CTA_65x,Ground_Daily,CTA_65x_O (09-00-00),CTA_65x_O_shape,CTA_65x_O,0
CTA_65x,Ground_Daily,CTA_65x_O (11-00-00),CTA_65x_O_shape,CTA_65x_O,0
CTA_65x,Ground_Daily,CTA_65x_O (13-00-00),CTA_65x_O_shape,CTA_65x_O,0
CTA_65x,Ground_Daily,CTA_65x_O (15-00-00),CTA_65x_O_shape,CTA_65x_O,0
CTA_65x,Ground_Daily,CTA_65x_O (17-00-00),CTA_65x_O_shape,CTA_65x_O,0
CTA_65x,Ground_Daily,CTA_65x_O (19-00-00),CTA_65x_O_shape,CTA_65x_O,0
CTA_65x,Ground_Daily,CTA_65x_O (21-00-00),CTA_65x_O_shape,CTA_65x_O,0
CTA_65x,Ground_Daily,CTA_65x_R (06-30-00),CTA_65x_R_shape,CTA_65x_R,1
CTA_65x,Ground_Daily,CTA_65x_R (08-00-00),CTA_65x_R_shape,CTA_65x_R,1
CTA_65x,Ground_Daily,CTA_65x_R (09-00-00),CTA_65x_R_shape,CTA_65x_R,1
CTA_65x,Ground_Daily,CTA_65x_R (11-00-00),CTA_65x_R_shape,CTA_65x_R,1
CTA_65x,Ground_Daily,CTA_65x_R (13-00-00),CTA_65x_R_shape,CTA_65x_R,1
CTA_65x,Ground_Daily,CTA_65x_R (15-00-00),CTA_65x_R_shape,CTA_65x_R,1
CTA_65x,Ground_Daily,CTA_65x_R (17-00-00),CTA_65x_R_shape,CTA_65x_R,1
CTA_65x,Ground_Daily,CTA_65x_R (19-00-00),CTA_65x_R_shape,CTA_65x_R,1
CTA_65x,Ground_Daily,CTA_65x_R (21-00-00),CTA_65x_R_shape,CTA_65x_R,1
CTA_69SS,Ground_Daily,CTA_69SS_O (06-30-00),CTA_69SS_O_shape,CTA_69SS_O,0
CTA_69SS,Ground_Daily,CTA_69SS_O (08-00-00),CTA_69SS_O_shape,CTA_69SS_O,0
CTA_69SS,Ground_Daily,CTA_69SS_O (09-00-00),CTA_69SS_O_shape,CTA_69SS_O,0
CTA_69SS,Ground_Daily,CTA_69SS_O (11-00-00),CTA_69SS_O_shape,CTA_69SS_O,0
CTA_69SS,Ground_Daily,CTA_69SS_O (13-00-00),CTA_69SS_O_shape,CTA_69SS_O,0
CTA_69SS,Ground_Daily,CTA_69SS_O (15-00-00),CTA_69SS_O_shape,CTA_69SS_O,0
CTA_69SS,Ground_Daily,CTA_69SS_O (17-00-00),CTA_69SS_O_shape,CTA_69SS_O,0
CTA_69SS,Ground_Daily,CTA_69SS_O (19-00-00),CTA_69SS_O_shape,CTA_69SS_O,0
CTA_69SS,Ground_Daily,CTA_69SS_O (21-00-00),CTA_69SS_O_shape,CTA_69SS_O,0
CTA_69SS,Ground_Daily,CTA_69SS_R (06-30-00),CTA_69SS_R_shape,CTA_69SS_R,1
CTA_69SS,Ground_Daily,CTA_69SS_R (08-00-00),CTA_69SS_R_shape,CTA_69SS_R,1
CTA_69SS,Ground_Daily,CTA_69SS_R (09-00-00),CTA_69SS_R_shape,CTA_69SS_R,1
CTA_69SS,Ground_Daily,CTA_69SS_R (11-00-00),CTA_69SS_R_shape,CTA_69SS_R,1
CTA_69SS,Ground_Daily,CTA_69SS_R (13-00-00),CTA_69SS_R_shape,CTA_69SS_R,1
CTA_69SS,Ground_Daily,CTA_69SS_R (15-00-00),CTA_69SS_R_shape,CTA_69SS_R,1
CTA_69SS,Ground_Daily,CTA_69SS_R (17-00-00),CTA_69SS_R_shape,CTA_69SS_R,1
CTA_69SS,Ground_Daily,CTA_69SS_R (19-00-00),CTA_69SS_R_shape,CTA_69SS_R,1
CTA_69SS,Ground_Daily,CTA_69SS_R (21-00-00),CTA_69SS_R_shape,CTA_69SS_R,1
CTA_700-1065,Ground_Daily,CTA_700or1065_O (06-30-00),CTA_700or1065_O_shape,CTA_700or1065_O,0
CTA_700-1065,Ground_Daily,CTA_700or1065_O (08-00-00),CTA_700or1065_O_shape,CTA_700or1065_O,0
CTA_700-1065,Ground_Daily,CTA_700or1065_O (09-00-00),CTA_700or1065_O_shape,CTA_700or1065_O,0
CTA_700-1065,Ground_Daily,CTA_700or1065_O (11-00-00),CTA_700or1065_O_shape,CTA_700or1065_O,0
CTA_700-1065,Ground_Daily,CTA_700or1065_O (13-00-00),CTA_700or1065_O_shape,CTA_700or1065_O,0
CTA_700-1065,Ground_Daily,CTA_700or1065_O (15-00-00),CTA_700or1065_O_shape,CTA_700or1065_O,0
CTA_700-1065,Ground_Daily,CTA_700or1065_O (17-00-00),CTA_700or1065_O_shape,CTA_700or1065_O,0
CTA_700-1065,Ground_Daily,CTA_700or1065_O (19-00-00),CTA_700or1065_O_shape,CTA_700or1065_O,0
CTA_700-1065,Ground_Daily,CTA_700or1065_O (21-00-00),CTA_700or1065_O_shape,CTA_700or1065_O,0
CTA_700-1065,Ground_Daily,CTA_700or1065_R (06-30-00),CTA_700or1065_R_shape,CTA_700or1065_R,1
CTA_700-1065,Ground_Daily,CTA_700or1065_R (08-00-00),CTA_700or1065_R_shape,CTA_700or1065_R,1
CTA_700-1065,Ground_Daily,CTA_700or1065_R (09-00-00),CTA_700or1065_R_shape,CTA_700or1065_R,1
CTA_700-1065,Ground_Daily,CTA_700or1065_R (11-00-00),CTA_700or1065_R_shape,CTA_700or1065_R,1
CTA_700-1065,Ground_Daily,CTA_700or1065_R (13-00-00),CTA_700or1065_R_shape,CTA_700or1065_R,1
CTA_700-1065,Ground_Daily,CTA_700or1065_R (15-00-00),CTA_700or1065_R_shape,CTA_700or1065_R,1
CTA_700-1065,Ground_Daily,CTA_700or1065_R (17-00-00),CTA_700or1065_R_shape,CTA_700or1065_R,1
CTA_700-1065,Ground_Daily,CTA_700or1065_R (19-00-00),CTA_700or1065_R_shape,CTA_700or1065_R,1
CTA_700-1065,Ground_Daily,CTA_700or1065_R (21-00-00),CTA_700or1065_R_shape,CTA_700or1065_R,1
CTA_701-1037,Ground_Daily,CTA_701or1037_O (06-30-00),CTA_701or1037_O_shape,CTA_701or1037_O,0
CTA_701-1037,Ground_Daily,CTA_701or1037_O (08-00-00),CTA_701or1037_O_shape,CTA_701or1037_O,0
CTA_701-1037,Ground_Daily,CTA_701or1037_O (09-00-00),CTA_701or1037_O_shape,CTA_701or1037_O,0
CTA_701-1037,Ground_Daily,CTA_701or1037_O (11-00-00),CTA_701or1037_O_shape,CTA_701or1037_O,0
CTA_701-1037,Ground_Daily,CTA_701or1037_O (13-00-00),CTA_701or1037_O_shape,CTA_701or1037_O,0
CTA_701-1037,Ground_Daily,CTA_701or1037_O (15-00-00),CTA_701or1037_O_shape,CTA_701or1037_O,0
CTA_701-1037,Ground_Daily,CTA_701or1037_O (17-00-00),CTA_701or1037_O_shape,CTA_701or1037_O,0
CTA_701-1037,Ground_Daily,CTA_701or1037_O (19-00-00),CTA_701or1037_O_shape,CTA_701or1037_O,0
CTA_701-1037,Ground_Daily,CTA_701or1037_O (21-00-00),CTA_701or1037_O_shape,CTA_701or1037_O,0
CTA_701-1037,Ground_Daily,CTA_701or1037_R (06-30-00),CTA_701or1037_R_shape,CTA_701or1037_R,1
CTA_701-1037,Ground_Daily,CTA_701or1037_R (08-00-00),CTA_701or1037_R_shape,CTA_701or1037_R,1
CTA_701-1037,Ground_Daily,CTA_701or1037_R (09-00-00),CTA_701or1037_R_shape,CTA_701or1037_R,1
CTA_701-1037,Ground_Daily,CTA_701or1037_R (11-00-00),CTA_701or1037_R_shape,CTA_701or1037_R,1
CTA_701-1037,Ground_Daily,CTA_701or1037_R (13-00-00),CTA_701or1037_R_shape,CTA_701or1037_R,1
CTA_701-1037,Ground_Daily,CTA_701or1037_R (15-00-00),CTA_701or1037_R_shape,CTA_701or1037_R,1
CTA_701-1037,Ground_Daily,CTA_701or1037_R (17-00-00),CTA_701or1037_R_shape,CTA_701or1037_R,1
CTA_701-1037,Ground_Daily,CTA_701or1037_R (19-00-00),CTA_701or1037_R_shape,CTA_701or1037_R,1
CTA_701-1037,Ground_Daily,CTA_701or1037_R (21-00-00),CTA_701or1037_R_shape,CTA_701or1037_R,1
CTA_724,Ground_Daily,CTA_724_O (06-30-00),CTA_724_O_shape,CTA_724_O,0
CTA_724,Ground_Daily,CTA_724_O (08-00-00),CTA_724_O_shape,CTA_724_O,0
CTA_724,Ground_Daily,CTA_724_O (09-00-00),CTA_724_O_shape,CTA_724_O,0
CTA_724,Ground_Daily,CTA_724_O (11-00-00),CTA_724_O_shape,CTA_724_O,0
CTA_724,Ground_Daily,CTA_724_O (13-00-00),CTA_724_O_shape,CTA_724_O,0
CTA_724,Ground_Daily,CTA_724_O (15-00-00),CTA_724_O_shape,CTA_724_O,0
CTA_724,Ground_Daily,CTA_724_O (17-00-00),CTA_724_O_shape,CTA_724_O,0
CTA_724,Ground_Daily,CTA_724_O (19-00-00),CTA_724_O_shape,CTA_724_O,0
CTA_724,Ground_Daily,CTA_724_O (21-00-00),CTA_724_O_shape,CTA_724_O,0
CTA_724,Ground_Daily,CTA_724_R (06-30-00),CTA_724_R_shape,CTA_724_R,1
CTA_724,Ground_Daily,CTA_724_R (08-00-00),CTA_724_R_shape,CTA_724_R,1
CTA_724,Ground_Daily,CTA_724_R (09-00-00),CTA_724_R_shape,CTA_724_R,1
CTA_724,Ground_Daily,CTA_724_R (11-00-00),CTA_724_R_shape,CTA_724_R,1
CTA_724,Ground_Daily,CTA_724_R (13-00-00),CTA_724_R_shape,CTA_724_R,1
CTA_724,Ground_Daily,CTA_724_R (15-00-00),CTA_724_R_shape,CTA_724_R,1
CTA_724,Ground_Daily,CTA_724_R (17-00-00),CTA_724_R_shape,CTA_724_R,1
CTA_724,Ground_Daily,CTA_724_R (19-00-00),CTA_724_R_shape,CTA_724_R,1
CTA_724,Ground_Daily,CTA_724_R (21-00-00),CTA_724_R_shape,CTA_724_R,1
P_O_14_CA056,Ground_Daily,CTA_72_O (06-30-00),CTA_72_O_shape,CTA_72_O,0
P_O_14_CA056,Ground_Daily,CTA_72_O (08-00-00),CTA_72_O_shape,CTA_72_O,0
P_O_14_CA056,Ground_Daily,CTA_72_O (09-00-00),CTA_72_O_shape,CTA_72_O,0
P_O_14_CA056,Ground_Daily,CTA_72_O (11-00-00),CTA_72_O_shape,CTA_72_O,0
P_O_14_CA056,Ground_Daily,CTA_72_O (13-00-00),CTA_72_O_shape,CTA_72_O,0
P_O_14_CA056,Ground_Daily,CTA_72_O (15-00-00),CTA_72_O_shape,CTA_72_O,0
P_O_14_CA056,Ground_Daily,CTA_72_O (17-00-00),CTA_72_O_shape,CTA_72_O,0
P_O_14_CA056,Ground_Daily,CTA_72_O (19-00-00),CTA_72_O_shape,CTA_72_O,0
P_O_14_CA056,Ground_Daily,CTA_72_O (21-00-00),CTA_72_O_shape,CTA_72_O,0
P_O_14_CA056,Ground_Daily,CTA_72_R (06-30-00),CTA_72_R_shape,CTA_72_R,1
P_O_14_CA056,Ground_Daily,CTA_72_R (08-00-00),CTA_72_R_shape,CTA_72_R,1
P_O_14_CA056,Ground_Daily,CTA_72_R (09-00-00),CTA_72_R_shape,CTA_72_R,1
P_O_14_CA056,Ground_Daily,CTA_72_R (11-00-00),CTA_72_R_shape,CTA_72_R,1
P_O_14_CA056,Ground_Daily,CTA_72_R (13-00-00),CTA_72_R_shape,CTA_72_R,1
P_O_14_CA056,Ground_Daily,CTA_72_R (15-00-00),CTA_72_R_shape,CTA_72_R,1
P_O_14_CA056,Ground_Daily,CTA_72_R (17-00-00),CTA_72_R_shape,CTA_72_R,1
P_O_14_CA056,Ground_Daily,CTA_72_R (19-00-00),CTA_72_R_shape,CTA_72_R,1
P_O_14_CA056,Ground_Daily,CTA_72_R (21-00-00),CTA_72_R_shape,CTA_72_R,1
CTA_777-1046,Ground_Daily,CTA_777or1046_O (06-30-00),CTA_777or1046_O_shape,CTA_777or1046_O,0
CTA_777-1046,Ground_Daily,CTA_777or1046_O (08-00-00),CTA_777or1046_O_shape,CTA_777or1046_O,0
CTA_777-1046,Ground_Daily,CTA_777or1046_O (09-00-00),CTA_777or1046_O_shape,CTA_777or1046_O,0
CTA_777-1046,Ground_Daily,CTA_777or1046_O (11-00-00),CTA_777or1046_O_shape,CTA_777or1046_O,0
CTA_777-1046,Ground_Daily,CTA_777or1046_O (13-00-00),CTA_777or1046_O_shape,CTA_777or1046_O,0
CTA_777-1046,Ground_Daily,CTA_777or1046_O (15-00-00),CTA_777or1046_O_shape,CTA_777or1046_O,0
CTA_777-1046,Ground_Daily,CTA_777or1046_O (17-00-00),CTA_777or1046_O_shape,CTA_777or1046_O,0
CTA_777-1046,Ground_Daily,CTA_777or1046_O (19-00-00),CTA_777or1046_O_shape,CTA_777or1046_O,0
CTA_777-1046,Ground_Daily,CTA_777or1046_O (21-00-00),CTA_777or1046_O_shape,CTA_777or1046_O,0
CTA_777-1046,Ground_Daily,CTA_777or1046_R (06-30-00),CTA_777or1046_R_shape,CTA_777or1046_R,1
CTA_777-1046,Ground_Daily,CTA_777or1046_R (08-00-00),CTA_777or1046_R_shape,CTA_777or1046_R,1
CTA_777-1046,Ground_Daily,CTA_777or1046_R (09-00-00),CTA_777or1046_R_shape,CTA_777or1046_R,1
CTA_777-1046,Ground_Daily,CTA_777or1046_R (11-00-00),CTA_777or1046_R_shape,CTA_777or1046_R,1
CTA_777-1046,Ground_Daily,CTA_777or1046_R (13-00-00),CTA_777or1046_R_shape,CTA_777or1046_R,1
CTA_777-1046,Ground_Daily,CTA_777or1046_R (15-00-00),CTA_777or1046_R_shape,CTA_777or1046_R,1
CTA_777-1046,Ground_Daily,CTA_777or1046_R (17-00-00),CTA_777or1046_R_shape,CTA_777or1046_R,1
CTA_777-1046,Ground_Daily,CTA_777or1046_R (19-00-00),CTA_777or1046_R_shape,CTA_777or1046_R,1
CTA_777-1046,Ground_Daily,CTA_777or1046_R (21-00-00),CTA_777or1046_R_shape,CTA_777or1046_R,1
P_O_14_CA056,Ground_Daily,CTA_77_O (06-30-00),CTA_77_O_shape,CTA_77_O,0
P_O_14_CA056,Ground_Daily,CTA_77_O (08-00-00),CTA_77_O_shape,CTA_77_O,0
P_O_14_CA056,Ground_Daily,CTA_77_O (09-00-00),CTA_77_O_shape,CTA_77_O,0
P_O_14_CA056,Ground_Daily,CTA_77_O (11-00-00),CTA_77_O_shape,CTA_77_O,0
P_O_14_CA056,Ground_Daily,CTA_77_O (13-00-00),CTA_77_O_shape,CTA_77_O,0
P_O_14_CA056,Ground_Daily,CTA_77_O (15-00-00),CTA_77_O_shape,CTA_77_O,0
P_O_14_CA056,Ground_Daily,CTA_77_O (17-00-00),CTA_77_O_shape,CTA_77_O,0
P_O_14_CA056,Ground_Daily,CTA_77_O (19-00-00),CTA_77_O_shape,CTA_77_O,0
P_O_14_CA056,Ground_Daily,CTA_77_O (21-00-00),CTA_77_O_shape,CTA_77_O,0
P_O_14_CA056,Ground_Daily,CTA_77_R (06-30-00),CTA_77_R_shape,CTA_77_R,1
P_O_14_CA056,Ground_Daily,CTA_77_R (08-00-00),CTA_77_R_shape,CTA_77_R,1
P_O_14_CA056,Ground_Daily,CTA_77_R (09-00-00),CTA_77_R_shape,CTA_77_R,1
P_O_14_CA056,Ground_Daily,CTA_77_R (11-00-00),CTA_77_R_shape,CTA_77_R,1
P_O_14_CA056,Ground_Daily,CTA_77_R (13-00-00),CTA_77_R_shape,CTA_77_R,1
P_O_14_CA056,Ground_Daily,CTA_77_R (15-00-00),CTA_77_R_shape,CTA_77_R,1
P_O_14_CA056,Ground_Daily,CTA_77_R (17-00-00),CTA_77_R_shape,CTA_77_R,1
P_O_14_CA056,Ground_Daily,CTA_77_R (19-00-00),CTA_77_R_shape,CTA_77_R,1
P_O_14_CA056,Ground_Daily,CTA_77_R (21-00-00),CTA_77_R_shape,CTA_77_R,1
CTA_794,Ground_Daily,CTA_794_O (06-30-00),CTA_794_O_shape,CTA_794_O,0
CTA_794,Ground_Daily,CTA_794_O (08-00-00),CTA_794_O_shape,CTA_794_O,0
CTA_794,Ground_Daily,CTA_794_O (09-00-00),CTA_794_O_shape,CTA_794_O,0
CTA_794,Ground_Daily,CTA_794_O (11-00-00),CTA_794_O_shape,CTA_794_O,0
CTA_794,Ground_Daily,CTA_794_O (13-00-00),CTA_794_O_shape,CTA_794_O,0
CTA_794,Ground_Daily,CTA_794_O (15-00-00),CTA_794_O_shape,CTA_794_O,0
CTA_794,Ground_Daily,CTA_794_O (17-00-00),CTA_794_O_shape,CTA_794_O,0
CTA_794,Ground_Daily,CTA_794_O (19-00-00),CTA_794_O_shape,CTA_794_O,0
CTA_794,Ground_Daily,CTA_794_O (21-00-00),CTA_794_O_shape,CTA_794_O,0
CTA_794,Ground_Daily,CTA_794_R (06-30-00),CTA_794_R_shape,CTA_794_R,1
CTA_794,Ground_Daily,CTA_794_R (08-00-00),CTA_794_R_shape,CTA_794_R,1
CTA_794,Ground_Daily,CTA_794_R (09-00-00),CTA_794_R_shape,CTA_794_R,1
CTA_794,Ground_Daily,CTA_794_R (11-00-00),CTA_794_R_shape,CTA_794_R,1
CTA_794,Ground_Daily,CTA_794_R (13-00-00),CTA_794_R_shape,CTA_794_R,1
CTA_794,Ground_Daily,CTA_794_R (15-00-00),CTA_794_R_shape,CTA_794_R,1
CTA_794,Ground_Daily,CTA_794_R (17-00-00),CTA_794_R_shape,CTA_794_R,1
CTA_794,Ground_Daily,CTA_794_R (19-00-00),CTA_794_R_shape,CTA_794_R,1
CTA_794,Ground_Daily,CTA_794_R (21-00-00),CTA_794_R_shape,CTA_794_R,1
P_O_14_CA056,Ground_Daily,CTA_7_O (06-30-00),CTA_7_O_shape,CTA_7_O,0
P_O_14_CA056,Ground_Daily,CTA_7_O (08-00-00),CTA_7_O_shape,CTA_7_O,0
P_O_14_CA056,Ground_Daily,CTA_7_O (09-00-00),CTA_7_O_shape,CTA_7_O,0
P_O_14_CA056,Ground_Daily,CTA_7_O (11-00-00),CTA_7_O_shape,CTA_7_O,0
P_O_14_CA056,Ground_Daily,CTA_7_O (13-00-00),CTA_7_O_shape,CTA_7_O,0
P_O_14_CA056,Ground_Daily,CTA_7_O (15-00-00),CTA_7_O_shape,CTA_7_O,0
P_O_14_CA056,Ground_Daily,CTA_7_O (17-00-00),CTA_7_O_shape,CTA_7_O,0
P_O_14_CA056,Ground_Daily,CTA_7_O (19-00-00),CTA_7_O_shape,CTA_7_O,0
P_O_14_CA056,Ground_Daily,CTA_7_O (21-00-00),CTA_7_O_shape,CTA_7_O,0
P_O_14_CA056,Ground_Daily,CTA_7_R (06-30-00),CTA_7_R_shape,CTA_7_R,1
P_O_14_CA056,Ground_Daily,CTA_7_R (08-00-00),CTA_7_R_shape,CTA_7_R,1
P_O_14_CA056,Ground_Daily,CTA_7_R (09-00-00),CTA_7_R_shape,CTA_7_R,1
P_O_14_CA056,Ground_Daily,CTA_7_R (11-00-00),CTA_7_R_shape,CTA_7_R,1
P_O_14_CA056,Ground_Daily,CTA_7_R (13-00-00),CTA_7_R_shape,CTA_7_R,1
P_O_14_CA056,Ground_Daily,CTA_7_R (15-00-00),CTA_7_R_shape,CTA_7_R,1
P_O_14_CA056,Ground_Daily,CTA_7_R (17-00-00),CTA_7_R_shape,CTA_7_R,1
P_O_14_CA056,Ground_Daily,CTA_7_R (19-00-00),CTA_7_R_shape,CTA_7_R,1
P_O_14_CA056,Ground_Daily,CTA_7_R (21-00-00),CTA_7_R_shape,CTA_7_R,1
CTA_803-1105,Ground_Daily,CTA_803or1105_O (06-30-00),CTA_803or1105_O_shape,CTA_803or1105_O,0
CTA_803-1105,Ground_Daily,CTA_803or1105_O (08-00-00),CTA_803or1105_O_shape,CTA_803or1105_O,0
CTA_803-1105,Ground_Daily,CTA_803or1105_O (09-00-00),CTA_803or1105_O_shape,CTA_803or1105_O,0
CTA_803-1105,Ground_Daily,CTA_803or1105_O (11-00-00),CTA_803or1105_O_shape,CTA_803or1105_O,0
CTA_803-1105,Ground_Daily,CTA_803or1105_O (13-00-00),CTA_803or1105_O_shape,CTA_803or1105_O,0
CTA_803-1105,Ground_Daily,CTA_803or1105_O (15-00-00),CTA_803or1105_O_shape,CTA_803or1105_O,0
CTA_803-1105,Ground_Daily,CTA_803or1105_O (17-00-00),CTA_803or1105_O_shape,CTA_803or1105_O,0
CTA_803-1105,Ground_Daily,CTA_803or1105_O (19-00-00),CTA_803or1105_O_shape,CTA_803or1105_O,0
CTA_803-1105,Ground_Daily,CTA_803or1105_O (21-00-00),CTA_803or1105_O_shape,CTA_803or1105_O,0
CTA_803-1105,Ground_Daily,CTA_803or1105_R (06-30-00),CTA_803or1105_R_shape,CTA_803or1105_R,1
CTA_803-1105,Ground_Daily,CTA_803or1105_R (08-00-00),CTA_803or1105_R_shape,CTA_803or1105_R,1
CTA_803-1105,Ground_Daily,CTA_803or1105_R (09-00-00),CTA_803or1105_R_shape,CTA_803or1105_R,1
CTA_803-1105,Ground_Daily,CTA_803or1105_R (11-00-00),CTA_803or1105_R_shape,CTA_803or1105_R,1
CTA_803-1105,Ground_Daily,CTA_803or1105_R (13-00-00),CTA_803or1105_R_shape,CTA_803or1105_R,1
CTA_803-1105,Ground_Daily,CTA_803or1105_R (15-00-00),CTA_803or1105_R_shape,CTA_803or1105_R,1
CTA_803-1105,Ground_Daily,CTA_803or1105_R (17-00-00),CTA_803or1105_R_shape,CTA_803or1105_R,1
CTA_803-1105,Ground_Daily,CTA_803or1105_R (19-00-00),CTA_803or1105_R_shape,CTA_803or1105_R,1
CTA_803-1105,Ground_Daily,CTA_803or1105_R (21-00-00),CTA_803or1105_R_shape,CTA_803or1105_R,1
P_O_14_CA056,Ground_Daily,CTA_80_O (06-30-00),CTA_80_O_shape,CTA_80_O,0
P_O_14_CA056,Ground_Daily,CTA_80_O (08-00-00),CTA_80_O_shape,CTA_80_O,0
P_O_14_CA056,Ground_Daily,CTA_80_O (09-00-00),CTA_80_O_shape,CTA_80_O,0
P_O_14_CA056,Ground_Daily,CTA_80_O (11-00-00),CTA_80_O_shape,CTA_80_O,0
P_O_14_CA056,Ground_Daily,CTA_80_O (13-00-00),CTA_80_O_shape,CTA_80_O,0
P_O_14_CA056,Ground_Daily,CTA_80_O (15-00-00),CTA_80_O_shape,CTA_80_O,0
P_O_14_CA056,Ground_Daily,CTA_80_O (17-00-00),CTA_80_O_shape,CTA_80_O,0
P_O_14_CA056,Ground_Daily,CTA_80_O (19-00-00),CTA_80_O_shape,CTA_80_O,0
P_O_14_CA056,Ground_Daily,CTA_80_O (21-00-00),CTA_80_O_shape,CTA_80_O,0
P_O_14_CA056,Ground_Daily,CTA_80_R (06-30-00),CTA_80_R_shape,CTA_80_R,1
P_O_14_CA056,Ground_Daily,CTA_80_R (08-00-00),CTA_80_R_shape,CTA_80_R,1
P_O_14_CA056,Ground_Daily,CTA_80_R (09-00-00),CTA_80_R_shape,CTA_80_R,1
P_O_14_CA056,Ground_Daily,CTA_80_R (11-00-00),CTA_80_R_shape,CTA_80_R,1
P_O_14_CA056,Ground_Daily,CTA_80_R (13-00-00),CTA_80_R_shape,CTA_80_R,1
P_O_14_CA056,Ground_Daily,CTA_80_R (15-00-00),CTA_80_R_shape,CTA_80_R,1
P_O_14_CA056,Ground_Daily,CTA_80_R (17-00-00),CTA_80_R_shape,CTA_80_R,1
P_O_14_CA056,Ground_Daily,CTA_80_R (19-00-00),CTA_80_R_shape,CTA_80_R,1
P_O_14_CA056,Ground_Daily,CTA_80_R (21-00-00),CTA_80_R_shape,CTA_80_R,1
CTA_810,Ground_Daily,CTA_810_O (06-30-00),CTA_810_O_shape,CTA_810_O,0
CTA_810,Ground_Daily,CTA_810_O (08-00-00),CTA_810_O_shape,CTA_810_O,0
CTA_810,Ground_Daily,CTA_810_O (09-00-00),CTA_810_O_shape,CTA_810_O,0
CTA_810,Ground_Daily,CTA_810_O (11-00-00),CTA_810_O_shape,CTA_810_O,0
CTA_810,Ground_Daily,CTA_810_O (13-00-00),CTA_810_O_shape,CTA_810_O,0
CTA_810,Ground_Daily,CTA_810_O (15-00-00),CTA_810_O_shape,CTA_810_O,0
CTA_810,Ground_Daily,CTA_810_O (17-00-00),CTA_810_O_shape,CTA_810_O,0
CTA_810,Ground_Daily,CTA_810_O (19-00-00),CTA_810_O_shape,CTA_810_O,0
CTA_810,Ground_Daily,CTA_810_O (21-00-00),CTA_810_O_shape,CTA_810_O,0
CTA_810,Ground_Daily,CTA_810_R (06-30-00),CTA_810_R_shape,CTA_810_R,1
CTA_810,Ground_Daily,CTA_810_R (08-00-00),CTA_810_R_shape,CTA_810_R,1
CTA_810,Ground_Daily,CTA_810_R (09-00-00),CTA_810_R_shape,CTA_810_R,1
CTA_810,Ground_Daily,CTA_810_R (11-00-00),CTA_810_R_shape,CTA_810_R,1
CTA_810,Ground_Daily,CTA_810_R (13-00-00),CTA_810_R_shape,CTA_810_R,1
CTA_810,Ground_Daily,CTA_810_R (15-00-00),CTA_810_R_shape,CTA_810_R,1
CTA_810,Ground_Daily,CTA_810_R (17-00-00),CTA_810_R_shape,CTA_810_R,1
CTA_810,Ground_Daily,CTA_810_R (19-00-00),CTA_810_R_shape,CTA_810_R,1
CTA_810,Ground_Daily,CTA_810_R (21-00-00),CTA_810_R_shape,CTA_810_R,1
CTA_811-1090,Ground_Daily,CTA_811or1090_O (06-30-00),CTA_811or1090_O_shape,CTA_811or1090_O,0
CTA_811-1090,Ground_Daily,CTA_811or1090_O (08-00-00),CTA_811or1090_O_shape,CTA_811or1090_O,0
CTA_811-1090,Ground_Daily,CTA_811or1090_O (09-00-00),CTA_811or1090_O_shape,CTA_811or1090_O,0
CTA_811-1090,Ground_Daily,CTA_811or1090_O (11-00-00),CTA_811or1090_O_shape,CTA_811or1090_O,0
CTA_811-1090,Ground_Daily,CTA_811or1090_O (13-00-00),CTA_811or1090_O_shape,CTA_811or1090_O,0
CTA_811-1090,Ground_Daily,CTA_811or1090_O (15-00-00),CTA_811or1090_O_shape,CTA_811or1090_O,0
CTA_811-1090,Ground_Daily,CTA_811or1090_O (17-00-00),CTA_811or1090_O_shape,CTA_811or1090_O,0
CTA_811-1090,Ground_Daily,CTA_811or1090_O (19-00-00),CTA_811or1090_O_shape,CTA_811or1090_O,0
CTA_811-1090,Ground_Daily,CTA_811or1090_O (21-00-00),CTA_811or1090_O_shape,CTA_811or1090_O,0
CTA_811-1090,Ground_Daily,CTA_811or1090_R (06-30-00),CTA_811or1090_R_shape,CTA_811or1090_R,1
CTA_811-1090,Ground_Daily,CTA_811or1090_R (08-00-00),CTA_811or1090_R_shape,CTA_811or1090_R,1
CTA_811-1090,Ground_Daily,CTA_811or1090_R (09-00-00),CTA_811or1090_R_shape,CTA_811or1090_R,1
CTA_811-1090,Ground_Daily,CTA_811or1090_R (11-00-00),CTA_811or1090_R_shape,CTA_811or1090_R,1
CTA_811-1090,Ground_Daily,CTA_811or1090_R (13-00-00),CTA_811or1090_R_shape,CTA_811or1090_R,1
CTA_811-1090,Ground_Daily,CTA_811or1090_R (15-00-00),CTA_811or1090_R_shape,CTA_811or1090_R,1
CTA_811-1090,Ground_Daily,CTA_811or1090_R (17-00-00),CTA_811or1090_R_shape,CTA_811or1090_R,1
CTA_811-1090,Ground_Daily,CTA_811or1090_R (19-00-00),CTA_811or1090_R_shape,CTA_811or1090_R,1
CTA_811-1090,Ground_Daily,CTA_811or1090_R (21-00-00),CTA_811or1090_R_shape,CTA_811or1090_R,1
CTA_814,Ground_Daily,CTA_814_O (06-30-00),CTA_814_O_shape,CTA_814_O,0
CTA_814,Ground_Daily,CTA_814_O (08-00-00),CTA_814_O_shape,CTA_814_O,0
CTA_814,Ground_Daily,CTA_814_O (09-00-00),CTA_814_O_shape,CTA_814_O,0
CTA_814,Ground_Daily,CTA_814_O (11-00-00),CTA_814_O_shape,CTA_814_O,0
CTA_814,Ground_Daily,CTA_814_O (13-00-00),CTA_814_O_shape,CTA_814_O,0
CTA_814,Ground_Daily,CTA_814_O (15-00-00),CTA_814_O_shape,CTA_814_O,0
CTA_814,Ground_Daily,CTA_814_O (17-00-00),CTA_814_O_shape,CTA_814_O,0
CTA_814,Ground_Daily,CTA_814_O (19-00-00),CTA_814_O_shape,CTA_814_O,0
CTA_814,Ground_Daily,CTA_814_O (21-00-00),CTA_814_O_shape,CTA_814_O,0
CTA_814,Ground_Daily,CTA_814_R (06-30-00),CTA_814_R_shape,CTA_814_R,1
CTA_814,Ground_Daily,CTA_814_R (08-00-00),CTA_814_R_shape,CTA_814_R,1
CTA_814,Ground_Daily,CTA_814_R (09-00-00),CTA_814_R_shape,CTA_814_R,1
CTA_814,Ground_Daily,CTA_814_R (11-00-00),CTA_814_R_shape,CTA_814_R,1
CTA_814,Ground_Daily,CTA_814_R (13-00-00),CTA_814_R_shape,CTA_814_R,1
CTA_814,Ground_Daily,CTA_814_R (15-00-00),CTA_814_R_shape,CTA_814_R,1
CTA_814,Ground_Daily,CTA_814_R (17-00-00),CTA_814_R_shape,CTA_814_R,1
CTA_814,Ground_Daily,CTA_814_R (19-00-00),CTA_814_R_shape,CTA_814_R,1
CTA_814,Ground_Daily,CTA_814_R (21-00-00),CTA_814_R_shape,CTA_814_R,1
CTA_815,Ground_Daily,CTA_815_R (06-30-00),CTA_815_R_shape,CTA_815_R,1
CTA_815,Ground_Daily,CTA_815_R (08-00-00),CTA_815_R_shape,CTA_815_R,1
CTA_815,Ground_Daily,CTA_815_R (09-00-00),CTA_815_R_shape,CTA_815_R,1
CTA_815,Ground_Daily,CTA_815_R (11-00-00),CTA_815_R_shape,CTA_815_R,1
CTA_815,Ground_Daily,CTA_815_R (13-00-00),CTA_815_R_shape,CTA_815_R,1
CTA_815,Ground_Daily,CTA_815_R (15-00-00),CTA_815_R_shape,CTA_815_R,1
CTA_815,Ground_Daily,CTA_815_R (17-00-00),CTA_815_R_shape,CTA_815_R,1
CTA_815,Ground_Daily,CTA_815_R (19-00-00),CTA_815_R_shape,CTA_815_R,1
CTA_815,Ground_Daily,CTA_815_R (21-00-00),CTA_815_R_shape,CTA_815_R,1
CTA_824,Ground_Daily,CTA_824_O (06-30-00),CTA_824_O_shape,CTA_824_O,0
CTA_824,Ground_Daily,CTA_824_O (08-00-00),CTA_824_O_shape,CTA_824_O,0
CTA_824,Ground_Daily,CTA_824_O (09-00-00),CTA_824_O_shape,CTA_824_O,0
CTA_824,Ground_Daily,CTA_824_O (11-00-00),CTA_824_O_shape,CTA_824_O,0
CTA_824,Ground_Daily,CTA_824_O (13-00-00),CTA_824_O_shape,CTA_824_O,0
CTA_824,Ground_Daily,CTA_824_O (15-00-00),CTA_824_O_shape,CTA_824_O,0
CTA_824,Ground_Daily,CTA_824_O (17-00-00),CTA_824_O_shape,CTA_824_O,0
CTA_824,Ground_Daily,CTA_824_O (19-00-00),CTA_824_O_shape,CTA_824_O,0
CTA_824,Ground_Daily,CTA_824_O (21-00-00),CTA_824_O_shape,CTA_824_O,0
CTA_824,Ground_Daily,CTA_824_R (06-30-00),CTA_824_R_shape,CTA_824_R,1
CTA_824,Ground_Daily,CTA_824_R (08-00-00),CTA_824_R_shape,CTA_824_R,1
CTA_824,Ground_Daily,CTA_824_R (09-00-00),CTA_824_R_shape,CTA_824_R,1
CTA_824,Ground_Daily,CTA_824_R (11-00-00),CTA_824_R_shape,CTA_824_R,1
CTA_824,Ground_Daily,CTA_824_R (13-00-00),CTA_824_R_shape,CTA_824_R,1
CTA_824,Ground_Daily,CTA_824_R (15-00-00),CTA_824_R_shape,CTA_824_R,1
CTA_824,Ground_Daily,CTA_824_R (17-00-00),CTA_824_R_shape,CTA_824_R,1
CTA_824,Ground_Daily,CTA_824_R (19-00-00),CTA_824_R_shape,CTA_824_R,1
CTA_824,Ground_Daily,CTA_824_R (21-00-00),CTA_824_R_shape,CTA_824_R,1
CTA_828,Ground_Daily,CTA_828_O (06-30-00),CTA_828_O_shape,CTA_828_O,0
CTA_828,Ground_Daily,CTA_828_O (08-00-00),CTA_828_O_shape,CTA_828_O,0
CTA_828,Ground_Daily,CTA_828_O (09-00-00),CTA_828_O_shape,CTA_828_O,0
CTA_828,Ground_Daily,CTA_828_O (11-00-00),CTA_828_O_shape,CTA_828_O,0
CTA_828,Ground_Daily,CTA_828_O (13-00-00),CTA_828_O_shape,CTA_828_O,0
CTA_828,Ground_Daily,CTA_828_O (15-00-00),CTA_828_O_shape,CTA_828_O,0
CTA_828,Ground_Daily,CTA_828_O (17-00-00),CTA_828_O_shape,CTA_828_O,0
CTA_828,Ground_Daily,CTA_828_O (19-00-00),CTA_828_O_shape,CTA_828_O,0
CTA_828,Ground_Daily,CTA_828_O (21-00-00),CTA_828_O_shape,CTA_828_O,0
CTA_828,Ground_Daily,CTA_828_R (06-30-00),CTA_828_R_shape,CTA_828_R,1
CTA_828,Ground_Daily,CTA_828_R (08-00-00),CTA_828_R_shape,CTA_828_R,1
CTA_828,Ground_Daily,CTA_828_R (09-00-00),CTA_828_R_shape,CTA_828_R,1
CTA_828,Ground_Daily,CTA_828_R (11-00-00),CTA_828_R_shape,CTA_828_R,1
CTA_828,Ground_Daily,CTA_828_R (13-00-00),CTA_828_R_shape,CTA_828_R,1
CTA_828,Ground_Daily,CTA_828_R (15-00-00),CTA_828_R_shape,CTA_828_R,1
CTA_828,Ground_Daily,CTA_828_R (17-00-00),CTA_828_R_shape,CTA_828_R,1
CTA_828,Ground_Daily,CTA_828_R (19-00-00),CTA_828_R_shape,CTA_828_R,1
CTA_828,Ground_Daily,CTA_828_R (21-00-00),CTA_828_R_shape,CTA_828_R,1
CTA_82S,Ground_Daily,CTA_82S_R (06-30-00),CTA_82S_R_shape,CTA_82S_R,1
CTA_82S,Ground_Daily,CTA_82S_R (08-00-00),CTA_82S_R_shape,CTA_82S_R,1
CTA_82S,Ground_Daily,CTA_82S_R (09-00-00),CTA_82S_R_shape,CTA_82S_R,1
CTA_82S,Ground_Daily,CTA_82S_R (11-00-00),CTA_82S_R_shape,CTA_82S_R,1
CTA_82S,Ground_Daily,CTA_82S_R (13-00-00),CTA_82S_R_shape,CTA_82S_R,1
CTA_82S,Ground_Daily,CTA_82S_R (15-00-00),CTA_82S_R_shape,CTA_82S_R,1
CTA_82S,Ground_Daily,CTA_82S_R (17-00-00),CTA_82S_R_shape,CTA_82S_R,1
CTA_82S,Ground_Daily,CTA_82S_R (19-00-00),CTA_82S_R_shape,CTA_82S_R,1
CTA_82S,Ground_Daily,CTA_82S_R (21-00-00),CTA_82S_R_shape,CTA_82S_R,1
P_O_14_CA056,Ground_Daily,CTA_82_O (06-30-00),CTA_82_O_shape,CTA_82_O,0
P_O_14_CA056,Ground_Daily,CTA_82_O (08-00-00),CTA_82_O_shape,CTA_82_O,0
P_O_14_CA056,Ground_Daily,CTA_82_O (09-00-00),CTA_82_O_shape,CTA_82_O,0
P_O_14_CA056,Ground_Daily,CTA_82_O (11-00-00),CTA_82_O_shape,CTA_82_O,0
P_O_14_CA056,Ground_Daily,CTA_82_O (13-00-00),CTA_82_O_shape,CTA_82_O,0
P_O_14_CA056,Ground_Daily,CTA_82_O (15-00-00),CTA_82_O_shape,CTA_82_O,0
P_O_14_CA056,Ground_Daily,CTA_82_O (17-00-00),CTA_82_O_shape,CTA_82_O,0
P_O_14_CA056,Ground_Daily,CTA_82_O (19-00-00),CTA_82_O_shape,CTA_82_O,0
P_O_14_CA056,Ground_Daily,CTA_82_O (21-00-00),CTA_82_O_shape,CTA_82_O,0
P_O_14_CA056,Ground_Daily,CTA_82_R (06-30-00),CTA_82_R_shape,CTA_82_R,1
P_O_14_CA056,Ground_Daily,CTA_82_R (08-00-00),CTA_82_R_shape,CTA_82_R,1
P_O_14_CA056,Ground_Daily,CTA_82_R (09-00-00),CTA_82_R_shape,CTA_82_R,1
P_O_14_CA056,Ground_Daily,CTA_82_R (11-00-00),CTA_82_R_shape,CTA_82_R,1
P_O_14_CA056,Ground_Daily,CTA_82_R (13-00-00),CTA_82_R_shape,CTA_82_R,1
P_O_14_CA056,Ground_Daily,CTA_82_R (15-00-00),CTA_82_R_shape,CTA_82_R,1
P_O_14_CA056,Ground_Daily,CTA_82_R (17-00-00),CTA_82_R_shape,CTA_82_R,1
P_O_14_CA056,Ground_Daily,CTA_82_R (19-00-00),CTA_82_R_shape,CTA_82_R,1
P_O_14_CA056,Ground_Daily,CTA_82_R (21-00-00),CTA_82_R_shape,CTA_82_R,1
CTA_831,Ground_Daily,CTA_831_O (06-30-00),CTA_831_O_shape,CTA_831_O,0
CTA_831,Ground_Daily,CTA_831_O (08-00-00),CTA_831_O_shape,CTA_831_O,0
CTA_831,Ground_Daily,CTA_831_O (09-00-00),CTA_831_O_shape,CTA_831_O,0
CTA_831,Ground_Daily,CTA_831_O (11-00-00),CTA_831_O_shape,CTA_831_O,0
CTA_831,Ground_Daily,CTA_831_O (13-00-00),CTA_831_O_shape,CTA_831_O,0
CTA_831,Ground_Daily,CTA_831_O (15-00-00),CTA_831_O_shape,CTA_831_O,0
CTA_831,Ground_Daily,CTA_831_O (17-00-00),CTA_831_O_shape,CTA_831_O,0
CTA_831,Ground_Daily,CTA_831_O (19-00-00),CTA_831_O_shape,CTA_831_O,0
CTA_831,Ground_Daily,CTA_831_O (21-00-00),CTA_831_O_shape,CTA_831_O,0
CTA_831,Ground_Daily,CTA_831_R (06-30-00),CTA_831_R_shape,CTA_831_R,1
CTA_831,Ground_Daily,CTA_831_R (08-00-00),CTA_831_R_shape,CTA_831_R,1
CTA_831,Ground_Daily,CTA_831_R (09-00-00),CTA_831_R_shape,CTA_831_R,1
CTA_831,Ground_Daily,CTA_831_R (11-00-00),CTA_831_R_shape,CTA_831_R,1
CTA_831,Ground_Daily,CTA_831_R (13-00-00),CTA_831_R_shape,CTA_831_R,1
CTA_831,Ground_Daily,CTA_831_R (15-00-00),CTA_831_R_shape,CTA_831_R,1
CTA_831,Ground_Daily,CTA_831_R (17-00-00),CTA_831_R_shape,CTA_831_R,1
CTA_831,Ground_Daily,CTA_831_R (19-00-00),CTA_831_R_shape,CTA_831_R,1
CTA_831,Ground_Daily,CTA_831_R (21-00-00),CTA_831_R_shape,CTA_831_R,1
CTA_833,Ground_Daily,CTA_833_O (06-30-00),CTA_833_O_shape,CTA_833_O,0
CTA_833,Ground_Daily,CTA_833_O (08-00-00),CTA_833_O_shape,CTA_833_O,0
CTA_833,Ground_Daily,CTA_833_O (09-00-00),CTA_833_O_shape,CTA_833_O,0
CTA_833,Ground_Daily,CTA_833_O (11-00-00),CTA_833_O_shape,CTA_833_O,0
CTA_833,Ground_Daily,CTA_833_O (13-00-00),CTA_833_O_shape,CTA_833_O,0
CTA_833,Ground_Daily,CTA_833_O (15-00-00),CTA_833_O_shape,CTA_833_O,0
CTA_833,Ground_Daily,CTA_833_O (17-00-00),CTA_833_O_shape,CTA_833_O,0
CTA_833,Ground_Daily,CTA_833_O (19-00-00),CTA_833_O_shape,CTA_833_O,0
CTA_833,Ground_Daily,CTA_833_O (21-00-00),CTA_833_O_shape,CTA_833_O,0
CTA_833,Ground_Daily,CTA_833_R (06-30-00),CTA_833_R_shape,CTA_833_R,1
CTA_833,Ground_Daily,CTA_833_R (08-00-00),CTA_833_R_shape,CTA_833_R,1
CTA_833,Ground_Daily,CTA_833_R (09-00-00),CTA_833_R_shape,CTA_833_R,1
CTA_833,Ground_Daily,CTA_833_R (11-00-00),CTA_833_R_shape,CTA_833_R,1
CTA_833,Ground_Daily,CTA_833_R (13-00-00),CTA_833_R_shape,CTA_833_R,1
CTA_833,Ground_Daily,CTA_833_R (15-00-00),CTA_833_R_shape,CTA_833_R,1
CTA_833,Ground_Daily,CTA_833_R (17-00-00),CTA_833_R_shape,CTA_833_R,1
CTA_833,Ground_Daily,CTA_833_R (19-00-00),CTA_833_R_shape,CTA_833_R,1
CTA_833,Ground_Daily,CTA_833_R (21-00-00),CTA_833_R_shape,CTA_833_R,1
CTA_840,Ground_Daily,CTA_840_O (06-30-00),CTA_840_O_shape,CTA_840_O,0
CTA_840,Ground_Daily,CTA_840_O (08-00-00),CTA_840_O_shape,CTA_840_O,0
CTA_840,Ground_Daily,CTA_840_O (09-00-00),CTA_840_O_shape,CTA_840_O,0
CTA_840,Ground_Daily,CTA_840_O (11-00-00),CTA_840_O_shape,CTA_840_O,0
CTA_840,Ground_Daily,CTA_840_O (13-00-00),CTA_840_O_shape,CTA_840_O,0
CTA_840,Ground_Daily,CTA_840_O (15-00-00),CTA_840_O_shape,CTA_840_O,0
CTA_840,Ground_Daily,CTA_840_O (17-00-00),CTA_840_O_shape,CTA_840_O,0
CTA_840,Ground_Daily,CTA_840_O (19-00-00),CTA_840_O_shape,CTA_840_O,0
CTA_840,Ground_Daily,CTA_840_O (21-00-00),CTA_840_O_shape,CTA_840_O,0
CTA_840,Ground_Daily,CTA_840_R (06-30-00),CTA_840_R_shape,CTA_840_R,1
CTA_840,Ground_Daily,CTA_840_R (08-00-00),CTA_840_R_shape,CTA_840_R,1
CTA_840,Ground_Daily,CTA_840_R (09-00-00),CTA_840_R_shape,CTA_840_R,1
CTA_840,Ground_Daily,CTA_840_R (11-00-00),CTA_840_R_shape,CTA_840_R,1
CTA_840,Ground_Daily,CTA_840_R (13-00-00),CTA_840_R_shape,CTA_840_R,1
CTA_840,Ground_Daily,CTA_840_R (15-00-00),CTA_840_R_shape,CTA_840_R,1
CTA_840,Ground_Daily,CTA_840_R (17-00-00),CTA_840_R_shape,CTA_840_R,1
CTA_840,Ground_Daily,CTA_840_R (19-00-00),CTA_840_R_shape,CTA_840_R,1
CTA_840,Ground_Daily,CTA_840_R (21-00-00),CTA_840_R_shape,CTA_840_R,1
CTA_855-1070,Ground_Daily,CTA_855or1070_O (06-30-00),CTA_855or1070_O_shape,CTA_855or1070_O,0
CTA_855-1070,Ground_Daily,CTA_855or1070_O (08-00-00),CTA_855or1070_O_shape,CTA_855or1070_O,0
CTA_855-1070,Ground_Daily,CTA_855or1070_O (09-00-00),CTA_855or1070_O_shape,CTA_855or1070_O,0
CTA_855-1070,Ground_Daily,CTA_855or1070_O (11-00-00),CTA_855or1070_O_shape,CTA_855or1070_O,0
CTA_855-1070,Ground_Daily,CTA_855or1070_O (13-00-00),CTA_855or1070_O_shape,CTA_855or1070_O,0
CTA_855-1070,Ground_Daily,CTA_855or1070_O (15-00-00),CTA_855or1070_O_shape,CTA_855or1070_O,0
CTA_855-1070,Ground_Daily,CTA_855or1070_O (17-00-00),CTA_855or1070_O_shape,CTA_855or1070_O,0
CTA_855-1070,Ground_Daily,CTA_855or1070_O (19-00-00),CTA_855or1070_O_shape,CTA_855or1070_O,0
CTA_855-1070,Ground_Daily,CTA_855or1070_O (21-00-00),CTA_855or1070_O_shape,CTA_855or1070_O,0
CTA_855-1070,Ground_Daily,CTA_855or1070_R (06-30-00),CTA_855or1070_R_shape,CTA_855or1070_R,1
CTA_855-1070,Ground_Daily,CTA_855or1070_R (08-00-00),CTA_855or1070_R_shape,CTA_855or1070_R,1
CTA_855-1070,Ground_Daily,CTA_855or1070_R (09-00-00),CTA_855or1070_R_shape,CTA_855or1070_R,1
CTA_855-1070,Ground_Daily,CTA_855or1070_R (11-00-00),CTA_855or1070_R_shape,CTA_855or1070_R,1
CTA_855-1070,Ground_Daily,CTA_855or1070_R (13-00-00),CTA_855or1070_R_shape,CTA_855or1070_R,1
CTA_855-1070,Ground_Daily,CTA_855or1070_R (15-00-00),CTA_855or1070_R_shape,CTA_855or1070_R,1
CTA_855-1070,Ground_Daily,CTA_855or1070_R (17-00-00),CTA_855or1070_R_shape,CTA_855or1070_R,1
CTA_855-1070,Ground_Daily,CTA_855or1070_R (19-00-00),CTA_855or1070_R_shape,CTA_855or1070_R,1
CTA_855-1070,Ground_Daily,CTA_855or1070_R (21-00-00),CTA_855or1070_R_shape,CTA_855or1070_R,1
P_O_14_CA056,Ground_Daily,CTA_86_O (06-30-00),CTA_86_O_shape,CTA_86_O,0
P_O_14_CA056,Ground_Daily,CTA_86_O (08-00-00),CTA_86_O_shape,CTA_86_O,0
P_O_14_CA056,Ground_Daily,CTA_86_O (09-00-00),CTA_86_O_shape,CTA_86_O,0
P_O_14_CA056,Ground_Daily,CTA_86_O (11-00-00),CTA_86_O_shape,CTA_86_O,0
P_O_14_CA056,Ground_Daily,CTA_86_O (13-00-00),CTA_86_O_shape,CTA_86_O,0
P_O_14_CA056,Ground_Daily,CTA_86_O (15-00-00),CTA_86_O_shape,CTA_86_O,0
P_O_14_CA056,Ground_Daily,CTA_86_O (17-00-00),CTA_86_O_shape,CTA_86_O,0
P_O_14_CA056,Ground_Daily,CTA_86_O (19-00-00),CTA_86_O_shape,CTA_86_O,0
P_O_14_CA056,Ground_Daily,CTA_86_O (21-00-00),CTA_86_O_shape,CTA_86_O,0
P_O_14_CA056,Ground_Daily,CTA_86_R (06-30-00),CTA_86_R_shape,CTA_86_R,1
P_O_14_CA056,Ground_Daily,CTA_86_R (08-00-00),CTA_86_R_shape,CTA_86_R,1
P_O_14_CA056,Ground_Daily,CTA_86_R (09-00-00),CTA_86_R_shape,CTA_86_R,1
P_O_14_CA056,Ground_Daily,CTA_86_R (11-00-00),CTA_86_R_shape,CTA_86_R,1
P_O_14_CA056,Ground_Daily,CTA_86_R (13-00-00),CTA_86_R_shape,CTA_86_R,1
P_O_14_CA056,Ground_Daily,CTA_86_R (15-00-00),CTA_86_R_shape,CTA_86_R,1
P_O_14_CA056,Ground_Daily,CTA_86_R (17-00-00),CTA_86_R_shape,CTA_86_R,1
P_O_14_CA056,Ground_Daily,CTA_86_R (19-00-00),CTA_86_R_shape,CTA_86_R,1
P_O_14_CA056,Ground_Daily,CTA_86_R (21-00-00),CTA_86_R_shape,CTA_86_R,1
CTA_888,Ground_Daily,CTA_888_O (06-30-00),CTA_888_O_shape,CTA_888_O,0
CTA_888,Ground_Daily,CTA_888_O (08-00-00),CTA_888_O_shape,CTA_888_O,0
CTA_888,Ground_Daily,CTA_888_O (09-00-00),CTA_888_O_shape,CTA_888_O,0
CTA_888,Ground_Daily,CTA_888_O (11-00-00),CTA_888_O_shape,CTA_888_O,0
CTA_888,Ground_Daily,CTA_888_O (13-00-00),CTA_888_O_shape,CTA_888_O,0
CTA_888,Ground_Daily,CTA_888_O (15-00-00),CTA_888_O_shape,CTA_888_O,0
CTA_888,Ground_Daily,CTA_888_O (17-00-00),CTA_888_O_shape,CTA_888_O,0
CTA_888,Ground_Daily,CTA_888_O (19-00-00),CTA_888_O_shape,CTA_888_O,0
CTA_888,Ground_Daily,CTA_888_O (21-00-00),CTA_888_O_shape,CTA_888_O,0
CTA_888,Ground_Daily,CTA_888_R (06-30-00),CTA_888_R_shape,CTA_888_R,1
CTA_888,Ground_Daily,CTA_888_R (08-00-00),CTA_888_R_shape,CTA_888_R,1
CTA_888,Ground_Daily,CTA_888_R (09-00-00),CTA_888_R_shape,CTA_888_R,1
CTA_888,Ground_Daily,CTA_888_R (11-00-00),CTA_888_R_shape,CTA_888_R,1
CTA_888,Ground_Daily,CTA_888_R (13-00-00),CTA_888_R_shape,CTA_888_R,1
CTA_888,Ground_Daily,CTA_888_R (15-00-00),CTA_888_R_shape,CTA_888_R,1
CTA_888,Ground_Daily,CTA_888_R (17-00-00),CTA_888_R_shape,CTA_888_R,1
CTA_888,Ground_Daily,CTA_888_R (19-00-00),CTA_888_R_shape,CTA_888_R,1
CTA_888,Ground_Daily,CTA_888_R (21-00-00),CTA_888_R_shape,CTA_888_R,1
P_O_14_CA056,Ground_Daily,CTA_8S_O (06-30-00),CTA_8S_O_shape,CTA_8S_O,0
P_O_14_CA056,Ground_Daily,CTA_8S_O (08-00-00),CTA_8S_O_shape,CTA_8S_O,0
P_O_14_CA056,Ground_Daily,CTA_8S_O (09-00-00),CTA_8S_O_shape,CTA_8S_O,0
P_O_14_CA056,Ground_Daily,CTA_8S_O (11-00-00),CTA_8S_O_shape,CTA_8S_O,0
P_O_14_CA056,Ground_Daily,CTA_8S_O (13-00-00),CTA_8S_O_shape,CTA_8S_O,0
P_O_14_CA056,Ground_Daily,CTA_8S_O (15-00-00),CTA_8S_O_shape,CTA_8S_O,0
P_O_14_CA056,Ground_Daily,CTA_8S_O (17-00-00),CTA_8S_O_shape,CTA_8S_O,0
P_O_14_CA056,Ground_Daily,CTA_8S_O (19-00-00),CTA_8S_O_shape,CTA_8S_O,0
P_O_14_CA056,Ground_Daily,CTA_8S_O (21-00-00),CTA_8S_O_shape,CTA_8S_O,0
P_O_14_CA056,Ground_Daily,CTA_8S_R (06-30-00),CTA_8S_R_shape,CTA_8S_R,1
P_O_14_CA056,Ground_Daily,CTA_8S_R (08-00-00),CTA_8S_R_shape,CTA_8S_R,1
P_O_14_CA056,Ground_Daily,CTA_8S_R (09-00-00),CTA_8S_R_shape,CTA_8S_R,1
P_O_14_CA056,Ground_Daily,CTA_8S_R (11-00-00),CTA_8S_R_shape,CTA_8S_R,1
P_O_14_CA056,Ground_Daily,CTA_8S_R (13-00-00),CTA_8S_R_shape,CTA_8S_R,1
P_O_14_CA056,Ground_Daily,CTA_8S_R (15-00-00),CTA_8S_R_shape,CTA_8S_R,1
P_O_14_CA056,Ground_Daily,CTA_8S_R (17-00-00),CTA_8S_R_shape,CTA_8S_R,1
P_O_14_CA056,Ground_Daily,CTA_8S_R (19-00-00),CTA_8S_R_shape,CTA_8S_R,1
P_O_14_CA056,Ground_Daily,CTA_8S_R (21-00-00),CTA_8S_R_shape,CTA_8S_R,1
P_O_14_CA056,Ground_Daily,CTA_8T_O (06-30-00),CTA_8T_O_shape,CTA_8T_O,0
P_O_14_CA056,Ground_Daily,CTA_8T_O (08-00-00),CTA_8T_O_shape,CTA_8T_O,0
P_O_14_CA056,Ground_Daily,CTA_8T_O (09-00-00),CTA_8T_O_shape,CTA_8T_O,0
P_O_14_CA056,Ground_Daily,CTA_8T_O (11-00-00),CTA_8T_O_shape,CTA_8T_O,0
P_O_14_CA056,Ground_Daily,CTA_8T_O (13-00-00),CTA_8T_O_shape,CTA_8T_O,0
P_O_14_CA056,Ground_Daily,CTA_8T_O (15-00-00),CTA_8T_O_shape,CTA_8T_O,0
P_O_14_CA056,Ground_Daily,CTA_8T_O (17-00-00),CTA_8T_O_shape,CTA_8T_O,0
P_O_14_CA056,Ground_Daily,CTA_8T_O (19-00-00),CTA_8T_O_shape,CTA_8T_O,0
P_O_14_CA056,Ground_Daily,CTA_8T_O (21-00-00),CTA_8T_O_shape,CTA_8T_O,0
CTA_900,Ground_Daily,CTA_900_O (06-30-00),CTA_900_O_shape,CTA_900_O,0
CTA_900,Ground_Daily,CTA_900_O (08-00-00),CTA_900_O_shape,CTA_900_O,0
CTA_900,Ground_Daily,CTA_900_O (09-00-00),CTA_900_O_shape,CTA_900_O,0
CTA_900,Ground_Daily,CTA_900_O (11-00-00),CTA_900_O_shape,CTA_900_O,0
CTA_900,Ground_Daily,CTA_900_O (13-00-00),CTA_900_O_shape,CTA_900_O,0
CTA_900,Ground_Daily,CTA_900_O (15-00-00),CTA_900_O_shape,CTA_900_O,0
CTA_900,Ground_Daily,CTA_900_O (17-00-00),CTA_900_O_shape,CTA_900_O,0
CTA_900,Ground_Daily,CTA_900_O (19-00-00),CTA_900_O_shape,CTA_900_O,0
CTA_900,Ground_Daily,CTA_900_O (21-00-00),CTA_900_O_shape,CTA_900_O,0
CTA_900,Ground_Daily,CTA_900_R (06-30-00),CTA_900_R_shape,CTA_900_R,1
CTA_900,Ground_Daily,CTA_900_R (08-00-00),CTA_900_R_shape,CTA_900_R,1
CTA_900,Ground_Daily,CTA_900_R (09-00-00),CTA_900_R_shape,CTA_900_R,1
CTA_900,Ground_Daily,CTA_900_R (11-00-00),CTA_900_R_shape,CTA_900_R,1
CTA_900,Ground_Daily,CTA_900_R (13-00-00),CTA_900_R_shape,CTA_900_R,1
CTA_900,Ground_Daily,CTA_900_R (15-00-00),CTA_900_R_shape,CTA_900_R,1
CTA_900,Ground_Daily,CTA_900_R (17-00-00),CTA_900_R_shape,CTA_900_R,1
CTA_900,Ground_Daily,CTA_900_R (19-00-00),CTA_900_R_shape,CTA_900_R,1
CTA_900,Ground_Daily,CTA_900_R (21-00-00),CTA_900_R_shape,CTA_900_R,1
CTA_910,Ground_Daily,CTA_910_O (06-30-00),CTA_910_O_shape,CTA_910_O,0
CTA_910,Ground_Daily,CTA_910_O (08-00-00),CTA_910_O_shape,CTA_910_O,0
CTA_910,Ground_Daily,CTA_910_O (09-00-00),CTA_910_O_shape,CTA_910_O,0
CTA_910,Ground_Daily,CTA_910_O (11-00-00),CTA_910_O_shape,CTA_910_O,0
CTA_910,Ground_Daily,CTA_910_O (13-00-00),CTA_910_O_shape,CTA_910_O,0
CTA_910,Ground_Daily,CTA_910_O (15-00-00),CTA_910_O_shape,CTA_910_O,0
CTA_910,Ground_Daily,CTA_910_O (17-00-00),CTA_910_O_shape,CTA_910_O,0
CTA_910,Ground_Daily,CTA_910_O (19-00-00),CTA_910_O_shape,CTA_910_O,0
CTA_910,Ground_Daily,CTA_910_O (21-00-00),CTA_910_O_shape,CTA_910_O,0
CTA_910,Ground_Daily,CTA_910_R (06-30-00),CTA_910_R_shape,CTA_910_R,1
CTA_910,Ground_Daily,CTA_910_R (08-00-00),CTA_910_R_shape,CTA_910_R,1
CTA_910,Ground_Daily,CTA_910_R (09-00-00),CTA_910_R_shape,CTA_910_R,1
CTA_910,Ground_Daily,CTA_910_R (11-00-00),CTA_910_R_shape,CTA_910_R,1
CTA_910,Ground_Daily,CTA_910_R (13-00-00),CTA_910_R_shape,CTA_910_R,1
CTA_910,Ground_Daily,CTA_910_R (15-00-00),CTA_910_R_shape,CTA_910_R,1
CTA_910,Ground_Daily,CTA_910_R (17-00-00),CTA_910_R_shape,CTA_910_R,1
CTA_910,Ground_Daily,CTA_910_R (19-00-00),CTA_910_R_shape,CTA_910_R,1
CTA_910,Ground_Daily,CTA_910_R (21-00-00),CTA_910_R_shape,CTA_910_R,1
CTA_912-1048,Ground_Daily,CTA_912or1048_O (06-30-00),CTA_912or1048_O_shape,CTA_912or1048_O,0
CTA_912-1048,Ground_Daily,CTA_912or1048_O (08-00-00),CTA_912or1048_O_shape,CTA_912or1048_O,0
CTA_912-1048,Ground_Daily,CTA_912or1048_O (09-00-00),CTA_912or1048_O_shape,CTA_912or1048_O,0
CTA_912-1048,Ground_Daily,CTA_912or1048_O (11-00-00),CTA_912or1048_O_shape,CTA_912or1048_O,0
CTA_912-1048,Ground_Daily,CTA_912or1048_O (13-00-00),CTA_912or1048_O_shape,CTA_912or1048_O,0
CTA_912-1048,Ground_Daily,CTA_912or1048_O (15-00-00),CTA_912or1048_O_shape,CTA_912or1048_O,0
CTA_912-1048,Ground_Daily,CTA_912or1048_O (17-00-00),CTA_912or1048_O_shape,CTA_912or1048_O,0
CTA_912-1048,Ground_Daily,CTA_912or1048_O (19-00-00),CTA_912or1048_O_shape,CTA_912or1048_O,0
CTA_912-1048,Ground_Daily,CTA_912or1048_O (21-00-00),CTA_912or1048_O_shape,CTA_912or1048_O,0
CTA_914,Ground_Daily,CTA_914_O (06-30-00),CTA_914_O_shape,CTA_914_O,0
CTA_914,Ground_Daily,CTA_914_O (08-00-00),CTA_914_O_shape,CTA_914_O,0
CTA_914,Ground_Daily,CTA_914_O (09-00-00),CTA_914_O_shape,CTA_914_O,0
CTA_914,Ground_Daily,CTA_914_O (11-00-00),CTA_914_O_shape,CTA_914_O,0
CTA_914,Ground_Daily,CTA_914_O (13-00-00),CTA_914_O_shape,CTA_914_O,0
CTA_914,Ground_Daily,CTA_914_O (15-00-00),CTA_914_O_shape,CTA_914_O,0
CTA_914,Ground_Daily,CTA_914_O (17-00-00),CTA_914_O_shape,CTA_914_O,0
CTA_914,Ground_Daily,CTA_914_O (19-00-00),CTA_914_O_shape,CTA_914_O,0
CTA_914,Ground_Daily,CTA_914_O (21-00-00),CTA_914_O_shape,CTA_914_O,0
CTA_914,Ground_Daily,CTA_914_R (06-30-00),CTA_914_R_shape,CTA_914_R,1
CTA_914,Ground_Daily,CTA_914_R (08-00-00),CTA_914_R_shape,CTA_914_R,1
CTA_914,Ground_Daily,CTA_914_R (09-00-00),CTA_914_R_shape,CTA_914_R,1
CTA_914,Ground_Daily,CTA_914_R (11-00-00),CTA_914_R_shape,CTA_914_R,1
CTA_914,Ground_Daily,CTA_914_R (13-00-00),CTA_914_R_shape,CTA_914_R,1
CTA_914,Ground_Daily,CTA_914_R (15-00-00),CTA_914_R_shape,CTA_914_R,1
CTA_914,Ground_Daily,CTA_914_R (17-00-00),CTA_914_R_shape,CTA_914_R,1
CTA_914,Ground_Daily,CTA_914_R (19-00-00),CTA_914_R_shape,CTA_914_R,1
CTA_914,Ground_Daily,CTA_914_R (21-00-00),CTA_914_R_shape,CTA_914_R,1
CTA_915,Ground_Daily,CTA_915_O (06-30-00),CTA_915_O_shape,CTA_915_O,0
CTA_915,Ground_Daily,CTA_915_O (08-00-00),CTA_915_O_shape,CTA_915_O,0
CTA_915,Ground_Daily,CTA_915_O (09-00-00),CTA_915_O_shape,CTA_915_O,0
CTA_915,Ground_Daily,CTA_915_O (11-00-00),CTA_915_O_shape,CTA_915_O,0
CTA_915,Ground_Daily,CTA_915_O (13-00-00),CTA_915_O_shape,CTA_915_O,0
CTA_915,Ground_Daily,CTA_915_O (15-00-00),CTA_915_O_shape,CTA_915_O,0
CTA_915,Ground_Daily,CTA_915_O (17-00-00),CTA_915_O_shape,CTA_915_O,0
CTA_915,Ground_Daily,CTA_915_O (19-00-00),CTA_915_O_shape,CTA_915_O,0
CTA_915,Ground_Daily,CTA_915_O (21-00-00),CTA_915_O_shape,CTA_915_O,0
CTA_915,Ground_Daily,CTA_915_R (06-30-00),CTA_915_R_shape,CTA_915_R,1
CTA_915,Ground_Daily,CTA_915_R (08-00-00),CTA_915_R_shape,CTA_915_R,1
CTA_915,Ground_Daily,CTA_915_R (09-00-00),CTA_915_R_shape,CTA_915_R,1
CTA_915,Ground_Daily,CTA_915_R (11-00-00),CTA_915_R_shape,CTA_915_R,1
CTA_915,Ground_Daily,CTA_915_R (13-00-00),CTA_915_R_shape,CTA_915_R,1
CTA_915,Ground_Daily,CTA_915_R (15-00-00),CTA_915_R_shape,CTA_915_R,1
CTA_915,Ground_Daily,CTA_915_R (17-00-00),CTA_915_R_shape,CTA_915_R,1
CTA_915,Ground_Daily,CTA_915_R (19-00-00),CTA_915_R_shape,CTA_915_R,1
CTA_915,Ground_Daily,CTA_915_R (21-00-00),CTA_915_R_shape,CTA_915_R,1
CTA_916,Ground_Daily,CTA_916_O (06-30-00),CTA_916_O_shape,CTA_916_O,0
CTA_916,Ground_Daily,CTA_916_O (08-00-00),CTA_916_O_shape,CTA_916_O,0
CTA_916,Ground_Daily,CTA_916_O (09-00-00),CTA_916_O_shape,CTA_916_O,0
CTA_916,Ground_Daily,CTA_916_O (11-00-00),CTA_916_O_shape,CTA_916_O,0
CTA_916,Ground_Daily,CTA_916_O (13-00-00),CTA_916_O_shape,CTA_916_O,0
CTA_916,Ground_Daily,CTA_916_O (15-00-00),CTA_916_O_shape,CTA_916_O,0
CTA_916,Ground_Daily,CTA_916_O (17-00-00),CTA_916_O_shape,CTA_916_O,0
CTA_916,Ground_Daily,CTA_916_O (19-00-00),CTA_916_O_shape,CTA_916_O,0
CTA_916,Ground_Daily,CTA_916_O (21-00-00),CTA_916_O_shape,CTA_916_O,0
CTA_916,Ground_Daily,CTA_916_R (06-30-00),CTA_916_R_shape,CTA_916_R,1
CTA_916,Ground_Daily,CTA_916_R (08-00-00),CTA_916_R_shape,CTA_916_R,1
CTA_916,Ground_Daily,CTA_916_R (09-00-00),CTA_916_R_shape,CTA_916_R,1
CTA_916,Ground_Daily,CTA_916_R (11-00-00),CTA_916_R_shape,CTA_916_R,1
CTA_916,Ground_Daily,CTA_916_R (13-00-00),CTA_916_R_shape,CTA_916_R,1
CTA_916,Ground_Daily,CTA_916_R (15-00-00),CTA_916_R_shape,CTA_916_R,1
CTA_916,Ground_Daily,CTA_916_R (17-00-00),CTA_916_R_shape,CTA_916_R,1
CTA_916,Ground_Daily,CTA_916_R (19-00-00),CTA_916_R_shape,CTA_916_R,1
CTA_916,Ground_Daily,CTA_916_R (21-00-00),CTA_916_R_shape,CTA_916_R,1
CTA_917,Ground_Daily,CTA_917_O (06-30-00),CTA_917_O_shape,CTA_917_O,0
CTA_917,Ground_Daily,CTA_917_O (08-00-00),CTA_917_O_shape,CTA_917_O,0
CTA_917,Ground_Daily,CTA_917_O (09-00-00),CTA_917_O_shape,CTA_917_O,0
CTA_917,Ground_Daily,CTA_917_O (11-00-00),CTA_917_O_shape,CTA_917_O,0
CTA_917,Ground_Daily,CTA_917_O (13-00-00),CTA_917_O_shape,CTA_917_O,0
CTA_917,Ground_Daily,CTA_917_O (15-00-00),CTA_917_O_shape,CTA_917_O,0
CTA_917,Ground_Daily,CTA_917_O (17-00-00),CTA_917_O_shape,CTA_917_O,0
CTA_917,Ground_Daily,CTA_917_O (19-00-00),CTA_917_O_shape,CTA_917_O,0
CTA_917,Ground_Daily,CTA_917_O (21-00-00),CTA_917_O_shape,CTA_917_O,0
CTA_917,Ground_Daily,CTA_917_R (06-30-00),CTA_917_R_shape,CTA_917_R,1
CTA_917,Ground_Daily,CTA_917_R (08-00-00),CTA_917_R_shape,CTA_917_R,1
CTA_917,Ground_Daily,CTA_917_R (09-00-00),CTA_917_R_shape,CTA_917_R,1
CTA_917,Ground_Daily,CTA_917_R (11-00-00),CTA_917_R_shape,CTA_917_R,1
CTA_917,Ground_Daily,CTA_917_R (13-00-00),CTA_917_R_shape,CTA_917_R,1
CTA_917,Ground_Daily,CTA_917_R (15-00-00),CTA_917_R_shape,CTA_917_R,1
CTA_917,Ground_Daily,CTA_917_R (17-00-00),CTA_917_R_shape,CTA_917_R,1
CTA_917,Ground_Daily,CTA_917_R (19-00-00),CTA_917_R_shape,CTA_917_R,1
CTA_917,Ground_Daily,CTA_917_R (21-00-00),CTA_917_R_shape,CTA_917_R,1
P_O_14_CA056,Ground_Daily,CTA_91or1123_O (06-30-00),CTA_91or1123_O_shape,CTA_91or1123_O,0
P_O_14_CA056,Ground_Daily,CTA_91or1123_O (08-00-00),CTA_91or1123_O_shape,CTA_91or1123_O,0
P_O_14_CA056,Ground_Daily,CTA_91or1123_O (09-00-00),CTA_91or1123_O_shape,CTA_91or1123_O,0
P_O_14_CA056,Ground_Daily,CTA_91or1123_O (11-00-00),CTA_91or1123_O_shape,CTA_91or1123_O,0
P_O_14_CA056,Ground_Daily,CTA_91or1123_O (13-00-00),CTA_91or1123_O_shape,CTA_91or1123_O,0
P_O_14_CA056,Ground_Daily,CTA_91or1123_O (15-00-00),CTA_91or1123_O_shape,CTA_91or1123_O,0
P_O_14_CA056,Ground_Daily,CTA_91or1123_O (17-00-00),CTA_91or1123_O_shape,CTA_91or1123_O,0
P_O_14_CA056,Ground_Daily,CTA_91or1123_O (19-00-00),CTA_91or1123_O_shape,CTA_91or1123_O,0
P_O_14_CA056,Ground_Daily,CTA_91or1123_O (21-00-00),CTA_91or1123_O_shape,CTA_91or1123_O,0
P_O_14_CA056,Ground_Daily,CTA_91or1123_R (06-30-00),CTA_91or1123_R_shape,CTA_91or1123_R,1
P_O_14_CA056,Ground_Daily,CTA_91or1123_R (08-00-00),CTA_91or1123_R_shape,CTA_91or1123_R,1
P_O_14_CA056,Ground_Daily,CTA_91or1123_R (09-00-00),CTA_91or1123_R_shape,CTA_91or1123_R,1
P_O_14_CA056,Ground_Daily,CTA_91or1123_R (11-00-00),CTA_91or1123_R_shape,CTA_91or1123_R,1
P_O_14_CA056,Ground_Daily,CTA_91or1123_R (13-00-00),CTA_91or1123_R_shape,CTA_91or1123_R,1
P_O_14_CA056,Ground_Daily,CTA_91or1123_R (15-00-00),CTA_91or1123_R_shape,CTA_91or1123_R,1
P_O_14_CA056,Ground_Daily,CTA_91or1123_R (17-00-00),CTA_91or1123_R_shape,CTA_91or1123_R,1
P_O_14_CA056,Ground_Daily,CTA_91or1123_R (19-00-00),CTA_91or1123_R_shape,CTA_91or1123_R,1
P_O_14_CA056,Ground_Daily,CTA_91or1123_R (21-00-00),CTA_91or1123_R_shape,CTA_91or1123_R,1
CTA_921-1133,Ground_Daily,CTA_921or1133_O (06-30-00),CTA_921or1133_O_shape,CTA_921or1133_O,0
CTA_921-1133,Ground_Daily,CTA_921or1133_O (08-00-00),CTA_921or1133_O_shape,CTA_921or1133_O,0
CTA_921-1133,Ground_Daily,CTA_921or1133_O (09-00-00),CTA_921or1133_O_shape,CTA_921or1133_O,0
CTA_921-1133,Ground_Daily,CTA_921or1133_O (11-00-00),CTA_921or1133_O_shape,CTA_921or1133_O,0
CTA_921-1133,Ground_Daily,CTA_921or1133_O (13-00-00),CTA_921or1133_O_shape,CTA_921or1133_O,0
CTA_921-1133,Ground_Daily,CTA_921or1133_O (15-00-00),CTA_921or1133_O_shape,CTA_921or1133_O,0
CTA_921-1133,Ground_Daily,CTA_921or1133_O (17-00-00),CTA_921or1133_O_shape,CTA_921or1133_O,0
CTA_921-1133,Ground_Daily,CTA_921or1133_O (19-00-00),CTA_921or1133_O_shape,CTA_921or1133_O,0
CTA_921-1133,Ground_Daily,CTA_921or1133_O (21-00-00),CTA_921or1133_O_shape,CTA_921or1133_O,0
CTA_921-1133,Ground_Daily,CTA_921or1133_R (06-30-00),CTA_921or1133_R_shape,CTA_921or1133_R,1
CTA_921-1133,Ground_Daily,CTA_921or1133_R (08-00-00),CTA_921or1133_R_shape,CTA_921or1133_R,1
CTA_921-1133,Ground_Daily,CTA_921or1133_R (09-00-00),CTA_921or1133_R_shape,CTA_921or1133_R,1
CTA_921-1133,Ground_Daily,CTA_921or1133_R (11-00-00),CTA_921or1133_R_shape,CTA_921or1133_R,1
CTA_921-1133,Ground_Daily,CTA_921or1133_R (13-00-00),CTA_921or1133_R_shape,CTA_921or1133_R,1
CTA_921-1133,Ground_Daily,CTA_921or1133_R (15-00-00),CTA_921or1133_R_shape,CTA_921or1133_R,1
CTA_921-1133,Ground_Daily,CTA_921or1133_R (17-00-00),CTA_921or1133_R_shape,CTA_921or1133_R,1
CTA_921-1133,Ground_Daily,CTA_921or1133_R (19-00-00),CTA_921or1133_R_shape,CTA_921or1133_R,1
CTA_921-1133,Ground_Daily,CTA_921or1133_R (21-00-00),CTA_921or1133_R_shape,CTA_921or1133_R,1
CTA_922,Ground_Daily,CTA_922_O (06-30-00),CTA_922_O_shape,CTA_922_O,0
CTA_922,Ground_Daily,CTA_922_O (08-00-00),CTA_922_O_shape,CTA_922_O,0
CTA_922,Ground_Daily,CTA_922_O (09-00-00),CTA_922_O_shape,CTA_922_O,0
CTA_922,Ground_Daily,CTA_922_O (11-00-00),CTA_922_O_shape,CTA_922_O,0
CTA_922,Ground_Daily,CTA_922_O (13-00-00),CTA_922_O_shape,CTA_922_O,0
CTA_922,Ground_Daily,CTA_922_O (15-00-00),CTA_922_O_shape,CTA_922_O,0
CTA_922,Ground_Daily,CTA_922_O (17-00-00),CTA_922_O_shape,CTA_922_O,0
CTA_922,Ground_Daily,CTA_922_O (19-00-00),CTA_922_O_shape,CTA_922_O,0
CTA_922,Ground_Daily,CTA_922_O (21-00-00),CTA_922_O_shape,CTA_922_O,0
CTA_922,Ground_Daily,CTA_922_R (06-30-00),CTA_922_R_shape,CTA_922_R,1
CTA_922,Ground_Daily,CTA_922_R (08-00-00),CTA_922_R_shape,CTA_922_R,1
CTA_922,Ground_Daily,CTA_922_R (09-00-00),CTA_922_R_shape,CTA_922_R,1
CTA_922,Ground_Daily,CTA_922_R (11-00-00),CTA_922_R_shape,CTA_922_R,1
CTA_922,Ground_Daily,CTA_922_R (13-00-00),CTA_922_R_shape,CTA_922_R,1
CTA_922,Ground_Daily,CTA_922_R (15-00-00),CTA_922_R_shape,CTA_922_R,1
CTA_922,Ground_Daily,CTA_922_R (17-00-00),CTA_922_R_shape,CTA_922_R,1
CTA_922,Ground_Daily,CTA_922_R (19-00-00),CTA_922_R_shape,CTA_922_R,1
CTA_922,Ground_Daily,CTA_922_R (21-00-00),CTA_922_R_shape,CTA_922_R,1
CTA_925,Ground_Daily,CTA_925_O (06-30-00),CTA_925_O_shape,CTA_925_O,0
CTA_925,Ground_Daily,CTA_925_O (08-00-00),CTA_925_O_shape,CTA_925_O,0
CTA_925,Ground_Daily,CTA_925_O (09-00-00),CTA_925_O_shape,CTA_925_O,0
CTA_925,Ground_Daily,CTA_925_O (11-00-00),CTA_925_O_shape,CTA_925_O,0
CTA_925,Ground_Daily,CTA_925_O (13-00-00),CTA_925_O_shape,CTA_925_O,0
CTA_925,Ground_Daily,CTA_925_O (15-00-00),CTA_925_O_shape,CTA_925_O,0
CTA_925,Ground_Daily,CTA_925_O (17-00-00),CTA_925_O_shape,CTA_925_O,0
CTA_925,Ground_Daily,CTA_925_O (19-00-00),CTA_925_O_shape,CTA_925_O,0
CTA_925,Ground_Daily,CTA_925_O (21-00-00),CTA_925_O_shape,CTA_925_O,0
CTA_925,Ground_Daily,CTA_925_R (06-30-00),CTA_925_R_shape,CTA_925_R,1
CTA_925,Ground_Daily,CTA_925_R (08-00-00),CTA_925_R_shape,CTA_925_R,1
CTA_925,Ground_Daily,CTA_925_R (09-00-00),CTA_925_R_shape,CTA_925_R,1
CTA_925,Ground_Daily,CTA_925_R (11-00-00),CTA_925_R_shape,CTA_925_R,1
CTA_925,Ground_Daily,CTA_925_R (13-00-00),CTA_925_R_shape,CTA_925_R,1
CTA_925,Ground_Daily,CTA_925_R (15-00-00),CTA_925_R_shape,CTA_925_R,1
CTA_925,Ground_Daily,CTA_925_R (17-00-00),CTA_925_R_shape,CTA_925_R,1
CTA_925,Ground_Daily,CTA_925_R (19-00-00),CTA_925_R_shape,CTA_925_R,1
CTA_925,Ground_Daily,CTA_925_R (21-00-00),CTA_925_R_shape,CTA_925_R,1
CTA_926-1126,Ground_Daily,CTA_926or1126_O (06-30-00),CTA_926or1126_O_shape,CTA_926or1126_O,0
CTA_926-1126,Ground_Daily,CTA_926or1126_O (08-00-00),CTA_926or1126_O_shape,CTA_926or1126_O,0
CTA_926-1126,Ground_Daily,CTA_926or1126_O (09-00-00),CTA_926or1126_O_shape,CTA_926or1126_O,0
CTA_926-1126,Ground_Daily,CTA_926or1126_O (11-00-00),CTA_926or1126_O_shape,CTA_926or1126_O,0
CTA_926-1126,Ground_Daily,CTA_926or1126_O (13-00-00),CTA_926or1126_O_shape,CTA_926or1126_O,0
CTA_926-1126,Ground_Daily,CTA_926or1126_O (15-00-00),CTA_926or1126_O_shape,CTA_926or1126_O,0
CTA_926-1126,Ground_Daily,CTA_926or1126_O (17-00-00),CTA_926or1126_O_shape,CTA_926or1126_O,0
CTA_926-1126,Ground_Daily,CTA_926or1126_O (19-00-00),CTA_926or1126_O_shape,CTA_926or1126_O,0
CTA_926-1126,Ground_Daily,CTA_926or1126_O (21-00-00),CTA_926or1126_O_shape,CTA_926or1126_O,0
CTA_926-1126,Ground_Daily,CTA_926or1126_R (06-30-00),CTA_926or1126_R_shape,CTA_926or1126_R,1
CTA_926-1126,Ground_Daily,CTA_926or1126_R (08-00-00),CTA_926or1126_R_shape,CTA_926or1126_R,1
CTA_926-1126,Ground_Daily,CTA_926or1126_R (09-00-00),CTA_926or1126_R_shape,CTA_926or1126_R,1
CTA_926-1126,Ground_Daily,CTA_926or1126_R (11-00-00),CTA_926or1126_R_shape,CTA_926or1126_R,1
CTA_926-1126,Ground_Daily,CTA_926or1126_R (13-00-00),CTA_926or1126_R_shape,CTA_926or1126_R,1
CTA_926-1126,Ground_Daily,CTA_926or1126_R (15-00-00),CTA_926or1126_R_shape,CTA_926or1126_R,1
CTA_926-1126,Ground_Daily,CTA_926or1126_R (17-00-00),CTA_926or1126_R_shape,CTA_926or1126_R,1
CTA_926-1126,Ground_Daily,CTA_926or1126_R (19-00-00),CTA_926or1126_R_shape,CTA_926or1126_R,1
CTA_926-1126,Ground_Daily,CTA_926or1126_R (21-00-00),CTA_926or1126_R_shape,CTA_926or1126_R,1
P_O_14_CA056,Ground_Daily,CTA_92or1050_O (06-30-00),CTA_92or1050_O_shape,CTA_92or1050_O,0
P_O_14_CA056,Ground_Daily,CTA_92or1050_O (08-00-00),CTA_92or1050_O_shape,CTA_92or1050_O,0
P_O_14_CA056,Ground_Daily,CTA_92or1050_O (09-00-00),CTA_92or1050_O_shape,CTA_92or1050_O,0
P_O_14_CA056,Ground_Daily,CTA_92or1050_O (11-00-00),CTA_92or1050_O_shape,CTA_92or1050_O,0
P_O_14_CA056,Ground_Daily,CTA_92or1050_O (13-00-00),CTA_92or1050_O_shape,CTA_92or1050_O,0
P_O_14_CA056,Ground_Daily,CTA_92or1050_O (15-00-00),CTA_92or1050_O_shape,CTA_92or1050_O,0
P_O_14_CA056,Ground_Daily,CTA_92or1050_O (17-00-00),CTA_92or1050_O_shape,CTA_92or1050_O,0
P_O_14_CA056,Ground_Daily,CTA_92or1050_O (19-00-00),CTA_92or1050_O_shape,CTA_92or1050_O,0
P_O_14_CA056,Ground_Daily,CTA_92or1050_O (21-00-00),CTA_92or1050_O_shape,CTA_92or1050_O,0
P_O_14_CA056,Ground_Daily,CTA_92or1050_R (06-30-00),CTA_92or1050_R_shape,CTA_92or1050_R,1
P_O_14_CA056,Ground_Daily,CTA_92or1050_R (08-00-00),CTA_92or1050_R_shape,CTA_92or1050_R,1
P_O_14_CA056,Ground_Daily,CTA_92or1050_R (09-00-00),CTA_92or1050_R_shape,CTA_92or1050_R,1
P_O_14_CA056,Ground_Daily,CTA_92or1050_R (11-00-00),CTA_92or1050_R_shape,CTA_92or1050_R,1
P_O_14_CA056,Ground_Daily,CTA_92or1050_R (13-00-00),CTA_92or1050_R_shape,CTA_92or1050_R,1
P_O_14_CA056,Ground_Daily,CTA_92or1050_R (15-00-00),CTA_92or1050_R_shape,CTA_92or1050_R,1
P_O_14_CA056,Ground_Daily,CTA_92or1050_R (17-00-00),CTA_92or1050_R_shape,CTA_92or1050_R,1
P_O_14_CA056,Ground_Daily,CTA_92or1050_R (19-00-00),CTA_92or1050_R_shape,CTA_92or1050_R,1
P_O_14_CA056,Ground_Daily,CTA_92or1050_R (21-00-00),CTA_92or1050_R_shape,CTA_92or1050_R,1
CTA_934-1071,Ground_Daily,CTA_934or1071_O (06-30-00),CTA_934or1071_O_shape,CTA_934or1071_O,0
CTA_934-1071,Ground_Daily,CTA_934or1071_O (08-00-00),CTA_934or1071_O_shape,CTA_934or1071_O,0
CTA_934-1071,Ground_Daily,CTA_934or1071_O (09-00-00),CTA_934or1071_O_shape,CTA_934or1071_O,0
CTA_934-1071,Ground_Daily,CTA_934or1071_O (11-00-00),CTA_934or1071_O_shape,CTA_934or1071_O,0
CTA_934-1071,Ground_Daily,CTA_934or1071_O (13-00-00),CTA_934or1071_O_shape,CTA_934or1071_O,0
CTA_934-1071,Ground_Daily,CTA_934or1071_O (15-00-00),CTA_934or1071_O_shape,CTA_934or1071_O,0
CTA_934-1071,Ground_Daily,CTA_934or1071_O (17-00-00),CTA_934or1071_O_shape,CTA_934or1071_O,0
CTA_934-1071,Ground_Daily,CTA_934or1071_O (19-00-00),CTA_934or1071_O_shape,CTA_934or1071_O,0
CTA_934-1071,Ground_Daily,CTA_934or1071_O (21-00-00),CTA_934or1071_O_shape,CTA_934or1071_O,0
CTA_934-1071,Ground_Daily,CTA_934or1071_R (06-30-00),CTA_934or1071_R_shape,CTA_934or1071_R,1
CTA_934-1071,Ground_Daily,CTA_934or1071_R (08-00-00),CTA_934or1071_R_shape,CTA_934or1071_R,1
CTA_934-1071,Ground_Daily,CTA_934or1071_R (09-00-00),CTA_934or1071_R_shape,CTA_934or1071_R,1
CTA_934-1071,Ground_Daily,CTA_934or1071_R (11-00-00),CTA_934or1071_R_shape,CTA_934or1071_R,1
CTA_934-1071,Ground_Daily,CTA_934or1071_R (13-00-00),CTA_934or1071_R_shape,CTA_934or1071_R,1
CTA_934-1071,Ground_Daily,CTA_934or1071_R (15-00-00),CTA_934or1071_R_shape,CTA_934or1071_R,1
CTA_934-1071,Ground_Daily,CTA_934or1071_R (17-00-00),CTA_934or1071_R_shape,CTA_934or1071_R,1
CTA_934-1071,Ground_Daily,CTA_934or1071_R (19-00-00),CTA_934or1071_R_shape,CTA_934or1071_R,1
CTA_934-1071,Ground_Daily,CTA_934or1071_R (21-00-00),CTA_934or1071_R_shape,CTA_934or1071_R,1
CTA_940S,Ground_Daily,CTA_940S_O (06-30-00),CTA_940S_O_shape,CTA_940S_O,0
CTA_940S,Ground_Daily,CTA_940S_O (08-00-00),CTA_940S_O_shape,CTA_940S_O,0
CTA_940S,Ground_Daily,CTA_940S_O (09-00-00),CTA_940S_O_shape,CTA_940S_O,0
CTA_940S,Ground_Daily,CTA_940S_O (11-00-00),CTA_940S_O_shape,CTA_940S_O,0
CTA_940S,Ground_Daily,CTA_940S_O (13-00-00),CTA_940S_O_shape,CTA_940S_O,0
CTA_940S,Ground_Daily,CTA_940S_O (15-00-00),CTA_940S_O_shape,CTA_940S_O,0
CTA_940S,Ground_Daily,CTA_940S_O (17-00-00),CTA_940S_O_shape,CTA_940S_O,0
CTA_940S,Ground_Daily,CTA_940S_O (19-00-00),CTA_940S_O_shape,CTA_940S_O,0
CTA_940S,Ground_Daily,CTA_940S_O (21-00-00),CTA_940S_O_shape,CTA_940S_O,0
CTA_940S,Ground_Daily,CTA_940S_R (06-30-00),CTA_940S_R_shape,CTA_940S_R,1
CTA_940S,Ground_Daily,CTA_940S_R (08-00-00),CTA_940S_R_shape,CTA_940S_R,1
CTA_940S,Ground_Daily,CTA_940S_R (09-00-00),CTA_940S_R_shape,CTA_940S_R,1
CTA_940S,Ground_Daily,CTA_940S_R (11-00-00),CTA_940S_R_shape,CTA_940S_R,1
CTA_940S,Ground_Daily,CTA_940S_R (13-00-00),CTA_940S_R_shape,CTA_940S_R,1
CTA_940S,Ground_Daily,CTA_940S_R (15-00-00),CTA_940S_R_shape,CTA_940S_R,1
CTA_940S,Ground_Daily,CTA_940S_R (17-00-00),CTA_940S_R_shape,CTA_940S_R,1
CTA_940S,Ground_Daily,CTA_940S_R (19-00-00),CTA_940S_R_shape,CTA_940S_R,1
CTA_940S,Ground_Daily,CTA_940S_R (21-00-00),CTA_940S_R_shape,CTA_940S_R,1
CTA_945-1082,Ground_Daily,CTA_945or1082_O (06-30-00),CTA_945or1082_O_shape,CTA_945or1082_O,0
CTA_945-1082,Ground_Daily,CTA_945or1082_O (08-00-00),CTA_945or1082_O_shape,CTA_945or1082_O,0
CTA_945-1082,Ground_Daily,CTA_945or1082_O (09-00-00),CTA_945or1082_O_shape,CTA_945or1082_O,0
CTA_945-1082,Ground_Daily,CTA_945or1082_O (11-00-00),CTA_945or1082_O_shape,CTA_945or1082_O,0
CTA_945-1082,Ground_Daily,CTA_945or1082_O (13-00-00),CTA_945or1082_O_shape,CTA_945or1082_O,0
CTA_945-1082,Ground_Daily,CTA_945or1082_O (15-00-00),CTA_945or1082_O_shape,CTA_945or1082_O,0
CTA_945-1082,Ground_Daily,CTA_945or1082_O (17-00-00),CTA_945or1082_O_shape,CTA_945or1082_O,0
CTA_945-1082,Ground_Daily,CTA_945or1082_O (19-00-00),CTA_945or1082_O_shape,CTA_945or1082_O,0
CTA_945-1082,Ground_Daily,CTA_945or1082_O (21-00-00),CTA_945or1082_O_shape,CTA_945or1082_O,0
CTA_945-1082,Ground_Daily,CTA_945or1082_R (06-30-00),CTA_945or1082_R_shape,CTA_945or1082_R,1
CTA_945-1082,Ground_Daily,CTA_945or1082_R (08-00-00),CTA_945or1082_R_shape,CTA_945or1082_R,1
CTA_945-1082,Ground_Daily,CTA_945or1082_R (09-00-00),CTA_945or1082_R_shape,CTA_945or1082_R,1
CTA_945-1082,Ground_Daily,CTA_945or1082_R (11-00-00),CTA_945or1082_R_shape,CTA_945or1082_R,1
CTA_945-1082,Ground_Daily,CTA_945or1082_R (13-00-00),CTA_945or1082_R_shape,CTA_945or1082_R,1
CTA_945-1082,Ground_Daily,CTA_945or1082_R (15-00-00),CTA_945or1082_R_shape,CTA_945or1082_R,1
CTA_945-1082,Ground_Daily,CTA_945or1082_R (17-00-00),CTA_945or1082_R_shape,CTA_945or1082_R,1
CTA_945-1082,Ground_Daily,CTA_945or1082_R (19-00-00),CTA_945or1082_R_shape,CTA_945or1082_R,1
CTA_945-1082,Ground_Daily,CTA_945or1082_R (21-00-00),CTA_945or1082_R_shape,CTA_945or1082_R,1
CTA_948,Ground_Daily,CTA_948_R (06-30-00),CTA_948_R_shape,CTA_948_R,1
CTA_948,Ground_Daily,CTA_948_R (08-00-00),CTA_948_R_shape,CTA_948_R,1
CTA_948,Ground_Daily,CTA_948_R (09-00-00),CTA_948_R_shape,CTA_948_R,1
CTA_948,Ground_Daily,CTA_948_R (11-00-00),CTA_948_R_shape,CTA_948_R,1
CTA_948,Ground_Daily,CTA_948_R (13-00-00),CTA_948_R_shape,CTA_948_R,1
CTA_948,Ground_Daily,CTA_948_R (15-00-00),CTA_948_R_shape,CTA_948_R,1
CTA_948,Ground_Daily,CTA_948_R (17-00-00),CTA_948_R_shape,CTA_948_R,1
CTA_948,Ground_Daily,CTA_948_R (19-00-00),CTA_948_R_shape,CTA_948_R,1
CTA_948,Ground_Daily,CTA_948_R (21-00-00),CTA_948_R_shape,CTA_948_R,1
CTA_966,Ground_Daily,CTA_966_O (06-30-00),CTA_966_O_shape,CTA_966_O,0
CTA_966,Ground_Daily,CTA_966_O (08-00-00),CTA_966_O_shape,CTA_966_O,0
CTA_966,Ground_Daily,CTA_966_O (09-00-00),CTA_966_O_shape,CTA_966_O,0
CTA_966,Ground_Daily,CTA_966_O (11-00-00),CTA_966_O_shape,CTA_966_O,0
CTA_966,Ground_Daily,CTA_966_O (13-00-00),CTA_966_O_shape,CTA_966_O,0
CTA_966,Ground_Daily,CTA_966_O (15-00-00),CTA_966_O_shape,CTA_966_O,0
CTA_966,Ground_Daily,CTA_966_O (17-00-00),CTA_966_O_shape,CTA_966_O,0
CTA_966,Ground_Daily,CTA_966_O (19-00-00),CTA_966_O_shape,CTA_966_O,0
CTA_966,Ground_Daily,CTA_966_O (21-00-00),CTA_966_O_shape,CTA_966_O,0
CTA_966,Ground_Daily,CTA_966_R (06-30-00),CTA_966_R_shape,CTA_966_R,1
CTA_966,Ground_Daily,CTA_966_R (08-00-00),CTA_966_R_shape,CTA_966_R,1
CTA_966,Ground_Daily,CTA_966_R (09-00-00),CTA_966_R_shape,CTA_966_R,1
CTA_966,Ground_Daily,CTA_966_R (11-00-00),CTA_966_R_shape,CTA_966_R,1
CTA_966,Ground_Daily,CTA_966_R (13-00-00),CTA_966_R_shape,CTA_966_R,1
CTA_966,Ground_Daily,CTA_966_R (15-00-00),CTA_966_R_shape,CTA_966_R,1
CTA_966,Ground_Daily,CTA_966_R (17-00-00),CTA_966_R_shape,CTA_966_R,1
CTA_966,Ground_Daily,CTA_966_R (19-00-00),CTA_966_R_shape,CTA_966_R,1
CTA_966,Ground_Daily,CTA_966_R (21-00-00),CTA_966_R_shape,CTA_966_R,1
P_O_14_CA056,Ground_Daily,CTA_96_O (06-30-00),CTA_96_O_shape,CTA_96_O,0
P_O_14_CA056,Ground_Daily,CTA_96_O (08-00-00),CTA_96_O_shape,CTA_96_O,0
P_O_14_CA056,Ground_Daily,CTA_96_O (09-00-00),CTA_96_O_shape,CTA_96_O,0
P_O_14_CA056,Ground_Daily,CTA_96_O (11-00-00),CTA_96_O_shape,CTA_96_O,0
P_O_14_CA056,Ground_Daily,CTA_96_O (13-00-00),CTA_96_O_shape,CTA_96_O,0
P_O_14_CA056,Ground_Daily,CTA_96_O (15-00-00),CTA_96_O_shape,CTA_96_O,0
P_O_14_CA056,Ground_Daily,CTA_96_O (17-00-00),CTA_96_O_shape,CTA_96_O,0
P_O_14_CA056,Ground_Daily,CTA_96_O (19-00-00),CTA_96_O_shape,CTA_96_O,0
P_O_14_CA056,Ground_Daily,CTA_96_O (21-00-00),CTA_96_O_shape,CTA_96_O,0
P_O_14_CA056,Ground_Daily,CTA_96_R (06-30-00),CTA_96_R_shape,CTA_96_R,1
P_O_14_CA056,Ground_Daily,CTA_96_R (08-00-00),CTA_96_R_shape,CTA_96_R,1
P_O_14_CA056,Ground_Daily,CTA_96_R (09-00-00),CTA_96_R_shape,CTA_96_R,1
P_O_14_CA056,Ground_Daily,CTA_96_R (11-00-00),CTA_96_R_shape,CTA_96_R,1
P_O_14_CA056,Ground_Daily,CTA_96_R (13-00-00),CTA_96_R_shape,CTA_96_R,1
P_O_14_CA056,Ground_Daily,CTA_96_R (15-00-00),CTA_96_R_shape,CTA_96_R,1
P_O_14_CA056,Ground_Daily,CTA_96_R (17-00-00),CTA_96_R_shape,CTA_96_R,1
P_O_14_CA056,Ground_Daily,CTA_96_R (19-00-00),CTA_96_R_shape,CTA_96_R,1
P_O_14_CA056,Ground_Daily,CTA_96_R (21-00-00),CTA_96_R_shape,CTA_96_R,1
CTA_970-1051,Ground_Daily,CTA_970or1051_O (06-30-00),CTA_970or1051_O_shape,CTA_970or1051_O,0
CTA_970-1051,Ground_Daily,CTA_970or1051_O (08-00-00),CTA_970or1051_O_shape,CTA_970or1051_O,0
CTA_970-1051,Ground_Daily,CTA_970or1051_O (09-00-00),CTA_970or1051_O_shape,CTA_970or1051_O,0
CTA_970-1051,Ground_Daily,CTA_970or1051_O (11-00-00),CTA_970or1051_O_shape,CTA_970or1051_O,0
CTA_970-1051,Ground_Daily,CTA_970or1051_O (13-00-00),CTA_970or1051_O_shape,CTA_970or1051_O,0
CTA_970-1051,Ground_Daily,CTA_970or1051_O (15-00-00),CTA_970or1051_O_shape,CTA_970or1051_O,0
CTA_970-1051,Ground_Daily,CTA_970or1051_O (17-00-00),CTA_970or1051_O_shape,CTA_970or1051_O,0
CTA_970-1051,Ground_Daily,CTA_970or1051_O (19-00-00),CTA_970or1051_O_shape,CTA_970or1051_O,0
CTA_970-1051,Ground_Daily,CTA_970or1051_O (21-00-00),CTA_970or1051_O_shape,CTA_970or1051_O,0
CTA_970-1051,Ground_Daily,CTA_970or1051_R (06-30-00),CTA_970or1051_R_shape,CTA_970or1051_R,1
CTA_970-1051,Ground_Daily,CTA_970or1051_R (08-00-00),CTA_970or1051_R_shape,CTA_970or1051_R,1
CTA_970-1051,Ground_Daily,CTA_970or1051_R (09-00-00),CTA_970or1051_R_shape,CTA_970or1051_R,1
CTA_970-1051,Ground_Daily,CTA_970or1051_R (11-00-00),CTA_970or1051_R_shape,CTA_970or1051_R,1
CTA_970-1051,Ground_Daily,CTA_970or1051_R (13-00-00),CTA_970or1051_R_shape,CTA_970or1051_R,1
CTA_970-1051,Ground_Daily,CTA_970or1051_R (15-00-00),CTA_970or1051_R_shape,CTA_970or1051_R,1
CTA_970-1051,Ground_Daily,CTA_970or1051_R (17-00-00),CTA_970or1051_R_shape,CTA_970or1051_R,1
CTA_970-1051,Ground_Daily,CTA_970or1051_R (19-00-00),CTA_970or1051_R_shape,CTA_970or1051_R,1
CTA_970-1051,Ground_Daily,CTA_970or1051_R (21-00-00),CTA_970or1051_R_shape,CTA_970or1051_R,1
CTA_975,Ground_Daily,CTA_975_O (06-30-00),CTA_975_O_shape,CTA_975_O,0
CTA_975,Ground_Daily,CTA_975_O (08-00-00),CTA_975_O_shape,CTA_975_O,0
CTA_975,Ground_Daily,CTA_975_O (09-00-00),CTA_975_O_shape,CTA_975_O,0
CTA_975,Ground_Daily,CTA_975_O (11-00-00),CTA_975_O_shape,CTA_975_O,0
CTA_975,Ground_Daily,CTA_975_O (13-00-00),CTA_975_O_shape,CTA_975_O,0
CTA_975,Ground_Daily,CTA_975_O (15-00-00),CTA_975_O_shape,CTA_975_O,0
CTA_975,Ground_Daily,CTA_975_O (17-00-00),CTA_975_O_shape,CTA_975_O,0
CTA_975,Ground_Daily,CTA_975_O (19-00-00),CTA_975_O_shape,CTA_975_O,0
CTA_975,Ground_Daily,CTA_975_O (21-00-00),CTA_975_O_shape,CTA_975_O,0
CTA_975,Ground_Daily,CTA_975_R (06-30-00),CTA_975_R_shape,CTA_975_R,1
CTA_975,Ground_Daily,CTA_975_R (08-00-00),CTA_975_R_shape,CTA_975_R,1
CTA_975,Ground_Daily,CTA_975_R (09-00-00),CTA_975_R_shape,CTA_975_R,1
CTA_975,Ground_Daily,CTA_975_R (11-00-00),CTA_975_R_shape,CTA_975_R,1
CTA_975,Ground_Daily,CTA_975_R (13-00-00),CTA_975_R_shape,CTA_975_R,1
CTA_975,Ground_Daily,CTA_975_R (15-00-00),CTA_975_R_shape,CTA_975_R,1
CTA_975,Ground_Daily,CTA_975_R (17-00-00),CTA_975_R_shape,CTA_975_R,1
CTA_975,Ground_Daily,CTA_975_R (19-00-00),CTA_975_R_shape,CTA_975_R,1
CTA_975,Ground_Daily,CTA_975_R (21-00-00),CTA_975_R_shape,CTA_975_R,1
CTA_977-1084,Ground_Daily,CTA_977or1084_O (06-30-00),CTA_977or1084_O_shape,CTA_977or1084_O,0
CTA_977-1084,Ground_Daily,CTA_977or1084_O (08-00-00),CTA_977or1084_O_shape,CTA_977or1084_O,0
CTA_977-1084,Ground_Daily,CTA_977or1084_O (09-00-00),CTA_977or1084_O_shape,CTA_977or1084_O,0
CTA_977-1084,Ground_Daily,CTA_977or1084_O (11-00-00),CTA_977or1084_O_shape,CTA_977or1084_O,0
CTA_977-1084,Ground_Daily,CTA_977or1084_O (13-00-00),CTA_977or1084_O_shape,CTA_977or1084_O,0
CTA_977-1084,Ground_Daily,CTA_977or1084_O (15-00-00),CTA_977or1084_O_shape,CTA_977or1084_O,0
CTA_977-1084,Ground_Daily,CTA_977or1084_O (17-00-00),CTA_977or1084_O_shape,CTA_977or1084_O,0
CTA_977-1084,Ground_Daily,CTA_977or1084_O (19-00-00),CTA_977or1084_O_shape,CTA_977or1084_O,0
CTA_977-1084,Ground_Daily,CTA_977or1084_O (21-00-00),CTA_977or1084_O_shape,CTA_977or1084_O,0
CTA_977-1084,Ground_Daily,CTA_977or1084_R (06-30-00),CTA_977or1084_R_shape,CTA_977or1084_R,1
CTA_977-1084,Ground_Daily,CTA_977or1084_R (08-00-00),CTA_977or1084_R_shape,CTA_977or1084_R,1
CTA_977-1084,Ground_Daily,CTA_977or1084_R (09-00-00),CTA_977or1084_R_shape,CTA_977or1084_R,1
CTA_977-1084,Ground_Daily,CTA_977or1084_R (11-00-00),CTA_977or1084_R_shape,CTA_977or1084_R,1
CTA_977-1084,Ground_Daily,CTA_977or1084_R (13-00-00),CTA_977or1084_R_shape,CTA_977or1084_R,1
CTA_977-1084,Ground_Daily,CTA_977or1084_R (15-00-00),CTA_977or1084_R_shape,CTA_977or1084_R,1
CTA_977-1084,Ground_Daily,CTA_977or1084_R (17-00-00),CTA_977or1084_R_shape,CTA_977or1084_R,1
CTA_977-1084,Ground_Daily,CTA_977or1084_R (19-00-00),CTA_977or1084_R_shape,CTA_977or1084_R,1
CTA_977-1084,Ground_Daily,CTA_977or1084_R (21-00-00),CTA_977or1084_R_shape,CTA_977or1084_R,1
CTA_982,Ground_Daily,CTA_982_O (06-30-00),CTA_982_O_shape,CTA_982_O,0
CTA_982,Ground_Daily,CTA_982_O (08-00-00),CTA_982_O_shape,CTA_982_O,0
CTA_982,Ground_Daily,CTA_982_O (09-00-00),CTA_982_O_shape,CTA_982_O,0
CTA_982,Ground_Daily,CTA_982_O (11-00-00),CTA_982_O_shape,CTA_982_O,0
CTA_982,Ground_Daily,CTA_982_O (13-00-00),CTA_982_O_shape,CTA_982_O,0
CTA_982,Ground_Daily,CTA_982_O (15-00-00),CTA_982_O_shape,CTA_982_O,0
CTA_982,Ground_Daily,CTA_982_O (17-00-00),CTA_982_O_shape,CTA_982_O,0
CTA_982,Ground_Daily,CTA_982_O (19-00-00),CTA_982_O_shape,CTA_982_O,0
CTA_982,Ground_Daily,CTA_982_O (21-00-00),CTA_982_O_shape,CTA_982_O,0
CTA_982,Ground_Daily,CTA_982_R (06-30-00),CTA_982_R_shape,CTA_982_R,1
CTA_982,Ground_Daily,CTA_982_R (08-00-00),CTA_982_R_shape,CTA_982_R,1
CTA_982,Ground_Daily,CTA_982_R (09-00-00),CTA_982_R_shape,CTA_982_R,1
CTA_982,Ground_Daily,CTA_982_R (11-00-00),CTA_982_R_shape,CTA_982_R,1
CTA_982,Ground_Daily,CTA_982_R (13-00-00),CTA_982_R_shape,CTA_982_R,1
CTA_982,Ground_Daily,CTA_982_R (15-00-00),CTA_982_R_shape,CTA_982_R,1
CTA_982,Ground_Daily,CTA_982_R (17-00-00),CTA_982_R_shape,CTA_982_R,1
CTA_982,Ground_Daily,CTA_982_R (19-00-00),CTA_982_R_shape,CTA_982_R,1
CTA_982,Ground_Daily,CTA_982_R (21-00-00),CTA_982_R_shape,CTA_982_R,1
CTA_987,Ground_Daily,CTA_987_O (06-30-00),CTA_987_O_shape,CTA_987_O,0
CTA_987,Ground_Daily,CTA_987_O (08-00-00),CTA_987_O_shape,CTA_987_O,0
CTA_987,Ground_Daily,CTA_987_O (09-00-00),CTA_987_O_shape,CTA_987_O,0
CTA_987,Ground_Daily,CTA_987_O (11-00-00),CTA_987_O_shape,CTA_987_O,0
CTA_987,Ground_Daily,CTA_987_O (13-00-00),CTA_987_O_shape,CTA_987_O,0
CTA_987,Ground_Daily,CTA_987_O (15-00-00),CTA_987_O_shape,CTA_987_O,0
CTA_987,Ground_Daily,CTA_987_O (17-00-00),CTA_987_O_shape,CTA_987_O,0
CTA_987,Ground_Daily,CTA_987_O (19-00-00),CTA_987_O_shape,CTA_987_O,0
CTA_987,Ground_Daily,CTA_987_O (21-00-00),CTA_987_O_shape,CTA_987_O,0
CTA_987,Ground_Daily,CTA_987_R (06-30-00),CTA_987_R_shape,CTA_987_R,1
CTA_987,Ground_Daily,CTA_987_R (08-00-00),CTA_987_R_shape,CTA_987_R,1
CTA_987,Ground_Daily,CTA_987_R (09-00-00),CTA_987_R_shape,CTA_987_R,1
CTA_987,Ground_Daily,CTA_987_R (11-00-00),CTA_987_R_shape,CTA_987_R,1
CTA_987,Ground_Daily,CTA_987_R (13-00-00),CTA_987_R_shape,CTA_987_R,1
CTA_987,Ground_Daily,CTA_987_R (15-00-00),CTA_987_R_shape,CTA_987_R,1
CTA_987,Ground_Daily,CTA_987_R (17-00-00),CTA_987_R_shape,CTA_987_R,1
CTA_987,Ground_Daily,CTA_987_R (19-00-00),CTA_987_R_shape,CTA_987_R,1
CTA_987,Ground_Daily,CTA_987_R (21-00-00),CTA_987_R_shape,CTA_987_R,1
CTA_990,Ground_Daily,CTA_990_O (06-30-00),CTA_990_O_shape,CTA_990_O,0
CTA_990,Ground_Daily,CTA_990_O (08-00-00),CTA_990_O_shape,CTA_990_O,0
CTA_990,Ground_Daily,CTA_990_O (09-00-00),CTA_990_O_shape,CTA_990_O,0
CTA_990,Ground_Daily,CTA_990_O (11-00-00),CTA_990_O_shape,CTA_990_O,0
CTA_990,Ground_Daily,CTA_990_O (13-00-00),CTA_990_O_shape,CTA_990_O,0
CTA_990,Ground_Daily,CTA_990_O (15-00-00),CTA_990_O_shape,CTA_990_O,0
CTA_990,Ground_Daily,CTA_990_O (17-00-00),CTA_990_O_shape,CTA_990_O,0
CTA_990,Ground_Daily,CTA_990_O (19-00-00),CTA_990_O_shape,CTA_990_O,0
CTA_990,Ground_Daily,CTA_990_O (21-00-00),CTA_990_O_shape,CTA_990_O,0
CTA_990,Ground_Daily,CTA_990_R (06-30-00),CTA_990_R_shape,CTA_990_R,1
CTA_990,Ground_Daily,CTA_990_R (08-00-00),CTA_990_R_shape,CTA_990_R,1
CTA_990,Ground_Daily,CTA_990_R (09-00-00),CTA_990_R_shape,CTA_990_R,1
CTA_990,Ground_Daily,CTA_990_R (11-00-00),CTA_990_R_shape,CTA_990_R,1
CTA_990,Ground_Daily,CTA_990_R (13-00-00),CTA_990_R_shape,CTA_990_R,1
CTA_990,Ground_Daily,CTA_990_R (15-00-00),CTA_990_R_shape,CTA_990_R,1
CTA_990,Ground_Daily,CTA_990_R (17-00-00),CTA_990_R_shape,CTA_990_R,1
CTA_990,Ground_Daily,CTA_990_R (19-00-00),CTA_990_R_shape,CTA_990_R,1
CTA_990,Ground_Daily,CTA_990_R (21-00-00),CTA_990_R_shape,CTA_990_R,1
CTA_992,Ground_Daily,CTA_992_O (06-30-00),CTA_992_O_shape,CTA_992_O,0
CTA_992,Ground_Daily,CTA_992_O (08-00-00),CTA_992_O_shape,CTA_992_O,0
CTA_992,Ground_Daily,CTA_992_O (09-00-00),CTA_992_O_shape,CTA_992_O,0
CTA_992,Ground_Daily,CTA_992_O (11-00-00),CTA_992_O_shape,CTA_992_O,0
CTA_992,Ground_Daily,CTA_992_O (13-00-00),CTA_992_O_shape,CTA_992_O,0
CTA_992,Ground_Daily,CTA_992_O (15-00-00),CTA_992_O_shape,CTA_992_O,0
CTA_992,Ground_Daily,CTA_992_O (17-00-00),CTA_992_O_shape,CTA_992_O,0
CTA_992,Ground_Daily,CTA_992_O (19-00-00),CTA_992_O_shape,CTA_992_O,0
CTA_992,Ground_Daily,CTA_992_O (21-00-00),CTA_992_O_shape,CTA_992_O,0
CTA_996-1134,Ground_Daily,CTA_996or1134_O (06-30-00),CTA_996or1134_O_shape,CTA_996or1134_O,0
CTA_996-1134,Ground_Daily,CTA_996or1134_O (08-00-00),CTA_996or1134_O_shape,CTA_996or1134_O,0
CTA_996-1134,Ground_Daily,CTA_996or1134_O (09-00-00),CTA_996or1134_O_shape,CTA_996or1134_O,0
CTA_996-1134,Ground_Daily,CTA_996or1134_O (11-00-00),CTA_996or1134_O_shape,CTA_996or1134_O,0
CTA_996-1134,Ground_Daily,CTA_996or1134_O (13-00-00),CTA_996or1134_O_shape,CTA_996or1134_O,0
CTA_996-1134,Ground_Daily,CTA_996or1134_O (15-00-00),CTA_996or1134_O_shape,CTA_996or1134_O,0
CTA_996-1134,Ground_Daily,CTA_996or1134_O (17-00-00),CTA_996or1134_O_shape,CTA_996or1134_O,0
CTA_996-1134,Ground_Daily,CTA_996or1134_O (19-00-00),CTA_996or1134_O_shape,CTA_996or1134_O,0
CTA_996-1134,Ground_Daily,CTA_996or1134_O (21-00-00),CTA_996or1134_O_shape,CTA_996or1134_O,0
CTA_996-1134,Ground_Daily,CTA_996or1134_R (06-30-00),CTA_996or1134_R_shape,CTA_996or1134_R,1
CTA_996-1134,Ground_Daily,CTA_996or1134_R (08-00-00),CTA_996or1134_R_shape,CTA_996or1134_R,1
CTA_996-1134,Ground_Daily,CTA_996or1134_R (09-00-00),CTA_996or1134_R_shape,CTA_996or1134_R,1
CTA_996-1134,Ground_Daily,CTA_996or1134_R (11-00-00),CTA_996or1134_R_shape,CTA_996or1134_R,1
CTA_996-1134,Ground_Daily,CTA_996or1134_R (13-00-00),CTA_996or1134_R_shape,CTA_996or1134_R,1
CTA_996-1134,Ground_Daily,CTA_996or1134_R (15-00-00),CTA_996or1134_R_shape,CTA_996or1134_R,1
CTA_996-1134,Ground_Daily,CTA_996or1134_R (17-00-00),CTA_996or1134_R_shape,CTA_996or1134_R,1
CTA_996-1134,Ground_Daily,CTA_996or1134_R (19-00-00),CTA_996or1134_R_shape,CTA_996or1134_R,1
CTA_996-1134,Ground_Daily,CTA_996or1134_R (21-00-00),CTA_996or1134_R_shape,CTA_996or1134_R,1
CTA_999-1055,Ground_Daily,CTA_999or1055_O (06-30-00),CTA_999or1055_O_shape,CTA_999or1055_O,0
CTA_999-1055,Ground_Daily,CTA_999or1055_O (08-00-00),CTA_999or1055_O_shape,CTA_999or1055_O,0
CTA_999-1055,Ground_Daily,CTA_999or1055_O (09-00-00),CTA_999or1055_O_shape,CTA_999or1055_O,0
CTA_999-1055,Ground_Daily,CTA_999or1055_O (11-00-00),CTA_999or1055_O_shape,CTA_999or1055_O,0
CTA_999-1055,Ground_Daily,CTA_999or1055_O (13-00-00),CTA_999or1055_O_shape,CTA_999or1055_O,0
CTA_999-1055,Ground_Daily,CTA_999or1055_O (15-00-00),CTA_999or1055_O_shape,CTA_999or1055_O,0
CTA_999-1055,Ground_Daily,CTA_999or1055_O (17-00-00),CTA_999or1055_O_shape,CTA_999or1055_O,0
CTA_999-1055,Ground_Daily,CTA_999or1055_O (19-00-00),CTA_999or1055_O_shape,CTA_999or1055_O,0
CTA_999-1055,Ground_Daily,CTA_999or1055_O (21-00-00),CTA_999or1055_O_shape,CTA_999or1055_O,0
CTA_999-1055,Ground_Daily,CTA_999or1055_R (06-30-00),CTA_999or1055_R_shape,CTA_999or1055_R,1
CTA_999-1055,Ground_Daily,CTA_999or1055_R (08-00-00),CTA_999or1055_R_shape,CTA_999or1055_R,1
CTA_999-1055,Ground_Daily,CTA_999or1055_R (09-00-00),CTA_999or1055_R_shape,CTA_999or1055_R,1
CTA_999-1055,Ground_Daily,CTA_999or1055_R (11-00-00),CTA_999or1055_R_shape,CTA_999or1055_R,1
CTA_999-1055,Ground_Daily,CTA_999or1055_R (13-00-00),CTA_999or1055_R_shape,CTA_999or1055_R,1
CTA_999-1055,Ground_Daily,CTA_999or1055_R (15-00-00),CTA_999or1055_R_shape,CTA_999or1055_R,1
CTA_999-1055,Ground_Daily,CTA_999or1055_R (17-00-00),CTA_999or1055_R_shape,CTA_999or1055_R,1
CTA_999-1055,Ground_Daily,CTA_999or1055_R (19-00-00),CTA_999or1055_R_shape,CTA_999or1055_R,1
CTA_999-1055,Ground_Daily,CTA_999or1055_R (21-00-00),CTA_999or1055_R_shape,CTA_999or1055_R,1
CTA_99SS,Ground_Daily,CTA_99SS_O (06-30-00),CTA_99SS_O_shape,CTA_99SS_O,0
CTA_99SS,Ground_Daily,CTA_99SS_O (08-00-00),CTA_99SS_O_shape,CTA_99SS_O,0
CTA_99SS,Ground_Daily,CTA_99SS_O (09-00-00),CTA_99SS_O_shape,CTA_99SS_O,0
CTA_99SS,Ground_Daily,CTA_99SS_O (11-00-00),CTA_99SS_O_shape,CTA_99SS_O,0
CTA_99SS,Ground_Daily,CTA_99SS_O (13-00-00),CTA_99SS_O_shape,CTA_99SS_O,0
CTA_99SS,Ground_Daily,CTA_99SS_O (15-00-00),CTA_99SS_O_shape,CTA_99SS_O,0
CTA_99SS,Ground_Daily,CTA_99SS_O (17-00-00),CTA_99SS_O_shape,CTA_99SS_O,0
CTA_99SS,Ground_Daily,CTA_99SS_O (19-00-00),CTA_99SS_O_shape,CTA_99SS_O,0
CTA_99SS,Ground_Daily,CTA_99SS_O (21-00-00),CTA_99SS_O_shape,CTA_99SS_O,0
CTA_99SS,Ground_Daily,CTA_99SS_R (06-30-00),CTA_99SS_R_shape,CTA_99SS_R,1
CTA_99SS,Ground_Daily,CTA_99SS_R (08-00-00),CTA_99SS_R_shape,CTA_99SS_R,1
CTA_99SS,Ground_Daily,CTA_99SS_R (09-00-00),CTA_99SS_R_shape,CTA_99SS_R,1
CTA_99SS,Ground_Daily,CTA_99SS_R (11-00-00),CTA_99SS_R_shape,CTA_99SS_R,1
CTA_99SS,Ground_Daily,CTA_99SS_R (13-00-00),CTA_99SS_R_shape,CTA_99SS_R,1
CTA_99SS,Ground_Daily,CTA_99SS_R (15-00-00),CTA_99SS_R_shape,CTA_99SS_R,1
CTA_99SS,Ground_Daily,CTA_99SS_R (17-00-00),CTA_99SS_R_shape,CTA_99SS_R,1
CTA_99SS,Ground_Daily,CTA_99SS_R (19-00-00),CTA_99SS_R_shape,CTA_99SS_R,1
CTA_99SS,Ground_Daily,CTA_99SS_R (21-00-00),CTA_99SS_R_shape,CTA_99SS_R,1
CTA_M_106,Ground_Daily,CTA_M_100_O (06-30-00),CTA_M_100_O_shape,CTA_M_100_O,0
CTA_M_106,Ground_Daily,CTA_M_100_O (08-00-00),CTA_M_100_O_shape,CTA_M_100_O,0
CTA_M_106,Ground_Daily,CTA_M_100_O (09-00-00),CTA_M_100_O_shape,CTA_M_100_O,0
CTA_M_106,Ground_Daily,CTA_M_100_O (11-00-00),CTA_M_100_O_shape,CTA_M_100_O,0
CTA_M_106,Ground_Daily,CTA_M_100_O (13-00-00),CTA_M_100_O_shape,CTA_M_100_O,0
CTA_M_106,Ground_Daily,CTA_M_100_O (15-00-00),CTA_M_100_O_shape,CTA_M_100_O,0
CTA_M_106,Ground_Daily,CTA_M_100_O (17-00-00),CTA_M_100_O_shape,CTA_M_100_O,0
CTA_M_106,Ground_Daily,CTA_M_100_O (19-00-00),CTA_M_100_O_shape,CTA_M_100_O,0
CTA_M_106,Ground_Daily,CTA_M_100_O (21-00-00),CTA_M_100_O_shape,CTA_M_100_O,0
CTA_M_106,Ground_Daily,CTA_M_100_R (06-30-00),CTA_M_100_R_shape,CTA_M_100_R,1
CTA_M_106,Ground_Daily,CTA_M_100_R (08-00-00),CTA_M_100_R_shape,CTA_M_100_R,1
CTA_M_106,Ground_Daily,CTA_M_100_R (09-00-00),CTA_M_100_R_shape,CTA_M_100_R,1
CTA_M_106,Ground_Daily,CTA_M_100_R (11-00-00),CTA_M_100_R_shape,CTA_M_100_R,1
CTA_M_106,Ground_Daily,CTA_M_100_R (13-00-00),CTA_M_100_R_shape,CTA_M_100_R,1
CTA_M_106,Ground_Daily,CTA_M_100_R (15-00-00),CTA_M_100_R_shape,CTA_M_100_R,1
CTA_M_106,Ground_Daily,CTA_M_100_R (17-00-00),CTA_M_100_R_shape,CTA_M_100_R,1
CTA_M_106,Ground_Daily,CTA_M_100_R (19-00-00),CTA_M_100_R_shape,CTA_M_100_R,1
CTA_M_106,Ground_Daily,CTA_M_100_R (21-00-00),CTA_M_100_R_shape,CTA_M_100_R,1
CTA_M_106,Ground_Daily,CTA_M_106_O (06-30-00),CTA_M_106_O_shape,CTA_M_106_O,0
CTA_M_106,Ground_Daily,CTA_M_106_O (08-00-00),CTA_M_106_O_shape,CTA_M_106_O,0
CTA_M_106,Ground_Daily,CTA_M_106_O (09-00-00),CTA_M_106_O_shape,CTA_M_106_O,0
CTA_M_106,Ground_Daily,CTA_M_106_O (11-00-00),CTA_M_106_O_shape,CTA_M_106_O,0
CTA_M_106,Ground_Daily,CTA_M_106_O (13-00-00),CTA_M_106_O_shape,CTA_M_106_O,0
CTA_M_106,Ground_Daily,CTA_M_106_O (15-00-00),CTA_M_106_O_shape,CTA_M_106_O,0
CTA_M_106,Ground_Daily,CTA_M_106_O (17-00-00),CTA_M_106_O_shape,CTA_M_106_O,0
CTA_M_106,Ground_Daily,CTA_M_106_O (19-00-00),CTA_M_106_O_shape,CTA_M_106_O,0
CTA_M_106,Ground_Daily,CTA_M_106_O (21-00-00),CTA_M_106_O_shape,CTA_M_106_O,0
CTA_M_106,Ground_Daily,CTA_M_106_R (06-30-00),CTA_M_106_R_shape,CTA_M_106_R,1
CTA_M_106,Ground_Daily,CTA_M_106_R (08-00-00),CTA_M_106_R_shape,CTA_M_106_R,1
CTA_M_106,Ground_Daily,CTA_M_106_R (09-00-00),CTA_M_106_R_shape,CTA_M_106_R,1
CTA_M_106,Ground_Daily,CTA_M_106_R (11-00-00),CTA_M_106_R_shape,CTA_M_106_R,1
CTA_M_106,Ground_Daily,CTA_M_106_R (13-00-00),CTA_M_106_R_shape,CTA_M_106_R,1
CTA_M_106,Ground_Daily,CTA_M_106_R (15-00-00),CTA_M_106_R_shape,CTA_M_106_R,1
CTA_M_106,Ground_Daily,CTA_M_106_R (17-00-00),CTA_M_106_R_shape,CTA_M_106_R,1
CTA_M_106,Ground_Daily,CTA_M_106_R (19-00-00),CTA_M_106_R_shape,CTA_M_106_R,1
CTA_M_106,Ground_Daily,CTA_M_106_R (21-00-00),CTA_M_106_R_shape,CTA_M_106_R,1
CTA_M_106,Ground_Daily,CTA_M_107_O (06-30-00),CTA_M_107_O_shape,CTA_M_107_O,0
CTA_M_106,Ground_Daily,CTA_M_107_O (08-00-00),CTA_M_107_O_shape,CTA_M_107_O,0
CTA_M_106,Ground_Daily,CTA_M_107_O (09-00-00),CTA_M_107_O_shape,CTA_M_107_O,0
CTA_M_106,Ground_Daily,CTA_M_107_O (11-00-00),CTA_M_107_O_shape,CTA_M_107_O,0
CTA_M_106,Ground_Daily,CTA_M_107_O (13-00-00),CTA_M_107_O_shape,CTA_M_107_O,0
CTA_M_106,Ground_Daily,CTA_M_107_O (15-00-00),CTA_M_107_O_shape,CTA_M_107_O,0
CTA_M_106,Ground_Daily,CTA_M_107_O (17-00-00),CTA_M_107_O_shape,CTA_M_107_O,0
CTA_M_106,Ground_Daily,CTA_M_107_O (19-00-00),CTA_M_107_O_shape,CTA_M_107_O,0
CTA_M_106,Ground_Daily,CTA_M_107_O (21-00-00),CTA_M_107_O_shape,CTA_M_107_O,0
CTA_M_106,Ground_Daily,CTA_M_107_R (06-30-00),CTA_M_107_R_shape,CTA_M_107_R,1
CTA_M_106,Ground_Daily,CTA_M_107_R (08-00-00),CTA_M_107_R_shape,CTA_M_107_R,1
CTA_M_106,Ground_Daily,CTA_M_107_R (09-00-00),CTA_M_107_R_shape,CTA_M_107_R,1
CTA_M_106,Ground_Daily,CTA_M_107_R (11-00-00),CTA_M_107_R_shape,CTA_M_107_R,1
CTA_M_106,Ground_Daily,CTA_M_107_R (13-00-00),CTA_M_107_R_shape,CTA_M_107_R,1
CTA_M_106,Ground_Daily,CTA_M_107_R (15-00-00),CTA_M_107_R_shape,CTA_M_107_R,1
CTA_M_106,Ground_Daily,CTA_M_107_R (17-00-00),CTA_M_107_R_shape,CTA_M_107_R,1
CTA_M_106,Ground_Daily,CTA_M_107_R (19-00-00),CTA_M_107_R_shape,CTA_M_107_R,1
CTA_M_106,Ground_Daily,CTA_M_107_R (21-00-00),CTA_M_107_R_shape,CTA_M_107_R,1
CTA_M_106,Ground_Daily,CTA_M_112_O (06-30-00),CTA_M_112_O_shape,CTA_M_112_O,0
CTA_M_106,Ground_Daily,CTA_M_112_O (08-00-00),CTA_M_112_O_shape,CTA_M_112_O,0
CTA_M_106,Ground_Daily,CTA_M_112_O (09-00-00),CTA_M_112_O_shape,CTA_M_112_O,0
CTA_M_106,Ground_Daily,CTA_M_112_O (11-00-00),CTA_M_112_O_shape,CTA_M_112_O,0
CTA_M_106,Ground_Daily,CTA_M_112_O (13-00-00),CTA_M_112_O_shape,CTA_M_112_O,0
CTA_M_106,Ground_Daily,CTA_M_112_O (15-00-00),CTA_M_112_O_shape,CTA_M_112_O,0
CTA_M_106,Ground_Daily,CTA_M_112_O (17-00-00),CTA_M_112_O_shape,CTA_M_112_O,0
CTA_M_106,Ground_Daily,CTA_M_112_O (19-00-00),CTA_M_112_O_shape,CTA_M_112_O,0
CTA_M_106,Ground_Daily,CTA_M_112_O (21-00-00),CTA_M_112_O_shape,CTA_M_112_O,0
CTA_M_106,Ground_Daily,CTA_M_112_R (06-30-00),CTA_M_112_R_shape,CTA_M_112_R,1
CTA_M_106,Ground_Daily,CTA_M_112_R (08-00-00),CTA_M_112_R_shape,CTA_M_112_R,1
CTA_M_106,Ground_Daily,CTA_M_112_R (09-00-00),CTA_M_112_R_shape,CTA_M_112_R,1
CTA_M_106,Ground_Daily,CTA_M_112_R (11-00-00),CTA_M_112_R_shape,CTA_M_112_R,1
CTA_M_106,Ground_Daily,CTA_M_112_R (13-00-00),CTA_M_112_R_shape,CTA_M_112_R,1
CTA_M_106,Ground_Daily,CTA_M_112_R (15-00-00),CTA_M_112_R_shape,CTA_M_112_R,1
CTA_M_106,Ground_Daily,CTA_M_112_R (17-00-00),CTA_M_112_R_shape,CTA_M_112_R,1
CTA_M_106,Ground_Daily,CTA_M_112_R (19-00-00),CTA_M_112_R_shape,CTA_M_112_R,1
CTA_M_106,Ground_Daily,CTA_M_112_R (21-00-00),CTA_M_112_R_shape,CTA_M_112_R,1
CTA_M_106,Ground_Daily,CTA_M_113_O (06-30-00),CTA_M_113_O_shape,CTA_M_113_O,0
CTA_M_106,Ground_Daily,CTA_M_113_O (08-00-00),CTA_M_113_O_shape,CTA_M_113_O,0
CTA_M_106,Ground_Daily,CTA_M_113_O (09-00-00),CTA_M_113_O_shape,CTA_M_113_O,0
CTA_M_106,Ground_Daily,CTA_M_113_O (11-00-00),CTA_M_113_O_shape,CTA_M_113_O,0
CTA_M_106,Ground_Daily,CTA_M_113_O (13-00-00),CTA_M_113_O_shape,CTA_M_113_O,0
CTA_M_106,Ground_Daily,CTA_M_113_O (15-00-00),CTA_M_113_O_shape,CTA_M_113_O,0
CTA_M_106,Ground_Daily,CTA_M_113_O (17-00-00),CTA_M_113_O_shape,CTA_M_113_O,0
CTA_M_106,Ground_Daily,CTA_M_113_O (19-00-00),CTA_M_113_O_shape,CTA_M_113_O,0
CTA_M_106,Ground_Daily,CTA_M_113_O (21-00-00),CTA_M_113_O_shape,CTA_M_113_O,0
CTA_M_106,Ground_Daily,CTA_M_113_R (06-30-00),CTA_M_113_R_shape,CTA_M_113_R,1
CTA_M_106,Ground_Daily,CTA_M_113_R (08-00-00),CTA_M_113_R_shape,CTA_M_113_R,1
CTA_M_106,Ground_Daily,CTA_M_113_R (09-00-00),CTA_M_113_R_shape,CTA_M_113_R,1
CTA_M_106,Ground_Daily,CTA_M_113_R (11-00-00),CTA_M_113_R_shape,CTA_M_113_R,1
CTA_M_106,Ground_Daily,CTA_M_113_R (13-00-00),CTA_M_113_R_shape,CTA_M_113_R,1
CTA_M_106,Ground_Daily,CTA_M_113_R (15-00-00),CTA_M_113_R_shape,CTA_M_113_R,1
CTA_M_106,Ground_Daily,CTA_M_113_R (17-00-00),CTA_M_113_R_shape,CTA_M_113_R,1
CTA_M_106,Ground_Daily,CTA_M_113_R (19-00-00),CTA_M_113_R_shape,CTA_M_113_R,1
CTA_M_106,Ground_Daily,CTA_M_113_R (21-00-00),CTA_M_113_R_shape,CTA_M_113_R,1
CTA_M_106,Ground_Daily,CTA_M_115_O (06-30-00),CTA_M_115_O_shape,CTA_M_115_O,0
CTA_M_106,Ground_Daily,CTA_M_115_O (08-00-00),CTA_M_115_O_shape,CTA_M_115_O,0
CTA_M_106,Ground_Daily,CTA_M_115_O (09-00-00),CTA_M_115_O_shape,CTA_M_115_O,0
CTA_M_106,Ground_Daily,CTA_M_115_O (11-00-00),CTA_M_115_O_shape,CTA_M_115_O,0
CTA_M_106,Ground_Daily,CTA_M_115_O (13-00-00),CTA_M_115_O_shape,CTA_M_115_O,0
CTA_M_106,Ground_Daily,CTA_M_115_O (15-00-00),CTA_M_115_O_shape,CTA_M_115_O,0
CTA_M_106,Ground_Daily,CTA_M_115_O (17-00-00),CTA_M_115_O_shape,CTA_M_115_O,0
CTA_M_106,Ground_Daily,CTA_M_115_O (19-00-00),CTA_M_115_O_shape,CTA_M_115_O,0
CTA_M_106,Ground_Daily,CTA_M_115_O (21-00-00),CTA_M_115_O_shape,CTA_M_115_O,0
CTA_M_106,Ground_Daily,CTA_M_115_R (06-30-00),CTA_M_115_R_shape,CTA_M_115_R,1
CTA_M_106,Ground_Daily,CTA_M_115_R (08-00-00),CTA_M_115_R_shape,CTA_M_115_R,1
CTA_M_106,Ground_Daily,CTA_M_115_R (09-00-00),CTA_M_115_R_shape,CTA_M_115_R,1
CTA_M_106,Ground_Daily,CTA_M_115_R (11-00-00),CTA_M_115_R_shape,CTA_M_115_R,1
CTA_M_106,Ground_Daily,CTA_M_115_R (13-00-00),CTA_M_115_R_shape,CTA_M_115_R,1
CTA_M_106,Ground_Daily,CTA_M_115_R (15-00-00),CTA_M_115_R_shape,CTA_M_115_R,1
CTA_M_106,Ground_Daily,CTA_M_115_R (17-00-00),CTA_M_115_R_shape,CTA_M_115_R,1
CTA_M_106,Ground_Daily,CTA_M_115_R (19-00-00),CTA_M_115_R_shape,CTA_M_115_R,1
CTA_M_106,Ground_Daily,CTA_M_115_R (21-00-00),CTA_M_115_R_shape,CTA_M_115_R,1
CTA_M_106,Ground_Daily,CTA_M_116_O (06-30-00),CTA_M_116_O_shape,CTA_M_116_O,0
CTA_M_106,Ground_Daily,CTA_M_116_O (08-00-00),CTA_M_116_O_shape,CTA_M_116_O,0
CTA_M_106,Ground_Daily,CTA_M_116_O (09-00-00),CTA_M_116_O_shape,CTA_M_116_O,0
CTA_M_106,Ground_Daily,CTA_M_116_O (11-00-00),CTA_M_116_O_shape,CTA_M_116_O,0
CTA_M_106,Ground_Daily,CTA_M_116_O (13-00-00),CTA_M_116_O_shape,CTA_M_116_O,0
CTA_M_106,Ground_Daily,CTA_M_116_O (15-00-00),CTA_M_116_O_shape,CTA_M_116_O,0
CTA_M_106,Ground_Daily,CTA_M_116_O (17-00-00),CTA_M_116_O_shape,CTA_M_116_O,0
CTA_M_106,Ground_Daily,CTA_M_116_O (19-00-00),CTA_M_116_O_shape,CTA_M_116_O,0
CTA_M_106,Ground_Daily,CTA_M_116_O (21-00-00),CTA_M_116_O_shape,CTA_M_116_O,0
CTA_M_106,Ground_Daily,CTA_M_116_R (06-30-00),CTA_M_116_R_shape,CTA_M_116_R,1
CTA_M_106,Ground_Daily,CTA_M_116_R (08-00-00),CTA_M_116_R_shape,CTA_M_116_R,1
CTA_M_106,Ground_Daily,CTA_M_116_R (09-00-00),CTA_M_116_R_shape,CTA_M_116_R,1
CTA_M_106,Ground_Daily,CTA_M_116_R (11-00-00),CTA_M_116_R_shape,CTA_M_116_R,1
CTA_M_106,Ground_Daily,CTA_M_116_R (13-00-00),CTA_M_116_R_shape,CTA_M_116_R,1
CTA_M_106,Ground_Daily,CTA_M_116_R (15-00-00),CTA_M_116_R_shape,CTA_M_116_R,1
CTA_M_106,Ground_Daily,CTA_M_116_R (17-00-00),CTA_M_116_R_shape,CTA_M_116_R,1
CTA_M_106,Ground_Daily,CTA_M_116_R (19-00-00),CTA_M_116_R_shape,CTA_M_116_R,1
CTA_M_106,Ground_Daily,CTA_M_116_R (21-00-00),CTA_M_116_R_shape,CTA_M_116_R,1
CTA_M_106,Ground_Daily,CTA_M_119_O (06-30-00),CTA_M_119_O_shape,CTA_M_119_O,0
CTA_M_106,Ground_Daily,CTA_M_119_O (08-00-00),CTA_M_119_O_shape,CTA_M_119_O,0
CTA_M_106,Ground_Daily,CTA_M_119_O (09-00-00),CTA_M_119_O_shape,CTA_M_119_O,0
CTA_M_106,Ground_Daily,CTA_M_119_O (11-00-00),CTA_M_119_O_shape,CTA_M_119_O,0
CTA_M_106,Ground_Daily,CTA_M_119_O (13-00-00),CTA_M_119_O_shape,CTA_M_119_O,0
CTA_M_106,Ground_Daily,CTA_M_119_O (15-00-00),CTA_M_119_O_shape,CTA_M_119_O,0
CTA_M_106,Ground_Daily,CTA_M_119_O (17-00-00),CTA_M_119_O_shape,CTA_M_119_O,0
CTA_M_106,Ground_Daily,CTA_M_119_O (19-00-00),CTA_M_119_O_shape,CTA_M_119_O,0
CTA_M_106,Ground_Daily,CTA_M_119_O (21-00-00),CTA_M_119_O_shape,CTA_M_119_O,0
CTA_M_106,Ground_Daily,CTA_M_119_R (06-30-00),CTA_M_119_R_shape,CTA_M_119_R,1
CTA_M_106,Ground_Daily,CTA_M_119_R (08-00-00),CTA_M_119_R_shape,CTA_M_119_R,1
CTA_M_106,Ground_Daily,CTA_M_119_R (09-00-00),CTA_M_119_R_shape,CTA_M_119_R,1
CTA_M_106,Ground_Daily,CTA_M_119_R (11-00-00),CTA_M_119_R_shape,CTA_M_119_R,1
CTA_M_106,Ground_Daily,CTA_M_119_R (13-00-00),CTA_M_119_R_shape,CTA_M_119_R,1
CTA_M_106,Ground_Daily,CTA_M_119_R (15-00-00),CTA_M_119_R_shape,CTA_M_119_R,1
CTA_M_106,Ground_Daily,CTA_M_119_R (17-00-00),CTA_M_119_R_shape,CTA_M_119_R,1
CTA_M_106,Ground_Daily,CTA_M_119_R (19-00-00),CTA_M_119_R_shape,CTA_M_119_R,1
CTA_M_106,Ground_Daily,CTA_M_119_R (21-00-00),CTA_M_119_R_shape,CTA_M_119_R,1
CTA_M_106,Ground_Daily,CTA_M_11_O (06-30-00),CTA_M_11_O_shape,CTA_M_11_O,0
CTA_M_106,Ground_Daily,CTA_M_11_O (08-00-00),CTA_M_11_O_shape,CTA_M_11_O,0
CTA_M_106,Ground_Daily,CTA_M_11_O (09-00-00),CTA_M_11_O_shape,CTA_M_11_O,0
CTA_M_106,Ground_Daily,CTA_M_11_O (11-00-00),CTA_M_11_O_shape,CTA_M_11_O,0
CTA_M_106,Ground_Daily,CTA_M_11_O (13-00-00),CTA_M_11_O_shape,CTA_M_11_O,0
CTA_M_106,Ground_Daily,CTA_M_11_O (15-00-00),CTA_M_11_O_shape,CTA_M_11_O,0
CTA_M_106,Ground_Daily,CTA_M_11_O (17-00-00),CTA_M_11_O_shape,CTA_M_11_O,0
CTA_M_106,Ground_Daily,CTA_M_11_O (19-00-00),CTA_M_11_O_shape,CTA_M_11_O,0
CTA_M_106,Ground_Daily,CTA_M_11_O (21-00-00),CTA_M_11_O_shape,CTA_M_11_O,0
CTA_M_106,Ground_Daily,CTA_M_11_R (06-30-00),CTA_M_11_R_shape,CTA_M_11_R,1
CTA_M_106,Ground_Daily,CTA_M_11_R (08-00-00),CTA_M_11_R_shape,CTA_M_11_R,1
CTA_M_106,Ground_Daily,CTA_M_11_R (09-00-00),CTA_M_11_R_shape,CTA_M_11_R,1
CTA_M_106,Ground_Daily,CTA_M_11_R (11-00-00),CTA_M_11_R_shape,CTA_M_11_R,1
CTA_M_106,Ground_Daily,CTA_M_11_R (13-00-00),CTA_M_11_R_shape,CTA_M_11_R,1
CTA_M_106,Ground_Daily,CTA_M_11_R (15-00-00),CTA_M_11_R_shape,CTA_M_11_R,1
CTA_M_106,Ground_Daily,CTA_M_11_R (17-00-00),CTA_M_11_R_shape,CTA_M_11_R,1
CTA_M_106,Ground_Daily,CTA_M_11_R (19-00-00),CTA_M_11_R_shape,CTA_M_11_R,1
CTA_M_106,Ground_Daily,CTA_M_11_R (21-00-00),CTA_M_11_R_shape,CTA_M_11_R,1
CTA_M_106,Ground_Daily,CTA_M_120_O (06-30-00),CTA_M_120_O_shape,CTA_M_120_O,0
CTA_M_106,Ground_Daily,CTA_M_120_O (08-00-00),CTA_M_120_O_shape,CTA_M_120_O,0
CTA_M_106,Ground_Daily,CTA_M_120_O (09-00-00),CTA_M_120_O_shape,CTA_M_120_O,0
CTA_M_106,Ground_Daily,CTA_M_120_O (11-00-00),CTA_M_120_O_shape,CTA_M_120_O,0
CTA_M_106,Ground_Daily,CTA_M_120_O (13-00-00),CTA_M_120_O_shape,CTA_M_120_O,0
CTA_M_106,Ground_Daily,CTA_M_120_O (15-00-00),CTA_M_120_O_shape,CTA_M_120_O,0
CTA_M_106,Ground_Daily,CTA_M_120_O (17-00-00),CTA_M_120_O_shape,CTA_M_120_O,0
CTA_M_106,Ground_Daily,CTA_M_120_O (19-00-00),CTA_M_120_O_shape,CTA_M_120_O,0
CTA_M_106,Ground_Daily,CTA_M_120_O (21-00-00),CTA_M_120_O_shape,CTA_M_120_O,0
CTA_M_106,Ground_Daily,CTA_M_120_R (06-30-00),CTA_M_120_R_shape,CTA_M_120_R,1
CTA_M_106,Ground_Daily,CTA_M_120_R (08-00-00),CTA_M_120_R_shape,CTA_M_120_R,1
CTA_M_106,Ground_Daily,CTA_M_120_R (09-00-00),CTA_M_120_R_shape,CTA_M_120_R,1
CTA_M_106,Ground_Daily,CTA_M_120_R (11-00-00),CTA_M_120_R_shape,CTA_M_120_R,1
CTA_M_106,Ground_Daily,CTA_M_120_R (13-00-00),CTA_M_120_R_shape,CTA_M_120_R,1
CTA_M_106,Ground_Daily,CTA_M_120_R (15-00-00),CTA_M_120_R_shape,CTA_M_120_R,1
CTA_M_106,Ground_Daily,CTA_M_120_R (17-00-00),CTA_M_120_R_shape,CTA_M_120_R,1
CTA_M_106,Ground_Daily,CTA_M_120_R (19-00-00),CTA_M_120_R_shape,CTA_M_120_R,1
CTA_M_106,Ground_Daily,CTA_M_120_R (21-00-00),CTA_M_120_R_shape,CTA_M_120_R,1
CTA_M_106,Ground_Daily,CTA_M_121_O (06-30-00),CTA_M_121_O_shape,CTA_M_121_O,0
CTA_M_106,Ground_Daily,CTA_M_121_O (08-00-00),CTA_M_121_O_shape,CTA_M_121_O,0
CTA_M_106,Ground_Daily,CTA_M_121_O (09-00-00),CTA_M_121_O_shape,CTA_M_121_O,0
CTA_M_106,Ground_Daily,CTA_M_121_O (11-00-00),CTA_M_121_O_shape,CTA_M_121_O,0
CTA_M_106,Ground_Daily,CTA_M_121_O (13-00-00),CTA_M_121_O_shape,CTA_M_121_O,0
CTA_M_106,Ground_Daily,CTA_M_121_O (15-00-00),CTA_M_121_O_shape,CTA_M_121_O,0
CTA_M_106,Ground_Daily,CTA_M_121_O (17-00-00),CTA_M_121_O_shape,CTA_M_121_O,0
CTA_M_106,Ground_Daily,CTA_M_121_O (19-00-00),CTA_M_121_O_shape,CTA_M_121_O,0
CTA_M_106,Ground_Daily,CTA_M_121_O (21-00-00),CTA_M_121_O_shape,CTA_M_121_O,0
CTA_M_106,Ground_Daily,CTA_M_121_R (06-30-00),CTA_M_121_R_shape,CTA_M_121_R,1
CTA_M_106,Ground_Daily,CTA_M_121_R (08-00-00),CTA_M_121_R_shape,CTA_M_121_R,1
CTA_M_106,Ground_Daily,CTA_M_121_R (09-00-00),CTA_M_121_R_shape,CTA_M_121_R,1
CTA_M_106,Ground_Daily,CTA_M_121_R (11-00-00),CTA_M_121_R_shape,CTA_M_121_R,1
CTA_M_106,Ground_Daily,CTA_M_121_R (13-00-00),CTA_M_121_R_shape,CTA_M_121_R,1
CTA_M_106,Ground_Daily,CTA_M_121_R (15-00-00),CTA_M_121_R_shape,CTA_M_121_R,1
CTA_M_106,Ground_Daily,CTA_M_121_R (17-00-00),CTA_M_121_R_shape,CTA_M_121_R,1
CTA_M_106,Ground_Daily,CTA_M_121_R (19-00-00),CTA_M_121_R_shape,CTA_M_121_R,1
CTA_M_106,Ground_Daily,CTA_M_121_R (21-00-00),CTA_M_121_R_shape,CTA_M_121_R,1
CTA_M_106,Ground_Daily,CTA_M_125_O (06-30-00),CTA_M_125_O_shape,CTA_M_125_O,0
CTA_M_106,Ground_Daily,CTA_M_125_O (08-00-00),CTA_M_125_O_shape,CTA_M_125_O,0
CTA_M_106,Ground_Daily,CTA_M_125_O (09-00-00),CTA_M_125_O_shape,CTA_M_125_O,0
CTA_M_106,Ground_Daily,CTA_M_125_O (11-00-00),CTA_M_125_O_shape,CTA_M_125_O,0
CTA_M_106,Ground_Daily,CTA_M_125_O (13-00-00),CTA_M_125_O_shape,CTA_M_125_O,0
CTA_M_106,Ground_Daily,CTA_M_125_O (15-00-00),CTA_M_125_O_shape,CTA_M_125_O,0
CTA_M_106,Ground_Daily,CTA_M_125_O (17-00-00),CTA_M_125_O_shape,CTA_M_125_O,0
CTA_M_106,Ground_Daily,CTA_M_125_O (19-00-00),CTA_M_125_O_shape,CTA_M_125_O,0
CTA_M_106,Ground_Daily,CTA_M_125_O (21-00-00),CTA_M_125_O_shape,CTA_M_125_O,0
CTA_M_106,Ground_Daily,CTA_M_125_R (06-30-00),CTA_M_125_R_shape,CTA_M_125_R,1
CTA_M_106,Ground_Daily,CTA_M_125_R (08-00-00),CTA_M_125_R_shape,CTA_M_125_R,1
CTA_M_106,Ground_Daily,CTA_M_125_R (09-00-00),CTA_M_125_R_shape,CTA_M_125_R,1
CTA_M_106,Ground_Daily,CTA_M_125_R (11-00-00),CTA_M_125_R_shape,CTA_M_125_R,1
CTA_M_106,Ground_Daily,CTA_M_125_R (13-00-00),CTA_M_125_R_shape,CTA_M_125_R,1
CTA_M_106,Ground_Daily,CTA_M_125_R (15-00-00),CTA_M_125_R_shape,CTA_M_125_R,1
CTA_M_106,Ground_Daily,CTA_M_125_R (17-00-00),CTA_M_125_R_shape,CTA_M_125_R,1
CTA_M_106,Ground_Daily,CTA_M_125_R (19-00-00),CTA_M_125_R_shape,CTA_M_125_R,1
CTA_M_106,Ground_Daily,CTA_M_125_R (21-00-00),CTA_M_125_R_shape,CTA_M_125_R,1
CTA_M_106,Ground_Daily,CTA_M_129_O (06-30-00),CTA_M_129_O_shape,CTA_M_129_O,0
CTA_M_106,Ground_Daily,CTA_M_129_O (08-00-00),CTA_M_129_O_shape,CTA_M_129_O,0
CTA_M_106,Ground_Daily,CTA_M_129_O (09-00-00),CTA_M_129_O_shape,CTA_M_129_O,0
CTA_M_106,Ground_Daily,CTA_M_129_O (11-00-00),CTA_M_129_O_shape,CTA_M_129_O,0
CTA_M_106,Ground_Daily,CTA_M_129_O (13-00-00),CTA_M_129_O_shape,CTA_M_129_O,0
CTA_M_106,Ground_Daily,CTA_M_129_O (15-00-00),CTA_M_129_O_shape,CTA_M_129_O,0
CTA_M_106,Ground_Daily,CTA_M_129_O (17-00-00),CTA_M_129_O_shape,CTA_M_129_O,0
CTA_M_106,Ground_Daily,CTA_M_129_O (19-00-00),CTA_M_129_O_shape,CTA_M_129_O,0
CTA_M_106,Ground_Daily,CTA_M_129_O (21-00-00),CTA_M_129_O_shape,CTA_M_129_O,0
CTA_M_106,Ground_Daily,CTA_M_129_R (06-30-00),CTA_M_129_R_shape,CTA_M_129_R,1
CTA_M_106,Ground_Daily,CTA_M_129_R (08-00-00),CTA_M_129_R_shape,CTA_M_129_R,1
CTA_M_106,Ground_Daily,CTA_M_129_R (09-00-00),CTA_M_129_R_shape,CTA_M_129_R,1
CTA_M_106,Ground_Daily,CTA_M_129_R (11-00-00),CTA_M_129_R_shape,CTA_M_129_R,1
CTA_M_106,Ground_Daily,CTA_M_129_R (13-00-00),CTA_M_129_R_shape,CTA_M_129_R,1
CTA_M_106,Ground_Daily,CTA_M_129_R (15-00-00),CTA_M_129_R_shape,CTA_M_129_R,1
CTA_M_106,Ground_Daily,CTA_M_129_R (17-00-00),CTA_M_129_R_shape,CTA_M_129_R,1
CTA_M_106,Ground_Daily,CTA_M_129_R (19-00-00),CTA_M_129_R_shape,CTA_M_129_R,1
CTA_M_106,Ground_Daily,CTA_M_129_R (21-00-00),CTA_M_129_R_shape,CTA_M_129_R,1
CTA_M_106,Ground_Daily,CTA_M_12a_O (06-30-00),CTA_M_12a_O_shape,CTA_M_12a_O,0
CTA_M_106,Ground_Daily,CTA_M_12a_O (08-00-00),CTA_M_12a_O_shape,CTA_M_12a_O,0
CTA_M_106,Ground_Daily,CTA_M_12a_O (09-00-00),CTA_M_12a_O_shape,CTA_M_12a_O,0
CTA_M_106,Ground_Daily,CTA_M_12a_O (11-00-00),CTA_M_12a_O_shape,CTA_M_12a_O,0
CTA_M_106,Ground_Daily,CTA_M_12a_O (13-00-00),CTA_M_12a_O_shape,CTA_M_12a_O,0
CTA_M_106,Ground_Daily,CTA_M_12a_O (15-00-00),CTA_M_12a_O_shape,CTA_M_12a_O,0
CTA_M_106,Ground_Daily,CTA_M_12a_O (17-00-00),CTA_M_12a_O_shape,CTA_M_12a_O,0
CTA_M_106,Ground_Daily,CTA_M_12a_O (19-00-00),CTA_M_12a_O_shape,CTA_M_12a_O,0
CTA_M_106,Ground_Daily,CTA_M_12a_O (21-00-00),CTA_M_12a_O_shape,CTA_M_12a_O,0
CTA_M_106,Ground_Daily,CTA_M_12a_R (06-30-00),CTA_M_12a_R_shape,CTA_M_12a_R,1
CTA_M_106,Ground_Daily,CTA_M_12a_R (08-00-00),CTA_M_12a_R_shape,CTA_M_12a_R,1
CTA_M_106,Ground_Daily,CTA_M_12a_R (09-00-00),CTA_M_12a_R_shape,CTA_M_12a_R,1
CTA_M_106,Ground_Daily,CTA_M_12a_R (11-00-00),CTA_M_12a_R_shape,CTA_M_12a_R,1
CTA_M_106,Ground_Daily,CTA_M_12a_R (13-00-00),CTA_M_12a_R_shape,CTA_M_12a_R,1
CTA_M_106,Ground_Daily,CTA_M_12a_R (15-00-00),CTA_M_12a_R_shape,CTA_M_12a_R,1
CTA_M_106,Ground_Daily,CTA_M_12a_R (17-00-00),CTA_M_12a_R_shape,CTA_M_12a_R,1
CTA_M_106,Ground_Daily,CTA_M_12a_R (19-00-00),CTA_M_12a_R_shape,CTA_M_12a_R,1
CTA_M_106,Ground_Daily,CTA_M_12a_R (21-00-00),CTA_M_12a_R_shape,CTA_M_12a_R,1
CTA_M_106,Ground_Daily,CTA_M_13_O (06-30-00),CTA_M_13_O_shape,CTA_M_13_O,0
CTA_M_106,Ground_Daily,CTA_M_13_O (08-00-00),CTA_M_13_O_shape,CTA_M_13_O,0
CTA_M_106,Ground_Daily,CTA_M_13_O (09-00-00),CTA_M_13_O_shape,CTA_M_13_O,0
CTA_M_106,Ground_Daily,CTA_M_13_O (11-00-00),CTA_M_13_O_shape,CTA_M_13_O,0
CTA_M_106,Ground_Daily,CTA_M_13_O (13-00-00),CTA_M_13_O_shape,CTA_M_13_O,0
CTA_M_106,Ground_Daily,CTA_M_13_O (15-00-00),CTA_M_13_O_shape,CTA_M_13_O,0
CTA_M_106,Ground_Daily,CTA_M_13_O (17-00-00),CTA_M_13_O_shape,CTA_M_13_O,0
CTA_M_106,Ground_Daily,CTA_M_13_O (19-00-00),CTA_M_13_O_shape,CTA_M_13_O,0
CTA_M_106,Ground_Daily,CTA_M_13_O (21-00-00),CTA_M_13_O_shape,CTA_M_13_O,0
CTA_M_106,Ground_Daily,CTA_M_13_R (06-30-00),CTA_M_13_R_shape,CTA_M_13_R,1
CTA_M_106,Ground_Daily,CTA_M_13_R (08-00-00),CTA_M_13_R_shape,CTA_M_13_R,1
CTA_M_106,Ground_Daily,CTA_M_13_R (09-00-00),CTA_M_13_R_shape,CTA_M_13_R,1
CTA_M_106,Ground_Daily,CTA_M_13_R (11-00-00),CTA_M_13_R_shape,CTA_M_13_R,1
CTA_M_106,Ground_Daily,CTA_M_13_R (13-00-00),CTA_M_13_R_shape,CTA_M_13_R,1
CTA_M_106,Ground_Daily,CTA_M_13_R (15-00-00),CTA_M_13_R_shape,CTA_M_13_R,1
CTA_M_106,Ground_Daily,CTA_M_13_R (17-00-00),CTA_M_13_R_shape,CTA_M_13_R,1
CTA_M_106,Ground_Daily,CTA_M_13_R (19-00-00),CTA_M_13_R_shape,CTA_M_13_R,1
CTA_M_106,Ground_Daily,CTA_M_13_R (21-00-00),CTA_M_13_R_shape,CTA_M_13_R,1
CTA_M_106,Ground_Daily,CTA_M_14a_O (06-30-00),CTA_M_14a_O_shape,CTA_M_14a_O,0
CTA_M_106,Ground_Daily,CTA_M_14a_O (08-00-00),CTA_M_14a_O_shape,CTA_M_14a_O,0
CTA_M_106,Ground_Daily,CTA_M_14a_O (09-00-00),CTA_M_14a_O_shape,CTA_M_14a_O,0
CTA_M_106,Ground_Daily,CTA_M_14a_O (11-00-00),CTA_M_14a_O_shape,CTA_M_14a_O,0
CTA_M_106,Ground_Daily,CTA_M_14a_O (13-00-00),CTA_M_14a_O_shape,CTA_M_14a_O,0
CTA_M_106,Ground_Daily,CTA_M_14a_O (15-00-00),CTA_M_14a_O_shape,CTA_M_14a_O,0
CTA_M_106,Ground_Daily,CTA_M_14a_O (17-00-00),CTA_M_14a_O_shape,CTA_M_14a_O,0
CTA_M_106,Ground_Daily,CTA_M_14a_O (19-00-00),CTA_M_14a_O_shape,CTA_M_14a_O,0
CTA_M_106,Ground_Daily,CTA_M_14a_O (21-00-00),CTA_M_14a_O_shape,CTA_M_14a_O,0
CTA_M_106,Ground_Daily,CTA_M_14a_R (06-30-00),CTA_M_14a_R_shape,CTA_M_14a_R,1
CTA_M_106,Ground_Daily,CTA_M_14a_R (08-00-00),CTA_M_14a_R_shape,CTA_M_14a_R,1
CTA_M_106,Ground_Daily,CTA_M_14a_R (09-00-00),CTA_M_14a_R_shape,CTA_M_14a_R,1
CTA_M_106,Ground_Daily,CTA_M_14a_R (11-00-00),CTA_M_14a_R_shape,CTA_M_14a_R,1
CTA_M_106,Ground_Daily,CTA_M_14a_R (13-00-00),CTA_M_14a_R_shape,CTA_M_14a_R,1
CTA_M_106,Ground_Daily,CTA_M_14a_R (15-00-00),CTA_M_14a_R_shape,CTA_M_14a_R,1
CTA_M_106,Ground_Daily,CTA_M_14a_R (17-00-00),CTA_M_14a_R_shape,CTA_M_14a_R,1
CTA_M_106,Ground_Daily,CTA_M_14a_R (19-00-00),CTA_M_14a_R_shape,CTA_M_14a_R,1
CTA_M_106,Ground_Daily,CTA_M_14a_R (21-00-00),CTA_M_14a_R_shape,CTA_M_14a_R,1
CTA_M_106,Ground_Daily,CTA_M_151_O (06-30-00),CTA_M_151_O_shape,CTA_M_151_O,0
CTA_M_106,Ground_Daily,CTA_M_151_O (08-00-00),CTA_M_151_O_shape,CTA_M_151_O,0
CTA_M_106,Ground_Daily,CTA_M_151_O (09-00-00),CTA_M_151_O_shape,CTA_M_151_O,0
CTA_M_106,Ground_Daily,CTA_M_151_O (11-00-00),CTA_M_151_O_shape,CTA_M_151_O,0
CTA_M_106,Ground_Daily,CTA_M_151_O (13-00-00),CTA_M_151_O_shape,CTA_M_151_O,0
CTA_M_106,Ground_Daily,CTA_M_151_O (15-00-00),CTA_M_151_O_shape,CTA_M_151_O,0
CTA_M_106,Ground_Daily,CTA_M_151_O (17-00-00),CTA_M_151_O_shape,CTA_M_151_O,0
CTA_M_106,Ground_Daily,CTA_M_151_O (19-00-00),CTA_M_151_O_shape,CTA_M_151_O,0
CTA_M_106,Ground_Daily,CTA_M_151_O (21-00-00),CTA_M_151_O_shape,CTA_M_151_O,0
CTA_M_106,Ground_Daily,CTA_M_151_R (06-30-00),CTA_M_151_R_shape,CTA_M_151_R,1
CTA_M_106,Ground_Daily,CTA_M_151_R (08-00-00),CTA_M_151_R_shape,CTA_M_151_R,1
CTA_M_106,Ground_Daily,CTA_M_151_R (09-00-00),CTA_M_151_R_shape,CTA_M_151_R,1
CTA_M_106,Ground_Daily,CTA_M_151_R (11-00-00),CTA_M_151_R_shape,CTA_M_151_R,1
CTA_M_106,Ground_Daily,CTA_M_151_R (13-00-00),CTA_M_151_R_shape,CTA_M_151_R,1
CTA_M_106,Ground_Daily,CTA_M_151_R (15-00-00),CTA_M_151_R_shape,CTA_M_151_R,1
CTA_M_106,Ground_Daily,CTA_M_151_R (17-00-00),CTA_M_151_R_shape,CTA_M_151_R,1
CTA_M_106,Ground_Daily,CTA_M_151_R (19-00-00),CTA_M_151_R_shape,CTA_M_151_R,1
CTA_M_106,Ground_Daily,CTA_M_151_R (21-00-00),CTA_M_151_R_shape,CTA_M_151_R,1
CTA_M_106,Ground_Daily,CTA_M_155_O (06-30-00),CTA_M_155_O_shape,CTA_M_155_O,0
CTA_M_106,Ground_Daily,CTA_M_155_O (08-00-00),CTA_M_155_O_shape,CTA_M_155_O,0
CTA_M_106,Ground_Daily,CTA_M_155_O (09-00-00),CTA_M_155_O_shape,CTA_M_155_O,0
CTA_M_106,Ground_Daily,CTA_M_155_O (11-00-00),CTA_M_155_O_shape,CTA_M_155_O,0
CTA_M_106,Ground_Daily,CTA_M_155_O (13-00-00),CTA_M_155_O_shape,CTA_M_155_O,0
CTA_M_106,Ground_Daily,CTA_M_155_O (15-00-00),CTA_M_155_O_shape,CTA_M_155_O,0
CTA_M_106,Ground_Daily,CTA_M_155_O (17-00-00),CTA_M_155_O_shape,CTA_M_155_O,0
CTA_M_106,Ground_Daily,CTA_M_155_O (19-00-00),CTA_M_155_O_shape,CTA_M_155_O,0
CTA_M_106,Ground_Daily,CTA_M_155_O (21-00-00),CTA_M_155_O_shape,CTA_M_155_O,0
CTA_M_106,Ground_Daily,CTA_M_155_R (06-30-00),CTA_M_155_R_shape,CTA_M_155_R,1
CTA_M_106,Ground_Daily,CTA_M_155_R (08-00-00),CTA_M_155_R_shape,CTA_M_155_R,1
CTA_M_106,Ground_Daily,CTA_M_155_R (09-00-00),CTA_M_155_R_shape,CTA_M_155_R,1
CTA_M_106,Ground_Daily,CTA_M_155_R (11-00-00),CTA_M_155_R_shape,CTA_M_155_R,1
CTA_M_106,Ground_Daily,CTA_M_155_R (13-00-00),CTA_M_155_R_shape,CTA_M_155_R,1
CTA_M_106,Ground_Daily,CTA_M_155_R (15-00-00),CTA_M_155_R_shape,CTA_M_155_R,1
CTA_M_106,Ground_Daily,CTA_M_155_R (17-00-00),CTA_M_155_R_shape,CTA_M_155_R,1
CTA_M_106,Ground_Daily,CTA_M_155_R (19-00-00),CTA_M_155_R_shape,CTA_M_155_R,1
CTA_M_106,Ground_Daily,CTA_M_155_R (21-00-00),CTA_M_155_R_shape,CTA_M_155_R,1
CTA_M_106,Ground_Daily,CTA_M_158_O (06-30-00),CTA_M_158_O_shape,CTA_M_158_O,0
CTA_M_106,Ground_Daily,CTA_M_158_O (08-00-00),CTA_M_158_O_shape,CTA_M_158_O,0
CTA_M_106,Ground_Daily,CTA_M_158_O (09-00-00),CTA_M_158_O_shape,CTA_M_158_O,0
CTA_M_106,Ground_Daily,CTA_M_158_O (11-00-00),CTA_M_158_O_shape,CTA_M_158_O,0
CTA_M_106,Ground_Daily,CTA_M_158_O (13-00-00),CTA_M_158_O_shape,CTA_M_158_O,0
CTA_M_106,Ground_Daily,CTA_M_158_O (15-00-00),CTA_M_158_O_shape,CTA_M_158_O,0
CTA_M_106,Ground_Daily,CTA_M_158_O (17-00-00),CTA_M_158_O_shape,CTA_M_158_O,0
CTA_M_106,Ground_Daily,CTA_M_158_O (19-00-00),CTA_M_158_O_shape,CTA_M_158_O,0
CTA_M_106,Ground_Daily,CTA_M_158_O (21-00-00),CTA_M_158_O_shape,CTA_M_158_O,0
CTA_M_106,Ground_Daily,CTA_M_158_R (06-30-00),CTA_M_158_R_shape,CTA_M_158_R,1
CTA_M_106,Ground_Daily,CTA_M_158_R (08-00-00),CTA_M_158_R_shape,CTA_M_158_R,1
CTA_M_106,Ground_Daily,CTA_M_158_R (09-00-00),CTA_M_158_R_shape,CTA_M_158_R,1
CTA_M_106,Ground_Daily,CTA_M_158_R (11-00-00),CTA_M_158_R_shape,CTA_M_158_R,1
CTA_M_106,Ground_Daily,CTA_M_158_R (13-00-00),CTA_M_158_R_shape,CTA_M_158_R,1
CTA_M_106,Ground_Daily,CTA_M_158_R (15-00-00),CTA_M_158_R_shape,CTA_M_158_R,1
CTA_M_106,Ground_Daily,CTA_M_158_R (17-00-00),CTA_M_158_R_shape,CTA_M_158_R,1
CTA_M_106,Ground_Daily,CTA_M_158_R (19-00-00),CTA_M_158_R_shape,CTA_M_158_R,1
CTA_M_106,Ground_Daily,CTA_M_158_R (21-00-00),CTA_M_158_R_shape,CTA_M_158_R,1
CTA_M_106,Ground_Daily,CTA_M_160_O (06-30-00),CTA_M_160_O_shape,CTA_M_160_O,0
CTA_M_106,Ground_Daily,CTA_M_160_O (08-00-00),CTA_M_160_O_shape,CTA_M_160_O,0
CTA_M_106,Ground_Daily,CTA_M_160_O (09-00-00),CTA_M_160_O_shape,CTA_M_160_O,0
CTA_M_106,Ground_Daily,CTA_M_160_O (11-00-00),CTA_M_160_O_shape,CTA_M_160_O,0
CTA_M_106,Ground_Daily,CTA_M_160_O (13-00-00),CTA_M_160_O_shape,CTA_M_160_O,0
CTA_M_106,Ground_Daily,CTA_M_160_O (15-00-00),CTA_M_160_O_shape,CTA_M_160_O,0
CTA_M_106,Ground_Daily,CTA_M_160_O (17-00-00),CTA_M_160_O_shape,CTA_M_160_O,0
CTA_M_106,Ground_Daily,CTA_M_160_O (19-00-00),CTA_M_160_O_shape,CTA_M_160_O,0
CTA_M_106,Ground_Daily,CTA_M_160_O (21-00-00),CTA_M_160_O_shape,CTA_M_160_O,0
CTA_M_106,Ground_Daily,CTA_M_160_R (06-30-00),CTA_M_160_R_shape,CTA_M_160_R,1
CTA_M_106,Ground_Daily,CTA_M_160_R (08-00-00),CTA_M_160_R_shape,CTA_M_160_R,1
CTA_M_106,Ground_Daily,CTA_M_160_R (09-00-00),CTA_M_160_R_shape,CTA_M_160_R,1
CTA_M_106,Ground_Daily,CTA_M_160_R (11-00-00),CTA_M_160_R_shape,CTA_M_160_R,1
CTA_M_106,Ground_Daily,CTA_M_160_R (13-00-00),CTA_M_160_R_shape,CTA_M_160_R,1
CTA_M_106,Ground_Daily,CTA_M_160_R (15-00-00),CTA_M_160_R_shape,CTA_M_160_R,1
CTA_M_106,Ground_Daily,CTA_M_160_R (17-00-00),CTA_M_160_R_shape,CTA_M_160_R,1
CTA_M_106,Ground_Daily,CTA_M_160_R (19-00-00),CTA_M_160_R_shape,CTA_M_160_R,1
CTA_M_106,Ground_Daily,CTA_M_160_R (21-00-00),CTA_M_160_R_shape,CTA_M_160_R,1
CTA_M_106,Ground_Daily,CTA_M_161_O (06-30-00),CTA_M_161_O_shape,CTA_M_161_O,0
CTA_M_106,Ground_Daily,CTA_M_161_O (08-00-00),CTA_M_161_O_shape,CTA_M_161_O,0
CTA_M_106,Ground_Daily,CTA_M_161_O (09-00-00),CTA_M_161_O_shape,CTA_M_161_O,0
CTA_M_106,Ground_Daily,CTA_M_161_O (11-00-00),CTA_M_161_O_shape,CTA_M_161_O,0
CTA_M_106,Ground_Daily,CTA_M_161_O (13-00-00),CTA_M_161_O_shape,CTA_M_161_O,0
CTA_M_106,Ground_Daily,CTA_M_161_O (15-00-00),CTA_M_161_O_shape,CTA_M_161_O,0
CTA_M_106,Ground_Daily,CTA_M_161_O (17-00-00),CTA_M_161_O_shape,CTA_M_161_O,0
CTA_M_106,Ground_Daily,CTA_M_161_O (19-00-00),CTA_M_161_O_shape,CTA_M_161_O,0
CTA_M_106,Ground_Daily,CTA_M_161_O (21-00-00),CTA_M_161_O_shape,CTA_M_161_O,0
CTA_M_106,Ground_Daily,CTA_M_161_R (06-30-00),CTA_M_161_R_shape,CTA_M_161_R,1
CTA_M_106,Ground_Daily,CTA_M_161_R (08-00-00),CTA_M_161_R_shape,CTA_M_161_R,1
CTA_M_106,Ground_Daily,CTA_M_161_R (09-00-00),CTA_M_161_R_shape,CTA_M_161_R,1
CTA_M_106,Ground_Daily,CTA_M_161_R (11-00-00),CTA_M_161_R_shape,CTA_M_161_R,1
CTA_M_106,Ground_Daily,CTA_M_161_R (13-00-00),CTA_M_161_R_shape,CTA_M_161_R,1
CTA_M_106,Ground_Daily,CTA_M_161_R (15-00-00),CTA_M_161_R_shape,CTA_M_161_R,1
CTA_M_106,Ground_Daily,CTA_M_161_R (17-00-00),CTA_M_161_R_shape,CTA_M_161_R,1
CTA_M_106,Ground_Daily,CTA_M_161_R (19-00-00),CTA_M_161_R_shape,CTA_M_161_R,1
CTA_M_106,Ground_Daily,CTA_M_161_R (21-00-00),CTA_M_161_R_shape,CTA_M_161_R,1
CTA_M_106,Ground_Daily,CTA_M_167_O (06-30-00),CTA_M_167_O_shape,CTA_M_167_O,0
CTA_M_106,Ground_Daily,CTA_M_167_O (08-00-00),CTA_M_167_O_shape,CTA_M_167_O,0
CTA_M_106,Ground_Daily,CTA_M_167_O (09-00-00),CTA_M_167_O_shape,CTA_M_167_O,0
CTA_M_106,Ground_Daily,CTA_M_167_O (11-00-00),CTA_M_167_O_shape,CTA_M_167_O,0
CTA_M_106,Ground_Daily,CTA_M_167_O (13-00-00),CTA_M_167_O_shape,CTA_M_167_O,0
CTA_M_106,Ground_Daily,CTA_M_167_O (15-00-00),CTA_M_167_O_shape,CTA_M_167_O,0
CTA_M_106,Ground_Daily,CTA_M_167_O (17-00-00),CTA_M_167_O_shape,CTA_M_167_O,0
CTA_M_106,Ground_Daily,CTA_M_167_O (19-00-00),CTA_M_167_O_shape,CTA_M_167_O,0
CTA_M_106,Ground_Daily,CTA_M_167_O (21-00-00),CTA_M_167_O_shape,CTA_M_167_O,0
CTA_M_106,Ground_Daily,CTA_M_167_R (06-30-00),CTA_M_167_R_shape,CTA_M_167_R,1
CTA_M_106,Ground_Daily,CTA_M_167_R (08-00-00),CTA_M_167_R_shape,CTA_M_167_R,1
CTA_M_106,Ground_Daily,CTA_M_167_R (09-00-00),CTA_M_167_R_shape,CTA_M_167_R,1
CTA_M_106,Ground_Daily,CTA_M_167_R (11-00-00),CTA_M_167_R_shape,CTA_M_167_R,1
CTA_M_106,Ground_Daily,CTA_M_167_R (13-00-00),CTA_M_167_R_shape,CTA_M_167_R,1
CTA_M_106,Ground_Daily,CTA_M_167_R (15-00-00),CTA_M_167_R_shape,CTA_M_167_R,1
CTA_M_106,Ground_Daily,CTA_M_167_R (17-00-00),CTA_M_167_R_shape,CTA_M_167_R,1
CTA_M_106,Ground_Daily,CTA_M_167_R (19-00-00),CTA_M_167_R_shape,CTA_M_167_R,1
CTA_M_106,Ground_Daily,CTA_M_167_R (21-00-00),CTA_M_167_R_shape,CTA_M_167_R,1
CTA_M_106,Ground_Daily,CTA_M_180_O (06-30-00),CTA_M_180_O_shape,CTA_M_180_O,0
CTA_M_106,Ground_Daily,CTA_M_180_O (08-00-00),CTA_M_180_O_shape,CTA_M_180_O,0
CTA_M_106,Ground_Daily,CTA_M_180_O (09-00-00),CTA_M_180_O_shape,CTA_M_180_O,0
CTA_M_106,Ground_Daily,CTA_M_180_O (11-00-00),CTA_M_180_O_shape,CTA_M_180_O,0
CTA_M_106,Ground_Daily,CTA_M_180_O (13-00-00),CTA_M_180_O_shape,CTA_M_180_O,0
CTA_M_106,Ground_Daily,CTA_M_180_O (15-00-00),CTA_M_180_O_shape,CTA_M_180_O,0
CTA_M_106,Ground_Daily,CTA_M_180_O (17-00-00),CTA_M_180_O_shape,CTA_M_180_O,0
CTA_M_106,Ground_Daily,CTA_M_180_O (19-00-00),CTA_M_180_O_shape,CTA_M_180_O,0
CTA_M_106,Ground_Daily,CTA_M_180_O (21-00-00),CTA_M_180_O_shape,CTA_M_180_O,0
CTA_M_106,Ground_Daily,CTA_M_180_R (06-30-00),CTA_M_180_R_shape,CTA_M_180_R,1
CTA_M_106,Ground_Daily,CTA_M_180_R (08-00-00),CTA_M_180_R_shape,CTA_M_180_R,1
CTA_M_106,Ground_Daily,CTA_M_180_R (09-00-00),CTA_M_180_R_shape,CTA_M_180_R,1
CTA_M_106,Ground_Daily,CTA_M_180_R (11-00-00),CTA_M_180_R_shape,CTA_M_180_R,1
CTA_M_106,Ground_Daily,CTA_M_180_R (13-00-00),CTA_M_180_R_shape,CTA_M_180_R,1
CTA_M_106,Ground_Daily,CTA_M_180_R (15-00-00),CTA_M_180_R_shape,CTA_M_180_R,1
CTA_M_106,Ground_Daily,CTA_M_180_R (17-00-00),CTA_M_180_R_shape,CTA_M_180_R,1
CTA_M_106,Ground_Daily,CTA_M_180_R (19-00-00),CTA_M_180_R_shape,CTA_M_180_R,1
CTA_M_106,Ground_Daily,CTA_M_180_R (21-00-00),CTA_M_180_R_shape,CTA_M_180_R,1
CTA_M_106,Ground_Daily,CTA_M_184_O (06-30-00),CTA_M_184_O_shape,CTA_M_184_O,0
CTA_M_106,Ground_Daily,CTA_M_184_O (08-00-00),CTA_M_184_O_shape,CTA_M_184_O,0
CTA_M_106,Ground_Daily,CTA_M_184_O (09-00-00),CTA_M_184_O_shape,CTA_M_184_O,0
CTA_M_106,Ground_Daily,CTA_M_184_O (11-00-00),CTA_M_184_O_shape,CTA_M_184_O,0
CTA_M_106,Ground_Daily,CTA_M_184_O (13-00-00),CTA_M_184_O_shape,CTA_M_184_O,0
CTA_M_106,Ground_Daily,CTA_M_184_O (15-00-00),CTA_M_184_O_shape,CTA_M_184_O,0
CTA_M_106,Ground_Daily,CTA_M_184_O (17-00-00),CTA_M_184_O_shape,CTA_M_184_O,0
CTA_M_106,Ground_Daily,CTA_M_184_O (19-00-00),CTA_M_184_O_shape,CTA_M_184_O,0
CTA_M_106,Ground_Daily,CTA_M_184_O (21-00-00),CTA_M_184_O_shape,CTA_M_184_O,0
CTA_M_106,Ground_Daily,CTA_M_184_R (06-30-00),CTA_M_184_R_shape,CTA_M_184_R,1
CTA_M_106,Ground_Daily,CTA_M_184_R (08-00-00),CTA_M_184_R_shape,CTA_M_184_R,1
CTA_M_106,Ground_Daily,CTA_M_184_R (09-00-00),CTA_M_184_R_shape,CTA_M_184_R,1
CTA_M_106,Ground_Daily,CTA_M_184_R (11-00-00),CTA_M_184_R_shape,CTA_M_184_R,1
CTA_M_106,Ground_Daily,CTA_M_184_R (13-00-00),CTA_M_184_R_shape,CTA_M_184_R,1
CTA_M_106,Ground_Daily,CTA_M_184_R (15-00-00),CTA_M_184_R_shape,CTA_M_184_R,1
CTA_M_106,Ground_Daily,CTA_M_184_R (17-00-00),CTA_M_184_R_shape,CTA_M_184_R,1
CTA_M_106,Ground_Daily,CTA_M_184_R (19-00-00),CTA_M_184_R_shape,CTA_M_184_R,1
CTA_M_106,Ground_Daily,CTA_M_184_R (21-00-00),CTA_M_184_R_shape,CTA_M_184_R,1
CTA_M_219,Ground_Daily,CTA_M_200_O (06-30-00),CTA_M_200_O_shape,CTA_M_200_O,0
CTA_M_219,Ground_Daily,CTA_M_200_O (08-00-00),CTA_M_200_O_shape,CTA_M_200_O,0
CTA_M_219,Ground_Daily,CTA_M_200_O (09-00-00),CTA_M_200_O_shape,CTA_M_200_O,0
CTA_M_219,Ground_Daily,CTA_M_200_O (11-00-00),CTA_M_200_O_shape,CTA_M_200_O,0
CTA_M_219,Ground_Daily,CTA_M_200_O (13-00-00),CTA_M_200_O_shape,CTA_M_200_O,0
CTA_M_219,Ground_Daily,CTA_M_200_O (15-00-00),CTA_M_200_O_shape,CTA_M_200_O,0
CTA_M_219,Ground_Daily,CTA_M_200_O (17-00-00),CTA_M_200_O_shape,CTA_M_200_O,0
CTA_M_219,Ground_Daily,CTA_M_200_O (19-00-00),CTA_M_200_O_shape,CTA_M_200_O,0
CTA_M_219,Ground_Daily,CTA_M_200_O (21-00-00),CTA_M_200_O_shape,CTA_M_200_O,0
CTA_M_219,Ground_Daily,CTA_M_200_R (06-30-00),CTA_M_200_R_shape,CTA_M_200_R,1
CTA_M_219,Ground_Daily,CTA_M_200_R (08-00-00),CTA_M_200_R_shape,CTA_M_200_R,1
CTA_M_219,Ground_Daily,CTA_M_200_R (09-00-00),CTA_M_200_R_shape,CTA_M_200_R,1
CTA_M_219,Ground_Daily,CTA_M_200_R (11-00-00),CTA_M_200_R_shape,CTA_M_200_R,1
CTA_M_219,Ground_Daily,CTA_M_200_R (13-00-00),CTA_M_200_R_shape,CTA_M_200_R,1
CTA_M_219,Ground_Daily,CTA_M_200_R (15-00-00),CTA_M_200_R_shape,CTA_M_200_R,1
CTA_M_219,Ground_Daily,CTA_M_200_R (17-00-00),CTA_M_200_R_shape,CTA_M_200_R,1
CTA_M_219,Ground_Daily,CTA_M_200_R (19-00-00),CTA_M_200_R_shape,CTA_M_200_R,1
CTA_M_219,Ground_Daily,CTA_M_200_R (21-00-00),CTA_M_200_R_shape,CTA_M_200_R,1
CTA_M_219,Ground_Daily,CTA_M_201_O (06-30-00),CTA_M_201_O_shape,CTA_M_201_O,0
CTA_M_219,Ground_Daily,CTA_M_201_O (08-00-00),CTA_M_201_O_shape,CTA_M_201_O,0
CTA_M_219,Ground_Daily,CTA_M_201_O (09-00-00),CTA_M_201_O_shape,CTA_M_201_O,0
CTA_M_219,Ground_Daily,CTA_M_201_O (11-00-00),CTA_M_201_O_shape,CTA_M_201_O,0
CTA_M_219,Ground_Daily,CTA_M_201_O (13-00-00),CTA_M_201_O_shape,CTA_M_201_O,0
CTA_M_219,Ground_Daily,CTA_M_201_O (15-00-00),CTA_M_201_O_shape,CTA_M_201_O,0
CTA_M_219,Ground_Daily,CTA_M_201_O (17-00-00),CTA_M_201_O_shape,CTA_M_201_O,0
CTA_M_219,Ground_Daily,CTA_M_201_O (19-00-00),CTA_M_201_O_shape,CTA_M_201_O,0
CTA_M_219,Ground_Daily,CTA_M_201_O (21-00-00),CTA_M_201_O_shape,CTA_M_201_O,0
CTA_M_219,Ground_Daily,CTA_M_201_R (06-30-00),CTA_M_201_R_shape,CTA_M_201_R,1
CTA_M_219,Ground_Daily,CTA_M_201_R (08-00-00),CTA_M_201_R_shape,CTA_M_201_R,1
CTA_M_219,Ground_Daily,CTA_M_201_R (09-00-00),CTA_M_201_R_shape,CTA_M_201_R,1
CTA_M_219,Ground_Daily,CTA_M_201_R (11-00-00),CTA_M_201_R_shape,CTA_M_201_R,1
CTA_M_219,Ground_Daily,CTA_M_201_R (13-00-00),CTA_M_201_R_shape,CTA_M_201_R,1
CTA_M_219,Ground_Daily,CTA_M_201_R (15-00-00),CTA_M_201_R_shape,CTA_M_201_R,1
CTA_M_219,Ground_Daily,CTA_M_201_R (17-00-00),CTA_M_201_R_shape,CTA_M_201_R,1
CTA_M_219,Ground_Daily,CTA_M_201_R (19-00-00),CTA_M_201_R_shape,CTA_M_201_R,1
CTA_M_219,Ground_Daily,CTA_M_201_R (21-00-00),CTA_M_201_R_shape,CTA_M_201_R,1
CTA_M_219,Ground_Daily,CTA_M_202_O (06-30-00),CTA_M_202_O_shape,CTA_M_202_O,0
CTA_M_219,Ground_Daily,CTA_M_202_O (08-00-00),CTA_M_202_O_shape,CTA_M_202_O,0
CTA_M_219,Ground_Daily,CTA_M_202_O (09-00-00),CTA_M_202_O_shape,CTA_M_202_O,0
CTA_M_219,Ground_Daily,CTA_M_202_O (11-00-00),CTA_M_202_O_shape,CTA_M_202_O,0
CTA_M_219,Ground_Daily,CTA_M_202_O (13-00-00),CTA_M_202_O_shape,CTA_M_202_O,0
CTA_M_219,Ground_Daily,CTA_M_202_O (15-00-00),CTA_M_202_O_shape,CTA_M_202_O,0
CTA_M_219,Ground_Daily,CTA_M_202_O (17-00-00),CTA_M_202_O_shape,CTA_M_202_O,0
CTA_M_219,Ground_Daily,CTA_M_202_O (19-00-00),CTA_M_202_O_shape,CTA_M_202_O,0
CTA_M_219,Ground_Daily,CTA_M_202_O (21-00-00),CTA_M_202_O_shape,CTA_M_202_O,0
CTA_M_219,Ground_Daily,CTA_M_202_R (06-30-00),CTA_M_202_R_shape,CTA_M_202_R,1
CTA_M_219,Ground_Daily,CTA_M_202_R (08-00-00),CTA_M_202_R_shape,CTA_M_202_R,1
CTA_M_219,Ground_Daily,CTA_M_202_R (09-00-00),CTA_M_202_R_shape,CTA_M_202_R,1
CTA_M_219,Ground_Daily,CTA_M_202_R (11-00-00),CTA_M_202_R_shape,CTA_M_202_R,1
CTA_M_219,Ground_Daily,CTA_M_202_R (13-00-00),CTA_M_202_R_shape,CTA_M_202_R,1
CTA_M_219,Ground_Daily,CTA_M_202_R (15-00-00),CTA_M_202_R_shape,CTA_M_202_R,1
CTA_M_219,Ground_Daily,CTA_M_202_R (17-00-00),CTA_M_202_R_shape,CTA_M_202_R,1
CTA_M_219,Ground_Daily,CTA_M_202_R (19-00-00),CTA_M_202_R_shape,CTA_M_202_R,1
CTA_M_219,Ground_Daily,CTA_M_202_R (21-00-00),CTA_M_202_R_shape,CTA_M_202_R,1
CTA_M_219,Ground_Daily,CTA_M_203_O (06-30-00),CTA_M_203_O_shape,CTA_M_203_O,0
CTA_M_219,Ground_Daily,CTA_M_203_O (08-00-00),CTA_M_203_O_shape,CTA_M_203_O,0
CTA_M_219,Ground_Daily,CTA_M_203_O (09-00-00),CTA_M_203_O_shape,CTA_M_203_O,0
CTA_M_219,Ground_Daily,CTA_M_203_O (11-00-00),CTA_M_203_O_shape,CTA_M_203_O,0
CTA_M_219,Ground_Daily,CTA_M_203_O (13-00-00),CTA_M_203_O_shape,CTA_M_203_O,0
CTA_M_219,Ground_Daily,CTA_M_203_O (15-00-00),CTA_M_203_O_shape,CTA_M_203_O,0
CTA_M_219,Ground_Daily,CTA_M_203_O (17-00-00),CTA_M_203_O_shape,CTA_M_203_O,0
CTA_M_219,Ground_Daily,CTA_M_203_O (19-00-00),CTA_M_203_O_shape,CTA_M_203_O,0
CTA_M_219,Ground_Daily,CTA_M_203_O (21-00-00),CTA_M_203_O_shape,CTA_M_203_O,0
CTA_M_219,Ground_Daily,CTA_M_203_R (06-30-00),CTA_M_203_R_shape,CTA_M_203_R,1
CTA_M_219,Ground_Daily,CTA_M_203_R (08-00-00),CTA_M_203_R_shape,CTA_M_203_R,1
CTA_M_219,Ground_Daily,CTA_M_203_R (09-00-00),CTA_M_203_R_shape,CTA_M_203_R,1
CTA_M_219,Ground_Daily,CTA_M_203_R (11-00-00),CTA_M_203_R_shape,CTA_M_203_R,1
CTA_M_219,Ground_Daily,CTA_M_203_R (13-00-00),CTA_M_203_R_shape,CTA_M_203_R,1
CTA_M_219,Ground_Daily,CTA_M_203_R (15-00-00),CTA_M_203_R_shape,CTA_M_203_R,1
CTA_M_219,Ground_Daily,CTA_M_203_R (17-00-00),CTA_M_203_R_shape,CTA_M_203_R,1
CTA_M_219,Ground_Daily,CTA_M_203_R (19-00-00),CTA_M_203_R_shape,CTA_M_203_R,1
CTA_M_219,Ground_Daily,CTA_M_203_R (21-00-00),CTA_M_203_R_shape,CTA_M_203_R,1
CTA_M_219,Ground_Daily,CTA_M_219_O (06-30-00),CTA_M_219_O_shape,CTA_M_219_O,0
CTA_M_219,Ground_Daily,CTA_M_219_O (08-00-00),CTA_M_219_O_shape,CTA_M_219_O,0
CTA_M_219,Ground_Daily,CTA_M_219_O (09-00-00),CTA_M_219_O_shape,CTA_M_219_O,0
CTA_M_219,Ground_Daily,CTA_M_219_O (11-00-00),CTA_M_219_O_shape,CTA_M_219_O,0
CTA_M_219,Ground_Daily,CTA_M_219_O (13-00-00),CTA_M_219_O_shape,CTA_M_219_O,0
CTA_M_219,Ground_Daily,CTA_M_219_O (15-00-00),CTA_M_219_O_shape,CTA_M_219_O,0
CTA_M_219,Ground_Daily,CTA_M_219_O (17-00-00),CTA_M_219_O_shape,CTA_M_219_O,0
CTA_M_219,Ground_Daily,CTA_M_219_O (19-00-00),CTA_M_219_O_shape,CTA_M_219_O,0
CTA_M_219,Ground_Daily,CTA_M_219_O (21-00-00),CTA_M_219_O_shape,CTA_M_219_O,0
CTA_M_219,Ground_Daily,CTA_M_219_R (06-30-00),CTA_M_219_R_shape,CTA_M_219_R,1
CTA_M_219,Ground_Daily,CTA_M_219_R (08-00-00),CTA_M_219_R_shape,CTA_M_219_R,1
CTA_M_219,Ground_Daily,CTA_M_219_R (09-00-00),CTA_M_219_R_shape,CTA_M_219_R,1
CTA_M_219,Ground_Daily,CTA_M_219_R (11-00-00),CTA_M_219_R_shape,CTA_M_219_R,1
CTA_M_219,Ground_Daily,CTA_M_219_R (13-00-00),CTA_M_219_R_shape,CTA_M_219_R,1
CTA_M_219,Ground_Daily,CTA_M_219_R (15-00-00),CTA_M_219_R_shape,CTA_M_219_R,1
CTA_M_219,Ground_Daily,CTA_M_219_R (17-00-00),CTA_M_219_R_shape,CTA_M_219_R,1
CTA_M_219,Ground_Daily,CTA_M_219_R (19-00-00),CTA_M_219_R_shape,CTA_M_219_R,1
CTA_M_219,Ground_Daily,CTA_M_219_R (21-00-00),CTA_M_219_R_shape,CTA_M_219_R,1
CTA_M_219,Ground_Daily,CTA_M_226_O (06-30-00),CTA_M_226_O_shape,CTA_M_226_O,0
CTA_M_219,Ground_Daily,CTA_M_226_O (08-00-00),CTA_M_226_O_shape,CTA_M_226_O,0
CTA_M_219,Ground_Daily,CTA_M_226_O (09-00-00),CTA_M_226_O_shape,CTA_M_226_O,0
CTA_M_219,Ground_Daily,CTA_M_226_O (11-00-00),CTA_M_226_O_shape,CTA_M_226_O,0
CTA_M_219,Ground_Daily,CTA_M_226_O (13-00-00),CTA_M_226_O_shape,CTA_M_226_O,0
CTA_M_219,Ground_Daily,CTA_M_226_O (15-00-00),CTA_M_226_O_shape,CTA_M_226_O,0
CTA_M_219,Ground_Daily,CTA_M_226_O (17-00-00),CTA_M_226_O_shape,CTA_M_226_O,0
CTA_M_219,Ground_Daily,CTA_M_226_O (19-00-00),CTA_M_226_O_shape,CTA_M_226_O,0
CTA_M_219,Ground_Daily,CTA_M_226_O (21-00-00),CTA_M_226_O_shape,CTA_M_226_O,0
CTA_M_219,Ground_Daily,CTA_M_226_R (06-30-00),CTA_M_226_R_shape,CTA_M_226_R,1
CTA_M_219,Ground_Daily,CTA_M_226_R (08-00-00),CTA_M_226_R_shape,CTA_M_226_R,1
CTA_M_219,Ground_Daily,CTA_M_226_R (09-00-00),CTA_M_226_R_shape,CTA_M_226_R,1
CTA_M_219,Ground_Daily,CTA_M_226_R (11-00-00),CTA_M_226_R_shape,CTA_M_226_R,1
CTA_M_219,Ground_Daily,CTA_M_226_R (13-00-00),CTA_M_226_R_shape,CTA_M_226_R,1
CTA_M_219,Ground_Daily,CTA_M_226_R (15-00-00),CTA_M_226_R_shape,CTA_M_226_R,1
CTA_M_219,Ground_Daily,CTA_M_226_R (17-00-00),CTA_M_226_R_shape,CTA_M_226_R,1
CTA_M_219,Ground_Daily,CTA_M_226_R (19-00-00),CTA_M_226_R_shape,CTA_M_226_R,1
CTA_M_219,Ground_Daily,CTA_M_226_R (21-00-00),CTA_M_226_R_shape,CTA_M_226_R,1
CTA_M_219,Ground_Daily,CTA_M_259_O (06-30-00),CTA_M_259_O_shape,CTA_M_259_O,0
CTA_M_219,Ground_Daily,CTA_M_259_O (08-00-00),CTA_M_259_O_shape,CTA_M_259_O,0
CTA_M_219,Ground_Daily,CTA_M_259_O (09-00-00),CTA_M_259_O_shape,CTA_M_259_O,0
CTA_M_219,Ground_Daily,CTA_M_259_O (11-00-00),CTA_M_259_O_shape,CTA_M_259_O,0
CTA_M_219,Ground_Daily,CTA_M_259_O (13-00-00),CTA_M_259_O_shape,CTA_M_259_O,0
CTA_M_219,Ground_Daily,CTA_M_259_O (15-00-00),CTA_M_259_O_shape,CTA_M_259_O,0
CTA_M_219,Ground_Daily,CTA_M_259_O (17-00-00),CTA_M_259_O_shape,CTA_M_259_O,0
CTA_M_219,Ground_Daily,CTA_M_259_O (19-00-00),CTA_M_259_O_shape,CTA_M_259_O,0
CTA_M_219,Ground_Daily,CTA_M_259_O (21-00-00),CTA_M_259_O_shape,CTA_M_259_O,0
CTA_M_219,Ground_Daily,CTA_M_259_R (06-30-00),CTA_M_259_R_shape,CTA_M_259_R,1
CTA_M_219,Ground_Daily,CTA_M_259_R (08-00-00),CTA_M_259_R_shape,CTA_M_259_R,1
CTA_M_219,Ground_Daily,CTA_M_259_R (09-00-00),CTA_M_259_R_shape,CTA_M_259_R,1
CTA_M_219,Ground_Daily,CTA_M_259_R (11-00-00),CTA_M_259_R_shape,CTA_M_259_R,1
CTA_M_219,Ground_Daily,CTA_M_259_R (13-00-00),CTA_M_259_R_shape,CTA_M_259_R,1
CTA_M_219,Ground_Daily,CTA_M_259_R (15-00-00),CTA_M_259_R_shape,CTA_M_259_R,1
CTA_M_219,Ground_Daily,CTA_M_259_R (17-00-00),CTA_M_259_R_shape,CTA_M_259_R,1
CTA_M_219,Ground_Daily,CTA_M_259_R (19-00-00),CTA_M_259_R_shape,CTA_M_259_R,1
CTA_M_219,Ground_Daily,CTA_M_259_R (21-00-00),CTA_M_259_R_shape,CTA_M_259_R,1
CTA_M_219,Ground_Daily,CTA_M_265_O (06-30-00),CTA_M_265_O_shape,CTA_M_265_O,0
CTA_M_219,Ground_Daily,CTA_M_265_O (08-00-00),CTA_M_265_O_shape,CTA_M_265_O,0
CTA_M_219,Ground_Daily,CTA_M_265_O (09-00-00),CTA_M_265_O_shape,CTA_M_265_O,0
CTA_M_219,Ground_Daily,CTA_M_265_O (11-00-00),CTA_M_265_O_shape,CTA_M_265_O,0
CTA_M_219,Ground_Daily,CTA_M_265_O (13-00-00),CTA_M_265_O_shape,CTA_M_265_O,0
CTA_M_219,Ground_Daily,CTA_M_265_O (15-00-00),CTA_M_265_O_shape,CTA_M_265_O,0
CTA_M_219,Ground_Daily,CTA_M_265_O (17-00-00),CTA_M_265_O_shape,CTA_M_265_O,0
CTA_M_219,Ground_Daily,CTA_M_265_O (19-00-00),CTA_M_265_O_shape,CTA_M_265_O,0
CTA_M_219,Ground_Daily,CTA_M_265_O (21-00-00),CTA_M_265_O_shape,CTA_M_265_O,0
CTA_M_219,Ground_Daily,CTA_M_265_R (06-30-00),CTA_M_265_R_shape,CTA_M_265_R,1
CTA_M_219,Ground_Daily,CTA_M_265_R (08-00-00),CTA_M_265_R_shape,CTA_M_265_R,1
CTA_M_219,Ground_Daily,CTA_M_265_R (09-00-00),CTA_M_265_R_shape,CTA_M_265_R,1
CTA_M_219,Ground_Daily,CTA_M_265_R (11-00-00),CTA_M_265_R_shape,CTA_M_265_R,1
CTA_M_219,Ground_Daily,CTA_M_265_R (13-00-00),CTA_M_265_R_shape,CTA_M_265_R,1
CTA_M_219,Ground_Daily,CTA_M_265_R (15-00-00),CTA_M_265_R_shape,CTA_M_265_R,1
CTA_M_219,Ground_Daily,CTA_M_265_R (17-00-00),CTA_M_265_R_shape,CTA_M_265_R,1
CTA_M_219,Ground_Daily,CTA_M_265_R (19-00-00),CTA_M_265_R_shape,CTA_M_265_R,1
CTA_M_219,Ground_Daily,CTA_M_265_R (21-00-00),CTA_M_265_R_shape,CTA_M_265_R,1
CTA_M_219,Ground_Daily,CTA_M_29_O (06-30-00),CTA_M_29_O_shape,CTA_M_29_O,0
CTA_M_219,Ground_Daily,CTA_M_29_O (08-00-00),CTA_M_29_O_shape,CTA_M_29_O,0
CTA_M_219,Ground_Daily,CTA_M_29_O (09-00-00),CTA_M_29_O_shape,CTA_M_29_O,0
CTA_M_219,Ground_Daily,CTA_M_29_O (11-00-00),CTA_M_29_O_shape,CTA_M_29_O,0
CTA_M_219,Ground_Daily,CTA_M_29_O (13-00-00),CTA_M_29_O_shape,CTA_M_29_O,0
CTA_M_219,Ground_Daily,CTA_M_29_O (15-00-00),CTA_M_29_O_shape,CTA_M_29_O,0
CTA_M_219,Ground_Daily,CTA_M_29_O (17-00-00),CTA_M_29_O_shape,CTA_M_29_O,0
CTA_M_219,Ground_Daily,CTA_M_29_O (19-00-00),CTA_M_29_O_shape,CTA_M_29_O,0
CTA_M_219,Ground_Daily,CTA_M_29_O (21-00-00),CTA_M_29_O_shape,CTA_M_29_O,0
CTA_M_219,Ground_Daily,CTA_M_29_R (06-30-00),CTA_M_29_R_shape,CTA_M_29_R,1
CTA_M_219,Ground_Daily,CTA_M_29_R (08-00-00),CTA_M_29_R_shape,CTA_M_29_R,1
CTA_M_219,Ground_Daily,CTA_M_29_R (09-00-00),CTA_M_29_R_shape,CTA_M_29_R,1
CTA_M_219,Ground_Daily,CTA_M_29_R (11-00-00),CTA_M_29_R_shape,CTA_M_29_R,1
CTA_M_219,Ground_Daily,CTA_M_29_R (13-00-00),CTA_M_29_R_shape,CTA_M_29_R,1
CTA_M_219,Ground_Daily,CTA_M_29_R (15-00-00),CTA_M_29_R_shape,CTA_M_29_R,1
CTA_M_219,Ground_Daily,CTA_M_29_R (17-00-00),CTA_M_29_R_shape,CTA_M_29_R,1
CTA_M_219,Ground_Daily,CTA_M_29_R (19-00-00),CTA_M_29_R_shape,CTA_M_29_R,1
CTA_M_219,Ground_Daily,CTA_M_29_R (21-00-00),CTA_M_29_R_shape,CTA_M_29_R,1
CTA_M_380,Ground_Daily,CTA_M_305_O (06-30-00),CTA_M_305_O_shape,CTA_M_305_O,0
CTA_M_380,Ground_Daily,CTA_M_305_O (08-00-00),CTA_M_305_O_shape,CTA_M_305_O,0
CTA_M_380,Ground_Daily,CTA_M_305_O (09-00-00),CTA_M_305_O_shape,CTA_M_305_O,0
CTA_M_380,Ground_Daily,CTA_M_305_O (11-00-00),CTA_M_305_O_shape,CTA_M_305_O,0
CTA_M_380,Ground_Daily,CTA_M_305_O (13-00-00),CTA_M_305_O_shape,CTA_M_305_O,0
CTA_M_380,Ground_Daily,CTA_M_305_O (15-00-00),CTA_M_305_O_shape,CTA_M_305_O,0
CTA_M_380,Ground_Daily,CTA_M_305_O (17-00-00),CTA_M_305_O_shape,CTA_M_305_O,0
CTA_M_380,Ground_Daily,CTA_M_305_O (19-00-00),CTA_M_305_O_shape,CTA_M_305_O,0
CTA_M_380,Ground_Daily,CTA_M_305_O (21-00-00),CTA_M_305_O_shape,CTA_M_305_O,0
CTA_M_380,Ground_Daily,CTA_M_305_R (06-30-00),CTA_M_305_R_shape,CTA_M_305_R,1
CTA_M_380,Ground_Daily,CTA_M_305_R (08-00-00),CTA_M_305_R_shape,CTA_M_305_R,1
CTA_M_380,Ground_Daily,CTA_M_305_R (09-00-00),CTA_M_305_R_shape,CTA_M_305_R,1
CTA_M_380,Ground_Daily,CTA_M_305_R (11-00-00),CTA_M_305_R_shape,CTA_M_305_R,1
CTA_M_380,Ground_Daily,CTA_M_305_R (13-00-00),CTA_M_305_R_shape,CTA_M_305_R,1
CTA_M_380,Ground_Daily,CTA_M_305_R (15-00-00),CTA_M_305_R_shape,CTA_M_305_R,1
CTA_M_380,Ground_Daily,CTA_M_305_R (17-00-00),CTA_M_305_R_shape,CTA_M_305_R,1
CTA_M_380,Ground_Daily,CTA_M_305_R (19-00-00),CTA_M_305_R_shape,CTA_M_305_R,1
CTA_M_380,Ground_Daily,CTA_M_305_R (21-00-00),CTA_M_305_R_shape,CTA_M_305_R,1
CTA_M_380,Ground_Daily,CTA_M_30_O (06-30-00),CTA_M_30_O_shape,CTA_M_30_O,0
CTA_M_380,Ground_Daily,CTA_M_30_O (08-00-00),CTA_M_30_O_shape,CTA_M_30_O,0
CTA_M_380,Ground_Daily,CTA_M_30_O (09-00-00),CTA_M_30_O_shape,CTA_M_30_O,0
CTA_M_380,Ground_Daily,CTA_M_30_O (11-00-00),CTA_M_30_O_shape,CTA_M_30_O,0
CTA_M_380,Ground_Daily,CTA_M_30_O (13-00-00),CTA_M_30_O_shape,CTA_M_30_O,0
CTA_M_380,Ground_Daily,CTA_M_30_O (15-00-00),CTA_M_30_O_shape,CTA_M_30_O,0
CTA_M_380,Ground_Daily,CTA_M_30_O (17-00-00),CTA_M_30_O_shape,CTA_M_30_O,0
CTA_M_380,Ground_Daily,CTA_M_30_O (19-00-00),CTA_M_30_O_shape,CTA_M_30_O,0
CTA_M_380,Ground_Daily,CTA_M_30_O (21-00-00),CTA_M_30_O_shape,CTA_M_30_O,0
CTA_M_380,Ground_Daily,CTA_M_30_R (06-30-00),CTA_M_30_R_shape,CTA_M_30_R,1
CTA_M_380,Ground_Daily,CTA_M_30_R (08-00-00),CTA_M_30_R_shape,CTA_M_30_R,1
CTA_M_380,Ground_Daily,CTA_M_30_R (09-00-00),CTA_M_30_R_shape,CTA_M_30_R,1
CTA_M_380,Ground_Daily,CTA_M_30_R (11-00-00),CTA_M_30_R_shape,CTA_M_30_R,1
CTA_M_380,Ground_Daily,CTA_M_30_R (13-00-00),CTA_M_30_R_shape,CTA_M_30_R,1
CTA_M_380,Ground_Daily,CTA_M_30_R (15-00-00),CTA_M_30_R_shape,CTA_M_30_R,1
CTA_M_380,Ground_Daily,CTA_M_30_R (17-00-00),CTA_M_30_R_shape,CTA_M_30_R,1
CTA_M_380,Ground_Daily,CTA_M_30_R (19-00-00),CTA_M_30_R_shape,CTA_M_30_R,1
CTA_M_380,Ground_Daily,CTA_M_30_R (21-00-00),CTA_M_30_R_shape,CTA_M_30_R,1
CTA_M_380,Ground_Daily,CTA_M_31_O (06-30-00),CTA_M_31_O_shape,CTA_M_31_O,0
CTA_M_380,Ground_Daily,CTA_M_31_O (08-00-00),CTA_M_31_O_shape,CTA_M_31_O,0
CTA_M_380,Ground_Daily,CTA_M_31_O (09-00-00),CTA_M_31_O_shape,CTA_M_31_O,0
CTA_M_380,Ground_Daily,CTA_M_31_O (11-00-00),CTA_M_31_O_shape,CTA_M_31_O,0
CTA_M_380,Ground_Daily,CTA_M_31_O (13-00-00),CTA_M_31_O_shape,CTA_M_31_O,0
CTA_M_380,Ground_Daily,CTA_M_31_O (15-00-00),CTA_M_31_O_shape,CTA_M_31_O,0
CTA_M_380,Ground_Daily,CTA_M_31_O (17-00-00),CTA_M_31_O_shape,CTA_M_31_O,0
CTA_M_380,Ground_Daily,CTA_M_31_O (19-00-00),CTA_M_31_O_shape,CTA_M_31_O,0
CTA_M_380,Ground_Daily,CTA_M_31_O (21-00-00),CTA_M_31_O_shape,CTA_M_31_O,0
CTA_M_380,Ground_Daily,CTA_M_31_R (06-30-00),CTA_M_31_R_shape,CTA_M_31_R,1
CTA_M_380,Ground_Daily,CTA_M_31_R (08-00-00),CTA_M_31_R_shape,CTA_M_31_R,1
CTA_M_380,Ground_Daily,CTA_M_31_R (09-00-00),CTA_M_31_R_shape,CTA_M_31_R,1
CTA_M_380,Ground_Daily,CTA_M_31_R (11-00-00),CTA_M_31_R_shape,CTA_M_31_R,1
CTA_M_380,Ground_Daily,CTA_M_31_R (13-00-00),CTA_M_31_R_shape,CTA_M_31_R,1
CTA_M_380,Ground_Daily,CTA_M_31_R (15-00-00),CTA_M_31_R_shape,CTA_M_31_R,1
CTA_M_380,Ground_Daily,CTA_M_31_R (17-00-00),CTA_M_31_R_shape,CTA_M_31_R,1
CTA_M_380,Ground_Daily,CTA_M_31_R (19-00-00),CTA_M_31_R_shape,CTA_M_31_R,1
CTA_M_380,Ground_Daily,CTA_M_31_R (21-00-00),CTA_M_31_R_shape,CTA_M_31_R,1
CTA_M_380,Ground_Daily,CTA_M_329_O (06-30-00),CTA_M_329_O_shape,CTA_M_329_O,0
CTA_M_380,Ground_Daily,CTA_M_329_O (08-00-00),CTA_M_329_O_shape,CTA_M_329_O,0
CTA_M_380,Ground_Daily,CTA_M_329_O (09-00-00),CTA_M_329_O_shape,CTA_M_329_O,0
CTA_M_380,Ground_Daily,CTA_M_329_O (11-00-00),CTA_M_329_O_shape,CTA_M_329_O,0
CTA_M_380,Ground_Daily,CTA_M_329_O (13-00-00),CTA_M_329_O_shape,CTA_M_329_O,0
CTA_M_380,Ground_Daily,CTA_M_329_O (15-00-00),CTA_M_329_O_shape,CTA_M_329_O,0
CTA_M_380,Ground_Daily,CTA_M_329_O (17-00-00),CTA_M_329_O_shape,CTA_M_329_O,0
CTA_M_380,Ground_Daily,CTA_M_329_O (19-00-00),CTA_M_329_O_shape,CTA_M_329_O,0
CTA_M_380,Ground_Daily,CTA_M_329_O (21-00-00),CTA_M_329_O_shape,CTA_M_329_O,0
CTA_M_380,Ground_Daily,CTA_M_329_R (06-30-00),CTA_M_329_R_shape,CTA_M_329_R,1
CTA_M_380,Ground_Daily,CTA_M_329_R (08-00-00),CTA_M_329_R_shape,CTA_M_329_R,1
CTA_M_380,Ground_Daily,CTA_M_329_R (09-00-00),CTA_M_329_R_shape,CTA_M_329_R,1
CTA_M_380,Ground_Daily,CTA_M_329_R (11-00-00),CTA_M_329_R_shape,CTA_M_329_R,1
CTA_M_380,Ground_Daily,CTA_M_329_R (13-00-00),CTA_M_329_R_shape,CTA_M_329_R,1
CTA_M_380,Ground_Daily,CTA_M_329_R (15-00-00),CTA_M_329_R_shape,CTA_M_329_R,1
CTA_M_380,Ground_Daily,CTA_M_329_R (17-00-00),CTA_M_329_R_shape,CTA_M_329_R,1
CTA_M_380,Ground_Daily,CTA_M_329_R (19-00-00),CTA_M_329_R_shape,CTA_M_329_R,1
CTA_M_380,Ground_Daily,CTA_M_329_R (21-00-00),CTA_M_329_R_shape,CTA_M_329_R,1
CTA_M_380,Ground_Daily,CTA_M_380_O (06-30-00),CTA_M_380_O_shape,CTA_M_380_O,0
CTA_M_380,Ground_Daily,CTA_M_380_O (08-00-00),CTA_M_380_O_shape,CTA_M_380_O,0
CTA_M_380,Ground_Daily,CTA_M_380_O (09-00-00),CTA_M_380_O_shape,CTA_M_380_O,0
CTA_M_380,Ground_Daily,CTA_M_380_O (11-00-00),CTA_M_380_O_shape,CTA_M_380_O,0
CTA_M_380,Ground_Daily,CTA_M_380_O (13-00-00),CTA_M_380_O_shape,CTA_M_380_O,0
CTA_M_380,Ground_Daily,CTA_M_380_O (15-00-00),CTA_M_380_O_shape,CTA_M_380_O,0
CTA_M_380,Ground_Daily,CTA_M_380_O (17-00-00),CTA_M_380_O_shape,CTA_M_380_O,0
CTA_M_380,Ground_Daily,CTA_M_380_O (19-00-00),CTA_M_380_O_shape,CTA_M_380_O,0
CTA_M_380,Ground_Daily,CTA_M_380_O (21-00-00),CTA_M_380_O_shape,CTA_M_380_O,0
CTA_M_380,Ground_Daily,CTA_M_380_R (06-30-00),CTA_M_380_R_shape,CTA_M_380_R,1
CTA_M_380,Ground_Daily,CTA_M_380_R (08-00-00),CTA_M_380_R_shape,CTA_M_380_R,1
CTA_M_380,Ground_Daily,CTA_M_380_R (09-00-00),CTA_M_380_R_shape,CTA_M_380_R,1
CTA_M_380,Ground_Daily,CTA_M_380_R (11-00-00),CTA_M_380_R_shape,CTA_M_380_R,1
CTA_M_380,Ground_Daily,CTA_M_380_R (13-00-00),CTA_M_380_R_shape,CTA_M_380_R,1
CTA_M_380,Ground_Daily,CTA_M_380_R (15-00-00),CTA_M_380_R_shape,CTA_M_380_R,1
CTA_M_380,Ground_Daily,CTA_M_380_R (17-00-00),CTA_M_380_R_shape,CTA_M_380_R,1
CTA_M_380,Ground_Daily,CTA_M_380_R (19-00-00),CTA_M_380_R_shape,CTA_M_380_R,1
CTA_M_380,Ground_Daily,CTA_M_380_R (21-00-00),CTA_M_380_R_shape,CTA_M_380_R,1
CTA_M_380,Ground_Daily,CTA_M_3_O (06-30-00),CTA_M_3_O_shape,CTA_M_3_O,0
CTA_M_380,Ground_Daily,CTA_M_3_O (08-00-00),CTA_M_3_O_shape,CTA_M_3_O,0
CTA_M_380,Ground_Daily,CTA_M_3_O (09-00-00),CTA_M_3_O_shape,CTA_M_3_O,0
CTA_M_380,Ground_Daily,CTA_M_3_O (11-00-00),CTA_M_3_O_shape,CTA_M_3_O,0
CTA_M_380,Ground_Daily,CTA_M_3_O (13-00-00),CTA_M_3_O_shape,CTA_M_3_O,0
CTA_M_380,Ground_Daily,CTA_M_3_O (15-00-00),CTA_M_3_O_shape,CTA_M_3_O,0
CTA_M_380,Ground_Daily,CTA_M_3_O (17-00-00),CTA_M_3_O_shape,CTA_M_3_O,0
CTA_M_380,Ground_Daily,CTA_M_3_O (19-00-00),CTA_M_3_O_shape,CTA_M_3_O,0
CTA_M_380,Ground_Daily,CTA_M_3_O (21-00-00),CTA_M_3_O_shape,CTA_M_3_O,0
CTA_M_380,Ground_Daily,CTA_M_3_R (06-30-00),CTA_M_3_R_shape,CTA_M_3_R,1
CTA_M_380,Ground_Daily,CTA_M_3_R (08-00-00),CTA_M_3_R_shape,CTA_M_3_R,1
CTA_M_380,Ground_Daily,CTA_M_3_R (09-00-00),CTA_M_3_R_shape,CTA_M_3_R,1
CTA_M_380,Ground_Daily,CTA_M_3_R (11-00-00),CTA_M_3_R_shape,CTA_M_3_R,1
CTA_M_380,Ground_Daily,CTA_M_3_R (13-00-00),CTA_M_3_R_shape,CTA_M_3_R,1
CTA_M_380,Ground_Daily,CTA_M_3_R (15-00-00),CTA_M_3_R_shape,CTA_M_3_R,1
CTA_M_380,Ground_Daily,CTA_M_3_R (17-00-00),CTA_M_3_R_shape,CTA_M_3_R,1
CTA_M_380,Ground_Daily,CTA_M_3_R (19-00-00),CTA_M_3_R_shape,CTA_M_3_R,1
CTA_M_380,Ground_Daily,CTA_M_3_R (21-00-00),CTA_M_3_R_shape,CTA_M_3_R,1
CTA_M_47,Ground_Daily,CTA_M_41_O (06-30-00),CTA_M_41_O_shape,CTA_M_41_O,0
CTA_M_47,Ground_Daily,CTA_M_41_O (08-00-00),CTA_M_41_O_shape,CTA_M_41_O,0
CTA_M_47,Ground_Daily,CTA_M_41_O (09-00-00),CTA_M_41_O_shape,CTA_M_41_O,0
CTA_M_47,Ground_Daily,CTA_M_41_O (11-00-00),CTA_M_41_O_shape,CTA_M_41_O,0
CTA_M_47,Ground_Daily,CTA_M_41_O (13-00-00),CTA_M_41_O_shape,CTA_M_41_O,0
CTA_M_47,Ground_Daily,CTA_M_41_O (15-00-00),CTA_M_41_O_shape,CTA_M_41_O,0
CTA_M_47,Ground_Daily,CTA_M_41_O (17-00-00),CTA_M_41_O_shape,CTA_M_41_O,0
CTA_M_47,Ground_Daily,CTA_M_41_O (19-00-00),CTA_M_41_O_shape,CTA_M_41_O,0
CTA_M_47,Ground_Daily,CTA_M_41_O (21-00-00),CTA_M_41_O_shape,CTA_M_41_O,0
CTA_M_47,Ground_Daily,CTA_M_41_R (06-30-00),CTA_M_41_R_shape,CTA_M_41_R,1
CTA_M_47,Ground_Daily,CTA_M_41_R (08-00-00),CTA_M_41_R_shape,CTA_M_41_R,1
CTA_M_47,Ground_Daily,CTA_M_41_R (09-00-00),CTA_M_41_R_shape,CTA_M_41_R,1
CTA_M_47,Ground_Daily,CTA_M_41_R (11-00-00),CTA_M_41_R_shape,CTA_M_41_R,1
CTA_M_47,Ground_Daily,CTA_M_41_R (13-00-00),CTA_M_41_R_shape,CTA_M_41_R,1
CTA_M_47,Ground_Daily,CTA_M_41_R (15-00-00),CTA_M_41_R_shape,CTA_M_41_R,1
CTA_M_47,Ground_Daily,CTA_M_41_R (17-00-00),CTA_M_41_R_shape,CTA_M_41_R,1
CTA_M_47,Ground_Daily,CTA_M_41_R (19-00-00),CTA_M_41_R_shape,CTA_M_41_R,1
CTA_M_47,Ground_Daily,CTA_M_41_R (21-00-00),CTA_M_41_R_shape,CTA_M_41_R,1
CTA_M_47,Ground_Daily,CTA_M_424_O (06-30-00),CTA_M_424_O_shape,CTA_M_424_O,0
CTA_M_47,Ground_Daily,CTA_M_424_O (08-00-00),CTA_M_424_O_shape,CTA_M_424_O,0
CTA_M_47,Ground_Daily,CTA_M_424_O (09-00-00),CTA_M_424_O_shape,CTA_M_424_O,0
CTA_M_47,Ground_Daily,CTA_M_424_O (11-00-00),CTA_M_424_O_shape,CTA_M_424_O,0
CTA_M_47,Ground_Daily,CTA_M_424_O (13-00-00),CTA_M_424_O_shape,CTA_M_424_O,0
CTA_M_47,Ground_Daily,CTA_M_424_O (15-00-00),CTA_M_424_O_shape,CTA_M_424_O,0
CTA_M_47,Ground_Daily,CTA_M_424_O (17-00-00),CTA_M_424_O_shape,CTA_M_424_O,0
CTA_M_47,Ground_Daily,CTA_M_424_O (19-00-00),CTA_M_424_O_shape,CTA_M_424_O,0
CTA_M_47,Ground_Daily,CTA_M_424_O (21-00-00),CTA_M_424_O_shape,CTA_M_424_O,0
CTA_M_47,Ground_Daily,CTA_M_424_R (06-30-00),CTA_M_424_R_shape,CTA_M_424_R,1
CTA_M_47,Ground_Daily,CTA_M_424_R (08-00-00),CTA_M_424_R_shape,CTA_M_424_R,1
CTA_M_47,Ground_Daily,CTA_M_424_R (09-00-00),CTA_M_424_R_shape,CTA_M_424_R,1
CTA_M_47,Ground_Daily,CTA_M_424_R (11-00-00),CTA_M_424_R_shape,CTA_M_424_R,1
CTA_M_47,Ground_Daily,CTA_M_424_R (13-00-00),CTA_M_424_R_shape,CTA_M_424_R,1
CTA_M_47,Ground_Daily,CTA_M_424_R (15-00-00),CTA_M_424_R_shape,CTA_M_424_R,1
CTA_M_47,Ground_Daily,CTA_M_424_R (17-00-00),CTA_M_424_R_shape,CTA_M_424_R,1
CTA_M_47,Ground_Daily,CTA_M_424_R (19-00-00),CTA_M_424_R_shape,CTA_M_424_R,1
CTA_M_47,Ground_Daily,CTA_M_424_R (21-00-00),CTA_M_424_R_shape,CTA_M_424_R,1
CTA_M_47,Ground_Daily,CTA_M_42_O (06-30-00),CTA_M_42_O_shape,CTA_M_42_O,0
CTA_M_47,Ground_Daily,CTA_M_42_O (08-00-00),CTA_M_42_O_shape,CTA_M_42_O,0
CTA_M_47,Ground_Daily,CTA_M_42_O (09-00-00),CTA_M_42_O_shape,CTA_M_42_O,0
CTA_M_47,Ground_Daily,CTA_M_42_O (11-00-00),CTA_M_42_O_shape,CTA_M_42_O,0
CTA_M_47,Ground_Daily,CTA_M_42_O (13-00-00),CTA_M_42_O_shape,CTA_M_42_O,0
CTA_M_47,Ground_Daily,CTA_M_42_O (15-00-00),CTA_M_42_O_shape,CTA_M_42_O,0
CTA_M_47,Ground_Daily,CTA_M_42_O (17-00-00),CTA_M_42_O_shape,CTA_M_42_O,0
CTA_M_47,Ground_Daily,CTA_M_42_O (19-00-00),CTA_M_42_O_shape,CTA_M_42_O,0
CTA_M_47,Ground_Daily,CTA_M_42_O (21-00-00),CTA_M_42_O_shape,CTA_M_42_O,0
CTA_M_47,Ground_Daily,CTA_M_47_O (06-30-00),CTA_M_47_O_shape,CTA_M_47_O,0
CTA_M_47,Ground_Daily,CTA_M_47_O (08-00-00),CTA_M_47_O_shape,CTA_M_47_O,0
CTA_M_47,Ground_Daily,CTA_M_47_O (09-00-00),CTA_M_47_O_shape,CTA_M_47_O,0
CTA_M_47,Ground_Daily,CTA_M_47_O (11-00-00),CTA_M_47_O_shape,CTA_M_47_O,0
CTA_M_47,Ground_Daily,CTA_M_47_O (13-00-00),CTA_M_47_O_shape,CTA_M_47_O,0
CTA_M_47,Ground_Daily,CTA_M_47_O (15-00-00),CTA_M_47_O_shape,CTA_M_47_O,0
CTA_M_47,Ground_Daily,CTA_M_47_O (17-00-00),CTA_M_47_O_shape,CTA_M_47_O,0
CTA_M_47,Ground_Daily,CTA_M_47_O (19-00-00),CTA_M_47_O_shape,CTA_M_47_O,0
CTA_M_47,Ground_Daily,CTA_M_47_O (21-00-00),CTA_M_47_O_shape,CTA_M_47_O,0
CTA_M_47,Ground_Daily,CTA_M_47_R (06-30-00),CTA_M_47_R_shape,CTA_M_47_R,1
CTA_M_47,Ground_Daily,CTA_M_47_R (08-00-00),CTA_M_47_R_shape,CTA_M_47_R,1
CTA_M_47,Ground_Daily,CTA_M_47_R (09-00-00),CTA_M_47_R_shape,CTA_M_47_R,1
CTA_M_47,Ground_Daily,CTA_M_47_R (11-00-00),CTA_M_47_R_shape,CTA_M_47_R,1
CTA_M_47,Ground_Daily,CTA_M_47_R (13-00-00),CTA_M_47_R_shape,CTA_M_47_R,1
CTA_M_47,Ground_Daily,CTA_M_47_R (15-00-00),CTA_M_47_R_shape,CTA_M_47_R,1
CTA_M_47,Ground_Daily,CTA_M_47_R (17-00-00),CTA_M_47_R_shape,CTA_M_47_R,1
CTA_M_47,Ground_Daily,CTA_M_47_R (19-00-00),CTA_M_47_R_shape,CTA_M_47_R,1
CTA_M_47,Ground_Daily,CTA_M_47_R (21-00-00),CTA_M_47_R_shape,CTA_M_47_R,1
CTA_M_47,Ground_Daily,CTA_M_4_O (06-30-00),CTA_M_4_O_shape,CTA_M_4_O,0
CTA_M_47,Ground_Daily,CTA_M_4_O (08-00-00),CTA_M_4_O_shape,CTA_M_4_O,0
CTA_M_47,Ground_Daily,CTA_M_4_O (09-00-00),CTA_M_4_O_shape,CTA_M_4_O,0
CTA_M_47,Ground_Daily,CTA_M_4_O (11-00-00),CTA_M_4_O_shape,CTA_M_4_O,0
CTA_M_47,Ground_Daily,CTA_M_4_O (13-00-00),CTA_M_4_O_shape,CTA_M_4_O,0
CTA_M_47,Ground_Daily,CTA_M_4_O (15-00-00),CTA_M_4_O_shape,CTA_M_4_O,0
CTA_M_47,Ground_Daily,CTA_M_4_O (17-00-00),CTA_M_4_O_shape,CTA_M_4_O,0
CTA_M_47,Ground_Daily,CTA_M_4_O (19-00-00),CTA_M_4_O_shape,CTA_M_4_O,0
CTA_M_47,Ground_Daily,CTA_M_4_O (21-00-00),CTA_M_4_O_shape,CTA_M_4_O,0
CTA_M_47,Ground_Daily,CTA_M_4_R (06-30-00),CTA_M_4_R_shape,CTA_M_4_R,1
CTA_M_47,Ground_Daily,CTA_M_4_R (08-00-00),CTA_M_4_R_shape,CTA_M_4_R,1
CTA_M_47,Ground_Daily,CTA_M_4_R (09-00-00),CTA_M_4_R_shape,CTA_M_4_R,1
CTA_M_47,Ground_Daily,CTA_M_4_R (11-00-00),CTA_M_4_R_shape,CTA_M_4_R,1
CTA_M_47,Ground_Daily,CTA_M_4_R (13-00-00),CTA_M_4_R_shape,CTA_M_4_R,1
CTA_M_47,Ground_Daily,CTA_M_4_R (15-00-00),CTA_M_4_R_shape,CTA_M_4_R,1
CTA_M_47,Ground_Daily,CTA_M_4_R (17-00-00),CTA_M_4_R_shape,CTA_M_4_R,1
CTA_M_47,Ground_Daily,CTA_M_4_R (19-00-00),CTA_M_4_R_shape,CTA_M_4_R,1
CTA_M_47,Ground_Daily,CTA_M_4_R (21-00-00),CTA_M_4_R_shape,CTA_M_4_R,1
CTA_M_500,Ground_Daily,CTA_M_500_O (06-30-00),CTA_M_500_O_shape,CTA_M_500_O,0
CTA_M_500,Ground_Daily,CTA_M_500_O (08-00-00),CTA_M_500_O_shape,CTA_M_500_O,0
CTA_M_500,Ground_Daily,CTA_M_500_O (09-00-00),CTA_M_500_O_shape,CTA_M_500_O,0
CTA_M_500,Ground_Daily,CTA_M_500_O (11-00-00),CTA_M_500_O_shape,CTA_M_500_O,0
CTA_M_500,Ground_Daily,CTA_M_500_O (13-00-00),CTA_M_500_O_shape,CTA_M_500_O,0
CTA_M_500,Ground_Daily,CTA_M_500_O (15-00-00),CTA_M_500_O_shape,CTA_M_500_O,0
CTA_M_500,Ground_Daily,CTA_M_500_O (17-00-00),CTA_M_500_O_shape,CTA_M_500_O,0
CTA_M_500,Ground_Daily,CTA_M_500_O (19-00-00),CTA_M_500_O_shape,CTA_M_500_O,0
CTA_M_500,Ground_Daily,CTA_M_500_O (21-00-00),CTA_M_500_O_shape,CTA_M_500_O,0
CTA_M_500,Ground_Daily,CTA_M_500_R (06-30-00),CTA_M_500_R_shape,CTA_M_500_R,1
CTA_M_500,Ground_Daily,CTA_M_500_R (08-00-00),CTA_M_500_R_shape,CTA_M_500_R,1
CTA_M_500,Ground_Daily,CTA_M_500_R (09-00-00),CTA_M_500_R_shape,CTA_M_500_R,1
CTA_M_500,Ground_Daily,CTA_M_500_R (11-00-00),CTA_M_500_R_shape,CTA_M_500_R,1
CTA_M_500,Ground_Daily,CTA_M_500_R (13-00-00),CTA_M_500_R_shape,CTA_M_500_R,1
CTA_M_500,Ground_Daily,CTA_M_500_R (15-00-00),CTA_M_500_R_shape,CTA_M_500_R,1
CTA_M_500,Ground_Daily,CTA_M_500_R (17-00-00),CTA_M_500_R_shape,CTA_M_500_R,1
CTA_M_500,Ground_Daily,CTA_M_500_R (19-00-00),CTA_M_500_R_shape,CTA_M_500_R,1
CTA_M_500,Ground_Daily,CTA_M_500_R (21-00-00),CTA_M_500_R_shape,CTA_M_500_R,1
CTA_M_60,Ground_Daily,CTA_M_606_O (06-30-00),CTA_M_606_O_shape,CTA_M_606_O,0
CTA_M_60,Ground_Daily,CTA_M_606_O (08-00-00),CTA_M_606_O_shape,CTA_M_606_O,0
CTA_M_60,Ground_Daily,CTA_M_606_O (09-00-00),CTA_M_606_O_shape,CTA_M_606_O,0
CTA_M_60,Ground_Daily,CTA_M_606_O (11-00-00),CTA_M_606_O_shape,CTA_M_606_O,0
CTA_M_60,Ground_Daily,CTA_M_606_O (13-00-00),CTA_M_606_O_shape,CTA_M_606_O,0
CTA_M_60,Ground_Daily,CTA_M_606_O (15-00-00),CTA_M_606_O_shape,CTA_M_606_O,0
CTA_M_60,Ground_Daily,CTA_M_606_O (17-00-00),CTA_M_606_O_shape,CTA_M_606_O,0
CTA_M_60,Ground_Daily,CTA_M_606_O (19-00-00),CTA_M_606_O_shape,CTA_M_606_O,0
CTA_M_60,Ground_Daily,CTA_M_606_O (21-00-00),CTA_M_606_O_shape,CTA_M_606_O,0
CTA_M_60,Ground_Daily,CTA_M_606_R (06-30-00),CTA_M_606_R_shape,CTA_M_606_R,1
CTA_M_60,Ground_Daily,CTA_M_606_R (08-00-00),CTA_M_606_R_shape,CTA_M_606_R,1
CTA_M_60,Ground_Daily,CTA_M_606_R (09-00-00),CTA_M_606_R_shape,CTA_M_606_R,1
CTA_M_60,Ground_Daily,CTA_M_606_R (11-00-00),CTA_M_606_R_shape,CTA_M_606_R,1
CTA_M_60,Ground_Daily,CTA_M_606_R (13-00-00),CTA_M_606_R_shape,CTA_M_606_R,1
CTA_M_60,Ground_Daily,CTA_M_606_R (15-00-00),CTA_M_606_R_shape,CTA_M_606_R,1
CTA_M_60,Ground_Daily,CTA_M_606_R (17-00-00),CTA_M_606_R_shape,CTA_M_606_R,1
CTA_M_60,Ground_Daily,CTA_M_606_R (19-00-00),CTA_M_606_R_shape,CTA_M_606_R,1
CTA_M_60,Ground_Daily,CTA_M_606_R (21-00-00),CTA_M_606_R_shape,CTA_M_606_R,1
CTA_M_60,Ground_Daily,CTA_M_60_O (06-30-00),CTA_M_60_O_shape,CTA_M_60_O,0
CTA_M_60,Ground_Daily,CTA_M_60_O (08-00-00),CTA_M_60_O_shape,CTA_M_60_O,0
CTA_M_60,Ground_Daily,CTA_M_60_O (09-00-00),CTA_M_60_O_shape,CTA_M_60_O,0
CTA_M_60,Ground_Daily,CTA_M_60_O (11-00-00),CTA_M_60_O_shape,CTA_M_60_O,0
CTA_M_60,Ground_Daily,CTA_M_60_O (13-00-00),CTA_M_60_O_shape,CTA_M_60_O,0
CTA_M_60,Ground_Daily,CTA_M_60_O (15-00-00),CTA_M_60_O_shape,CTA_M_60_O,0
CTA_M_60,Ground_Daily,CTA_M_60_O (17-00-00),CTA_M_60_O_shape,CTA_M_60_O,0
CTA_M_60,Ground_Daily,CTA_M_60_O (19-00-00),CTA_M_60_O_shape,CTA_M_60_O,0
CTA_M_60,Ground_Daily,CTA_M_60_O (21-00-00),CTA_M_60_O_shape,CTA_M_60_O,0
CTA_M_60,Ground_Daily,CTA_M_60_R (06-30-00),CTA_M_60_R_shape,CTA_M_60_R,1
CTA_M_60,Ground_Daily,CTA_M_60_R (08-00-00),CTA_M_60_R_shape,CTA_M_60_R,1
CTA_M_60,Ground_Daily,CTA_M_60_R (09-00-00),CTA_M_60_R_shape,CTA_M_60_R,1
CTA_M_60,Ground_Daily,CTA_M_60_R (11-00-00),CTA_M_60_R_shape,CTA_M_60_R,1
CTA_M_60,Ground_Daily,CTA_M_60_R (13-00-00),CTA_M_60_R_shape,CTA_M_60_R,1
CTA_M_60,Ground_Daily,CTA_M_60_R (15-00-00),CTA_M_60_R_shape,CTA_M_60_R,1
CTA_M_60,Ground_Daily,CTA_M_60_R (17-00-00),CTA_M_60_R_shape,CTA_M_60_R,1
CTA_M_60,Ground_Daily,CTA_M_60_R (19-00-00),CTA_M_60_R_shape,CTA_M_60_R,1
CTA_M_60,Ground_Daily,CTA_M_60_R (21-00-00),CTA_M_60_R_shape,CTA_M_60_R,1
CTA_M_60,Ground_Daily,CTA_M_66_O (06-30-00),CTA_M_66_O_shape,CTA_M_66_O,0
CTA_M_60,Ground_Daily,CTA_M_66_O (08-00-00),CTA_M_66_O_shape,CTA_M_66_O,0
CTA_M_60,Ground_Daily,CTA_M_66_O (09-00-00),CTA_M_66_O_shape,CTA_M_66_O,0
CTA_M_60,Ground_Daily,CTA_M_66_O (11-00-00),CTA_M_66_O_shape,CTA_M_66_O,0
CTA_M_60,Ground_Daily,CTA_M_66_O (13-00-00),CTA_M_66_O_shape,CTA_M_66_O,0
CTA_M_60,Ground_Daily,CTA_M_66_O (15-00-00),CTA_M_66_O_shape,CTA_M_66_O,0
CTA_M_60,Ground_Daily,CTA_M_66_O (17-00-00),CTA_M_66_O_shape,CTA_M_66_O,0
CTA_M_60,Ground_Daily,CTA_M_66_O (19-00-00),CTA_M_66_O_shape,CTA_M_66_O,0
CTA_M_60,Ground_Daily,CTA_M_66_O (21-00-00),CTA_M_66_O_shape,CTA_M_66_O,0
CTA_M_60,Ground_Daily,CTA_M_66_R (06-30-00),CTA_M_66_R_shape,CTA_M_66_R,1
CTA_M_60,Ground_Daily,CTA_M_66_R (08-00-00),CTA_M_66_R_shape,CTA_M_66_R,1
CTA_M_60,Ground_Daily,CTA_M_66_R (09-00-00),CTA_M_66_R_shape,CTA_M_66_R,1
CTA_M_60,Ground_Daily,CTA_M_66_R (11-00-00),CTA_M_66_R_shape,CTA_M_66_R,1
CTA_M_60,Ground_Daily,CTA_M_66_R (13-00-00),CTA_M_66_R_shape,CTA_M_66_R,1
CTA_M_60,Ground_Daily,CTA_M_66_R (15-00-00),CTA_M_66_R_shape,CTA_M_66_R,1
CTA_M_60,Ground_Daily,CTA_M_66_R (17-00-00),CTA_M_66_R_shape,CTA_M_66_R,1
CTA_M_60,Ground_Daily,CTA_M_66_R (19-00-00),CTA_M_66_R_shape,CTA_M_66_R,1
CTA_M_60,Ground_Daily,CTA_M_66_R (21-00-00),CTA_M_66_R_shape,CTA_M_66_R,1
CTA_M_79,Ground_Daily,CTA_M_72_O (06-30-00),CTA_M_72_O_shape,CTA_M_72_O,0
CTA_M_79,Ground_Daily,CTA_M_72_O (08-00-00),CTA_M_72_O_shape,CTA_M_72_O,0
CTA_M_79,Ground_Daily,CTA_M_72_O (09-00-00),CTA_M_72_O_shape,CTA_M_72_O,0
CTA_M_79,Ground_Daily,CTA_M_72_O (11-00-00),CTA_M_72_O_shape,CTA_M_72_O,0
CTA_M_79,Ground_Daily,CTA_M_72_O (13-00-00),CTA_M_72_O_shape,CTA_M_72_O,0
CTA_M_79,Ground_Daily,CTA_M_72_O (15-00-00),CTA_M_72_O_shape,CTA_M_72_O,0
CTA_M_79,Ground_Daily,CTA_M_72_O (17-00-00),CTA_M_72_O_shape,CTA_M_72_O,0
CTA_M_79,Ground_Daily,CTA_M_72_O (19-00-00),CTA_M_72_O_shape,CTA_M_72_O,0
CTA_M_79,Ground_Daily,CTA_M_72_O (21-00-00),CTA_M_72_O_shape,CTA_M_72_O,0
CTA_M_79,Ground_Daily,CTA_M_72_R (06-30-00),CTA_M_72_R_shape,CTA_M_72_R,1
CTA_M_79,Ground_Daily,CTA_M_72_R (08-00-00),CTA_M_72_R_shape,CTA_M_72_R,1
CTA_M_79,Ground_Daily,CTA_M_72_R (09-00-00),CTA_M_72_R_shape,CTA_M_72_R,1
CTA_M_79,Ground_Daily,CTA_M_72_R (11-00-00),CTA_M_72_R_shape,CTA_M_72_R,1
CTA_M_79,Ground_Daily,CTA_M_72_R (13-00-00),CTA_M_72_R_shape,CTA_M_72_R,1
CTA_M_79,Ground_Daily,CTA_M_72_R (15-00-00),CTA_M_72_R_shape,CTA_M_72_R,1
CTA_M_79,Ground_Daily,CTA_M_72_R (17-00-00),CTA_M_72_R_shape,CTA_M_72_R,1
CTA_M_79,Ground_Daily,CTA_M_72_R (19-00-00),CTA_M_72_R_shape,CTA_M_72_R,1
CTA_M_79,Ground_Daily,CTA_M_72_R (21-00-00),CTA_M_72_R_shape,CTA_M_72_R,1
CTA_M_79,Ground_Daily,CTA_M_76_O (06-30-00),CTA_M_76_O_shape,CTA_M_76_O,0
CTA_M_79,Ground_Daily,CTA_M_76_O (08-00-00),CTA_M_76_O_shape,CTA_M_76_O,0
CTA_M_79,Ground_Daily,CTA_M_76_O (09-00-00),CTA_M_76_O_shape,CTA_M_76_O,0
CTA_M_79,Ground_Daily,CTA_M_76_O (11-00-00),CTA_M_76_O_shape,CTA_M_76_O,0
CTA_M_79,Ground_Daily,CTA_M_76_O (13-00-00),CTA_M_76_O_shape,CTA_M_76_O,0
CTA_M_79,Ground_Daily,CTA_M_76_O (15-00-00),CTA_M_76_O_shape,CTA_M_76_O,0
CTA_M_79,Ground_Daily,CTA_M_76_O (17-00-00),CTA_M_76_O_shape,CTA_M_76_O,0
CTA_M_79,Ground_Daily,CTA_M_76_O (19-00-00),CTA_M_76_O_shape,CTA_M_76_O,0
CTA_M_79,Ground_Daily,CTA_M_76_O (21-00-00),CTA_M_76_O_shape,CTA_M_76_O,0
CTA_M_79,Ground_Daily,CTA_M_76_R (06-30-00),CTA_M_76_R_shape,CTA_M_76_R,1
CTA_M_79,Ground_Daily,CTA_M_76_R (08-00-00),CTA_M_76_R_shape,CTA_M_76_R,1
CTA_M_79,Ground_Daily,CTA_M_76_R (09-00-00),CTA_M_76_R_shape,CTA_M_76_R,1
CTA_M_79,Ground_Daily,CTA_M_76_R (11-00-00),CTA_M_76_R_shape,CTA_M_76_R,1
CTA_M_79,Ground_Daily,CTA_M_76_R (13-00-00),CTA_M_76_R_shape,CTA_M_76_R,1
CTA_M_79,Ground_Daily,CTA_M_76_R (15-00-00),CTA_M_76_R_shape,CTA_M_76_R,1
CTA_M_79,Ground_Daily,CTA_M_76_R (17-00-00),CTA_M_76_R_shape,CTA_M_76_R,1
CTA_M_79,Ground_Daily,CTA_M_76_R (19-00-00),CTA_M_76_R_shape,CTA_M_76_R,1
CTA_M_79,Ground_Daily,CTA_M_76_R (21-00-00),CTA_M_76_R_shape,CTA_M_76_R,1
CTA_M_79,Ground_Daily,CTA_M_78_O (06-30-00),CTA_M_78_O_shape,CTA_M_78_O,0
CTA_M_79,Ground_Daily,CTA_M_78_O (08-00-00),CTA_M_78_O_shape,CTA_M_78_O,0
CTA_M_79,Ground_Daily,CTA_M_78_O (09-00-00),CTA_M_78_O_shape,CTA_M_78_O,0
CTA_M_79,Ground_Daily,CTA_M_78_O (11-00-00),CTA_M_78_O_shape,CTA_M_78_O,0
CTA_M_79,Ground_Daily,CTA_M_78_O (13-00-00),CTA_M_78_O_shape,CTA_M_78_O,0
CTA_M_79,Ground_Daily,CTA_M_78_O (15-00-00),CTA_M_78_O_shape,CTA_M_78_O,0
CTA_M_79,Ground_Daily,CTA_M_78_O (17-00-00),CTA_M_78_O_shape,CTA_M_78_O,0
CTA_M_79,Ground_Daily,CTA_M_78_O (19-00-00),CTA_M_78_O_shape,CTA_M_78_O,0
CTA_M_79,Ground_Daily,CTA_M_78_O (21-00-00),CTA_M_78_O_shape,CTA_M_78_O,0
CTA_M_79,Ground_Daily,CTA_M_78_R (06-30-00),CTA_M_78_R_shape,CTA_M_78_R,1
CTA_M_79,Ground_Daily,CTA_M_78_R (08-00-00),CTA_M_78_R_shape,CTA_M_78_R,1
CTA_M_79,Ground_Daily,CTA_M_78_R (09-00-00),CTA_M_78_R_shape,CTA_M_78_R,1
CTA_M_79,Ground_Daily,CTA_M_78_R (11-00-00),CTA_M_78_R_shape,CTA_M_78_R,1
CTA_M_79,Ground_Daily,CTA_M_78_R (13-00-00),CTA_M_78_R_shape,CTA_M_78_R,1
CTA_M_79,Ground_Daily,CTA_M_78_R (15-00-00),CTA_M_78_R_shape,CTA_M_78_R,1
CTA_M_79,Ground_Daily,CTA_M_78_R (17-00-00),CTA_M_78_R_shape,CTA_M_78_R,1
CTA_M_79,Ground_Daily,CTA_M_78_R (19-00-00),CTA_M_78_R_shape,CTA_M_78_R,1
CTA_M_79,Ground_Daily,CTA_M_78_R (21-00-00),CTA_M_78_R_shape,CTA_M_78_R,1
CTA_M_79,Ground_Daily,CTA_M_79_O (06-30-00),CTA_M_79_O_shape,CTA_M_79_O,0
CTA_M_79,Ground_Daily,CTA_M_79_O (08-00-00),CTA_M_79_O_shape,CTA_M_79_O,0
CTA_M_79,Ground_Daily,CTA_M_79_O (09-00-00),CTA_M_79_O_shape,CTA_M_79_O,0
CTA_M_79,Ground_Daily,CTA_M_79_O (11-00-00),CTA_M_79_O_shape,CTA_M_79_O,0
CTA_M_79,Ground_Daily,CTA_M_79_O (13-00-00),CTA_M_79_O_shape,CTA_M_79_O,0
CTA_M_79,Ground_Daily,CTA_M_79_O (15-00-00),CTA_M_79_O_shape,CTA_M_79_O,0
CTA_M_79,Ground_Daily,CTA_M_79_O (17-00-00),CTA_M_79_O_shape,CTA_M_79_O,0
CTA_M_79,Ground_Daily,CTA_M_79_O (19-00-00),CTA_M_79_O_shape,CTA_M_79_O,0
CTA_M_79,Ground_Daily,CTA_M_79_O (21-00-00),CTA_M_79_O_shape,CTA_M_79_O,0
CTA_M_79,Ground_Daily,CTA_M_79_R (06-30-00),CTA_M_79_R_shape,CTA_M_79_R,1
CTA_M_79,Ground_Daily,CTA_M_79_R (08-00-00),CTA_M_79_R_shape,CTA_M_79_R,1
CTA_M_79,Ground_Daily,CTA_M_79_R (09-00-00),CTA_M_79_R_shape,CTA_M_79_R,1
CTA_M_79,Ground_Daily,CTA_M_79_R (11-00-00),CTA_M_79_R_shape,CTA_M_79_R,1
CTA_M_79,Ground_Daily,CTA_M_79_R (13-00-00),CTA_M_79_R_shape,CTA_M_79_R,1
CTA_M_79,Ground_Daily,CTA_M_79_R (15-00-00),CTA_M_79_R_shape,CTA_M_79_R,1
CTA_M_79,Ground_Daily,CTA_M_79_R (17-00-00),CTA_M_79_R_shape,CTA_M_79_R,1
CTA_M_79,Ground_Daily,CTA_M_79_R (19-00-00),CTA_M_79_R_shape,CTA_M_79_R,1
CTA_M_79,Ground_Daily,CTA_M_79_R (21-00-00),CTA_M_79_R_shape,CTA_M_79_R,1
CTA_M_82,Ground_Daily,CTA_M_80_O (06-30-00),CTA_M_80_O_shape,CTA_M_80_O,0
CTA_M_82,Ground_Daily,CTA_M_80_O (08-00-00),CTA_M_80_O_shape,CTA_M_80_O,0
CTA_M_82,Ground_Daily,CTA_M_80_O (09-00-00),CTA_M_80_O_shape,CTA_M_80_O,0
CTA_M_82,Ground_Daily,CTA_M_80_O (11-00-00),CTA_M_80_O_shape,CTA_M_80_O,0
CTA_M_82,Ground_Daily,CTA_M_80_O (13-00-00),CTA_M_80_O_shape,CTA_M_80_O,0
CTA_M_82,Ground_Daily,CTA_M_80_O (15-00-00),CTA_M_80_O_shape,CTA_M_80_O,0
CTA_M_82,Ground_Daily,CTA_M_80_O (17-00-00),CTA_M_80_O_shape,CTA_M_80_O,0
CTA_M_82,Ground_Daily,CTA_M_80_O (19-00-00),CTA_M_80_O_shape,CTA_M_80_O,0
CTA_M_82,Ground_Daily,CTA_M_80_O (21-00-00),CTA_M_80_O_shape,CTA_M_80_O,0
CTA_M_82,Ground_Daily,CTA_M_80_R (06-30-00),CTA_M_80_R_shape,CTA_M_80_R,1
CTA_M_82,Ground_Daily,CTA_M_80_R (08-00-00),CTA_M_80_R_shape,CTA_M_80_R,1
CTA_M_82,Ground_Daily,CTA_M_80_R (09-00-00),CTA_M_80_R_shape,CTA_M_80_R,1
CTA_M_82,Ground_Daily,CTA_M_80_R (11-00-00),CTA_M_80_R_shape,CTA_M_80_R,1
CTA_M_82,Ground_Daily,CTA_M_80_R (13-00-00),CTA_M_80_R_shape,CTA_M_80_R,1
CTA_M_82,Ground_Daily,CTA_M_80_R (15-00-00),CTA_M_80_R_shape,CTA_M_80_R,1
CTA_M_82,Ground_Daily,CTA_M_80_R (17-00-00),CTA_M_80_R_shape,CTA_M_80_R,1
CTA_M_82,Ground_Daily,CTA_M_80_R (19-00-00),CTA_M_80_R_shape,CTA_M_80_R,1
CTA_M_82,Ground_Daily,CTA_M_80_R (21-00-00),CTA_M_80_R_shape,CTA_M_80_R,1
CTA_M_82,Ground_Daily,CTA_M_82_O (06-30-00),CTA_M_82_O_shape,CTA_M_82_O,0
CTA_M_82,Ground_Daily,CTA_M_82_O (08-00-00),CTA_M_82_O_shape,CTA_M_82_O,0
CTA_M_82,Ground_Daily,CTA_M_82_O (09-00-00),CTA_M_82_O_shape,CTA_M_82_O,0
CTA_M_82,Ground_Daily,CTA_M_82_O (11-00-00),CTA_M_82_O_shape,CTA_M_82_O,0
CTA_M_82,Ground_Daily,CTA_M_82_O (13-00-00),CTA_M_82_O_shape,CTA_M_82_O,0
CTA_M_82,Ground_Daily,CTA_M_82_O (15-00-00),CTA_M_82_O_shape,CTA_M_82_O,0
CTA_M_82,Ground_Daily,CTA_M_82_O (17-00-00),CTA_M_82_O_shape,CTA_M_82_O,0
CTA_M_82,Ground_Daily,CTA_M_82_O (19-00-00),CTA_M_82_O_shape,CTA_M_82_O,0
CTA_M_82,Ground_Daily,CTA_M_82_O (21-00-00),CTA_M_82_O_shape,CTA_M_82_O,0
CTA_M_82,Ground_Daily,CTA_M_82_R (06-30-00),CTA_M_82_R_shape,CTA_M_82_R,1
CTA_M_82,Ground_Daily,CTA_M_82_R (08-00-00),CTA_M_82_R_shape,CTA_M_82_R,1
CTA_M_82,Ground_Daily,CTA_M_82_R (09-00-00),CTA_M_82_R_shape,CTA_M_82_R,1
CTA_M_82,Ground_Daily,CTA_M_82_R (11-00-00),CTA_M_82_R_shape,CTA_M_82_R,1
CTA_M_82,Ground_Daily,CTA_M_82_R (13-00-00),CTA_M_82_R_shape,CTA_M_82_R,1
CTA_M_82,Ground_Daily,CTA_M_82_R (15-00-00),CTA_M_82_R_shape,CTA_M_82_R,1
CTA_M_82,Ground_Daily,CTA_M_82_R (17-00-00),CTA_M_82_R_shape,CTA_M_82_R,1
CTA_M_82,Ground_Daily,CTA_M_82_R (19-00-00),CTA_M_82_R_shape,CTA_M_82_R,1
CTA_M_82,Ground_Daily,CTA_M_82_R (21-00-00),CTA_M_82_R_shape,CTA_M_82_R,1
CTA_M_82,Ground_Daily,CTA_M_85_O (06-30-00),CTA_M_85_O_shape,CTA_M_85_O,0
CTA_M_82,Ground_Daily,CTA_M_85_O (08-00-00),CTA_M_85_O_shape,CTA_M_85_O,0
CTA_M_82,Ground_Daily,CTA_M_85_O (09-00-00),CTA_M_85_O_shape,CTA_M_85_O,0
CTA_M_82,Ground_Daily,CTA_M_85_O (11-00-00),CTA_M_85_O_shape,CTA_M_85_O,0
CTA_M_82,Ground_Daily,CTA_M_85_O (13-00-00),CTA_M_85_O_shape,CTA_M_85_O,0
CTA_M_82,Ground_Daily,CTA_M_85_O (15-00-00),CTA_M_85_O_shape,CTA_M_85_O,0
CTA_M_82,Ground_Daily,CTA_M_85_O (17-00-00),CTA_M_85_O_shape,CTA_M_85_O,0
CTA_M_82,Ground_Daily,CTA_M_85_O (19-00-00),CTA_M_85_O_shape,CTA_M_85_O,0
CTA_M_82,Ground_Daily,CTA_M_85_O (21-00-00),CTA_M_85_O_shape,CTA_M_85_O,0
CTA_M_82,Ground_Daily,CTA_M_85_R (06-30-00),CTA_M_85_R_shape,CTA_M_85_R,1
CTA_M_82,Ground_Daily,CTA_M_85_R (08-00-00),CTA_M_85_R_shape,CTA_M_85_R,1
CTA_M_82,Ground_Daily,CTA_M_85_R (09-00-00),CTA_M_85_R_shape,CTA_M_85_R,1
CTA_M_82,Ground_Daily,CTA_M_85_R (11-00-00),CTA_M_85_R_shape,CTA_M_85_R,1
CTA_M_82,Ground_Daily,CTA_M_85_R (13-00-00),CTA_M_85_R_shape,CTA_M_85_R,1
CTA_M_82,Ground_Daily,CTA_M_85_R (15-00-00),CTA_M_85_R_shape,CTA_M_85_R,1
CTA_M_82,Ground_Daily,CTA_M_85_R (17-00-00),CTA_M_85_R_shape,CTA_M_85_R,1
CTA_M_82,Ground_Daily,CTA_M_85_R (19-00-00),CTA_M_85_R_shape,CTA_M_85_R,1
CTA_M_82,Ground_Daily,CTA_M_85_R (21-00-00),CTA_M_85_R_shape,CTA_M_85_R,1
CTA_M_82,Ground_Daily,CTA_M_88_O (06-30-00),CTA_M_88_O_shape,CTA_M_88_O,0
CTA_M_82,Ground_Daily,CTA_M_88_O (08-00-00),CTA_M_88_O_shape,CTA_M_88_O,0
CTA_M_82,Ground_Daily,CTA_M_88_O (09-00-00),CTA_M_88_O_shape,CTA_M_88_O,0
CTA_M_82,Ground_Daily,CTA_M_88_O (11-00-00),CTA_M_88_O_shape,CTA_M_88_O,0
CTA_M_82,Ground_Daily,CTA_M_88_O (13-00-00),CTA_M_88_O_shape,CTA_M_88_O,0
CTA_M_82,Ground_Daily,CTA_M_88_O (15-00-00),CTA_M_88_O_shape,CTA_M_88_O,0
CTA_M_82,Ground_Daily,CTA_M_88_O (17-00-00),CTA_M_88_O_shape,CTA_M_88_O,0
CTA_M_82,Ground_Daily,CTA_M_88_O (19-00-00),CTA_M_88_O_shape,CTA_M_88_O,0
CTA_M_82,Ground_Daily,CTA_M_88_O (21-00-00),CTA_M_88_O_shape,CTA_M_88_O,0
CTA_M_82,Ground_Daily,CTA_M_88_R (06-30-00),CTA_M_88_R_shape,CTA_M_88_R,1
CTA_M_82,Ground_Daily,CTA_M_88_R (08-00-00),CTA_M_88_R_shape,CTA_M_88_R,1
CTA_M_82,Ground_Daily,CTA_M_88_R (09-00-00),CTA_M_88_R_shape,CTA_M_88_R,1
CTA_M_82,Ground_Daily,CTA_M_88_R (11-00-00),CTA_M_88_R_shape,CTA_M_88_R,1
CTA_M_82,Ground_Daily,CTA_M_88_R (13-00-00),CTA_M_88_R_shape,CTA_M_88_R,1
CTA_M_82,Ground_Daily,CTA_M_88_R (15-00-00),CTA_M_88_R_shape,CTA_M_88_R,1
CTA_M_82,Ground_Daily,CTA_M_88_R (17-00-00),CTA_M_88_R_shape,CTA_M_88_R,1
CTA_M_82,Ground_Daily,CTA_M_88_R (19-00-00),CTA_M_88_R_shape,CTA_M_88_R,1
CTA_M_82,Ground_Daily,CTA_M_88_R (21-00-00),CTA_M_88_R_shape,CTA_M_88_R,1
CTA_M_82,Ground_Daily,CTA_M_89_O (06-30-00),CTA_M_89_O_shape,CTA_M_89_O,0
CTA_M_82,Ground_Daily,CTA_M_89_O (08-00-00),CTA_M_89_O_shape,CTA_M_89_O,0
CTA_M_82,Ground_Daily,CTA_M_89_O (09-00-00),CTA_M_89_O_shape,CTA_M_89_O,0
CTA_M_82,Ground_Daily,CTA_M_89_O (11-00-00),CTA_M_89_O_shape,CTA_M_89_O,0
CTA_M_82,Ground_Daily,CTA_M_89_O (13-00-00),CTA_M_89_O_shape,CTA_M_89_O,0
CTA_M_82,Ground_Daily,CTA_M_89_O (15-00-00),CTA_M_89_O_shape,CTA_M_89_O,0
CTA_M_82,Ground_Daily,CTA_M_89_O (17-00-00),CTA_M_89_O_shape,CTA_M_89_O,0
CTA_M_82,Ground_Daily,CTA_M_89_O (19-00-00),CTA_M_89_O_shape,CTA_M_89_O,0
CTA_M_82,Ground_Daily,CTA_M_89_O (21-00-00),CTA_M_89_O_shape,CTA_M_89_O,0
CTA_M_82,Ground_Daily,CTA_M_89_R (06-30-00),CTA_M_89_R_shape,CTA_M_89_R,1
CTA_M_82,Ground_Daily,CTA_M_89_R (08-00-00),CTA_M_89_R_shape,CTA_M_89_R,1
CTA_M_82,Ground_Daily,CTA_M_89_R (09-00-00),CTA_M_89_R_shape,CTA_M_89_R,1
CTA_M_82,Ground_Daily,CTA_M_89_R (11-00-00),CTA_M_89_R_shape,CTA_M_89_R,1
CTA_M_82,Ground_Daily,CTA_M_89_R (13-00-00),CTA_M_89_R_shape,CTA_M_89_R,1
CTA_M_82,Ground_Daily,CTA_M_89_R (15-00-00),CTA_M_89_R_shape,CTA_M_89_R,1
CTA_M_82,Ground_Daily,CTA_M_89_R (17-00-00),CTA_M_89_R_shape,CTA_M_89_R,1
CTA_M_82,Ground_Daily,CTA_M_89_R (19-00-00),CTA_M_89_R_shape,CTA_M_89_R,1
CTA_M_82,Ground_Daily,CTA_M_89_R (21-00-00),CTA_M_89_R_shape,CTA_M_89_R,1
CTA_M_93,Ground_Daily,CTA_M_90_O (06-30-00),CTA_M_90_O_shape,CTA_M_90_O,0
CTA_M_93,Ground_Daily,CTA_M_90_O (08-00-00),CTA_M_90_O_shape,CTA_M_90_O,0
CTA_M_93,Ground_Daily,CTA_M_90_O (09-00-00),CTA_M_90_O_shape,CTA_M_90_O,0
CTA_M_93,Ground_Daily,CTA_M_90_O (11-00-00),CTA_M_90_O_shape,CTA_M_90_O,0
CTA_M_93,Ground_Daily,CTA_M_90_O (13-00-00),CTA_M_90_O_shape,CTA_M_90_O,0
CTA_M_93,Ground_Daily,CTA_M_90_O (15-00-00),CTA_M_90_O_shape,CTA_M_90_O,0
CTA_M_93,Ground_Daily,CTA_M_90_O (17-00-00),CTA_M_90_O_shape,CTA_M_90_O,0
CTA_M_93,Ground_Daily,CTA_M_90_O (19-00-00),CTA_M_90_O_shape,CTA_M_90_O,0
CTA_M_93,Ground_Daily,CTA_M_90_O (21-00-00),CTA_M_90_O_shape,CTA_M_90_O,0
CTA_M_93,Ground_Daily,CTA_M_90_R (06-30-00),CTA_M_90_R_shape,CTA_M_90_R,1
CTA_M_93,Ground_Daily,CTA_M_90_R (08-00-00),CTA_M_90_R_shape,CTA_M_90_R,1
CTA_M_93,Ground_Daily,CTA_M_90_R (09-00-00),CTA_M_90_R_shape,CTA_M_90_R,1
CTA_M_93,Ground_Daily,CTA_M_90_R (11-00-00),CTA_M_90_R_shape,CTA_M_90_R,1
CTA_M_93,Ground_Daily,CTA_M_90_R (13-00-00),CTA_M_90_R_shape,CTA_M_90_R,1
CTA_M_93,Ground_Daily,CTA_M_90_R (15-00-00),CTA_M_90_R_shape,CTA_M_90_R,1
CTA_M_93,Ground_Daily,CTA_M_90_R (17-00-00),CTA_M_90_R_shape,CTA_M_90_R,1
CTA_M_93,Ground_Daily,CTA_M_90_R (19-00-00),CTA_M_90_R_shape,CTA_M_90_R,1
CTA_M_93,Ground_Daily,CTA_M_90_R (21-00-00),CTA_M_90_R_shape,CTA_M_90_R,1
CTA_M_93,Ground_Daily,CTA_M_93_O (06-30-00),CTA_M_93_O_shape,CTA_M_93_O,0
CTA_M_93,Ground_Daily,CTA_M_93_O (08-00-00),CTA_M_93_O_shape,CTA_M_93_O,0
CTA_M_93,Ground_Daily,CTA_M_93_O (09-00-00),CTA_M_93_O_shape,CTA_M_93_O,0
CTA_M_93,Ground_Daily,CTA_M_93_O (11-00-00),CTA_M_93_O_shape,CTA_M_93_O,0
CTA_M_93,Ground_Daily,CTA_M_93_O (13-00-00),CTA_M_93_O_shape,CTA_M_93_O,0
CTA_M_93,Ground_Daily,CTA_M_93_O (15-00-00),CTA_M_93_O_shape,CTA_M_93_O,0
CTA_M_93,Ground_Daily,CTA_M_93_O (17-00-00),CTA_M_93_O_shape,CTA_M_93_O,0
CTA_M_93,Ground_Daily,CTA_M_93_O (19-00-00),CTA_M_93_O_shape,CTA_M_93_O,0
CTA_M_93,Ground_Daily,CTA_M_93_O (21-00-00),CTA_M_93_O_shape,CTA_M_93_O,0
CTA_M_93,Ground_Daily,CTA_M_93_R (06-30-00),CTA_M_93_R_shape,CTA_M_93_R,1
CTA_M_93,Ground_Daily,CTA_M_93_R (08-00-00),CTA_M_93_R_shape,CTA_M_93_R,1
CTA_M_93,Ground_Daily,CTA_M_93_R (09-00-00),CTA_M_93_R_shape,CTA_M_93_R,1
CTA_M_93,Ground_Daily,CTA_M_93_R (11-00-00),CTA_M_93_R_shape,CTA_M_93_R,1
CTA_M_93,Ground_Daily,CTA_M_93_R (13-00-00),CTA_M_93_R_shape,CTA_M_93_R,1
CTA_M_93,Ground_Daily,CTA_M_93_R (15-00-00),CTA_M_93_R_shape,CTA_M_93_R,1
CTA_M_93,Ground_Daily,CTA_M_93_R (17-00-00),CTA_M_93_R_shape,CTA_M_93_R,1
CTA_M_93,Ground_Daily,CTA_M_93_R (19-00-00),CTA_M_93_R_shape,CTA_M_93_R,1
CTA_M_93,Ground_Daily,CTA_M_93_R (21-00-00),CTA_M_93_R_shape,CTA_M_93_R,1
P_O_14_CA056,Ground_Daily,MM_111_O (06-30-00),MM_111_O_shape,MM_111_O,0
P_O_14_CA056,Ground_Daily,MM_111_O (08-00-00),MM_111_O_shape,MM_111_O,0
P_O_14_CA056,Ground_Daily,MM_111_O (09-00-00),MM_111_O_shape,MM_111_O,0
P_O_14_CA056,Ground_Daily,MM_111_O (11-00-00),MM_111_O_shape,MM_111_O,0
P_O_14_CA056,Ground_Daily,MM_111_O (13-00-00),MM_111_O_shape,MM_111_O,0
P_O_14_CA056,Ground_Daily,MM_111_O (15-00-00),MM_111_O_shape,MM_111_O,0
P_O_14_CA056,Ground_Daily,MM_111_O (17-00-00),MM_111_O_shape,MM_111_O,0
P_O_14_CA056,Ground_Daily,MM_111_O (19-00-00),MM_111_O_shape,MM_111_O,0
P_O_14_CA056,Ground_Daily,MM_111_O (21-00-00),MM_111_O_shape,MM_111_O,0
P_O_14_CA056,Ground_Daily,MM_111_R (06-30-00),MM_111_R_shape,MM_111_R,1
P_O_14_CA056,Ground_Daily,MM_111_R (08-00-00),MM_111_R_shape,MM_111_R,1
P_O_14_CA056,Ground_Daily,MM_111_R (09-00-00),MM_111_R_shape,MM_111_R,1
P_O_14_CA056,Ground_Daily,MM_111_R (11-00-00),MM_111_R_shape,MM_111_R,1
P_O_14_CA056,Ground_Daily,MM_111_R (13-00-00),MM_111_R_shape,MM_111_R,1
P_O_14_CA056,Ground_Daily,MM_111_R (15-00-00),MM_111_R_shape,MM_111_R,1
P_O_14_CA056,Ground_Daily,MM_111_R (17-00-00),MM_111_R_shape,MM_111_R,1
P_O_14_CA056,Ground_Daily,MM_111_R (19-00-00),MM_111_R_shape,MM_111_R,1
P_O_14_CA056,Ground_Daily,MM_111_R (21-00-00),MM_111_R_shape,MM_111_R,1
P_O_14_CA056,Ground_Daily,MM_324_O (06-30-00),MM_324_O_shape,MM_324_O,0
P_O_14_CA056,Ground_Daily,MM_324_O (08-00-00),MM_324_O_shape,MM_324_O,0
P_O_14_CA056,Ground_Daily,MM_324_O (09-00-00),MM_324_O_shape,MM_324_O,0
P_O_14_CA056,Ground_Daily,MM_324_O (11-00-00),MM_324_O_shape,MM_324_O,0
P_O_14_CA056,Ground_Daily,MM_324_O (13-00-00),MM_324_O_shape,MM_324_O,0
P_O_14_CA056,Ground_Daily,MM_324_O (15-00-00),MM_324_O_shape,MM_324_O,0
P_O_14_CA056,Ground_Daily,MM_324_O (17-00-00),MM_324_O_shape,MM_324_O,0
P_O_14_CA056,Ground_Daily,MM_324_O (19-00-00),MM_324_O_shape,MM_324_O,0
P_O_14_CA056,Ground_Daily,MM_324_O (21-00-00),MM_324_O_shape,MM_324_O,0
P_O_14_CA056,Ground_Daily,MM_324_R (06-30-00),MM_324_R_shape,MM_324_R,1
P_O_14_CA056,Ground_Daily,MM_324_R (08-00-00),MM_324_R_shape,MM_324_R,1
P_O_14_CA056,Ground_Daily,MM_324_R (09-00-00),MM_324_R_shape,MM_324_R,1
P_O_14_CA056,Ground_Daily,MM_324_R (11-00-00),MM_324_R_shape,MM_324_R,1
P_O_14_CA056,Ground_Daily,MM_324_R (13-00-00),MM_324_R_shape,MM_324_R,1
P_O_14_CA056,Ground_Daily,MM_324_R (15-00-00),MM_324_R_shape,MM_324_R,1
P_O_14_CA056,Ground_Daily,MM_324_R (17-00-00),MM_324_R_shape,MM_324_R,1
P_O_14_CA056,Ground_Daily,MM_324_R (19-00-00),MM_324_R_shape,MM_324_R,1
P_O_14_CA056,Ground_Daily,MM_324_R (21-00-00),MM_324_R_shape,MM_324_R,1
P_O_14_CA056,Ground_Daily,MM_381_O (06-30-00),MM_381_O_shape,MM_381_O,0
P_O_14_CA056,Ground_Daily,MM_381_O (08-00-00),MM_381_O_shape,MM_381_O,0
P_O_14_CA056,Ground_Daily,MM_381_O (09-00-00),MM_381_O_shape,MM_381_O,0
P_O_14_CA056,Ground_Daily,MM_381_O (11-00-00),MM_381_O_shape,MM_381_O,0
P_O_14_CA056,Ground_Daily,MM_381_O (13-00-00),MM_381_O_shape,MM_381_O,0
P_O_14_CA056,Ground_Daily,MM_381_O (15-00-00),MM_381_O_shape,MM_381_O,0
P_O_14_CA056,Ground_Daily,MM_381_O (17-00-00),MM_381_O_shape,MM_381_O,0
P_O_14_CA056,Ground_Daily,MM_381_O (19-00-00),MM_381_O_shape,MM_381_O,0
P_O_14_CA056,Ground_Daily,MM_381_O (21-00-00),MM_381_O_shape,MM_381_O,0
P_O_14_CA056,Ground_Daily,MM_381_R (06-30-00),MM_381_R_shape,MM_381_R,1
P_O_14_CA056,Ground_Daily,MM_381_R (08-00-00),MM_381_R_shape,MM_381_R,1
P_O_14_CA056,Ground_Daily,MM_381_R (09-00-00),MM_381_R_shape,MM_381_R,1
P_O_14_CA056,Ground_Daily,MM_381_R (11-00-00),MM_381_R_shape,MM_381_R,1
P_O_14_CA056,Ground_Daily,MM_381_R (13-00-00),MM_381_R_shape,MM_381_R,1
P_O_14_CA056,Ground_Daily,MM_381_R (15-00-00),MM_381_R_shape,MM_381_R,1
P_O_14_CA056,Ground_Daily,MM_381_R (17-00-00),MM_381_R_shape,MM_381_R,1
P_O_14_CA056,Ground_Daily,MM_381_R (19-00-00),MM_381_R_shape,MM_381_R,1
P_O_14_CA056,Ground_Daily,MM_381_R (21-00-00),MM_381_R_shape,MM_381_R,1
P_O_14_CA056,Ground_Daily,MM_M7_O (06-30-00),MM_M7_O_shape,MM_M7_O,0
P_O_14_CA056,Ground_Daily,MM_M7_O (08-00-00),MM_M7_O_shape,MM_M7_O,0
P_O_14_CA056,Ground_Daily,MM_M7_O (09-00-00),MM_M7_O_shape,MM_M7_O,0
P_O_14_CA056,Ground_Daily,MM_M7_O (11-00-00),MM_M7_O_shape,MM_M7_O,0
P_O_14_CA056,Ground_Daily,MM_M7_O (13-00-00),MM_M7_O_shape,MM_M7_O,0
P_O_14_CA056,Ground_Daily,MM_M7_O (15-00-00),MM_M7_O_shape,MM_M7_O,0
P_O_14_CA056,Ground_Daily,MM_M7_O (17-00-00),MM_M7_O_shape,MM_M7_O,0
P_O_14_CA056,Ground_Daily,MM_M7_O (19-00-00),MM_M7_O_shape,MM_M7_O,0
P_O_14_CA056,Ground_Daily,MM_M7_O (21-00-00),MM_M7_O_shape,MM_M7_O,0
P_O_14_CA056,Ground_Daily,MM_M7_R (06-30-00),MM_M7_R_shape,MM_M7_R,1
P_O_14_CA056,Ground_Daily,MM_M7_R (08-00-00),MM_M7_R_shape,MM_M7_R,1
P_O_14_CA056,Ground_Daily,MM_M7_R (09-00-00),MM_M7_R_shape,MM_M7_R,1
P_O_14_CA056,Ground_Daily,MM_M7_R (11-00-00),MM_M7_R_shape,MM_M7_R,1
P_O_14_CA056,Ground_Daily,MM_M7_R (13-00-00),MM_M7_R_shape,MM_M7_R,1
P_O_14_CA056,Ground_Daily,MM_M7_R (15-00-00),MM_M7_R_shape,MM_M7_R,1
P_O_14_CA056,Ground_Daily,MM_M7_R (17-00-00),MM_M7_R_shape,MM_M7_R,1
P_O_14_CA056,Ground_Daily,MM_M7_R (19-00-00),MM_M7_R_shape,MM_M7_R,1
P_O_14_CA056,Ground_Daily,MM_M7_R (21-00-00),MM_M7_R_shape,MM_M7_R,1
P_O_14_CA056,Ground_Daily,MM_M9_O (06-30-00),MM_M9_O_shape,MM_M9_O,0
P_O_14_CA056,Ground_Daily,MM_M9_O (08-00-00),MM_M9_O_shape,MM_M9_O,0
P_O_14_CA056,Ground_Daily,MM_M9_O (09-00-00),MM_M9_O_shape,MM_M9_O,0
P_O_14_CA056,Ground_Daily,MM_M9_O (11-00-00),MM_M9_O_shape,MM_M9_O,0
P_O_14_CA056,Ground_Daily,MM_M9_O (13-00-00),MM_M9_O_shape,MM_M9_O,0
P_O_14_CA056,Ground_Daily,MM_M9_O (15-00-00),MM_M9_O_shape,MM_M9_O,0
P_O_14_CA056,Ground_Daily,MM_M9_O (17-00-00),MM_M9_O_shape,MM_M9_O,0
P_O_14_CA056,Ground_Daily,MM_M9_O (19-00-00),MM_M9_O_shape,MM_M9_O,0
P_O_14_CA056,Ground_Daily,MM_M9_O (21-00-00),MM_M9_O_shape,MM_M9_O,0
P_O_14_CA056,Ground_Daily,MM_M9_R (06-30-00),MM_M9_R_shape,MM_M9_R,1
P_O_14_CA056,Ground_Daily,MM_M9_R (08-00-00),MM_M9_R_shape,MM_M9_R,1
P_O_14_CA056,Ground_Daily,MM_M9_R (09-00-00),MM_M9_R_shape,MM_M9_R,1
P_O_14_CA056,Ground_Daily,MM_M9_R (11-00-00),MM_M9_R_shape,MM_M9_R,1
P_O_14_CA056,Ground_Daily,MM_M9_R (13-00-00),MM_M9_R_shape,MM_M9_R,1
P_O_14_CA056,Ground_Daily,MM_M9_R (15-00-00),MM_M9_R_shape,MM_M9_R,1
P_O_14_CA056,Ground_Daily,MM_M9_R (17-00-00),MM_M9_R_shape,MM_M9_R,1
P_O_14_CA056,Ground_Daily,MM_M9_R (19-00-00),MM_M9_R_shape,MM_M9_R,1
P_O_14_CA056,Ground_Daily,MM_M9_R (21-00-00),MM_M9_R_shape,MM_M9_R,1
P_B_8_CA098,Ground_Daily,P_B_8_CA021_O (06-30-00),P_B_8_CA021_O_shape,P_B_8_CA021_O,0
P_B_8_CA098,Ground_Daily,P_B_8_CA021_O (08-00-00),P_B_8_CA021_O_shape,P_B_8_CA021_O,0
P_B_8_CA098,Ground_Daily,P_B_8_CA021_O (09-00-00),P_B_8_CA021_O_shape,P_B_8_CA021_O,0
P_B_8_CA098,Ground_Daily,P_B_8_CA021_O (11-00-00),P_B_8_CA021_O_shape,P_B_8_CA021_O,0
P_B_8_CA098,Ground_Daily,P_B_8_CA021_O (13-00-00),P_B_8_CA021_O_shape,P_B_8_CA021_O,0
P_B_8_CA098,Ground_Daily,P_B_8_CA021_O (15-00-00),P_B_8_CA021_O_shape,P_B_8_CA021_O,0
P_B_8_CA098,Ground_Daily,P_B_8_CA021_O (17-00-00),P_B_8_CA021_O_shape,P_B_8_CA021_O,0
P_B_8_CA098,Ground_Daily,P_B_8_CA021_O (19-00-00),P_B_8_CA021_O_shape,P_B_8_CA021_O,0
P_B_8_CA098,Ground_Daily,P_B_8_CA021_O (21-00-00),P_B_8_CA021_O_shape,P_B_8_CA021_O,0
P_B_8_CA098,Ground_Daily,P_B_8_CA021_R (06-30-00),P_B_8_CA021_R_shape,P_B_8_CA021_R,1
P_B_8_CA098,Ground_Daily,P_B_8_CA021_R (08-00-00),P_B_8_CA021_R_shape,P_B_8_CA021_R,1
P_B_8_CA098,Ground_Daily,P_B_8_CA021_R (09-00-00),P_B_8_CA021_R_shape,P_B_8_CA021_R,1
P_B_8_CA098,Ground_Daily,P_B_8_CA021_R (11-00-00),P_B_8_CA021_R_shape,P_B_8_CA021_R,1
P_B_8_CA098,Ground_Daily,P_B_8_CA021_R (13-00-00),P_B_8_CA021_R_shape,P_B_8_CA021_R,1
P_B_8_CA098,Ground_Daily,P_B_8_CA021_R (15-00-00),P_B_8_CA021_R_shape,P_B_8_CA021_R,1
P_B_8_CA098,Ground_Daily,P_B_8_CA021_R (17-00-00),P_B_8_CA021_R_shape,P_B_8_CA021_R,1
P_B_8_CA098,Ground_Daily,P_B_8_CA021_R (19-00-00),P_B_8_CA021_R_shape,P_B_8_CA021_R,1
P_B_8_CA098,Ground_Daily,P_B_8_CA021_R (21-00-00),P_B_8_CA021_R_shape,P_B_8_CA021_R,1
P_B_8_CA098,Ground_Daily,P_B_8_CA034_O (06-30-00),P_B_8_CA034_O_shape,P_B_8_CA034_O,0
P_B_8_CA098,Ground_Daily,P_B_8_CA034_O (08-00-00),P_B_8_CA034_O_shape,P_B_8_CA034_O,0
P_B_8_CA098,Ground_Daily,P_B_8_CA034_O (09-00-00),P_B_8_CA034_O_shape,P_B_8_CA034_O,0
P_B_8_CA098,Ground_Daily,P_B_8_CA034_O (11-00-00),P_B_8_CA034_O_shape,P_B_8_CA034_O,0
P_B_8_CA098,Ground_Daily,P_B_8_CA034_O (13-00-00),P_B_8_CA034_O_shape,P_B_8_CA034_O,0
P_B_8_CA098,Ground_Daily,P_B_8_CA034_O (15-00-00),P_B_8_CA034_O_shape,P_B_8_CA034_O,0
P_B_8_CA098,Ground_Daily,P_B_8_CA034_O (17-00-00),P_B_8_CA034_O_shape,P_B_8_CA034_O,0
P_B_8_CA098,Ground_Daily,P_B_8_CA034_O (19-00-00),P_B_8_CA034_O_shape,P_B_8_CA034_O,0
P_B_8_CA098,Ground_Daily,P_B_8_CA034_O (21-00-00),P_B_8_CA034_O_shape,P_B_8_CA034_O,0
P_B_8_CA098,Ground_Daily,P_B_8_CA034_R (06-30-00),P_B_8_CA034_R_shape,P_B_8_CA034_R,1
P_B_8_CA098,Ground_Daily,P_B_8_CA034_R (08-00-00),P_B_8_CA034_R_shape,P_B_8_CA034_R,1
P_B_8_CA098,Ground_Daily,P_B_8_CA034_R (09-00-00),P_B_8_CA034_R_shape,P_B_8_CA034_R,1
P_B_8_CA098,Ground_Daily,P_B_8_CA034_R (11-00-00),P_B_8_CA034_R_shape,P_B_8_CA034_R,1
P_B_8_CA098,Ground_Daily,P_B_8_CA034_R (13-00-00),P_B_8_CA034_R_shape,P_B_8_CA034_R,1
P_B_8_CA098,Ground_Daily,P_B_8_CA034_R (15-00-00),P_B_8_CA034_R_shape,P_B_8_CA034_R,1
P_B_8_CA098,Ground_Daily,P_B_8_CA034_R (17-00-00),P_B_8_CA034_R_shape,P_B_8_CA034_R,1
P_B_8_CA098,Ground_Daily,P_B_8_CA034_R (19-00-00),P_B_8_CA034_R_shape,P_B_8_CA034_R,1
P_B_8_CA098,Ground_Daily,P_B_8_CA034_R (21-00-00),P_B_8_CA034_R_shape,P_B_8_CA034_R,1
P_B_8_CA098,Ground_Daily,P_B_8_CA046_O (06-30-00),P_B_8_CA046_O_shape,P_B_8_CA046_O,0
P_B_8_CA098,Ground_Daily,P_B_8_CA046_O (08-00-00),P_B_8_CA046_O_shape,P_B_8_CA046_O,0
P_B_8_CA098,Ground_Daily,P_B_8_CA046_O (09-00-00),P_B_8_CA046_O_shape,P_B_8_CA046_O,0
P_B_8_CA098,Ground_Daily,P_B_8_CA046_O (11-00-00),P_B_8_CA046_O_shape,P_B_8_CA046_O,0
P_B_8_CA098,Ground_Daily,P_B_8_CA046_O (13-00-00),P_B_8_CA046_O_shape,P_B_8_CA046_O,0
P_B_8_CA098,Ground_Daily,P_B_8_CA046_O (15-00-00),P_B_8_CA046_O_shape,P_B_8_CA046_O,0
P_B_8_CA098,Ground_Daily,P_B_8_CA046_O (17-00-00),P_B_8_CA046_O_shape,P_B_8_CA046_O,0
P_B_8_CA098,Ground_Daily,P_B_8_CA046_O (19-00-00),P_B_8_CA046_O_shape,P_B_8_CA046_O,0
P_B_8_CA098,Ground_Daily,P_B_8_CA046_O (21-00-00),P_B_8_CA046_O_shape,P_B_8_CA046_O,0
P_B_8_CA098,Ground_Daily,P_B_8_CA094_O (06-30-00),P_B_8_CA094_O_shape,P_B_8_CA094_O,0
P_B_8_CA098,Ground_Daily,P_B_8_CA094_O (08-00-00),P_B_8_CA094_O_shape,P_B_8_CA094_O,0
P_B_8_CA098,Ground_Daily,P_B_8_CA094_O (09-00-00),P_B_8_CA094_O_shape,P_B_8_CA094_O,0
P_B_8_CA098,Ground_Daily,P_B_8_CA094_O (11-00-00),P_B_8_CA094_O_shape,P_B_8_CA094_O,0
P_B_8_CA098,Ground_Daily,P_B_8_CA094_O (13-00-00),P_B_8_CA094_O_shape,P_B_8_CA094_O,0
P_B_8_CA098,Ground_Daily,P_B_8_CA094_O (15-00-00),P_B_8_CA094_O_shape,P_B_8_CA094_O,0
P_B_8_CA098,Ground_Daily,P_B_8_CA094_O (17-00-00),P_B_8_CA094_O_shape,P_B_8_CA094_O,0
P_B_8_CA098,Ground_Daily,P_B_8_CA094_O (19-00-00),P_B_8_CA094_O_shape,P_B_8_CA094_O,0
P_B_8_CA098,Ground_Daily,P_B_8_CA094_O (21-00-00),P_B_8_CA094_O_shape,P_B_8_CA094_O,0
P_B_8_CA098,Ground_Daily,P_B_8_CA095_O (06-30-00),P_B_8_CA095_O_shape,P_B_8_CA095_O,0
P_B_8_CA098,Ground_Daily,P_B_8_CA095_O (08-00-00),P_B_8_CA095_O_shape,P_B_8_CA095_O,0
P_B_8_CA098,Ground_Daily,P_B_8_CA095_O (09-00-00),P_B_8_CA095_O_shape,P_B_8_CA095_O,0
P_B_8_CA098,Ground_Daily,P_B_8_CA095_O (11-00-00),P_B_8_CA095_O_shape,P_B_8_CA095_O,0
P_B_8_CA098,Ground_Daily,P_B_8_CA095_O (13-00-00),P_B_8_CA095_O_shape,P_B_8_CA095_O,0
P_B_8_CA098,Ground_Daily,P_B_8_CA095_O (15-00-00),P_B_8_CA095_O_shape,P_B_8_CA095_O,0
P_B_8_CA098,Ground_Daily,P_B_8_CA095_O (17-00-00),P_B_8_CA095_O_shape,P_B_8_CA095_O,0
P_B_8_CA098,Ground_Daily,P_B_8_CA095_O (19-00-00),P_B_8_CA095_O_shape,P_B_8_CA095_O,0
P_B_8_CA098,Ground_Daily,P_B_8_CA095_O (21-00-00),P_B_8_CA095_O_shape,P_B_8_CA095_O,0
P_B_8_CA098,Ground_Daily,P_B_8_CA095_R (06-30-00),P_B_8_CA095_R_shape,P_B_8_CA095_R,1
P_B_8_CA098,Ground_Daily,P_B_8_CA095_R (08-00-00),P_B_8_CA095_R_shape,P_B_8_CA095_R,1
P_B_8_CA098,Ground_Daily,P_B_8_CA095_R (09-00-00),P_B_8_CA095_R_shape,P_B_8_CA095_R,1
P_B_8_CA098,Ground_Daily,P_B_8_CA095_R (11-00-00),P_B_8_CA095_R_shape,P_B_8_CA095_R,1
P_B_8_CA098,Ground_Daily,P_B_8_CA095_R (13-00-00),P_B_8_CA095_R_shape,P_B_8_CA095_R,1
P_B_8_CA098,Ground_Daily,P_B_8_CA095_R (15-00-00),P_B_8_CA095_R_shape,P_B_8_CA095_R,1
P_B_8_CA098,Ground_Daily,P_B_8_CA095_R (17-00-00),P_B_8_CA095_R_shape,P_B_8_CA095_R,1
P_B_8_CA098,Ground_Daily,P_B_8_CA095_R (19-00-00),P_B_8_CA095_R_shape,P_B_8_CA095_R,1
P_B_8_CA098,Ground_Daily,P_B_8_CA095_R (21-00-00),P_B_8_CA095_R_shape,P_B_8_CA095_R,1
P_B_8_CA098,Ground_Daily,P_B_8_CA096_O (06-30-00),P_B_8_CA096_O_shape,P_B_8_CA096_O,0
P_B_8_CA098,Ground_Daily,P_B_8_CA096_O (08-00-00),P_B_8_CA096_O_shape,P_B_8_CA096_O,0
P_B_8_CA098,Ground_Daily,P_B_8_CA096_O (09-00-00),P_B_8_CA096_O_shape,P_B_8_CA096_O,0
P_B_8_CA098,Ground_Daily,P_B_8_CA096_O (11-00-00),P_B_8_CA096_O_shape,P_B_8_CA096_O,0
P_B_8_CA098,Ground_Daily,P_B_8_CA096_O (13-00-00),P_B_8_CA096_O_shape,P_B_8_CA096_O,0
P_B_8_CA098,Ground_Daily,P_B_8_CA096_O (15-00-00),P_B_8_CA096_O_shape,P_B_8_CA096_O,0
P_B_8_CA098,Ground_Daily,P_B_8_CA096_O (17-00-00),P_B_8_CA096_O_shape,P_B_8_CA096_O,0
P_B_8_CA098,Ground_Daily,P_B_8_CA096_O (19-00-00),P_B_8_CA096_O_shape,P_B_8_CA096_O,0
P_B_8_CA098,Ground_Daily,P_B_8_CA096_O (21-00-00),P_B_8_CA096_O_shape,P_B_8_CA096_O,0
P_B_8_CA098,Ground_Daily,P_B_8_CA097_O (06-30-00),P_B_8_CA097_O_shape,P_B_8_CA097_O,0
P_B_8_CA098,Ground_Daily,P_B_8_CA097_O (08-00-00),P_B_8_CA097_O_shape,P_B_8_CA097_O,0
P_B_8_CA098,Ground_Daily,P_B_8_CA097_O (09-00-00),P_B_8_CA097_O_shape,P_B_8_CA097_O,0
P_B_8_CA098,Ground_Daily,P_B_8_CA097_O (11-00-00),P_B_8_CA097_O_shape,P_B_8_CA097_O,0
P_B_8_CA098,Ground_Daily,P_B_8_CA097_O (13-00-00),P_B_8_CA097_O_shape,P_B_8_CA097_O,0
P_B_8_CA098,Ground_Daily,P_B_8_CA097_O (15-00-00),P_B_8_CA097_O_shape,P_B_8_CA097_O,0
P_B_8_CA098,Ground_Daily,P_B_8_CA097_O (17-00-00),P_B_8_CA097_O_shape,P_B_8_CA097_O,0
P_B_8_CA098,Ground_Daily,P_B_8_CA097_O (19-00-00),P_B_8_CA097_O_shape,P_B_8_CA097_O,0
P_B_8_CA098,Ground_Daily,P_B_8_CA097_O (21-00-00),P_B_8_CA097_O_shape,P_B_8_CA097_O,0
P_B_8_CA098,Ground_Daily,P_B_8_CA097_R (06-30-00),P_B_8_CA097_R_shape,P_B_8_CA097_R,1
P_B_8_CA098,Ground_Daily,P_B_8_CA097_R (08-00-00),P_B_8_CA097_R_shape,P_B_8_CA097_R,1
P_B_8_CA098,Ground_Daily,P_B_8_CA097_R (09-00-00),P_B_8_CA097_R_shape,P_B_8_CA097_R,1
P_B_8_CA098,Ground_Daily,P_B_8_CA097_R (11-00-00),P_B_8_CA097_R_shape,P_B_8_CA097_R,1
P_B_8_CA098,Ground_Daily,P_B_8_CA097_R (13-00-00),P_B_8_CA097_R_shape,P_B_8_CA097_R,1
P_B_8_CA098,Ground_Daily,P_B_8_CA097_R (15-00-00),P_B_8_CA097_R_shape,P_B_8_CA097_R,1
P_B_8_CA098,Ground_Daily,P_B_8_CA097_R (17-00-00),P_B_8_CA097_R_shape,P_B_8_CA097_R,1
P_B_8_CA098,Ground_Daily,P_B_8_CA097_R (19-00-00),P_B_8_CA097_R_shape,P_B_8_CA097_R,1
P_B_8_CA098,Ground_Daily,P_B_8_CA097_R (21-00-00),P_B_8_CA097_R_shape,P_B_8_CA097_R,1
P_B_8_CA098,Ground_Daily,P_B_8_CA098_O (06-30-00),P_B_8_CA098_O_shape,P_B_8_CA098_O,0
P_B_8_CA098,Ground_Daily,P_B_8_CA098_O (08-00-00),P_B_8_CA098_O_shape,P_B_8_CA098_O,0
P_B_8_CA098,Ground_Daily,P_B_8_CA098_O (09-00-00),P_B_8_CA098_O_shape,P_B_8_CA098_O,0
P_B_8_CA098,Ground_Daily,P_B_8_CA098_O (11-00-00),P_B_8_CA098_O_shape,P_B_8_CA098_O,0
P_B_8_CA098,Ground_Daily,P_B_8_CA098_O (13-00-00),P_B_8_CA098_O_shape,P_B_8_CA098_O,0
P_B_8_CA098,Ground_Daily,P_B_8_CA098_O (15-00-00),P_B_8_CA098_O_shape,P_B_8_CA098_O,0
P_B_8_CA098,Ground_Daily,P_B_8_CA098_O (17-00-00),P_B_8_CA098_O_shape,P_B_8_CA098_O,0
P_B_8_CA098,Ground_Daily,P_B_8_CA098_O (19-00-00),P_B_8_CA098_O_shape,P_B_8_CA098_O,0
P_B_8_CA098,Ground_Daily,P_B_8_CA098_O (21-00-00),P_B_8_CA098_O_shape,P_B_8_CA098_O,0
P_B_8_CA098,Ground_Daily,P_B_8_CA098_R (06-30-00),P_B_8_CA098_R_shape,P_B_8_CA098_R,1
P_B_8_CA098,Ground_Daily,P_B_8_CA098_R (08-00-00),P_B_8_CA098_R_shape,P_B_8_CA098_R,1
P_B_8_CA098,Ground_Daily,P_B_8_CA098_R (09-00-00),P_B_8_CA098_R_shape,P_B_8_CA098_R,1
P_B_8_CA098,Ground_Daily,P_B_8_CA098_R (11-00-00),P_B_8_CA098_R_shape,P_B_8_CA098_R,1
P_B_8_CA098,Ground_Daily,P_B_8_CA098_R (13-00-00),P_B_8_CA098_R_shape,P_B_8_CA098_R,1
P_B_8_CA098,Ground_Daily,P_B_8_CA098_R (15-00-00),P_B_8_CA098_R_shape,P_B_8_CA098_R,1
P_B_8_CA098,Ground_Daily,P_B_8_CA098_R (17-00-00),P_B_8_CA098_R_shape,P_B_8_CA098_R,1
P_B_8_CA098,Ground_Daily,P_B_8_CA098_R (19-00-00),P_B_8_CA098_R_shape,P_B_8_CA098_R,1
P_B_8_CA098,Ground_Daily,P_B_8_CA098_R (21-00-00),P_B_8_CA098_R_shape,P_B_8_CA098_R,1
P_B_8_CA098,Ground_Daily,P_B_8_CA099_O (06-30-00),P_B_8_CA099_O_shape,P_B_8_CA099_O,0
P_B_8_CA098,Ground_Daily,P_B_8_CA099_O (08-00-00),P_B_8_CA099_O_shape,P_B_8_CA099_O,0
P_B_8_CA098,Ground_Daily,P_B_8_CA099_O (09-00-00),P_B_8_CA099_O_shape,P_B_8_CA099_O,0
P_B_8_CA098,Ground_Daily,P_B_8_CA099_O (11-00-00),P_B_8_CA099_O_shape,P_B_8_CA099_O,0
P_B_8_CA098,Ground_Daily,P_B_8_CA099_O (13-00-00),P_B_8_CA099_O_shape,P_B_8_CA099_O,0
P_B_8_CA098,Ground_Daily,P_B_8_CA099_O (15-00-00),P_B_8_CA099_O_shape,P_B_8_CA099_O,0
P_B_8_CA098,Ground_Daily,P_B_8_CA099_O (17-00-00),P_B_8_CA099_O_shape,P_B_8_CA099_O,0
P_B_8_CA098,Ground_Daily,P_B_8_CA099_O (19-00-00),P_B_8_CA099_O_shape,P_B_8_CA099_O,0
P_B_8_CA098,Ground_Daily,P_B_8_CA099_O (21-00-00),P_B_8_CA099_O_shape,P_B_8_CA099_O,0
P_B_8_CA098,Ground_Daily,P_B_8_CA099_R (06-30-00),P_B_8_CA099_R_shape,P_B_8_CA099_R,1
P_B_8_CA098,Ground_Daily,P_B_8_CA099_R (08-00-00),P_B_8_CA099_R_shape,P_B_8_CA099_R,1
P_B_8_CA098,Ground_Daily,P_B_8_CA099_R (09-00-00),P_B_8_CA099_R_shape,P_B_8_CA099_R,1
P_B_8_CA098,Ground_Daily,P_B_8_CA099_R (11-00-00),P_B_8_CA099_R_shape,P_B_8_CA099_R,1
P_B_8_CA098,Ground_Daily,P_B_8_CA099_R (13-00-00),P_B_8_CA099_R_shape,P_B_8_CA099_R,1
P_B_8_CA098,Ground_Daily,P_B_8_CA099_R (15-00-00),P_B_8_CA099_R_shape,P_B_8_CA099_R,1
P_B_8_CA098,Ground_Daily,P_B_8_CA099_R (17-00-00),P_B_8_CA099_R_shape,P_B_8_CA099_R,1
P_B_8_CA098,Ground_Daily,P_B_8_CA099_R (19-00-00),P_B_8_CA099_R_shape,P_B_8_CA099_R,1
P_B_8_CA098,Ground_Daily,P_B_8_CA099_R (21-00-00),P_B_8_CA099_R_shape,P_B_8_CA099_R,1
P_B_8_CA098,Ground_Daily,P_B_8_CA106_O (06-30-00),P_B_8_CA106_O_shape,P_B_8_CA106_O,0
P_B_8_CA098,Ground_Daily,P_B_8_CA106_O (08-00-00),P_B_8_CA106_O_shape,P_B_8_CA106_O,0
P_B_8_CA098,Ground_Daily,P_B_8_CA106_O (09-00-00),P_B_8_CA106_O_shape,P_B_8_CA106_O,0
P_B_8_CA098,Ground_Daily,P_B_8_CA106_O (11-00-00),P_B_8_CA106_O_shape,P_B_8_CA106_O,0
P_B_8_CA098,Ground_Daily,P_B_8_CA106_O (13-00-00),P_B_8_CA106_O_shape,P_B_8_CA106_O,0
P_B_8_CA098,Ground_Daily,P_B_8_CA106_O (15-00-00),P_B_8_CA106_O_shape,P_B_8_CA106_O,0
P_B_8_CA098,Ground_Daily,P_B_8_CA106_O (17-00-00),P_B_8_CA106_O_shape,P_B_8_CA106_O,0
P_B_8_CA098,Ground_Daily,P_B_8_CA106_O (19-00-00),P_B_8_CA106_O_shape,P_B_8_CA106_O,0
P_B_8_CA098,Ground_Daily,P_B_8_CA106_O (21-00-00),P_B_8_CA106_O_shape,P_B_8_CA106_O,0
P_B_8_CA098,Ground_Daily,P_B_8_CA106_R (06-30-00),P_B_8_CA106_R_shape,P_B_8_CA106_R,1
P_B_8_CA098,Ground_Daily,P_B_8_CA106_R (08-00-00),P_B_8_CA106_R_shape,P_B_8_CA106_R,1
P_B_8_CA098,Ground_Daily,P_B_8_CA106_R (09-00-00),P_B_8_CA106_R_shape,P_B_8_CA106_R,1
P_B_8_CA098,Ground_Daily,P_B_8_CA106_R (11-00-00),P_B_8_CA106_R_shape,P_B_8_CA106_R,1
P_B_8_CA098,Ground_Daily,P_B_8_CA106_R (13-00-00),P_B_8_CA106_R_shape,P_B_8_CA106_R,1
P_B_8_CA098,Ground_Daily,P_B_8_CA106_R (15-00-00),P_B_8_CA106_R_shape,P_B_8_CA106_R,1
P_B_8_CA098,Ground_Daily,P_B_8_CA106_R (17-00-00),P_B_8_CA106_R_shape,P_B_8_CA106_R,1
P_B_8_CA098,Ground_Daily,P_B_8_CA106_R (19-00-00),P_B_8_CA106_R_shape,P_B_8_CA106_R,1
P_B_8_CA098,Ground_Daily,P_B_8_CA106_R (21-00-00),P_B_8_CA106_R_shape,P_B_8_CA106_R,1
P_B_8_CA098,Ground_Daily,P_B_8_CA107_O (06-30-00),P_B_8_CA107_O_shape,P_B_8_CA107_O,0
P_B_8_CA098,Ground_Daily,P_B_8_CA107_O (08-00-00),P_B_8_CA107_O_shape,P_B_8_CA107_O,0
P_B_8_CA098,Ground_Daily,P_B_8_CA107_O (09-00-00),P_B_8_CA107_O_shape,P_B_8_CA107_O,0
P_B_8_CA098,Ground_Daily,P_B_8_CA107_O (11-00-00),P_B_8_CA107_O_shape,P_B_8_CA107_O,0
P_B_8_CA098,Ground_Daily,P_B_8_CA107_O (13-00-00),P_B_8_CA107_O_shape,P_B_8_CA107_O,0
P_B_8_CA098,Ground_Daily,P_B_8_CA107_O (15-00-00),P_B_8_CA107_O_shape,P_B_8_CA107_O,0
P_B_8_CA098,Ground_Daily,P_B_8_CA107_O (17-00-00),P_B_8_CA107_O_shape,P_B_8_CA107_O,0
P_B_8_CA098,Ground_Daily,P_B_8_CA107_O (19-00-00),P_B_8_CA107_O_shape,P_B_8_CA107_O,0
P_B_8_CA098,Ground_Daily,P_B_8_CA107_O (21-00-00),P_B_8_CA107_O_shape,P_B_8_CA107_O,0
P_B_8_CA098,Ground_Daily,P_B_8_CA107_R (06-30-00),P_B_8_CA107_R_shape,P_B_8_CA107_R,1
P_B_8_CA098,Ground_Daily,P_B_8_CA107_R (08-00-00),P_B_8_CA107_R_shape,P_B_8_CA107_R,1
P_B_8_CA098,Ground_Daily,P_B_8_CA107_R (09-00-00),P_B_8_CA107_R_shape,P_B_8_CA107_R,1
P_B_8_CA098,Ground_Daily,P_B_8_CA107_R (11-00-00),P_B_8_CA107_R_shape,P_B_8_CA107_R,1
P_B_8_CA098,Ground_Daily,P_B_8_CA107_R (13-00-00),P_B_8_CA107_R_shape,P_B_8_CA107_R,1
P_B_8_CA098,Ground_Daily,P_B_8_CA107_R (15-00-00),P_B_8_CA107_R_shape,P_B_8_CA107_R,1
P_B_8_CA098,Ground_Daily,P_B_8_CA107_R (17-00-00),P_B_8_CA107_R_shape,P_B_8_CA107_R,1
P_B_8_CA098,Ground_Daily,P_B_8_CA107_R (19-00-00),P_B_8_CA107_R_shape,P_B_8_CA107_R,1
P_B_8_CA098,Ground_Daily,P_B_8_CA107_R (21-00-00),P_B_8_CA107_R_shape,P_B_8_CA107_R,1
P_B_8_CA098,Ground_Daily,P_B_8_CA148_O (06-30-00),P_B_8_CA148_O_shape,P_B_8_CA148_O,0
P_B_8_CA098,Ground_Daily,P_B_8_CA148_O (08-00-00),P_B_8_CA148_O_shape,P_B_8_CA148_O,0
P_B_8_CA098,Ground_Daily,P_B_8_CA148_O (09-00-00),P_B_8_CA148_O_shape,P_B_8_CA148_O,0
P_B_8_CA098,Ground_Daily,P_B_8_CA148_O (11-00-00),P_B_8_CA148_O_shape,P_B_8_CA148_O,0
P_B_8_CA098,Ground_Daily,P_B_8_CA148_O (13-00-00),P_B_8_CA148_O_shape,P_B_8_CA148_O,0
P_B_8_CA098,Ground_Daily,P_B_8_CA148_O (15-00-00),P_B_8_CA148_O_shape,P_B_8_CA148_O,0
P_B_8_CA098,Ground_Daily,P_B_8_CA148_O (17-00-00),P_B_8_CA148_O_shape,P_B_8_CA148_O,0
P_B_8_CA098,Ground_Daily,P_B_8_CA148_O (19-00-00),P_B_8_CA148_O_shape,P_B_8_CA148_O,0
P_B_8_CA098,Ground_Daily,P_B_8_CA148_O (21-00-00),P_B_8_CA148_O_shape,P_B_8_CA148_O,0
P_B_8_CA098,Ground_Daily,P_B_8_CA149_O (06-30-00),P_B_8_CA149_O_shape,P_B_8_CA149_O,0
P_B_8_CA098,Ground_Daily,P_B_8_CA149_O (08-00-00),P_B_8_CA149_O_shape,P_B_8_CA149_O,0
P_B_8_CA098,Ground_Daily,P_B_8_CA149_O (09-00-00),P_B_8_CA149_O_shape,P_B_8_CA149_O,0
P_B_8_CA098,Ground_Daily,P_B_8_CA149_O (11-00-00),P_B_8_CA149_O_shape,P_B_8_CA149_O,0
P_B_8_CA098,Ground_Daily,P_B_8_CA149_O (13-00-00),P_B_8_CA149_O_shape,P_B_8_CA149_O,0
P_B_8_CA098,Ground_Daily,P_B_8_CA149_O (15-00-00),P_B_8_CA149_O_shape,P_B_8_CA149_O,0
P_B_8_CA098,Ground_Daily,P_B_8_CA149_O (17-00-00),P_B_8_CA149_O_shape,P_B_8_CA149_O,0
P_B_8_CA098,Ground_Daily,P_B_8_CA149_O (19-00-00),P_B_8_CA149_O_shape,P_B_8_CA149_O,0
P_B_8_CA098,Ground_Daily,P_B_8_CA149_O (21-00-00),P_B_8_CA149_O_shape,P_B_8_CA149_O,0
P_B_8_CA098,Ground_Daily,P_B_8_CA149_R (06-30-00),P_B_8_CA149_R_shape,P_B_8_CA149_R,1
P_B_8_CA098,Ground_Daily,P_B_8_CA149_R (08-00-00),P_B_8_CA149_R_shape,P_B_8_CA149_R,1
P_B_8_CA098,Ground_Daily,P_B_8_CA149_R (09-00-00),P_B_8_CA149_R_shape,P_B_8_CA149_R,1
P_B_8_CA098,Ground_Daily,P_B_8_CA149_R (11-00-00),P_B_8_CA149_R_shape,P_B_8_CA149_R,1
P_B_8_CA098,Ground_Daily,P_B_8_CA149_R (13-00-00),P_B_8_CA149_R_shape,P_B_8_CA149_R,1
P_B_8_CA098,Ground_Daily,P_B_8_CA149_R (15-00-00),P_B_8_CA149_R_shape,P_B_8_CA149_R,1
P_B_8_CA098,Ground_Daily,P_B_8_CA149_R (17-00-00),P_B_8_CA149_R_shape,P_B_8_CA149_R,1
P_B_8_CA098,Ground_Daily,P_B_8_CA149_R (19-00-00),P_B_8_CA149_R_shape,P_B_8_CA149_R,1
P_B_8_CA098,Ground_Daily,P_B_8_CA149_R (21-00-00),P_B_8_CA149_R_shape,P_B_8_CA149_R,1
P_B_8_GZ047,Ground_Daily,P_B_8_GZ003_O (06-30-00),P_B_8_GZ003_O_shape,P_B_8_GZ003_O,0
P_B_8_GZ047,Ground_Daily,P_B_8_GZ003_O (08-00-00),P_B_8_GZ003_O_shape,P_B_8_GZ003_O,0
P_B_8_GZ047,Ground_Daily,P_B_8_GZ003_O (09-00-00),P_B_8_GZ003_O_shape,P_B_8_GZ003_O,0
P_B_8_GZ047,Ground_Daily,P_B_8_GZ003_O (11-00-00),P_B_8_GZ003_O_shape,P_B_8_GZ003_O,0
P_B_8_GZ047,Ground_Daily,P_B_8_GZ003_O (13-00-00),P_B_8_GZ003_O_shape,P_B_8_GZ003_O,0
P_B_8_GZ047,Ground_Daily,P_B_8_GZ003_O (15-00-00),P_B_8_GZ003_O_shape,P_B_8_GZ003_O,0
P_B_8_GZ047,Ground_Daily,P_B_8_GZ003_O (17-00-00),P_B_8_GZ003_O_shape,P_B_8_GZ003_O,0
P_B_8_GZ047,Ground_Daily,P_B_8_GZ003_O (19-00-00),P_B_8_GZ003_O_shape,P_B_8_GZ003_O,0
P_B_8_GZ047,Ground_Daily,P_B_8_GZ003_O (21-00-00),P_B_8_GZ003_O_shape,P_B_8_GZ003_O,0
P_B_8_GZ047,Ground_Daily,P_B_8_GZ003_R (06-30-00),P_B_8_GZ003_R_shape,P_B_8_GZ003_R,1
P_B_8_GZ047,Ground_Daily,P_B_8_GZ003_R (08-00-00),P_B_8_GZ003_R_shape,P_B_8_GZ003_R,1
P_B_8_GZ047,Ground_Daily,P_B_8_GZ003_R (09-00-00),P_B_8_GZ003_R_shape,P_B_8_GZ003_R,1
P_B_8_GZ047,Ground_Daily,P_B_8_GZ003_R (11-00-00),P_B_8_GZ003_R_shape,P_B_8_GZ003_R,1
P_B_8_GZ047,Ground_Daily,P_B_8_GZ003_R (13-00-00),P_B_8_GZ003_R_shape,P_B_8_GZ003_R,1
P_B_8_GZ047,Ground_Daily,P_B_8_GZ003_R (15-00-00),P_B_8_GZ003_R_shape,P_B_8_GZ003_R,1
P_B_8_GZ047,Ground_Daily,P_B_8_GZ003_R (17-00-00),P_B_8_GZ003_R_shape,P_B_8_GZ003_R,1
P_B_8_GZ047,Ground_Daily,P_B_8_GZ003_R (19-00-00),P_B_8_GZ003_R_shape,P_B_8_GZ003_R,1
P_B_8_GZ047,Ground_Daily,P_B_8_GZ003_R (21-00-00),P_B_8_GZ003_R_shape,P_B_8_GZ003_R,1
P_B_8_GZ047,Ground_Daily,P_B_8_GZ014_R (06-30-00),P_B_8_GZ014_R_shape,P_B_8_GZ014_R,1
P_B_8_GZ047,Ground_Daily,P_B_8_GZ014_R (08-00-00),P_B_8_GZ014_R_shape,P_B_8_GZ014_R,1
P_B_8_GZ047,Ground_Daily,P_B_8_GZ014_R (09-00-00),P_B_8_GZ014_R_shape,P_B_8_GZ014_R,1
P_B_8_GZ047,Ground_Daily,P_B_8_GZ014_R (11-00-00),P_B_8_GZ014_R_shape,P_B_8_GZ014_R,1
P_B_8_GZ047,Ground_Daily,P_B_8_GZ014_R (13-00-00),P_B_8_GZ014_R_shape,P_B_8_GZ014_R,1
P_B_8_GZ047,Ground_Daily,P_B_8_GZ014_R (15-00-00),P_B_8_GZ014_R_shape,P_B_8_GZ014_R,1
P_B_8_GZ047,Ground_Daily,P_B_8_GZ014_R (17-00-00),P_B_8_GZ014_R_shape,P_B_8_GZ014_R,1
P_B_8_GZ047,Ground_Daily,P_B_8_GZ014_R (19-00-00),P_B_8_GZ014_R_shape,P_B_8_GZ014_R,1
P_B_8_GZ047,Ground_Daily,P_B_8_GZ014_R (21-00-00),P_B_8_GZ014_R_shape,P_B_8_GZ014_R,1
P_B_8_GZ047,Ground_Daily,P_B_8_GZ015_O (06-30-00),P_B_8_GZ015_O_shape,P_B_8_GZ015_O,0
P_B_8_GZ047,Ground_Daily,P_B_8_GZ015_O (08-00-00),P_B_8_GZ015_O_shape,P_B_8_GZ015_O,0
P_B_8_GZ047,Ground_Daily,P_B_8_GZ015_O (09-00-00),P_B_8_GZ015_O_shape,P_B_8_GZ015_O,0
P_B_8_GZ047,Ground_Daily,P_B_8_GZ015_O (11-00-00),P_B_8_GZ015_O_shape,P_B_8_GZ015_O,0
P_B_8_GZ047,Ground_Daily,P_B_8_GZ015_O (13-00-00),P_B_8_GZ015_O_shape,P_B_8_GZ015_O,0
P_B_8_GZ047,Ground_Daily,P_B_8_GZ015_O (15-00-00),P_B_8_GZ015_O_shape,P_B_8_GZ015_O,0
P_B_8_GZ047,Ground_Daily,P_B_8_GZ015_O (17-00-00),P_B_8_GZ015_O_shape,P_B_8_GZ015_O,0
P_B_8_GZ047,Ground_Daily,P_B_8_GZ015_O (19-00-00),P_B_8_GZ015_O_shape,P_B_8_GZ015_O,0
P_B_8_GZ047,Ground_Daily,P_B_8_GZ015_O (21-00-00),P_B_8_GZ015_O_shape,P_B_8_GZ015_O,0
P_B_8_GZ047,Ground_Daily,P_B_8_GZ015_R (06-30-00),P_B_8_GZ015_R_shape,P_B_8_GZ015_R,1
P_B_8_GZ047,Ground_Daily,P_B_8_GZ015_R (08-00-00),P_B_8_GZ015_R_shape,P_B_8_GZ015_R,1
P_B_8_GZ047,Ground_Daily,P_B_8_GZ015_R (09-00-00),P_B_8_GZ015_R_shape,P_B_8_GZ015_R,1
P_B_8_GZ047,Ground_Daily,P_B_8_GZ015_R (11-00-00),P_B_8_GZ015_R_shape,P_B_8_GZ015_R,1
P_B_8_GZ047,Ground_Daily,P_B_8_GZ015_R (13-00-00),P_B_8_GZ015_R_shape,P_B_8_GZ015_R,1
P_B_8_GZ047,Ground_Daily,P_B_8_GZ015_R (15-00-00),P_B_8_GZ015_R_shape,P_B_8_GZ015_R,1
P_B_8_GZ047,Ground_Daily,P_B_8_GZ015_R (17-00-00),P_B_8_GZ015_R_shape,P_B_8_GZ015_R,1
P_B_8_GZ047,Ground_Daily,P_B_8_GZ015_R (19-00-00),P_B_8_GZ015_R_shape,P_B_8_GZ015_R,1
P_B_8_GZ047,Ground_Daily,P_B_8_GZ015_R (21-00-00),P_B_8_GZ015_R_shape,P_B_8_GZ015_R,1
P_B_8_GZ047,Ground_Daily,P_B_8_GZ047_O (06-30-00),P_B_8_GZ047_O_shape,P_B_8_GZ047_O,0
P_B_8_GZ047,Ground_Daily,P_B_8_GZ047_O (08-00-00),P_B_8_GZ047_O_shape,P_B_8_GZ047_O,0
P_B_8_GZ047,Ground_Daily,P_B_8_GZ047_O (09-00-00),P_B_8_GZ047_O_shape,P_B_8_GZ047_O,0
P_B_8_GZ047,Ground_Daily,P_B_8_GZ047_O (11-00-00),P_B_8_GZ047_O_shape,P_B_8_GZ047_O,0
P_B_8_GZ047,Ground_Daily,P_B_8_GZ047_O (13-00-00),P_B_8_GZ047_O_shape,P_B_8_GZ047_O,0
P_B_8_GZ047,Ground_Daily,P_B_8_GZ047_O (15-00-00),P_B_8_GZ047_O_shape,P_B_8_GZ047_O,0
P_B_8_GZ047,Ground_Daily,P_B_8_GZ047_O (17-00-00),P_B_8_GZ047_O_shape,P_B_8_GZ047_O,0
P_B_8_GZ047,Ground_Daily,P_B_8_GZ047_O (19-00-00),P_B_8_GZ047_O_shape,P_B_8_GZ047_O,0
P_B_8_GZ047,Ground_Daily,P_B_8_GZ047_O (21-00-00),P_B_8_GZ047_O_shape,P_B_8_GZ047_O,0
P_B_8_GZ047,Ground_Daily,P_B_8_GZ060_R (06-30-00),P_B_8_GZ060_R_shape,P_B_8_GZ060_R,1
P_B_8_GZ047,Ground_Daily,P_B_8_GZ060_R (08-00-00),P_B_8_GZ060_R_shape,P_B_8_GZ060_R,1
P_B_8_GZ047,Ground_Daily,P_B_8_GZ060_R (09-00-00),P_B_8_GZ060_R_shape,P_B_8_GZ060_R,1
P_B_8_GZ047,Ground_Daily,P_B_8_GZ060_R (11-00-00),P_B_8_GZ060_R_shape,P_B_8_GZ060_R,1
P_B_8_GZ047,Ground_Daily,P_B_8_GZ060_R (13-00-00),P_B_8_GZ060_R_shape,P_B_8_GZ060_R,1
P_B_8_GZ047,Ground_Daily,P_B_8_GZ060_R (15-00-00),P_B_8_GZ060_R_shape,P_B_8_GZ060_R,1
P_B_8_GZ047,Ground_Daily,P_B_8_GZ060_R (17-00-00),P_B_8_GZ060_R_shape,P_B_8_GZ060_R,1
P_B_8_GZ047,Ground_Daily,P_B_8_GZ060_R (19-00-00),P_B_8_GZ060_R_shape,P_B_8_GZ060_R,1
P_B_8_GZ047,Ground_Daily,P_B_8_GZ060_R (21-00-00),P_B_8_GZ060_R_shape,P_B_8_GZ060_R,1
P_B_8_IG044,Ground_Daily,P_B_8_IG044_O (06-30-00),P_B_8_IG044_O_shape,P_B_8_IG044_O,0
P_B_8_IG044,Ground_Daily,P_B_8_IG044_O (08-00-00),P_B_8_IG044_O_shape,P_B_8_IG044_O,0
P_B_8_IG044,Ground_Daily,P_B_8_IG044_O (09-00-00),P_B_8_IG044_O_shape,P_B_8_IG044_O,0
P_B_8_IG044,Ground_Daily,P_B_8_IG044_O (11-00-00),P_B_8_IG044_O_shape,P_B_8_IG044_O,0
P_B_8_IG044,Ground_Daily,P_B_8_IG044_O (13-00-00),P_B_8_IG044_O_shape,P_B_8_IG044_O,0
P_B_8_IG044,Ground_Daily,P_B_8_IG044_O (15-00-00),P_B_8_IG044_O_shape,P_B_8_IG044_O,0
P_B_8_IG044,Ground_Daily,P_B_8_IG044_O (17-00-00),P_B_8_IG044_O_shape,P_B_8_IG044_O,0
P_B_8_IG044,Ground_Daily,P_B_8_IG044_O (19-00-00),P_B_8_IG044_O_shape,P_B_8_IG044_O,0
P_B_8_IG044,Ground_Daily,P_B_8_IG044_O (21-00-00),P_B_8_IG044_O_shape,P_B_8_IG044_O,0
P_B_8_IG044,Ground_Daily,P_B_8_IG044_R (06-30-00),P_B_8_IG044_R_shape,P_B_8_IG044_R,1
P_B_8_IG044,Ground_Daily,P_B_8_IG044_R (08-00-00),P_B_8_IG044_R_shape,P_B_8_IG044_R,1
P_B_8_IG044,Ground_Daily,P_B_8_IG044_R (09-00-00),P_B_8_IG044_R_shape,P_B_8_IG044_R,1
P_B_8_IG044,Ground_Daily,P_B_8_IG044_R (11-00-00),P_B_8_IG044_R_shape,P_B_8_IG044_R,1
P_B_8_IG044,Ground_Daily,P_B_8_IG044_R (13-00-00),P_B_8_IG044_R_shape,P_B_8_IG044_R,1
P_B_8_IG044,Ground_Daily,P_B_8_IG044_R (15-00-00),P_B_8_IG044_R_shape,P_B_8_IG044_R,1
P_B_8_IG044,Ground_Daily,P_B_8_IG044_R (17-00-00),P_B_8_IG044_R_shape,P_B_8_IG044_R,1
P_B_8_IG044,Ground_Daily,P_B_8_IG044_R (19-00-00),P_B_8_IG044_R_shape,P_B_8_IG044_R,1
P_B_8_IG044,Ground_Daily,P_B_8_IG044_R (21-00-00),P_B_8_IG044_R_shape,P_B_8_IG044_R,1
P_O_14_CA056,Ground_Daily,P_O_14_CA001_O (06-30-00),P_O_14_CA001_O_shape,P_O_14_CA001_O,0
P_O_14_CA056,Ground_Daily,P_O_14_CA001_O (08-00-00),P_O_14_CA001_O_shape,P_O_14_CA001_O,0
P_O_14_CA056,Ground_Daily,P_O_14_CA001_O (09-00-00),P_O_14_CA001_O_shape,P_O_14_CA001_O,0
P_O_14_CA056,Ground_Daily,P_O_14_CA001_O (11-00-00),P_O_14_CA001_O_shape,P_O_14_CA001_O,0
P_O_14_CA056,Ground_Daily,P_O_14_CA001_O (13-00-00),P_O_14_CA001_O_shape,P_O_14_CA001_O,0
P_O_14_CA056,Ground_Daily,P_O_14_CA001_O (15-00-00),P_O_14_CA001_O_shape,P_O_14_CA001_O,0
P_O_14_CA056,Ground_Daily,P_O_14_CA001_O (17-00-00),P_O_14_CA001_O_shape,P_O_14_CA001_O,0
P_O_14_CA056,Ground_Daily,P_O_14_CA001_O (19-00-00),P_O_14_CA001_O_shape,P_O_14_CA001_O,0
P_O_14_CA056,Ground_Daily,P_O_14_CA001_O (21-00-00),P_O_14_CA001_O_shape,P_O_14_CA001_O,0
P_O_14_CA056,Ground_Daily,P_O_14_CA001_R (06-30-00),P_O_14_CA001_R_shape,P_O_14_CA001_R,0
P_O_14_CA056,Ground_Daily,P_O_14_CA001_R (08-00-00),P_O_14_CA001_R_shape,P_O_14_CA001_R,0
P_O_14_CA056,Ground_Daily,P_O_14_CA001_R (09-00-00),P_O_14_CA001_R_shape,P_O_14_CA001_R,0
P_O_14_CA056,Ground_Daily,P_O_14_CA001_R (11-00-00),P_O_14_CA001_R_shape,P_O_14_CA001_R,0
P_O_14_CA056,Ground_Daily,P_O_14_CA001_R (13-00-00),P_O_14_CA001_R_shape,P_O_14_CA001_R,0
P_O_14_CA056,Ground_Daily,P_O_14_CA001_R (15-00-00),P_O_14_CA001_R_shape,P_O_14_CA001_R,0
P_O_14_CA056,Ground_Daily,P_O_14_CA001_R (17-00-00),P_O_14_CA001_R_shape,P_O_14_CA001_R,0
P_O_14_CA056,Ground_Daily,P_O_14_CA001_R (19-00-00),P_O_14_CA001_R_shape,P_O_14_CA001_R,0
P_O_14_CA056,Ground_Daily,P_O_14_CA001_R (21-00-00),P_O_14_CA001_R_shape,P_O_14_CA001_R,0
P_O_14_CA056,Ground_Daily,P_O_14_CA002_O (06-30-00),P_O_14_CA002_O_shape,P_O_14_CA002_O,0
P_O_14_CA056,Ground_Daily,P_O_14_CA002_O (08-00-00),P_O_14_CA002_O_shape,P_O_14_CA002_O,0
P_O_14_CA056,Ground_Daily,P_O_14_CA002_O (09-00-00),P_O_14_CA002_O_shape,P_O_14_CA002_O,0
P_O_14_CA056,Ground_Daily,P_O_14_CA002_O (11-00-00),P_O_14_CA002_O_shape,P_O_14_CA002_O,0
P_O_14_CA056,Ground_Daily,P_O_14_CA002_O (13-00-00),P_O_14_CA002_O_shape,P_O_14_CA002_O,0
P_O_14_CA056,Ground_Daily,P_O_14_CA002_O (15-00-00),P_O_14_CA002_O_shape,P_O_14_CA002_O,0
P_O_14_CA056,Ground_Daily,P_O_14_CA002_O (17-00-00),P_O_14_CA002_O_shape,P_O_14_CA002_O,0
P_O_14_CA056,Ground_Daily,P_O_14_CA002_O (19-00-00),P_O_14_CA002_O_shape,P_O_14_CA002_O,0
P_O_14_CA056,Ground_Daily,P_O_14_CA002_O (21-00-00),P_O_14_CA002_O_shape,P_O_14_CA002_O,0
P_O_14_CA056,Ground_Daily,P_O_14_CA002_R (06-30-00),P_O_14_CA002_R_shape,P_O_14_CA002_R,0
P_O_14_CA056,Ground_Daily,P_O_14_CA002_R (08-00-00),P_O_14_CA002_R_shape,P_O_14_CA002_R,0
P_O_14_CA056,Ground_Daily,P_O_14_CA002_R (09-00-00),P_O_14_CA002_R_shape,P_O_14_CA002_R,0
P_O_14_CA056,Ground_Daily,P_O_14_CA002_R (11-00-00),P_O_14_CA002_R_shape,P_O_14_CA002_R,0
P_O_14_CA056,Ground_Daily,P_O_14_CA002_R (13-00-00),P_O_14_CA002_R_shape,P_O_14_CA002_R,0
P_O_14_CA056,Ground_Daily,P_O_14_CA002_R (15-00-00),P_O_14_CA002_R_shape,P_O_14_CA002_R,0
P_O_14_CA056,Ground_Daily,P_O_14_CA002_R (17-00-00),P_O_14_CA002_R_shape,P_O_14_CA002_R,0
P_O_14_CA056,Ground_Daily,P_O_14_CA002_R (19-00-00),P_O_14_CA002_R_shape,P_O_14_CA002_R,0
P_O_14_CA056,Ground_Daily,P_O_14_CA002_R (21-00-00),P_O_14_CA002_R_shape,P_O_14_CA002_R,0
P_O_14_CA056,Ground_Daily,P_O_14_CA003_O (06-30-00),P_O_14_CA003_O_shape,P_O_14_CA003_O,0
P_O_14_CA056,Ground_Daily,P_O_14_CA003_O (08-00-00),P_O_14_CA003_O_shape,P_O_14_CA003_O,0
P_O_14_CA056,Ground_Daily,P_O_14_CA003_O (09-00-00),P_O_14_CA003_O_shape,P_O_14_CA003_O,0
P_O_14_CA056,Ground_Daily,P_O_14_CA003_O (11-00-00),P_O_14_CA003_O_shape,P_O_14_CA003_O,0
P_O_14_CA056,Ground_Daily,P_O_14_CA003_O (13-00-00),P_O_14_CA003_O_shape,P_O_14_CA003_O,0
P_O_14_CA056,Ground_Daily,P_O_14_CA003_O (15-00-00),P_O_14_CA003_O_shape,P_O_14_CA003_O,0
P_O_14_CA056,Ground_Daily,P_O_14_CA003_O (17-00-00),P_O_14_CA003_O_shape,P_O_14_CA003_O,0
P_O_14_CA056,Ground_Daily,P_O_14_CA003_O (19-00-00),P_O_14_CA003_O_shape,P_O_14_CA003_O,0
P_O_14_CA056,Ground_Daily,P_O_14_CA003_O (21-00-00),P_O_14_CA003_O_shape,P_O_14_CA003_O,0
P_O_14_CA056,Ground_Daily,P_O_14_CA004_O (06-30-00),P_O_14_CA004_O_shape,P_O_14_CA004_O,0
P_O_14_CA056,Ground_Daily,P_O_14_CA004_O (08-00-00),P_O_14_CA004_O_shape,P_O_14_CA004_O,0
P_O_14_CA056,Ground_Daily,P_O_14_CA004_O (09-00-00),P_O_14_CA004_O_shape,P_O_14_CA004_O,0
P_O_14_CA056,Ground_Daily,P_O_14_CA004_O (11-00-00),P_O_14_CA004_O_shape,P_O_14_CA004_O,0
P_O_14_CA056,Ground_Daily,P_O_14_CA004_O (13-00-00),P_O_14_CA004_O_shape,P_O_14_CA004_O,0
P_O_14_CA056,Ground_Daily,P_O_14_CA004_O (15-00-00),P_O_14_CA004_O_shape,P_O_14_CA004_O,0
P_O_14_CA056,Ground_Daily,P_O_14_CA004_O (17-00-00),P_O_14_CA004_O_shape,P_O_14_CA004_O,0
P_O_14_CA056,Ground_Daily,P_O_14_CA004_O (19-00-00),P_O_14_CA004_O_shape,P_O_14_CA004_O,0
P_O_14_CA056,Ground_Daily,P_O_14_CA004_O (21-00-00),P_O_14_CA004_O_shape,P_O_14_CA004_O,0
P_O_14_CA056,Ground_Daily,P_O_14_CA005_O (06-30-00),P_O_14_CA005_O_shape,P_O_14_CA005_O,0
P_O_14_CA056,Ground_Daily,P_O_14_CA005_O (08-00-00),P_O_14_CA005_O_shape,P_O_14_CA005_O,0
P_O_14_CA056,Ground_Daily,P_O_14_CA005_O (09-00-00),P_O_14_CA005_O_shape,P_O_14_CA005_O,0
P_O_14_CA056,Ground_Daily,P_O_14_CA005_O (11-00-00),P_O_14_CA005_O_shape,P_O_14_CA005_O,0
P_O_14_CA056,Ground_Daily,P_O_14_CA005_O (13-00-00),P_O_14_CA005_O_shape,P_O_14_CA005_O,0
P_O_14_CA056,Ground_Daily,P_O_14_CA005_O (15-00-00),P_O_14_CA005_O_shape,P_O_14_CA005_O,0
P_O_14_CA056,Ground_Daily,P_O_14_CA005_O (17-00-00),P_O_14_CA005_O_shape,P_O_14_CA005_O,0
P_O_14_CA056,Ground_Daily,P_O_14_CA005_O (19-00-00),P_O_14_CA005_O_shape,P_O_14_CA005_O,0
P_O_14_CA056,Ground_Daily,P_O_14_CA005_O (21-00-00),P_O_14_CA005_O_shape,P_O_14_CA005_O,0
P_O_14_CA056,Ground_Daily,P_O_14_CA005_R (06-30-00),P_O_14_CA005_R_shape,P_O_14_CA005_R,0
P_O_14_CA056,Ground_Daily,P_O_14_CA005_R (08-00-00),P_O_14_CA005_R_shape,P_O_14_CA005_R,0
P_O_14_CA056,Ground_Daily,P_O_14_CA005_R (09-00-00),P_O_14_CA005_R_shape,P_O_14_CA005_R,0
P_O_14_CA056,Ground_Daily,P_O_14_CA005_R (11-00-00),P_O_14_CA005_R_shape,P_O_14_CA005_R,0
P_O_14_CA056,Ground_Daily,P_O_14_CA005_R (13-00-00),P_O_14_CA005_R_shape,P_O_14_CA005_R,0
P_O_14_CA056,Ground_Daily,P_O_14_CA005_R (15-00-00),P_O_14_CA005_R_shape,P_O_14_CA005_R,0
P_O_14_CA056,Ground_Daily,P_O_14_CA005_R (17-00-00),P_O_14_CA005_R_shape,P_O_14_CA005_R,0
P_O_14_CA056,Ground_Daily,P_O_14_CA005_R (19-00-00),P_O_14_CA005_R_shape,P_O_14_CA005_R,0
P_O_14_CA056,Ground_Daily,P_O_14_CA005_R (21-00-00),P_O_14_CA005_R_shape,P_O_14_CA005_R,0
P_O_14_CA056,Ground_Daily,P_O_14_CA006_O (06-30-00),P_O_14_CA006_O_shape,P_O_14_CA006_O,0
P_O_14_CA056,Ground_Daily,P_O_14_CA006_O (08-00-00),P_O_14_CA006_O_shape,P_O_14_CA006_O,0
P_O_14_CA056,Ground_Daily,P_O_14_CA006_O (09-00-00),P_O_14_CA006_O_shape,P_O_14_CA006_O,0
P_O_14_CA056,Ground_Daily,P_O_14_CA006_O (11-00-00),P_O_14_CA006_O_shape,P_O_14_CA006_O,0
P_O_14_CA056,Ground_Daily,P_O_14_CA006_O (13-00-00),P_O_14_CA006_O_shape,P_O_14_CA006_O,0
P_O_14_CA056,Ground_Daily,P_O_14_CA006_O (15-00-00),P_O_14_CA006_O_shape,P_O_14_CA006_O,0
P_O_14_CA056,Ground_Daily,P_O_14_CA006_O (17-00-00),P_O_14_CA006_O_shape,P_O_14_CA006_O,0
P_O_14_CA056,Ground_Daily,P_O_14_CA006_O (19-00-00),P_O_14_CA006_O_shape,P_O_14_CA006_O,0
P_O_14_CA056,Ground_Daily,P_O_14_CA006_O (21-00-00),P_O_14_CA006_O_shape,P_O_14_CA006_O,0
P_O_14_CA056,Ground_Daily,P_O_14_CA006_R (06-30-00),P_O_14_CA006_R_shape,P_O_14_CA006_R,0
P_O_14_CA056,Ground_Daily,P_O_14_CA006_R (08-00-00),P_O_14_CA006_R_shape,P_O_14_CA006_R,0
P_O_14_CA056,Ground_Daily,P_O_14_CA006_R (09-00-00),P_O_14_CA006_R_shape,P_O_14_CA006_R,0
P_O_14_CA056,Ground_Daily,P_O_14_CA006_R (11-00-00),P_O_14_CA006_R_shape,P_O_14_CA006_R,0
P_O_14_CA056,Ground_Daily,P_O_14_CA006_R (13-00-00),P_O_14_CA006_R_shape,P_O_14_CA006_R,0
P_O_14_CA056,Ground_Daily,P_O_14_CA006_R (15-00-00),P_O_14_CA006_R_shape,P_O_14_CA006_R,0
P_O_14_CA056,Ground_Daily,P_O_14_CA006_R (17-00-00),P_O_14_CA006_R_shape,P_O_14_CA006_R,0
P_O_14_CA056,Ground_Daily,P_O_14_CA006_R (19-00-00),P_O_14_CA006_R_shape,P_O_14_CA006_R,0
P_O_14_CA056,Ground_Daily,P_O_14_CA006_R (21-00-00),P_O_14_CA006_R_shape,P_O_14_CA006_R,0
P_O_14_CA056,Ground_Daily,P_O_14_CA007_R (06-30-00),P_O_14_CA007_R_shape,P_O_14_CA007_R,0
P_O_14_CA056,Ground_Daily,P_O_14_CA007_R (08-00-00),P_O_14_CA007_R_shape,P_O_14_CA007_R,0
P_O_14_CA056,Ground_Daily,P_O_14_CA007_R (09-00-00),P_O_14_CA007_R_shape,P_O_14_CA007_R,0
P_O_14_CA056,Ground_Daily,P_O_14_CA007_R (11-00-00),P_O_14_CA007_R_shape,P_O_14_CA007_R,0
P_O_14_CA056,Ground_Daily,P_O_14_CA007_R (13-00-00),P_O_14_CA007_R_shape,P_O_14_CA007_R,0
P_O_14_CA056,Ground_Daily,P_O_14_CA007_R (15-00-00),P_O_14_CA007_R_shape,P_O_14_CA007_R,0
P_O_14_CA056,Ground_Daily,P_O_14_CA007_R (17-00-00),P_O_14_CA007_R_shape,P_O_14_CA007_R,0
P_O_14_CA056,Ground_Daily,P_O_14_CA007_R (19-00-00),P_O_14_CA007_R_shape,P_O_14_CA007_R,0
P_O_14_CA056,Ground_Daily,P_O_14_CA007_R (21-00-00),P_O_14_CA007_R_shape,P_O_14_CA007_R,0
P_O_14_CA056,Ground_Daily,P_O_14_CA008_O (06-30-00),P_O_14_CA008_O_shape,P_O_14_CA008_O,0
P_O_14_CA056,Ground_Daily,P_O_14_CA008_O (08-00-00),P_O_14_CA008_O_shape,P_O_14_CA008_O,0
P_O_14_CA056,Ground_Daily,P_O_14_CA008_O (09-00-00),P_O_14_CA008_O_shape,P_O_14_CA008_O,0
P_O_14_CA056,Ground_Daily,P_O_14_CA008_O (11-00-00),P_O_14_CA008_O_shape,P_O_14_CA008_O,0
P_O_14_CA056,Ground_Daily,P_O_14_CA008_O (13-00-00),P_O_14_CA008_O_shape,P_O_14_CA008_O,0
P_O_14_CA056,Ground_Daily,P_O_14_CA008_O (15-00-00),P_O_14_CA008_O_shape,P_O_14_CA008_O,0
P_O_14_CA056,Ground_Daily,P_O_14_CA008_O (17-00-00),P_O_14_CA008_O_shape,P_O_14_CA008_O,0
P_O_14_CA056,Ground_Daily,P_O_14_CA008_O (19-00-00),P_O_14_CA008_O_shape,P_O_14_CA008_O,0
P_O_14_CA056,Ground_Daily,P_O_14_CA008_O (21-00-00),P_O_14_CA008_O_shape,P_O_14_CA008_O,0
P_O_14_CA056,Ground_Daily,P_O_14_CA008_R (06-30-00),P_O_14_CA008_R_shape,P_O_14_CA008_R,0
P_O_14_CA056,Ground_Daily,P_O_14_CA008_R (08-00-00),P_O_14_CA008_R_shape,P_O_14_CA008_R,0
P_O_14_CA056,Ground_Daily,P_O_14_CA008_R (09-00-00),P_O_14_CA008_R_shape,P_O_14_CA008_R,0
P_O_14_CA056,Ground_Daily,P_O_14_CA008_R (11-00-00),P_O_14_CA008_R_shape,P_O_14_CA008_R,0
P_O_14_CA056,Ground_Daily,P_O_14_CA008_R (13-00-00),P_O_14_CA008_R_shape,P_O_14_CA008_R,0
P_O_14_CA056,Ground_Daily,P_O_14_CA008_R (15-00-00),P_O_14_CA008_R_shape,P_O_14_CA008_R,0
P_O_14_CA056,Ground_Daily,P_O_14_CA008_R (17-00-00),P_O_14_CA008_R_shape,P_O_14_CA008_R,0
P_O_14_CA056,Ground_Daily,P_O_14_CA008_R (19-00-00),P_O_14_CA008_R_shape,P_O_14_CA008_R,0
P_O_14_CA056,Ground_Daily,P_O_14_CA008_R (21-00-00),P_O_14_CA008_R_shape,P_O_14_CA008_R,0
P_O_14_CA056,Ground_Daily,P_O_14_CA009_O (06-30-00),P_O_14_CA009_O_shape,P_O_14_CA009_O,0
P_O_14_CA056,Ground_Daily,P_O_14_CA009_O (08-00-00),P_O_14_CA009_O_shape,P_O_14_CA009_O,0
P_O_14_CA056,Ground_Daily,P_O_14_CA009_O (09-00-00),P_O_14_CA009_O_shape,P_O_14_CA009_O,0
P_O_14_CA056,Ground_Daily,P_O_14_CA009_O (11-00-00),P_O_14_CA009_O_shape,P_O_14_CA009_O,0
P_O_14_CA056,Ground_Daily,P_O_14_CA009_O (13-00-00),P_O_14_CA009_O_shape,P_O_14_CA009_O,0
P_O_14_CA056,Ground_Daily,P_O_14_CA009_O (15-00-00),P_O_14_CA009_O_shape,P_O_14_CA009_O,0
P_O_14_CA056,Ground_Daily,P_O_14_CA009_O (17-00-00),P_O_14_CA009_O_shape,P_O_14_CA009_O,0
P_O_14_CA056,Ground_Daily,P_O_14_CA009_O (19-00-00),P_O_14_CA009_O_shape,P_O_14_CA009_O,0
P_O_14_CA056,Ground_Daily,P_O_14_CA009_O (21-00-00),P_O_14_CA009_O_shape,P_O_14_CA009_O,0
P_O_14_CA056,Ground_Daily,P_O_14_CA009_R (06-30-00),P_O_14_CA009_R_shape,P_O_14_CA009_R,0
P_O_14_CA056,Ground_Daily,P_O_14_CA009_R (08-00-00),P_O_14_CA009_R_shape,P_O_14_CA009_R,0
P_O_14_CA056,Ground_Daily,P_O_14_CA009_R (09-00-00),P_O_14_CA009_R_shape,P_O_14_CA009_R,0
P_O_14_CA056,Ground_Daily,P_O_14_CA009_R (11-00-00),P_O_14_CA009_R_shape,P_O_14_CA009_R,0
P_O_14_CA056,Ground_Daily,P_O_14_CA009_R (13-00-00),P_O_14_CA009_R_shape,P_O_14_CA009_R,0
P_O_14_CA056,Ground_Daily,P_O_14_CA009_R (15-00-00),P_O_14_CA009_R_shape,P_O_14_CA009_R,0
P_O_14_CA056,Ground_Daily,P_O_14_CA009_R (17-00-00),P_O_14_CA009_R_shape,P_O_14_CA009_R,0
P_O_14_CA056,Ground_Daily,P_O_14_CA009_R (19-00-00),P_O_14_CA009_R_shape,P_O_14_CA009_R,0
P_O_14_CA056,Ground_Daily,P_O_14_CA009_R (21-00-00),P_O_14_CA009_R_shape,P_O_14_CA009_R,0
P_O_14_CA056,Ground_Daily,P_O_14_CA010_O (06-30-00),P_O_14_CA010_O_shape,P_O_14_CA010_O,0
P_O_14_CA056,Ground_Daily,P_O_14_CA010_O (08-00-00),P_O_14_CA010_O_shape,P_O_14_CA010_O,0
P_O_14_CA056,Ground_Daily,P_O_14_CA010_O (09-00-00),P_O_14_CA010_O_shape,P_O_14_CA010_O,0
P_O_14_CA056,Ground_Daily,P_O_14_CA010_O (11-00-00),P_O_14_CA010_O_shape,P_O_14_CA010_O,0
P_O_14_CA056,Ground_Daily,P_O_14_CA010_O (13-00-00),P_O_14_CA010_O_shape,P_O_14_CA010_O,0
P_O_14_CA056,Ground_Daily,P_O_14_CA010_O (15-00-00),P_O_14_CA010_O_shape,P_O_14_CA010_O,0
P_O_14_CA056,Ground_Daily,P_O_14_CA010_O (17-00-00),P_O_14_CA010_O_shape,P_O_14_CA010_O,0
P_O_14_CA056,Ground_Daily,P_O_14_CA010_O (19-00-00),P_O_14_CA010_O_shape,P_O_14_CA010_O,0
P_O_14_CA056,Ground_Daily,P_O_14_CA010_O (21-00-00),P_O_14_CA010_O_shape,P_O_14_CA010_O,0
P_O_14_CA056,Ground_Daily,P_O_14_CA010_R (06-30-00),P_O_14_CA010_R_shape,P_O_14_CA010_R,0
P_O_14_CA056,Ground_Daily,P_O_14_CA010_R (08-00-00),P_O_14_CA010_R_shape,P_O_14_CA010_R,0
P_O_14_CA056,Ground_Daily,P_O_14_CA010_R (09-00-00),P_O_14_CA010_R_shape,P_O_14_CA010_R,0
P_O_14_CA056,Ground_Daily,P_O_14_CA010_R (11-00-00),P_O_14_CA010_R_shape,P_O_14_CA010_R,0
P_O_14_CA056,Ground_Daily,P_O_14_CA010_R (13-00-00),P_O_14_CA010_R_shape,P_O_14_CA010_R,0
P_O_14_CA056,Ground_Daily,P_O_14_CA010_R (15-00-00),P_O_14_CA010_R_shape,P_O_14_CA010_R,0
P_O_14_CA056,Ground_Daily,P_O_14_CA010_R (17-00-00),P_O_14_CA010_R_shape,P_O_14_CA010_R,0
P_O_14_CA056,Ground_Daily,P_O_14_CA010_R (19-00-00),P_O_14_CA010_R_shape,P_O_14_CA010_R,0
P_O_14_CA056,Ground_Daily,P_O_14_CA010_R (21-00-00),P_O_14_CA010_R_shape,P_O_14_CA010_R,0
P_O_14_CA056,Ground_Daily,P_O_14_CA011_O (06-30-00),P_O_14_CA011_O_shape,P_O_14_CA011_O,0
P_O_14_CA056,Ground_Daily,P_O_14_CA011_O (08-00-00),P_O_14_CA011_O_shape,P_O_14_CA011_O,0
P_O_14_CA056,Ground_Daily,P_O_14_CA011_O (09-00-00),P_O_14_CA011_O_shape,P_O_14_CA011_O,0
P_O_14_CA056,Ground_Daily,P_O_14_CA011_O (11-00-00),P_O_14_CA011_O_shape,P_O_14_CA011_O,0
P_O_14_CA056,Ground_Daily,P_O_14_CA011_O (13-00-00),P_O_14_CA011_O_shape,P_O_14_CA011_O,0
P_O_14_CA056,Ground_Daily,P_O_14_CA011_O (15-00-00),P_O_14_CA011_O_shape,P_O_14_CA011_O,0
P_O_14_CA056,Ground_Daily,P_O_14_CA011_O (17-00-00),P_O_14_CA011_O_shape,P_O_14_CA011_O,0
P_O_14_CA056,Ground_Daily,P_O_14_CA011_O (19-00-00),P_O_14_CA011_O_shape,P_O_14_CA011_O,0
P_O_14_CA056,Ground_Daily,P_O_14_CA011_O (21-00-00),P_O_14_CA011_O_shape,P_O_14_CA011_O,0
P_O_14_CA056,Ground_Daily,P_O_14_CA011_R (06-30-00),P_O_14_CA011_R_shape,P_O_14_CA011_R,0
P_O_14_CA056,Ground_Daily,P_O_14_CA011_R (08-00-00),P_O_14_CA011_R_shape,P_O_14_CA011_R,0
P_O_14_CA056,Ground_Daily,P_O_14_CA011_R (09-00-00),P_O_14_CA011_R_shape,P_O_14_CA011_R,0
P_O_14_CA056,Ground_Daily,P_O_14_CA011_R (11-00-00),P_O_14_CA011_R_shape,P_O_14_CA011_R,0
P_O_14_CA056,Ground_Daily,P_O_14_CA011_R (13-00-00),P_O_14_CA011_R_shape,P_O_14_CA011_R,0
P_O_14_CA056,Ground_Daily,P_O_14_CA011_R (15-00-00),P_O_14_CA011_R_shape,P_O_14_CA011_R,0
P_O_14_CA056,Ground_Daily,P_O_14_CA011_R (17-00-00),P_O_14_CA011_R_shape,P_O_14_CA011_R,0
P_O_14_CA056,Ground_Daily,P_O_14_CA011_R (19-00-00),P_O_14_CA011_R_shape,P_O_14_CA011_R,0
P_O_14_CA056,Ground_Daily,P_O_14_CA011_R (21-00-00),P_O_14_CA011_R_shape,P_O_14_CA011_R,0
P_O_14_CA056,Ground_Daily,P_O_14_CA012_O (06-30-00),P_O_14_CA012_O_shape,P_O_14_CA012_O,0
P_O_14_CA056,Ground_Daily,P_O_14_CA012_O (08-00-00),P_O_14_CA012_O_shape,P_O_14_CA012_O,0
P_O_14_CA056,Ground_Daily,P_O_14_CA012_O (09-00-00),P_O_14_CA012_O_shape,P_O_14_CA012_O,0
P_O_14_CA056,Ground_Daily,P_O_14_CA012_O (11-00-00),P_O_14_CA012_O_shape,P_O_14_CA012_O,0
P_O_14_CA056,Ground_Daily,P_O_14_CA012_O (13-00-00),P_O_14_CA012_O_shape,P_O_14_CA012_O,0
P_O_14_CA056,Ground_Daily,P_O_14_CA012_O (15-00-00),P_O_14_CA012_O_shape,P_O_14_CA012_O,0
P_O_14_CA056,Ground_Daily,P_O_14_CA012_O (17-00-00),P_O_14_CA012_O_shape,P_O_14_CA012_O,0
P_O_14_CA056,Ground_Daily,P_O_14_CA012_O (19-00-00),P_O_14_CA012_O_shape,P_O_14_CA012_O,0
P_O_14_CA056,Ground_Daily,P_O_14_CA012_O (21-00-00),P_O_14_CA012_O_shape,P_O_14_CA012_O,0
P_O_14_CA056,Ground_Daily,P_O_14_CA012_R (06-30-00),P_O_14_CA012_R_shape,P_O_14_CA012_R,0
P_O_14_CA056,Ground_Daily,P_O_14_CA012_R (08-00-00),P_O_14_CA012_R_shape,P_O_14_CA012_R,0
P_O_14_CA056,Ground_Daily,P_O_14_CA012_R (09-00-00),P_O_14_CA012_R_shape,P_O_14_CA012_R,0
P_O_14_CA056,Ground_Daily,P_O_14_CA012_R (11-00-00),P_O_14_CA012_R_shape,P_O_14_CA012_R,0
P_O_14_CA056,Ground_Daily,P_O_14_CA012_R (13-00-00),P_O_14_CA012_R_shape,P_O_14_CA012_R,0
P_O_14_CA056,Ground_Daily,P_O_14_CA012_R (15-00-00),P_O_14_CA012_R_shape,P_O_14_CA012_R,0
P_O_14_CA056,Ground_Daily,P_O_14_CA012_R (17-00-00),P_O_14_CA012_R_shape,P_O_14_CA012_R,0
P_O_14_CA056,Ground_Daily,P_O_14_CA012_R (19-00-00),P_O_14_CA012_R_shape,P_O_14_CA012_R,0
P_O_14_CA056,Ground_Daily,P_O_14_CA012_R (21-00-00),P_O_14_CA012_R_shape,P_O_14_CA012_R,0
P_O_14_CA056,Ground_Daily,P_O_14_CA013_O (06-30-00),P_O_14_CA013_O_shape,P_O_14_CA013_O,0
P_O_14_CA056,Ground_Daily,P_O_14_CA013_O (08-00-00),P_O_14_CA013_O_shape,P_O_14_CA013_O,0
P_O_14_CA056,Ground_Daily,P_O_14_CA013_O (09-00-00),P_O_14_CA013_O_shape,P_O_14_CA013_O,0
P_O_14_CA056,Ground_Daily,P_O_14_CA013_O (11-00-00),P_O_14_CA013_O_shape,P_O_14_CA013_O,0
P_O_14_CA056,Ground_Daily,P_O_14_CA013_O (13-00-00),P_O_14_CA013_O_shape,P_O_14_CA013_O,0
P_O_14_CA056,Ground_Daily,P_O_14_CA013_O (15-00-00),P_O_14_CA013_O_shape,P_O_14_CA013_O,0
P_O_14_CA056,Ground_Daily,P_O_14_CA013_O (17-00-00),P_O_14_CA013_O_shape,P_O_14_CA013_O,0
P_O_14_CA056,Ground_Daily,P_O_14_CA013_O (19-00-00),P_O_14_CA013_O_shape,P_O_14_CA013_O,0
P_O_14_CA056,Ground_Daily,P_O_14_CA013_O (21-00-00),P_O_14_CA013_O_shape,P_O_14_CA013_O,0
P_O_14_CA056,Ground_Daily,P_O_14_CA014_R (06-30-00),P_O_14_CA014_R_shape,P_O_14_CA014_R,0
P_O_14_CA056,Ground_Daily,P_O_14_CA014_R (08-00-00),P_O_14_CA014_R_shape,P_O_14_CA014_R,0
P_O_14_CA056,Ground_Daily,P_O_14_CA014_R (09-00-00),P_O_14_CA014_R_shape,P_O_14_CA014_R,0
P_O_14_CA056,Ground_Daily,P_O_14_CA014_R (11-00-00),P_O_14_CA014_R_shape,P_O_14_CA014_R,0
P_O_14_CA056,Ground_Daily,P_O_14_CA014_R (13-00-00),P_O_14_CA014_R_shape,P_O_14_CA014_R,0
P_O_14_CA056,Ground_Daily,P_O_14_CA014_R (15-00-00),P_O_14_CA014_R_shape,P_O_14_CA014_R,0
P_O_14_CA056,Ground_Daily,P_O_14_CA014_R (17-00-00),P_O_14_CA014_R_shape,P_O_14_CA014_R,0
P_O_14_CA056,Ground_Daily,P_O_14_CA014_R (19-00-00),P_O_14_CA014_R_shape,P_O_14_CA014_R,0
P_O_14_CA056,Ground_Daily,P_O_14_CA014_R (21-00-00),P_O_14_CA014_R_shape,P_O_14_CA014_R,0
P_O_14_CA056,Ground_Daily,P_O_14_CA015_R (06-30-00),P_O_14_CA015_R_shape,P_O_14_CA015_R,0
P_O_14_CA056,Ground_Daily,P_O_14_CA015_R (08-00-00),P_O_14_CA015_R_shape,P_O_14_CA015_R,0
P_O_14_CA056,Ground_Daily,P_O_14_CA015_R (09-00-00),P_O_14_CA015_R_shape,P_O_14_CA015_R,0
P_O_14_CA056,Ground_Daily,P_O_14_CA015_R (11-00-00),P_O_14_CA015_R_shape,P_O_14_CA015_R,0
P_O_14_CA056,Ground_Daily,P_O_14_CA015_R (13-00-00),P_O_14_CA015_R_shape,P_O_14_CA015_R,0
P_O_14_CA056,Ground_Daily,P_O_14_CA015_R (15-00-00),P_O_14_CA015_R_shape,P_O_14_CA015_R,0
P_O_14_CA056,Ground_Daily,P_O_14_CA015_R (17-00-00),P_O_14_CA015_R_shape,P_O_14_CA015_R,0
P_O_14_CA056,Ground_Daily,P_O_14_CA015_R (19-00-00),P_O_14_CA015_R_shape,P_O_14_CA015_R,0
P_O_14_CA056,Ground_Daily,P_O_14_CA015_R (21-00-00),P_O_14_CA015_R_shape,P_O_14_CA015_R,0
P_O_14_CA056,Ground_Daily,P_O_14_CA016_O (06-30-00),P_O_14_CA016_O_shape,P_O_14_CA016_O,0
P_O_14_CA056,Ground_Daily,P_O_14_CA016_O (08-00-00),P_O_14_CA016_O_shape,P_O_14_CA016_O,0
P_O_14_CA056,Ground_Daily,P_O_14_CA016_O (09-00-00),P_O_14_CA016_O_shape,P_O_14_CA016_O,0
P_O_14_CA056,Ground_Daily,P_O_14_CA016_O (11-00-00),P_O_14_CA016_O_shape,P_O_14_CA016_O,0
P_O_14_CA056,Ground_Daily,P_O_14_CA016_O (13-00-00),P_O_14_CA016_O_shape,P_O_14_CA016_O,0
P_O_14_CA056,Ground_Daily,P_O_14_CA016_O (15-00-00),P_O_14_CA016_O_shape,P_O_14_CA016_O,0
P_O_14_CA056,Ground_Daily,P_O_14_CA016_O (17-00-00),P_O_14_CA016_O_shape,P_O_14_CA016_O,0
P_O_14_CA056,Ground_Daily,P_O_14_CA016_O (19-00-00),P_O_14_CA016_O_shape,P_O_14_CA016_O,0
P_O_14_CA056,Ground_Daily,P_O_14_CA016_O (21-00-00),P_O_14_CA016_O_shape,P_O_14_CA016_O,0
P_O_14_CA056,Ground_Daily,P_O_14_CA016_R (06-30-00),P_O_14_CA016_R_shape,P_O_14_CA016_R,0
P_O_14_CA056,Ground_Daily,P_O_14_CA016_R (08-00-00),P_O_14_CA016_R_shape,P_O_14_CA016_R,0
P_O_14_CA056,Ground_Daily,P_O_14_CA016_R (09-00-00),P_O_14_CA016_R_shape,P_O_14_CA016_R,0
P_O_14_CA056,Ground_Daily,P_O_14_CA016_R (11-00-00),P_O_14_CA016_R_shape,P_O_14_CA016_R,0
P_O_14_CA056,Ground_Daily,P_O_14_CA016_R (13-00-00),P_O_14_CA016_R_shape,P_O_14_CA016_R,0
P_O_14_CA056,Ground_Daily,P_O_14_CA016_R (15-00-00),P_O_14_CA016_R_shape,P_O_14_CA016_R,0
P_O_14_CA056,Ground_Daily,P_O_14_CA016_R (17-00-00),P_O_14_CA016_R_shape,P_O_14_CA016_R,0
P_O_14_CA056,Ground_Daily,P_O_14_CA016_R (19-00-00),P_O_14_CA016_R_shape,P_O_14_CA016_R,0
P_O_14_CA056,Ground_Daily,P_O_14_CA016_R (21-00-00),P_O_14_CA016_R_shape,P_O_14_CA016_R,0
P_O_14_CA056,Ground_Daily,P_O_14_CA017_O (06-30-00),P_O_14_CA017_O_shape,P_O_14_CA017_O,0
P_O_14_CA056,Ground_Daily,P_O_14_CA017_O (08-00-00),P_O_14_CA017_O_shape,P_O_14_CA017_O,0
P_O_14_CA056,Ground_Daily,P_O_14_CA017_O (09-00-00),P_O_14_CA017_O_shape,P_O_14_CA017_O,0
P_O_14_CA056,Ground_Daily,P_O_14_CA017_O (11-00-00),P_O_14_CA017_O_shape,P_O_14_CA017_O,0
P_O_14_CA056,Ground_Daily,P_O_14_CA017_O (13-00-00),P_O_14_CA017_O_shape,P_O_14_CA017_O,0
P_O_14_CA056,Ground_Daily,P_O_14_CA017_O (15-00-00),P_O_14_CA017_O_shape,P_O_14_CA017_O,0
P_O_14_CA056,Ground_Daily,P_O_14_CA017_O (17-00-00),P_O_14_CA017_O_shape,P_O_14_CA017_O,0
P_O_14_CA056,Ground_Daily,P_O_14_CA017_O (19-00-00),P_O_14_CA017_O_shape,P_O_14_CA017_O,0
P_O_14_CA056,Ground_Daily,P_O_14_CA017_O (21-00-00),P_O_14_CA017_O_shape,P_O_14_CA017_O,0
P_O_14_CA056,Ground_Daily,P_O_14_CA017_R (06-30-00),P_O_14_CA017_R_shape,P_O_14_CA017_R,0
P_O_14_CA056,Ground_Daily,P_O_14_CA017_R (08-00-00),P_O_14_CA017_R_shape,P_O_14_CA017_R,0
P_O_14_CA056,Ground_Daily,P_O_14_CA017_R (09-00-00),P_O_14_CA017_R_shape,P_O_14_CA017_R,0
P_O_14_CA056,Ground_Daily,P_O_14_CA017_R (11-00-00),P_O_14_CA017_R_shape,P_O_14_CA017_R,0
P_O_14_CA056,Ground_Daily,P_O_14_CA017_R (13-00-00),P_O_14_CA017_R_shape,P_O_14_CA017_R,0
P_O_14_CA056,Ground_Daily,P_O_14_CA017_R (15-00-00),P_O_14_CA017_R_shape,P_O_14_CA017_R,0
P_O_14_CA056,Ground_Daily,P_O_14_CA017_R (17-00-00),P_O_14_CA017_R_shape,P_O_14_CA017_R,0
P_O_14_CA056,Ground_Daily,P_O_14_CA017_R (19-00-00),P_O_14_CA017_R_shape,P_O_14_CA017_R,0
P_O_14_CA056,Ground_Daily,P_O_14_CA017_R (21-00-00),P_O_14_CA017_R_shape,P_O_14_CA017_R,0
P_O_14_CA056,Ground_Daily,P_O_14_CA018_O (06-30-00),P_O_14_CA018_O_shape,P_O_14_CA018_O,0
P_O_14_CA056,Ground_Daily,P_O_14_CA018_O (08-00-00),P_O_14_CA018_O_shape,P_O_14_CA018_O,0
P_O_14_CA056,Ground_Daily,P_O_14_CA018_O (09-00-00),P_O_14_CA018_O_shape,P_O_14_CA018_O,0
P_O_14_CA056,Ground_Daily,P_O_14_CA018_O (11-00-00),P_O_14_CA018_O_shape,P_O_14_CA018_O,0
P_O_14_CA056,Ground_Daily,P_O_14_CA018_O (13-00-00),P_O_14_CA018_O_shape,P_O_14_CA018_O,0
P_O_14_CA056,Ground_Daily,P_O_14_CA018_O (15-00-00),P_O_14_CA018_O_shape,P_O_14_CA018_O,0
P_O_14_CA056,Ground_Daily,P_O_14_CA018_O (17-00-00),P_O_14_CA018_O_shape,P_O_14_CA018_O,0
P_O_14_CA056,Ground_Daily,P_O_14_CA018_O (19-00-00),P_O_14_CA018_O_shape,P_O_14_CA018_O,0
P_O_14_CA056,Ground_Daily,P_O_14_CA018_O (21-00-00),P_O_14_CA018_O_shape,P_O_14_CA018_O,0
P_O_14_CA056,Ground_Daily,P_O_14_CA018_R (06-30-00),P_O_14_CA018_R_shape,P_O_14_CA018_R,0
P_O_14_CA056,Ground_Daily,P_O_14_CA018_R (08-00-00),P_O_14_CA018_R_shape,P_O_14_CA018_R,0
P_O_14_CA056,Ground_Daily,P_O_14_CA018_R (09-00-00),P_O_14_CA018_R_shape,P_O_14_CA018_R,0
P_O_14_CA056,Ground_Daily,P_O_14_CA018_R (11-00-00),P_O_14_CA018_R_shape,P_O_14_CA018_R,0
P_O_14_CA056,Ground_Daily,P_O_14_CA018_R (13-00-00),P_O_14_CA018_R_shape,P_O_14_CA018_R,0
P_O_14_CA056,Ground_Daily,P_O_14_CA018_R (15-00-00),P_O_14_CA018_R_shape,P_O_14_CA018_R,0
P_O_14_CA056,Ground_Daily,P_O_14_CA018_R (17-00-00),P_O_14_CA018_R_shape,P_O_14_CA018_R,0
P_O_14_CA056,Ground_Daily,P_O_14_CA018_R (19-00-00),P_O_14_CA018_R_shape,P_O_14_CA018_R,0
P_O_14_CA056,Ground_Daily,P_O_14_CA018_R (21-00-00),P_O_14_CA018_R_shape,P_O_14_CA018_R,0
P_O_14_CA056,Ground_Daily,P_O_14_CA019_O (06-30-00),P_O_14_CA019_O_shape,P_O_14_CA019_O,0
P_O_14_CA056,Ground_Daily,P_O_14_CA019_O (08-00-00),P_O_14_CA019_O_shape,P_O_14_CA019_O,0
P_O_14_CA056,Ground_Daily,P_O_14_CA019_O (09-00-00),P_O_14_CA019_O_shape,P_O_14_CA019_O,0
P_O_14_CA056,Ground_Daily,P_O_14_CA019_O (11-00-00),P_O_14_CA019_O_shape,P_O_14_CA019_O,0
P_O_14_CA056,Ground_Daily,P_O_14_CA019_O (13-00-00),P_O_14_CA019_O_shape,P_O_14_CA019_O,0
P_O_14_CA056,Ground_Daily,P_O_14_CA019_O (15-00-00),P_O_14_CA019_O_shape,P_O_14_CA019_O,0
P_O_14_CA056,Ground_Daily,P_O_14_CA019_O (17-00-00),P_O_14_CA019_O_shape,P_O_14_CA019_O,0
P_O_14_CA056,Ground_Daily,P_O_14_CA019_O (19-00-00),P_O_14_CA019_O_shape,P_O_14_CA019_O,0
P_O_14_CA056,Ground_Daily,P_O_14_CA019_O (21-00-00),P_O_14_CA019_O_shape,P_O_14_CA019_O,0
P_O_14_CA056,Ground_Daily,P_O_14_CA019_R (06-30-00),P_O_14_CA019_R_shape,P_O_14_CA019_R,0
P_O_14_CA056,Ground_Daily,P_O_14_CA019_R (08-00-00),P_O_14_CA019_R_shape,P_O_14_CA019_R,0
P_O_14_CA056,Ground_Daily,P_O_14_CA019_R (09-00-00),P_O_14_CA019_R_shape,P_O_14_CA019_R,0
P_O_14_CA056,Ground_Daily,P_O_14_CA019_R (11-00-00),P_O_14_CA019_R_shape,P_O_14_CA019_R,0
P_O_14_CA056,Ground_Daily,P_O_14_CA019_R (13-00-00),P_O_14_CA019_R_shape,P_O_14_CA019_R,0
P_O_14_CA056,Ground_Daily,P_O_14_CA019_R (15-00-00),P_O_14_CA019_R_shape,P_O_14_CA019_R,0
P_O_14_CA056,Ground_Daily,P_O_14_CA019_R (17-00-00),P_O_14_CA019_R_shape,P_O_14_CA019_R,0
P_O_14_CA056,Ground_Daily,P_O_14_CA019_R (19-00-00),P_O_14_CA019_R_shape,P_O_14_CA019_R,0
P_O_14_CA056,Ground_Daily,P_O_14_CA019_R (21-00-00),P_O_14_CA019_R_shape,P_O_14_CA019_R,0
P_O_14_CA056,Ground_Daily,P_O_14_CA020_O (06-30-00),P_O_14_CA020_O_shape,P_O_14_CA020_O,0
P_O_14_CA056,Ground_Daily,P_O_14_CA020_O (08-00-00),P_O_14_CA020_O_shape,P_O_14_CA020_O,0
P_O_14_CA056,Ground_Daily,P_O_14_CA020_O (09-00-00),P_O_14_CA020_O_shape,P_O_14_CA020_O,0
P_O_14_CA056,Ground_Daily,P_O_14_CA020_O (11-00-00),P_O_14_CA020_O_shape,P_O_14_CA020_O,0
P_O_14_CA056,Ground_Daily,P_O_14_CA020_O (13-00-00),P_O_14_CA020_O_shape,P_O_14_CA020_O,0
P_O_14_CA056,Ground_Daily,P_O_14_CA020_O (15-00-00),P_O_14_CA020_O_shape,P_O_14_CA020_O,0
P_O_14_CA056,Ground_Daily,P_O_14_CA020_O (17-00-00),P_O_14_CA020_O_shape,P_O_14_CA020_O,0
P_O_14_CA056,Ground_Daily,P_O_14_CA020_O (19-00-00),P_O_14_CA020_O_shape,P_O_14_CA020_O,0
P_O_14_CA056,Ground_Daily,P_O_14_CA020_O (21-00-00),P_O_14_CA020_O_shape,P_O_14_CA020_O,0
P_O_14_CA056,Ground_Daily,P_O_14_CA020_R (06-30-00),P_O_14_CA020_R_shape,P_O_14_CA020_R,0
P_O_14_CA056,Ground_Daily,P_O_14_CA020_R (08-00-00),P_O_14_CA020_R_shape,P_O_14_CA020_R,0
P_O_14_CA056,Ground_Daily,P_O_14_CA020_R (09-00-00),P_O_14_CA020_R_shape,P_O_14_CA020_R,0
P_O_14_CA056,Ground_Daily,P_O_14_CA020_R (11-00-00),P_O_14_CA020_R_shape,P_O_14_CA020_R,0
P_O_14_CA056,Ground_Daily,P_O_14_CA020_R (13-00-00),P_O_14_CA020_R_shape,P_O_14_CA020_R,0
P_O_14_CA056,Ground_Daily,P_O_14_CA020_R (15-00-00),P_O_14_CA020_R_shape,P_O_14_CA020_R,0
P_O_14_CA056,Ground_Daily,P_O_14_CA020_R (17-00-00),P_O_14_CA020_R_shape,P_O_14_CA020_R,0
P_O_14_CA056,Ground_Daily,P_O_14_CA020_R (19-00-00),P_O_14_CA020_R_shape,P_O_14_CA020_R,0
P_O_14_CA056,Ground_Daily,P_O_14_CA020_R (21-00-00),P_O_14_CA020_R_shape,P_O_14_CA020_R,0
P_O_14_CA056,Ground_Daily,P_O_14_CA022_O (06-30-00),P_O_14_CA022_O_shape,P_O_14_CA022_O,0
P_O_14_CA056,Ground_Daily,P_O_14_CA022_O (08-00-00),P_O_14_CA022_O_shape,P_O_14_CA022_O,0
P_O_14_CA056,Ground_Daily,P_O_14_CA022_O (09-00-00),P_O_14_CA022_O_shape,P_O_14_CA022_O,0
P_O_14_CA056,Ground_Daily,P_O_14_CA022_O (11-00-00),P_O_14_CA022_O_shape,P_O_14_CA022_O,0
P_O_14_CA056,Ground_Daily,P_O_14_CA022_O (13-00-00),P_O_14_CA022_O_shape,P_O_14_CA022_O,0
P_O_14_CA056,Ground_Daily,P_O_14_CA022_O (15-00-00),P_O_14_CA022_O_shape,P_O_14_CA022_O,0
P_O_14_CA056,Ground_Daily,P_O_14_CA022_O (17-00-00),P_O_14_CA022_O_shape,P_O_14_CA022_O,0
P_O_14_CA056,Ground_Daily,P_O_14_CA022_O (19-00-00),P_O_14_CA022_O_shape,P_O_14_CA022_O,0
P_O_14_CA056,Ground_Daily,P_O_14_CA022_O (21-00-00),P_O_14_CA022_O_shape,P_O_14_CA022_O,0
P_O_14_CA056,Ground_Daily,P_O_14_CA022_R (06-30-00),P_O_14_CA022_R_shape,P_O_14_CA022_R,0
P_O_14_CA056,Ground_Daily,P_O_14_CA022_R (08-00-00),P_O_14_CA022_R_shape,P_O_14_CA022_R,0
P_O_14_CA056,Ground_Daily,P_O_14_CA022_R (09-00-00),P_O_14_CA022_R_shape,P_O_14_CA022_R,0
P_O_14_CA056,Ground_Daily,P_O_14_CA022_R (11-00-00),P_O_14_CA022_R_shape,P_O_14_CA022_R,0
P_O_14_CA056,Ground_Daily,P_O_14_CA022_R (13-00-00),P_O_14_CA022_R_shape,P_O_14_CA022_R,0
P_O_14_CA056,Ground_Daily,P_O_14_CA022_R (15-00-00),P_O_14_CA022_R_shape,P_O_14_CA022_R,0
P_O_14_CA056,Ground_Daily,P_O_14_CA022_R (17-00-00),P_O_14_CA022_R_shape,P_O_14_CA022_R,0
P_O_14_CA056,Ground_Daily,P_O_14_CA022_R (19-00-00),P_O_14_CA022_R_shape,P_O_14_CA022_R,0
P_O_14_CA056,Ground_Daily,P_O_14_CA022_R (21-00-00),P_O_14_CA022_R_shape,P_O_14_CA022_R,0
P_O_14_CA056,Ground_Daily,P_O_14_CA023_O (06-30-00),P_O_14_CA023_O_shape,P_O_14_CA023_O,0
P_O_14_CA056,Ground_Daily,P_O_14_CA023_O (08-00-00),P_O_14_CA023_O_shape,P_O_14_CA023_O,0
P_O_14_CA056,Ground_Daily,P_O_14_CA023_O (09-00-00),P_O_14_CA023_O_shape,P_O_14_CA023_O,0
P_O_14_CA056,Ground_Daily,P_O_14_CA023_O (11-00-00),P_O_14_CA023_O_shape,P_O_14_CA023_O,0
P_O_14_CA056,Ground_Daily,P_O_14_CA023_O (13-00-00),P_O_14_CA023_O_shape,P_O_14_CA023_O,0
P_O_14_CA056,Ground_Daily,P_O_14_CA023_O (15-00-00),P_O_14_CA023_O_shape,P_O_14_CA023_O,0
P_O_14_CA056,Ground_Daily,P_O_14_CA023_O (17-00-00),P_O_14_CA023_O_shape,P_O_14_CA023_O,0
P_O_14_CA056,Ground_Daily,P_O_14_CA023_O (19-00-00),P_O_14_CA023_O_shape,P_O_14_CA023_O,0
P_O_14_CA056,Ground_Daily,P_O_14_CA023_O (21-00-00),P_O_14_CA023_O_shape,P_O_14_CA023_O,0
P_O_14_CA056,Ground_Daily,P_O_14_CA023_R (06-30-00),P_O_14_CA023_R_shape,P_O_14_CA023_R,0
P_O_14_CA056,Ground_Daily,P_O_14_CA023_R (08-00-00),P_O_14_CA023_R_shape,P_O_14_CA023_R,0
P_O_14_CA056,Ground_Daily,P_O_14_CA023_R (09-00-00),P_O_14_CA023_R_shape,P_O_14_CA023_R,0
P_O_14_CA056,Ground_Daily,P_O_14_CA023_R (11-00-00),P_O_14_CA023_R_shape,P_O_14_CA023_R,0
P_O_14_CA056,Ground_Daily,P_O_14_CA023_R (13-00-00),P_O_14_CA023_R_shape,P_O_14_CA023_R,0
P_O_14_CA056,Ground_Daily,P_O_14_CA023_R (15-00-00),P_O_14_CA023_R_shape,P_O_14_CA023_R,0
P_O_14_CA056,Ground_Daily,P_O_14_CA023_R (17-00-00),P_O_14_CA023_R_shape,P_O_14_CA023_R,0
P_O_14_CA056,Ground_Daily,P_O_14_CA023_R (19-00-00),P_O_14_CA023_R_shape,P_O_14_CA023_R,0
P_O_14_CA056,Ground_Daily,P_O_14_CA023_R (21-00-00),P_O_14_CA023_R_shape,P_O_14_CA023_R,0
P_O_14_CA056,Ground_Daily,P_O_14_CA024_O (06-30-00),P_O_14_CA024_O_shape,P_O_14_CA024_O,0
P_O_14_CA056,Ground_Daily,P_O_14_CA024_O (08-00-00),P_O_14_CA024_O_shape,P_O_14_CA024_O,0
P_O_14_CA056,Ground_Daily,P_O_14_CA024_O (09-00-00),P_O_14_CA024_O_shape,P_O_14_CA024_O,0
P_O_14_CA056,Ground_Daily,P_O_14_CA024_O (11-00-00),P_O_14_CA024_O_shape,P_O_14_CA024_O,0
P_O_14_CA056,Ground_Daily,P_O_14_CA024_O (13-00-00),P_O_14_CA024_O_shape,P_O_14_CA024_O,0
P_O_14_CA056,Ground_Daily,P_O_14_CA024_O (15-00-00),P_O_14_CA024_O_shape,P_O_14_CA024_O,0
P_O_14_CA056,Ground_Daily,P_O_14_CA024_O (17-00-00),P_O_14_CA024_O_shape,P_O_14_CA024_O,0
P_O_14_CA056,Ground_Daily,P_O_14_CA024_O (19-00-00),P_O_14_CA024_O_shape,P_O_14_CA024_O,0
P_O_14_CA056,Ground_Daily,P_O_14_CA024_O (21-00-00),P_O_14_CA024_O_shape,P_O_14_CA024_O,0
P_O_14_CA056,Ground_Daily,P_O_14_CA024_R (06-30-00),P_O_14_CA024_R_shape,P_O_14_CA024_R,0
P_O_14_CA056,Ground_Daily,P_O_14_CA024_R (08-00-00),P_O_14_CA024_R_shape,P_O_14_CA024_R,0
P_O_14_CA056,Ground_Daily,P_O_14_CA024_R (09-00-00),P_O_14_CA024_R_shape,P_O_14_CA024_R,0
P_O_14_CA056,Ground_Daily,P_O_14_CA024_R (11-00-00),P_O_14_CA024_R_shape,P_O_14_CA024_R,0
P_O_14_CA056,Ground_Daily,P_O_14_CA024_R (13-00-00),P_O_14_CA024_R_shape,P_O_14_CA024_R,0
P_O_14_CA056,Ground_Daily,P_O_14_CA024_R (15-00-00),P_O_14_CA024_R_shape,P_O_14_CA024_R,0
P_O_14_CA056,Ground_Daily,P_O_14_CA024_R (17-00-00),P_O_14_CA024_R_shape,P_O_14_CA024_R,0
P_O_14_CA056,Ground_Daily,P_O_14_CA024_R (19-00-00),P_O_14_CA024_R_shape,P_O_14_CA024_R,0
P_O_14_CA056,Ground_Daily,P_O_14_CA024_R (21-00-00),P_O_14_CA024_R_shape,P_O_14_CA024_R,0
P_O_14_CA056,Ground_Daily,P_O_14_CA025_O (06-30-00),P_O_14_CA025_O_shape,P_O_14_CA025_O,0
P_O_14_CA056,Ground_Daily,P_O_14_CA025_O (08-00-00),P_O_14_CA025_O_shape,P_O_14_CA025_O,0
P_O_14_CA056,Ground_Daily,P_O_14_CA025_O (09-00-00),P_O_14_CA025_O_shape,P_O_14_CA025_O,0
P_O_14_CA056,Ground_Daily,P_O_14_CA025_O (11-00-00),P_O_14_CA025_O_shape,P_O_14_CA025_O,0
P_O_14_CA056,Ground_Daily,P_O_14_CA025_O (13-00-00),P_O_14_CA025_O_shape,P_O_14_CA025_O,0
P_O_14_CA056,Ground_Daily,P_O_14_CA025_O (15-00-00),P_O_14_CA025_O_shape,P_O_14_CA025_O,0
P_O_14_CA056,Ground_Daily,P_O_14_CA025_O (17-00-00),P_O_14_CA025_O_shape,P_O_14_CA025_O,0
P_O_14_CA056,Ground_Daily,P_O_14_CA025_O (19-00-00),P_O_14_CA025_O_shape,P_O_14_CA025_O,0
P_O_14_CA056,Ground_Daily,P_O_14_CA025_O (21-00-00),P_O_14_CA025_O_shape,P_O_14_CA025_O,0
P_O_14_CA056,Ground_Daily,P_O_14_CA025_R (06-30-00),P_O_14_CA025_R_shape,P_O_14_CA025_R,0
P_O_14_CA056,Ground_Daily,P_O_14_CA025_R (08-00-00),P_O_14_CA025_R_shape,P_O_14_CA025_R,0
P_O_14_CA056,Ground_Daily,P_O_14_CA025_R (09-00-00),P_O_14_CA025_R_shape,P_O_14_CA025_R,0
P_O_14_CA056,Ground_Daily,P_O_14_CA025_R (11-00-00),P_O_14_CA025_R_shape,P_O_14_CA025_R,0
P_O_14_CA056,Ground_Daily,P_O_14_CA025_R (13-00-00),P_O_14_CA025_R_shape,P_O_14_CA025_R,0
P_O_14_CA056,Ground_Daily,P_O_14_CA025_R (15-00-00),P_O_14_CA025_R_shape,P_O_14_CA025_R,0
P_O_14_CA056,Ground_Daily,P_O_14_CA025_R (17-00-00),P_O_14_CA025_R_shape,P_O_14_CA025_R,0
P_O_14_CA056,Ground_Daily,P_O_14_CA025_R (19-00-00),P_O_14_CA025_R_shape,P_O_14_CA025_R,0
P_O_14_CA056,Ground_Daily,P_O_14_CA025_R (21-00-00),P_O_14_CA025_R_shape,P_O_14_CA025_R,0
P_O_14_CA056,Ground_Daily,P_O_14_CA026_O (06-30-00),P_O_14_CA026_O_shape,P_O_14_CA026_O,0
P_O_14_CA056,Ground_Daily,P_O_14_CA026_O (08-00-00),P_O_14_CA026_O_shape,P_O_14_CA026_O,0
P_O_14_CA056,Ground_Daily,P_O_14_CA026_O (09-00-00),P_O_14_CA026_O_shape,P_O_14_CA026_O,0
P_O_14_CA056,Ground_Daily,P_O_14_CA026_O (11-00-00),P_O_14_CA026_O_shape,P_O_14_CA026_O,0
P_O_14_CA056,Ground_Daily,P_O_14_CA026_O (13-00-00),P_O_14_CA026_O_shape,P_O_14_CA026_O,0
P_O_14_CA056,Ground_Daily,P_O_14_CA026_O (15-00-00),P_O_14_CA026_O_shape,P_O_14_CA026_O,0
P_O_14_CA056,Ground_Daily,P_O_14_CA026_O (17-00-00),P_O_14_CA026_O_shape,P_O_14_CA026_O,0
P_O_14_CA056,Ground_Daily,P_O_14_CA026_O (19-00-00),P_O_14_CA026_O_shape,P_O_14_CA026_O,0
P_O_14_CA056,Ground_Daily,P_O_14_CA026_O (21-00-00),P_O_14_CA026_O_shape,P_O_14_CA026_O,0
P_O_14_CA056,Ground_Daily,P_O_14_CA026_R (06-30-00),P_O_14_CA026_R_shape,P_O_14_CA026_R,0
P_O_14_CA056,Ground_Daily,P_O_14_CA026_R (08-00-00),P_O_14_CA026_R_shape,P_O_14_CA026_R,0
P_O_14_CA056,Ground_Daily,P_O_14_CA026_R (09-00-00),P_O_14_CA026_R_shape,P_O_14_CA026_R,0
P_O_14_CA056,Ground_Daily,P_O_14_CA026_R (11-00-00),P_O_14_CA026_R_shape,P_O_14_CA026_R,0
P_O_14_CA056,Ground_Daily,P_O_14_CA026_R (13-00-00),P_O_14_CA026_R_shape,P_O_14_CA026_R,0
P_O_14_CA056,Ground_Daily,P_O_14_CA026_R (15-00-00),P_O_14_CA026_R_shape,P_O_14_CA026_R,0
P_O_14_CA056,Ground_Daily,P_O_14_CA026_R (17-00-00),P_O_14_CA026_R_shape,P_O_14_CA026_R,0
P_O_14_CA056,Ground_Daily,P_O_14_CA026_R (19-00-00),P_O_14_CA026_R_shape,P_O_14_CA026_R,0
P_O_14_CA056,Ground_Daily,P_O_14_CA026_R (21-00-00),P_O_14_CA026_R_shape,P_O_14_CA026_R,0
P_O_14_CA056,Ground_Daily,P_O_14_CA027_O (06-30-00),P_O_14_CA027_O_shape,P_O_14_CA027_O,0
P_O_14_CA056,Ground_Daily,P_O_14_CA027_O (08-00-00),P_O_14_CA027_O_shape,P_O_14_CA027_O,0
P_O_14_CA056,Ground_Daily,P_O_14_CA027_O (09-00-00),P_O_14_CA027_O_shape,P_O_14_CA027_O,0
P_O_14_CA056,Ground_Daily,P_O_14_CA027_O (11-00-00),P_O_14_CA027_O_shape,P_O_14_CA027_O,0
P_O_14_CA056,Ground_Daily,P_O_14_CA027_O (13-00-00),P_O_14_CA027_O_shape,P_O_14_CA027_O,0
P_O_14_CA056,Ground_Daily,P_O_14_CA027_O (15-00-00),P_O_14_CA027_O_shape,P_O_14_CA027_O,0
P_O_14_CA056,Ground_Daily,P_O_14_CA027_O (17-00-00),P_O_14_CA027_O_shape,P_O_14_CA027_O,0
P_O_14_CA056,Ground_Daily,P_O_14_CA027_O (19-00-00),P_O_14_CA027_O_shape,P_O_14_CA027_O,0
P_O_14_CA056,Ground_Daily,P_O_14_CA027_O (21-00-00),P_O_14_CA027_O_shape,P_O_14_CA027_O,0
P_O_14_CA056,Ground_Daily,P_O_14_CA027_R (06-30-00),P_O_14_CA027_R_shape,P_O_14_CA027_R,0
P_O_14_CA056,Ground_Daily,P_O_14_CA027_R (08-00-00),P_O_14_CA027_R_shape,P_O_14_CA027_R,0
P_O_14_CA056,Ground_Daily,P_O_14_CA027_R (09-00-00),P_O_14_CA027_R_shape,P_O_14_CA027_R,0
P_O_14_CA056,Ground_Daily,P_O_14_CA027_R (11-00-00),P_O_14_CA027_R_shape,P_O_14_CA027_R,0
P_O_14_CA056,Ground_Daily,P_O_14_CA027_R (13-00-00),P_O_14_CA027_R_shape,P_O_14_CA027_R,0
P_O_14_CA056,Ground_Daily,P_O_14_CA027_R (15-00-00),P_O_14_CA027_R_shape,P_O_14_CA027_R,0
P_O_14_CA056,Ground_Daily,P_O_14_CA027_R (17-00-00),P_O_14_CA027_R_shape,P_O_14_CA027_R,0
P_O_14_CA056,Ground_Daily,P_O_14_CA027_R (19-00-00),P_O_14_CA027_R_shape,P_O_14_CA027_R,0
P_O_14_CA056,Ground_Daily,P_O_14_CA027_R (21-00-00),P_O_14_CA027_R_shape,P_O_14_CA027_R,0
P_O_14_CA056,Ground_Daily,P_O_14_CA028_O (06-30-00),P_O_14_CA028_O_shape,P_O_14_CA028_O,0
P_O_14_CA056,Ground_Daily,P_O_14_CA028_O (08-00-00),P_O_14_CA028_O_shape,P_O_14_CA028_O,0
P_O_14_CA056,Ground_Daily,P_O_14_CA028_O (09-00-00),P_O_14_CA028_O_shape,P_O_14_CA028_O,0
P_O_14_CA056,Ground_Daily,P_O_14_CA028_O (11-00-00),P_O_14_CA028_O_shape,P_O_14_CA028_O,0
P_O_14_CA056,Ground_Daily,P_O_14_CA028_O (13-00-00),P_O_14_CA028_O_shape,P_O_14_CA028_O,0
P_O_14_CA056,Ground_Daily,P_O_14_CA028_O (15-00-00),P_O_14_CA028_O_shape,P_O_14_CA028_O,0
P_O_14_CA056,Ground_Daily,P_O_14_CA028_O (17-00-00),P_O_14_CA028_O_shape,P_O_14_CA028_O,0
P_O_14_CA056,Ground_Daily,P_O_14_CA028_O (19-00-00),P_O_14_CA028_O_shape,P_O_14_CA028_O,0
P_O_14_CA056,Ground_Daily,P_O_14_CA028_O (21-00-00),P_O_14_CA028_O_shape,P_O_14_CA028_O,0
P_O_14_CA056,Ground_Daily,P_O_14_CA028_R (06-30-00),P_O_14_CA028_R_shape,P_O_14_CA028_R,0
P_O_14_CA056,Ground_Daily,P_O_14_CA028_R (08-00-00),P_O_14_CA028_R_shape,P_O_14_CA028_R,0
P_O_14_CA056,Ground_Daily,P_O_14_CA028_R (09-00-00),P_O_14_CA028_R_shape,P_O_14_CA028_R,0
P_O_14_CA056,Ground_Daily,P_O_14_CA028_R (11-00-00),P_O_14_CA028_R_shape,P_O_14_CA028_R,0
P_O_14_CA056,Ground_Daily,P_O_14_CA028_R (13-00-00),P_O_14_CA028_R_shape,P_O_14_CA028_R,0
P_O_14_CA056,Ground_Daily,P_O_14_CA028_R (15-00-00),P_O_14_CA028_R_shape,P_O_14_CA028_R,0
P_O_14_CA056,Ground_Daily,P_O_14_CA028_R (17-00-00),P_O_14_CA028_R_shape,P_O_14_CA028_R,0
P_O_14_CA056,Ground_Daily,P_O_14_CA028_R (19-00-00),P_O_14_CA028_R_shape,P_O_14_CA028_R,0
P_O_14_CA056,Ground_Daily,P_O_14_CA028_R (21-00-00),P_O_14_CA028_R_shape,P_O_14_CA028_R,0
P_O_14_CA056,Ground_Daily,P_O_14_CA029_O (06-30-00),P_O_14_CA029_O_shape,P_O_14_CA029_O,0
P_O_14_CA056,Ground_Daily,P_O_14_CA029_O (08-00-00),P_O_14_CA029_O_shape,P_O_14_CA029_O,0
P_O_14_CA056,Ground_Daily,P_O_14_CA029_O (09-00-00),P_O_14_CA029_O_shape,P_O_14_CA029_O,0
P_O_14_CA056,Ground_Daily,P_O_14_CA029_O (11-00-00),P_O_14_CA029_O_shape,P_O_14_CA029_O,0
P_O_14_CA056,Ground_Daily,P_O_14_CA029_O (13-00-00),P_O_14_CA029_O_shape,P_O_14_CA029_O,0
P_O_14_CA056,Ground_Daily,P_O_14_CA029_O (15-00-00),P_O_14_CA029_O_shape,P_O_14_CA029_O,0
P_O_14_CA056,Ground_Daily,P_O_14_CA029_O (17-00-00),P_O_14_CA029_O_shape,P_O_14_CA029_O,0
P_O_14_CA056,Ground_Daily,P_O_14_CA029_O (19-00-00),P_O_14_CA029_O_shape,P_O_14_CA029_O,0
P_O_14_CA056,Ground_Daily,P_O_14_CA029_O (21-00-00),P_O_14_CA029_O_shape,P_O_14_CA029_O,0
P_O_14_CA056,Ground_Daily,P_O_14_CA029_R (06-30-00),P_O_14_CA029_R_shape,P_O_14_CA029_R,0
P_O_14_CA056,Ground_Daily,P_O_14_CA029_R (08-00-00),P_O_14_CA029_R_shape,P_O_14_CA029_R,0
P_O_14_CA056,Ground_Daily,P_O_14_CA029_R (09-00-00),P_O_14_CA029_R_shape,P_O_14_CA029_R,0
P_O_14_CA056,Ground_Daily,P_O_14_CA029_R (11-00-00),P_O_14_CA029_R_shape,P_O_14_CA029_R,0
P_O_14_CA056,Ground_Daily,P_O_14_CA029_R (13-00-00),P_O_14_CA029_R_shape,P_O_14_CA029_R,0
P_O_14_CA056,Ground_Daily,P_O_14_CA029_R (15-00-00),P_O_14_CA029_R_shape,P_O_14_CA029_R,0
P_O_14_CA056,Ground_Daily,P_O_14_CA029_R (17-00-00),P_O_14_CA029_R_shape,P_O_14_CA029_R,0
P_O_14_CA056,Ground_Daily,P_O_14_CA029_R (19-00-00),P_O_14_CA029_R_shape,P_O_14_CA029_R,0
P_O_14_CA056,Ground_Daily,P_O_14_CA029_R (21-00-00),P_O_14_CA029_R_shape,P_O_14_CA029_R,0
P_O_14_CA056,Ground_Daily,P_O_14_CA030_O (06-30-00),P_O_14_CA030_O_shape,P_O_14_CA030_O,0
P_O_14_CA056,Ground_Daily,P_O_14_CA030_O (08-00-00),P_O_14_CA030_O_shape,P_O_14_CA030_O,0
P_O_14_CA056,Ground_Daily,P_O_14_CA030_O (09-00-00),P_O_14_CA030_O_shape,P_O_14_CA030_O,0
P_O_14_CA056,Ground_Daily,P_O_14_CA030_O (11-00-00),P_O_14_CA030_O_shape,P_O_14_CA030_O,0
P_O_14_CA056,Ground_Daily,P_O_14_CA030_O (13-00-00),P_O_14_CA030_O_shape,P_O_14_CA030_O,0
P_O_14_CA056,Ground_Daily,P_O_14_CA030_O (15-00-00),P_O_14_CA030_O_shape,P_O_14_CA030_O,0
P_O_14_CA056,Ground_Daily,P_O_14_CA030_O (17-00-00),P_O_14_CA030_O_shape,P_O_14_CA030_O,0
P_O_14_CA056,Ground_Daily,P_O_14_CA030_O (19-00-00),P_O_14_CA030_O_shape,P_O_14_CA030_O,0
P_O_14_CA056,Ground_Daily,P_O_14_CA030_O (21-00-00),P_O_14_CA030_O_shape,P_O_14_CA030_O,0
P_O_14_CA056,Ground_Daily,P_O_14_CA030_R (06-30-00),P_O_14_CA030_R_shape,P_O_14_CA030_R,0
P_O_14_CA056,Ground_Daily,P_O_14_CA030_R (08-00-00),P_O_14_CA030_R_shape,P_O_14_CA030_R,0
P_O_14_CA056,Ground_Daily,P_O_14_CA030_R (09-00-00),P_O_14_CA030_R_shape,P_O_14_CA030_R,0
P_O_14_CA056,Ground_Daily,P_O_14_CA030_R (11-00-00),P_O_14_CA030_R_shape,P_O_14_CA030_R,0
P_O_14_CA056,Ground_Daily,P_O_14_CA030_R (13-00-00),P_O_14_CA030_R_shape,P_O_14_CA030_R,0
P_O_14_CA056,Ground_Daily,P_O_14_CA030_R (15-00-00),P_O_14_CA030_R_shape,P_O_14_CA030_R,0
P_O_14_CA056,Ground_Daily,P_O_14_CA030_R (17-00-00),P_O_14_CA030_R_shape,P_O_14_CA030_R,0
P_O_14_CA056,Ground_Daily,P_O_14_CA030_R (19-00-00),P_O_14_CA030_R_shape,P_O_14_CA030_R,0
P_O_14_CA056,Ground_Daily,P_O_14_CA030_R (21-00-00),P_O_14_CA030_R_shape,P_O_14_CA030_R,0
P_O_14_CA056,Ground_Daily,P_O_14_CA031_O (06-30-00),P_O_14_CA031_O_shape,P_O_14_CA031_O,0
P_O_14_CA056,Ground_Daily,P_O_14_CA031_O (08-00-00),P_O_14_CA031_O_shape,P_O_14_CA031_O,0
P_O_14_CA056,Ground_Daily,P_O_14_CA031_O (09-00-00),P_O_14_CA031_O_shape,P_O_14_CA031_O,0
P_O_14_CA056,Ground_Daily,P_O_14_CA031_O (11-00-00),P_O_14_CA031_O_shape,P_O_14_CA031_O,0
P_O_14_CA056,Ground_Daily,P_O_14_CA031_O (13-00-00),P_O_14_CA031_O_shape,P_O_14_CA031_O,0
P_O_14_CA056,Ground_Daily,P_O_14_CA031_O (15-00-00),P_O_14_CA031_O_shape,P_O_14_CA031_O,0
P_O_14_CA056,Ground_Daily,P_O_14_CA031_O (17-00-00),P_O_14_CA031_O_shape,P_O_14_CA031_O,0
P_O_14_CA056,Ground_Daily,P_O_14_CA031_O (19-00-00),P_O_14_CA031_O_shape,P_O_14_CA031_O,0
P_O_14_CA056,Ground_Daily,P_O_14_CA031_O (21-00-00),P_O_14_CA031_O_shape,P_O_14_CA031_O,0
P_O_14_CA056,Ground_Daily,P_O_14_CA031_R (06-30-00),P_O_14_CA031_R_shape,P_O_14_CA031_R,0
P_O_14_CA056,Ground_Daily,P_O_14_CA031_R (08-00-00),P_O_14_CA031_R_shape,P_O_14_CA031_R,0
P_O_14_CA056,Ground_Daily,P_O_14_CA031_R (09-00-00),P_O_14_CA031_R_shape,P_O_14_CA031_R,0
P_O_14_CA056,Ground_Daily,P_O_14_CA031_R (11-00-00),P_O_14_CA031_R_shape,P_O_14_CA031_R,0
P_O_14_CA056,Ground_Daily,P_O_14_CA031_R (13-00-00),P_O_14_CA031_R_shape,P_O_14_CA031_R,0
P_O_14_CA056,Ground_Daily,P_O_14_CA031_R (15-00-00),P_O_14_CA031_R_shape,P_O_14_CA031_R,0
P_O_14_CA056,Ground_Daily,P_O_14_CA031_R (17-00-00),P_O_14_CA031_R_shape,P_O_14_CA031_R,0
P_O_14_CA056,Ground_Daily,P_O_14_CA031_R (19-00-00),P_O_14_CA031_R_shape,P_O_14_CA031_R,0
P_O_14_CA056,Ground_Daily,P_O_14_CA031_R (21-00-00),P_O_14_CA031_R_shape,P_O_14_CA031_R,0
P_O_14_CA056,Ground_Daily,P_O_14_CA032_O (06-30-00),P_O_14_CA032_O_shape,P_O_14_CA032_O,0
P_O_14_CA056,Ground_Daily,P_O_14_CA032_O (08-00-00),P_O_14_CA032_O_shape,P_O_14_CA032_O,0
P_O_14_CA056,Ground_Daily,P_O_14_CA032_O (09-00-00),P_O_14_CA032_O_shape,P_O_14_CA032_O,0
P_O_14_CA056,Ground_Daily,P_O_14_CA032_O (11-00-00),P_O_14_CA032_O_shape,P_O_14_CA032_O,0
P_O_14_CA056,Ground_Daily,P_O_14_CA032_O (13-00-00),P_O_14_CA032_O_shape,P_O_14_CA032_O,0
P_O_14_CA056,Ground_Daily,P_O_14_CA032_O (15-00-00),P_O_14_CA032_O_shape,P_O_14_CA032_O,0
P_O_14_CA056,Ground_Daily,P_O_14_CA032_O (17-00-00),P_O_14_CA032_O_shape,P_O_14_CA032_O,0
P_O_14_CA056,Ground_Daily,P_O_14_CA032_O (19-00-00),P_O_14_CA032_O_shape,P_O_14_CA032_O,0
P_O_14_CA056,Ground_Daily,P_O_14_CA032_O (21-00-00),P_O_14_CA032_O_shape,P_O_14_CA032_O,0
P_O_14_CA056,Ground_Daily,P_O_14_CA032_R (06-30-00),P_O_14_CA032_R_shape,P_O_14_CA032_R,0
P_O_14_CA056,Ground_Daily,P_O_14_CA032_R (08-00-00),P_O_14_CA032_R_shape,P_O_14_CA032_R,0
P_O_14_CA056,Ground_Daily,P_O_14_CA032_R (09-00-00),P_O_14_CA032_R_shape,P_O_14_CA032_R,0
P_O_14_CA056,Ground_Daily,P_O_14_CA032_R (11-00-00),P_O_14_CA032_R_shape,P_O_14_CA032_R,0
P_O_14_CA056,Ground_Daily,P_O_14_CA032_R (13-00-00),P_O_14_CA032_R_shape,P_O_14_CA032_R,0
P_O_14_CA056,Ground_Daily,P_O_14_CA032_R (15-00-00),P_O_14_CA032_R_shape,P_O_14_CA032_R,0
P_O_14_CA056,Ground_Daily,P_O_14_CA032_R (17-00-00),P_O_14_CA032_R_shape,P_O_14_CA032_R,0
P_O_14_CA056,Ground_Daily,P_O_14_CA032_R (19-00-00),P_O_14_CA032_R_shape,P_O_14_CA032_R,0
P_O_14_CA056,Ground_Daily,P_O_14_CA032_R (21-00-00),P_O_14_CA032_R_shape,P_O_14_CA032_R,0
P_O_14_CA056,Ground_Daily,P_O_14_CA033_R (06-30-00),P_O_14_CA033_R_shape,P_O_14_CA033_R,0
P_O_14_CA056,Ground_Daily,P_O_14_CA033_R (08-00-00),P_O_14_CA033_R_shape,P_O_14_CA033_R,0
P_O_14_CA056,Ground_Daily,P_O_14_CA033_R (09-00-00),P_O_14_CA033_R_shape,P_O_14_CA033_R,0
P_O_14_CA056,Ground_Daily,P_O_14_CA033_R (11-00-00),P_O_14_CA033_R_shape,P_O_14_CA033_R,0
P_O_14_CA056,Ground_Daily,P_O_14_CA033_R (13-00-00),P_O_14_CA033_R_shape,P_O_14_CA033_R,0
P_O_14_CA056,Ground_Daily,P_O_14_CA033_R (15-00-00),P_O_14_CA033_R_shape,P_O_14_CA033_R,0
P_O_14_CA056,Ground_Daily,P_O_14_CA033_R (17-00-00),P_O_14_CA033_R_shape,P_O_14_CA033_R,0
P_O_14_CA056,Ground_Daily,P_O_14_CA033_R (19-00-00),P_O_14_CA033_R_shape,P_O_14_CA033_R,0
P_O_14_CA056,Ground_Daily,P_O_14_CA033_R (21-00-00),P_O_14_CA033_R_shape,P_O_14_CA033_R,0
P_O_14_CA056,Ground_Daily,P_O_14_CA035_O (06-30-00),P_O_14_CA035_O_shape,P_O_14_CA035_O,0
P_O_14_CA056,Ground_Daily,P_O_14_CA035_O (08-00-00),P_O_14_CA035_O_shape,P_O_14_CA035_O,0
P_O_14_CA056,Ground_Daily,P_O_14_CA035_O (09-00-00),P_O_14_CA035_O_shape,P_O_14_CA035_O,0
P_O_14_CA056,Ground_Daily,P_O_14_CA035_O (11-00-00),P_O_14_CA035_O_shape,P_O_14_CA035_O,0
P_O_14_CA056,Ground_Daily,P_O_14_CA035_O (13-00-00),P_O_14_CA035_O_shape,P_O_14_CA035_O,0
P_O_14_CA056,Ground_Daily,P_O_14_CA035_O (15-00-00),P_O_14_CA035_O_shape,P_O_14_CA035_O,0
P_O_14_CA056,Ground_Daily,P_O_14_CA035_O (17-00-00),P_O_14_CA035_O_shape,P_O_14_CA035_O,0
P_O_14_CA056,Ground_Daily,P_O_14_CA035_O (19-00-00),P_O_14_CA035_O_shape,P_O_14_CA035_O,0
P_O_14_CA056,Ground_Daily,P_O_14_CA035_O (21-00-00),P_O_14_CA035_O_shape,P_O_14_CA035_O,0
P_O_14_CA056,Ground_Daily,P_O_14_CA035_R (06-30-00),P_O_14_CA035_R_shape,P_O_14_CA035_R,0
P_O_14_CA056,Ground_Daily,P_O_14_CA035_R (08-00-00),P_O_14_CA035_R_shape,P_O_14_CA035_R,0
P_O_14_CA056,Ground_Daily,P_O_14_CA035_R (09-00-00),P_O_14_CA035_R_shape,P_O_14_CA035_R,0
P_O_14_CA056,Ground_Daily,P_O_14_CA035_R (11-00-00),P_O_14_CA035_R_shape,P_O_14_CA035_R,0
P_O_14_CA056,Ground_Daily,P_O_14_CA035_R (13-00-00),P_O_14_CA035_R_shape,P_O_14_CA035_R,0
P_O_14_CA056,Ground_Daily,P_O_14_CA035_R (15-00-00),P_O_14_CA035_R_shape,P_O_14_CA035_R,0
P_O_14_CA056,Ground_Daily,P_O_14_CA035_R (17-00-00),P_O_14_CA035_R_shape,P_O_14_CA035_R,0
P_O_14_CA056,Ground_Daily,P_O_14_CA035_R (19-00-00),P_O_14_CA035_R_shape,P_O_14_CA035_R,0
P_O_14_CA056,Ground_Daily,P_O_14_CA035_R (21-00-00),P_O_14_CA035_R_shape,P_O_14_CA035_R,0
P_O_14_CA056,Ground_Daily,P_O_14_CA036_O (06-30-00),P_O_14_CA036_O_shape,P_O_14_CA036_O,0
P_O_14_CA056,Ground_Daily,P_O_14_CA036_O (08-00-00),P_O_14_CA036_O_shape,P_O_14_CA036_O,0
P_O_14_CA056,Ground_Daily,P_O_14_CA036_O (09-00-00),P_O_14_CA036_O_shape,P_O_14_CA036_O,0
P_O_14_CA056,Ground_Daily,P_O_14_CA036_O (11-00-00),P_O_14_CA036_O_shape,P_O_14_CA036_O,0
P_O_14_CA056,Ground_Daily,P_O_14_CA036_O (13-00-00),P_O_14_CA036_O_shape,P_O_14_CA036_O,0
P_O_14_CA056,Ground_Daily,P_O_14_CA036_O (15-00-00),P_O_14_CA036_O_shape,P_O_14_CA036_O,0
P_O_14_CA056,Ground_Daily,P_O_14_CA036_O (17-00-00),P_O_14_CA036_O_shape,P_O_14_CA036_O,0
P_O_14_CA056,Ground_Daily,P_O_14_CA036_O (19-00-00),P_O_14_CA036_O_shape,P_O_14_CA036_O,0
P_O_14_CA056,Ground_Daily,P_O_14_CA036_O (21-00-00),P_O_14_CA036_O_shape,P_O_14_CA036_O,0
P_O_14_CA056,Ground_Daily,P_O_14_CA036_R (06-30-00),P_O_14_CA036_R_shape,P_O_14_CA036_R,0
P_O_14_CA056,Ground_Daily,P_O_14_CA036_R (08-00-00),P_O_14_CA036_R_shape,P_O_14_CA036_R,0
P_O_14_CA056,Ground_Daily,P_O_14_CA036_R (09-00-00),P_O_14_CA036_R_shape,P_O_14_CA036_R,0
P_O_14_CA056,Ground_Daily,P_O_14_CA036_R (11-00-00),P_O_14_CA036_R_shape,P_O_14_CA036_R,0
P_O_14_CA056,Ground_Daily,P_O_14_CA036_R (13-00-00),P_O_14_CA036_R_shape,P_O_14_CA036_R,0
P_O_14_CA056,Ground_Daily,P_O_14_CA036_R (15-00-00),P_O_14_CA036_R_shape,P_O_14_CA036_R,0
P_O_14_CA056,Ground_Daily,P_O_14_CA036_R (17-00-00),P_O_14_CA036_R_shape,P_O_14_CA036_R,0
P_O_14_CA056,Ground_Daily,P_O_14_CA036_R (19-00-00),P_O_14_CA036_R_shape,P_O_14_CA036_R,0
P_O_14_CA056,Ground_Daily,P_O_14_CA036_R (21-00-00),P_O_14_CA036_R_shape,P_O_14_CA036_R,0
P_O_14_CA056,Ground_Daily,P_O_14_CA037_O (06-30-00),P_O_14_CA037_O_shape,P_O_14_CA037_O,0
P_O_14_CA056,Ground_Daily,P_O_14_CA037_O (08-00-00),P_O_14_CA037_O_shape,P_O_14_CA037_O,0
P_O_14_CA056,Ground_Daily,P_O_14_CA037_O (09-00-00),P_O_14_CA037_O_shape,P_O_14_CA037_O,0
P_O_14_CA056,Ground_Daily,P_O_14_CA037_O (11-00-00),P_O_14_CA037_O_shape,P_O_14_CA037_O,0
P_O_14_CA056,Ground_Daily,P_O_14_CA037_O (13-00-00),P_O_14_CA037_O_shape,P_O_14_CA037_O,0
P_O_14_CA056,Ground_Daily,P_O_14_CA037_O (15-00-00),P_O_14_CA037_O_shape,P_O_14_CA037_O,0
P_O_14_CA056,Ground_Daily,P_O_14_CA037_O (17-00-00),P_O_14_CA037_O_shape,P_O_14_CA037_O,0
P_O_14_CA056,Ground_Daily,P_O_14_CA037_O (19-00-00),P_O_14_CA037_O_shape,P_O_14_CA037_O,0
P_O_14_CA056,Ground_Daily,P_O_14_CA037_O (21-00-00),P_O_14_CA037_O_shape,P_O_14_CA037_O,0
P_O_14_CA056,Ground_Daily,P_O_14_CA037_R (06-30-00),P_O_14_CA037_R_shape,P_O_14_CA037_R,0
P_O_14_CA056,Ground_Daily,P_O_14_CA037_R (08-00-00),P_O_14_CA037_R_shape,P_O_14_CA037_R,0
P_O_14_CA056,Ground_Daily,P_O_14_CA037_R (09-00-00),P_O_14_CA037_R_shape,P_O_14_CA037_R,0
P_O_14_CA056,Ground_Daily,P_O_14_CA037_R (11-00-00),P_O_14_CA037_R_shape,P_O_14_CA037_R,0
P_O_14_CA056,Ground_Daily,P_O_14_CA037_R (13-00-00),P_O_14_CA037_R_shape,P_O_14_CA037_R,0
P_O_14_CA056,Ground_Daily,P_O_14_CA037_R (15-00-00),P_O_14_CA037_R_shape,P_O_14_CA037_R,0
P_O_14_CA056,Ground_Daily,P_O_14_CA037_R (17-00-00),P_O_14_CA037_R_shape,P_O_14_CA037_R,0
P_O_14_CA056,Ground_Daily,P_O_14_CA037_R (19-00-00),P_O_14_CA037_R_shape,P_O_14_CA037_R,0
P_O_14_CA056,Ground_Daily,P_O_14_CA037_R (21-00-00),P_O_14_CA037_R_shape,P_O_14_CA037_R,0
P_O_14_CA056,Ground_Daily,P_O_14_CA038_R (06-30-00),P_O_14_CA038_R_shape,P_O_14_CA038_R,0
P_O_14_CA056,Ground_Daily,P_O_14_CA038_R (08-00-00),P_O_14_CA038_R_shape,P_O_14_CA038_R,0
P_O_14_CA056,Ground_Daily,P_O_14_CA038_R (09-00-00),P_O_14_CA038_R_shape,P_O_14_CA038_R,0
P_O_14_CA056,Ground_Daily,P_O_14_CA038_R (11-00-00),P_O_14_CA038_R_shape,P_O_14_CA038_R,0
P_O_14_CA056,Ground_Daily,P_O_14_CA038_R (13-00-00),P_O_14_CA038_R_shape,P_O_14_CA038_R,0
P_O_14_CA056,Ground_Daily,P_O_14_CA038_R (15-00-00),P_O_14_CA038_R_shape,P_O_14_CA038_R,0
P_O_14_CA056,Ground_Daily,P_O_14_CA038_R (17-00-00),P_O_14_CA038_R_shape,P_O_14_CA038_R,0
P_O_14_CA056,Ground_Daily,P_O_14_CA038_R (19-00-00),P_O_14_CA038_R_shape,P_O_14_CA038_R,0
P_O_14_CA056,Ground_Daily,P_O_14_CA038_R (21-00-00),P_O_14_CA038_R_shape,P_O_14_CA038_R,0
P_O_14_CA056,Ground_Daily,P_O_14_CA039_O (06-30-00),P_O_14_CA039_O_shape,P_O_14_CA039_O,0
P_O_14_CA056,Ground_Daily,P_O_14_CA039_O (08-00-00),P_O_14_CA039_O_shape,P_O_14_CA039_O,0
P_O_14_CA056,Ground_Daily,P_O_14_CA039_O (09-00-00),P_O_14_CA039_O_shape,P_O_14_CA039_O,0
P_O_14_CA056,Ground_Daily,P_O_14_CA039_O (11-00-00),P_O_14_CA039_O_shape,P_O_14_CA039_O,0
P_O_14_CA056,Ground_Daily,P_O_14_CA039_O (13-00-00),P_O_14_CA039_O_shape,P_O_14_CA039_O,0
P_O_14_CA056,Ground_Daily,P_O_14_CA039_O (15-00-00),P_O_14_CA039_O_shape,P_O_14_CA039_O,0
P_O_14_CA056,Ground_Daily,P_O_14_CA039_O (17-00-00),P_O_14_CA039_O_shape,P_O_14_CA039_O,0
P_O_14_CA056,Ground_Daily,P_O_14_CA039_O (19-00-00),P_O_14_CA039_O_shape,P_O_14_CA039_O,0
P_O_14_CA056,Ground_Daily,P_O_14_CA039_O (21-00-00),P_O_14_CA039_O_shape,P_O_14_CA039_O,0
P_O_14_CA056,Ground_Daily,P_O_14_CA039_R (06-30-00),P_O_14_CA039_R_shape,P_O_14_CA039_R,0
P_O_14_CA056,Ground_Daily,P_O_14_CA039_R (08-00-00),P_O_14_CA039_R_shape,P_O_14_CA039_R,0
P_O_14_CA056,Ground_Daily,P_O_14_CA039_R (09-00-00),P_O_14_CA039_R_shape,P_O_14_CA039_R,0
P_O_14_CA056,Ground_Daily,P_O_14_CA039_R (11-00-00),P_O_14_CA039_R_shape,P_O_14_CA039_R,0
P_O_14_CA056,Ground_Daily,P_O_14_CA039_R (13-00-00),P_O_14_CA039_R_shape,P_O_14_CA039_R,0
P_O_14_CA056,Ground_Daily,P_O_14_CA039_R (15-00-00),P_O_14_CA039_R_shape,P_O_14_CA039_R,0
P_O_14_CA056,Ground_Daily,P_O_14_CA039_R (17-00-00),P_O_14_CA039_R_shape,P_O_14_CA039_R,0
P_O_14_CA056,Ground_Daily,P_O_14_CA039_R (19-00-00),P_O_14_CA039_R_shape,P_O_14_CA039_R,0
P_O_14_CA056,Ground_Daily,P_O_14_CA039_R (21-00-00),P_O_14_CA039_R_shape,P_O_14_CA039_R,0
P_O_14_CA056,Ground_Daily,P_O_14_CA040_O (06-30-00),P_O_14_CA040_O_shape,P_O_14_CA040_O,0
P_O_14_CA056,Ground_Daily,P_O_14_CA040_O (08-00-00),P_O_14_CA040_O_shape,P_O_14_CA040_O,0
P_O_14_CA056,Ground_Daily,P_O_14_CA040_O (09-00-00),P_O_14_CA040_O_shape,P_O_14_CA040_O,0
P_O_14_CA056,Ground_Daily,P_O_14_CA040_O (11-00-00),P_O_14_CA040_O_shape,P_O_14_CA040_O,0
P_O_14_CA056,Ground_Daily,P_O_14_CA040_O (13-00-00),P_O_14_CA040_O_shape,P_O_14_CA040_O,0
P_O_14_CA056,Ground_Daily,P_O_14_CA040_O (15-00-00),P_O_14_CA040_O_shape,P_O_14_CA040_O,0
P_O_14_CA056,Ground_Daily,P_O_14_CA040_O (17-00-00),P_O_14_CA040_O_shape,P_O_14_CA040_O,0
P_O_14_CA056,Ground_Daily,P_O_14_CA040_O (19-00-00),P_O_14_CA040_O_shape,P_O_14_CA040_O,0
P_O_14_CA056,Ground_Daily,P_O_14_CA040_O (21-00-00),P_O_14_CA040_O_shape,P_O_14_CA040_O,0
P_O_14_CA056,Ground_Daily,P_O_14_CA040_R (06-30-00),P_O_14_CA040_R_shape,P_O_14_CA040_R,0
P_O_14_CA056,Ground_Daily,P_O_14_CA040_R (08-00-00),P_O_14_CA040_R_shape,P_O_14_CA040_R,0
P_O_14_CA056,Ground_Daily,P_O_14_CA040_R (09-00-00),P_O_14_CA040_R_shape,P_O_14_CA040_R,0
P_O_14_CA056,Ground_Daily,P_O_14_CA040_R (11-00-00),P_O_14_CA040_R_shape,P_O_14_CA040_R,0
P_O_14_CA056,Ground_Daily,P_O_14_CA040_R (13-00-00),P_O_14_CA040_R_shape,P_O_14_CA040_R,0
P_O_14_CA056,Ground_Daily,P_O_14_CA040_R (15-00-00),P_O_14_CA040_R_shape,P_O_14_CA040_R,0
P_O_14_CA056,Ground_Daily,P_O_14_CA040_R (17-00-00),P_O_14_CA040_R_shape,P_O_14_CA040_R,0
P_O_14_CA056,Ground_Daily,P_O_14_CA040_R (19-00-00),P_O_14_CA040_R_shape,P_O_14_CA040_R,0
P_O_14_CA056,Ground_Daily,P_O_14_CA040_R (21-00-00),P_O_14_CA040_R_shape,P_O_14_CA040_R,0
P_O_14_CA056,Ground_Daily,P_O_14_CA041_O (06-30-00),P_O_14_CA041_O_shape,P_O_14_CA041_O,0
P_O_14_CA056,Ground_Daily,P_O_14_CA041_O (08-00-00),P_O_14_CA041_O_shape,P_O_14_CA041_O,0
P_O_14_CA056,Ground_Daily,P_O_14_CA041_O (09-00-00),P_O_14_CA041_O_shape,P_O_14_CA041_O,0
P_O_14_CA056,Ground_Daily,P_O_14_CA041_O (11-00-00),P_O_14_CA041_O_shape,P_O_14_CA041_O,0
P_O_14_CA056,Ground_Daily,P_O_14_CA041_O (13-00-00),P_O_14_CA041_O_shape,P_O_14_CA041_O,0
P_O_14_CA056,Ground_Daily,P_O_14_CA041_O (15-00-00),P_O_14_CA041_O_shape,P_O_14_CA041_O,0
P_O_14_CA056,Ground_Daily,P_O_14_CA041_O (17-00-00),P_O_14_CA041_O_shape,P_O_14_CA041_O,0
P_O_14_CA056,Ground_Daily,P_O_14_CA041_O (19-00-00),P_O_14_CA041_O_shape,P_O_14_CA041_O,0
P_O_14_CA056,Ground_Daily,P_O_14_CA041_O (21-00-00),P_O_14_CA041_O_shape,P_O_14_CA041_O,0
P_O_14_CA056,Ground_Daily,P_O_14_CA041_R (06-30-00),P_O_14_CA041_R_shape,P_O_14_CA041_R,0
P_O_14_CA056,Ground_Daily,P_O_14_CA041_R (08-00-00),P_O_14_CA041_R_shape,P_O_14_CA041_R,0
P_O_14_CA056,Ground_Daily,P_O_14_CA041_R (09-00-00),P_O_14_CA041_R_shape,P_O_14_CA041_R,0
P_O_14_CA056,Ground_Daily,P_O_14_CA041_R (11-00-00),P_O_14_CA041_R_shape,P_O_14_CA041_R,0
P_O_14_CA056,Ground_Daily,P_O_14_CA041_R (13-00-00),P_O_14_CA041_R_shape,P_O_14_CA041_R,0
P_O_14_CA056,Ground_Daily,P_O_14_CA041_R (15-00-00),P_O_14_CA041_R_shape,P_O_14_CA041_R,0
P_O_14_CA056,Ground_Daily,P_O_14_CA041_R (17-00-00),P_O_14_CA041_R_shape,P_O_14_CA041_R,0
P_O_14_CA056,Ground_Daily,P_O_14_CA041_R (19-00-00),P_O_14_CA041_R_shape,P_O_14_CA041_R,0
P_O_14_CA056,Ground_Daily,P_O_14_CA041_R (21-00-00),P_O_14_CA041_R_shape,P_O_14_CA041_R,0
P_O_14_CA056,Ground_Daily,P_O_14_CA042_O (06-30-00),P_O_14_CA042_O_shape,P_O_14_CA042_O,0
P_O_14_CA056,Ground_Daily,P_O_14_CA042_O (08-00-00),P_O_14_CA042_O_shape,P_O_14_CA042_O,0
P_O_14_CA056,Ground_Daily,P_O_14_CA042_O (09-00-00),P_O_14_CA042_O_shape,P_O_14_CA042_O,0
P_O_14_CA056,Ground_Daily,P_O_14_CA042_O (11-00-00),P_O_14_CA042_O_shape,P_O_14_CA042_O,0
P_O_14_CA056,Ground_Daily,P_O_14_CA042_O (13-00-00),P_O_14_CA042_O_shape,P_O_14_CA042_O,0
P_O_14_CA056,Ground_Daily,P_O_14_CA042_O (15-00-00),P_O_14_CA042_O_shape,P_O_14_CA042_O,0
P_O_14_CA056,Ground_Daily,P_O_14_CA042_O (17-00-00),P_O_14_CA042_O_shape,P_O_14_CA042_O,0
P_O_14_CA056,Ground_Daily,P_O_14_CA042_O (19-00-00),P_O_14_CA042_O_shape,P_O_14_CA042_O,0
P_O_14_CA056,Ground_Daily,P_O_14_CA042_O (21-00-00),P_O_14_CA042_O_shape,P_O_14_CA042_O,0
P_O_14_CA056,Ground_Daily,P_O_14_CA042_R (06-30-00),P_O_14_CA042_R_shape,P_O_14_CA042_R,0
P_O_14_CA056,Ground_Daily,P_O_14_CA042_R (08-00-00),P_O_14_CA042_R_shape,P_O_14_CA042_R,0
P_O_14_CA056,Ground_Daily,P_O_14_CA042_R (09-00-00),P_O_14_CA042_R_shape,P_O_14_CA042_R,0
P_O_14_CA056,Ground_Daily,P_O_14_CA042_R (11-00-00),P_O_14_CA042_R_shape,P_O_14_CA042_R,0
P_O_14_CA056,Ground_Daily,P_O_14_CA042_R (13-00-00),P_O_14_CA042_R_shape,P_O_14_CA042_R,0
P_O_14_CA056,Ground_Daily,P_O_14_CA042_R (15-00-00),P_O_14_CA042_R_shape,P_O_14_CA042_R,0
P_O_14_CA056,Ground_Daily,P_O_14_CA042_R (17-00-00),P_O_14_CA042_R_shape,P_O_14_CA042_R,0
P_O_14_CA056,Ground_Daily,P_O_14_CA042_R (19-00-00),P_O_14_CA042_R_shape,P_O_14_CA042_R,0
P_O_14_CA056,Ground_Daily,P_O_14_CA042_R (21-00-00),P_O_14_CA042_R_shape,P_O_14_CA042_R,0
P_O_14_CA056,Ground_Daily,P_O_14_CA043_O (06-30-00),P_O_14_CA043_O_shape,P_O_14_CA043_O,0
P_O_14_CA056,Ground_Daily,P_O_14_CA043_O (08-00-00),P_O_14_CA043_O_shape,P_O_14_CA043_O,0
P_O_14_CA056,Ground_Daily,P_O_14_CA043_O (09-00-00),P_O_14_CA043_O_shape,P_O_14_CA043_O,0
P_O_14_CA056,Ground_Daily,P_O_14_CA043_O (11-00-00),P_O_14_CA043_O_shape,P_O_14_CA043_O,0
P_O_14_CA056,Ground_Daily,P_O_14_CA043_O (13-00-00),P_O_14_CA043_O_shape,P_O_14_CA043_O,0
P_O_14_CA056,Ground_Daily,P_O_14_CA043_O (15-00-00),P_O_14_CA043_O_shape,P_O_14_CA043_O,0
P_O_14_CA056,Ground_Daily,P_O_14_CA043_O (17-00-00),P_O_14_CA043_O_shape,P_O_14_CA043_O,0
P_O_14_CA056,Ground_Daily,P_O_14_CA043_O (19-00-00),P_O_14_CA043_O_shape,P_O_14_CA043_O,0
P_O_14_CA056,Ground_Daily,P_O_14_CA043_O (21-00-00),P_O_14_CA043_O_shape,P_O_14_CA043_O,0
P_O_14_CA056,Ground_Daily,P_O_14_CA043_R (06-30-00),P_O_14_CA043_R_shape,P_O_14_CA043_R,0
P_O_14_CA056,Ground_Daily,P_O_14_CA043_R (08-00-00),P_O_14_CA043_R_shape,P_O_14_CA043_R,0
P_O_14_CA056,Ground_Daily,P_O_14_CA043_R (09-00-00),P_O_14_CA043_R_shape,P_O_14_CA043_R,0
P_O_14_CA056,Ground_Daily,P_O_14_CA043_R (11-00-00),P_O_14_CA043_R_shape,P_O_14_CA043_R,0
P_O_14_CA056,Ground_Daily,P_O_14_CA043_R (13-00-00),P_O_14_CA043_R_shape,P_O_14_CA043_R,0
P_O_14_CA056,Ground_Daily,P_O_14_CA043_R (15-00-00),P_O_14_CA043_R_shape,P_O_14_CA043_R,0
P_O_14_CA056,Ground_Daily,P_O_14_CA043_R (17-00-00),P_O_14_CA043_R_shape,P_O_14_CA043_R,0
P_O_14_CA056,Ground_Daily,P_O_14_CA043_R (19-00-00),P_O_14_CA043_R_shape,P_O_14_CA043_R,0
P_O_14_CA056,Ground_Daily,P_O_14_CA043_R (21-00-00),P_O_14_CA043_R_shape,P_O_14_CA043_R,0
P_O_14_CA056,Ground_Daily,P_O_14_CA044_O (06-30-00),P_O_14_CA044_O_shape,P_O_14_CA044_O,0
P_O_14_CA056,Ground_Daily,P_O_14_CA044_O (08-00-00),P_O_14_CA044_O_shape,P_O_14_CA044_O,0
P_O_14_CA056,Ground_Daily,P_O_14_CA044_O (09-00-00),P_O_14_CA044_O_shape,P_O_14_CA044_O,0
P_O_14_CA056,Ground_Daily,P_O_14_CA044_O (11-00-00),P_O_14_CA044_O_shape,P_O_14_CA044_O,0
P_O_14_CA056,Ground_Daily,P_O_14_CA044_O (13-00-00),P_O_14_CA044_O_shape,P_O_14_CA044_O,0
P_O_14_CA056,Ground_Daily,P_O_14_CA044_O (15-00-00),P_O_14_CA044_O_shape,P_O_14_CA044_O,0
P_O_14_CA056,Ground_Daily,P_O_14_CA044_O (17-00-00),P_O_14_CA044_O_shape,P_O_14_CA044_O,0
P_O_14_CA056,Ground_Daily,P_O_14_CA044_O (19-00-00),P_O_14_CA044_O_shape,P_O_14_CA044_O,0
P_O_14_CA056,Ground_Daily,P_O_14_CA044_O (21-00-00),P_O_14_CA044_O_shape,P_O_14_CA044_O,0
P_O_14_CA056,Ground_Daily,P_O_14_CA044_R (06-30-00),P_O_14_CA044_R_shape,P_O_14_CA044_R,0
P_O_14_CA056,Ground_Daily,P_O_14_CA044_R (08-00-00),P_O_14_CA044_R_shape,P_O_14_CA044_R,0
P_O_14_CA056,Ground_Daily,P_O_14_CA044_R (09-00-00),P_O_14_CA044_R_shape,P_O_14_CA044_R,0
P_O_14_CA056,Ground_Daily,P_O_14_CA044_R (11-00-00),P_O_14_CA044_R_shape,P_O_14_CA044_R,0
P_O_14_CA056,Ground_Daily,P_O_14_CA044_R (13-00-00),P_O_14_CA044_R_shape,P_O_14_CA044_R,0
P_O_14_CA056,Ground_Daily,P_O_14_CA044_R (15-00-00),P_O_14_CA044_R_shape,P_O_14_CA044_R,0
P_O_14_CA056,Ground_Daily,P_O_14_CA044_R (17-00-00),P_O_14_CA044_R_shape,P_O_14_CA044_R,0
P_O_14_CA056,Ground_Daily,P_O_14_CA044_R (19-00-00),P_O_14_CA044_R_shape,P_O_14_CA044_R,0
P_O_14_CA056,Ground_Daily,P_O_14_CA044_R (21-00-00),P_O_14_CA044_R_shape,P_O_14_CA044_R,0
P_O_14_CA056,Ground_Daily,P_O_14_CA045_O (06-30-00),P_O_14_CA045_O_shape,P_O_14_CA045_O,0
P_O_14_CA056,Ground_Daily,P_O_14_CA045_O (08-00-00),P_O_14_CA045_O_shape,P_O_14_CA045_O,0
P_O_14_CA056,Ground_Daily,P_O_14_CA045_O (09-00-00),P_O_14_CA045_O_shape,P_O_14_CA045_O,0
P_O_14_CA056,Ground_Daily,P_O_14_CA045_O (11-00-00),P_O_14_CA045_O_shape,P_O_14_CA045_O,0
P_O_14_CA056,Ground_Daily,P_O_14_CA045_O (13-00-00),P_O_14_CA045_O_shape,P_O_14_CA045_O,0
P_O_14_CA056,Ground_Daily,P_O_14_CA045_O (15-00-00),P_O_14_CA045_O_shape,P_O_14_CA045_O,0
P_O_14_CA056,Ground_Daily,P_O_14_CA045_O (17-00-00),P_O_14_CA045_O_shape,P_O_14_CA045_O,0
P_O_14_CA056,Ground_Daily,P_O_14_CA045_O (19-00-00),P_O_14_CA045_O_shape,P_O_14_CA045_O,0
P_O_14_CA056,Ground_Daily,P_O_14_CA045_O (21-00-00),P_O_14_CA045_O_shape,P_O_14_CA045_O,0
P_O_14_CA056,Ground_Daily,P_O_14_CA045_R (06-30-00),P_O_14_CA045_R_shape,P_O_14_CA045_R,0
P_O_14_CA056,Ground_Daily,P_O_14_CA045_R (08-00-00),P_O_14_CA045_R_shape,P_O_14_CA045_R,0
P_O_14_CA056,Ground_Daily,P_O_14_CA045_R (09-00-00),P_O_14_CA045_R_shape,P_O_14_CA045_R,0
P_O_14_CA056,Ground_Daily,P_O_14_CA045_R (11-00-00),P_O_14_CA045_R_shape,P_O_14_CA045_R,0
P_O_14_CA056,Ground_Daily,P_O_14_CA045_R (13-00-00),P_O_14_CA045_R_shape,P_O_14_CA045_R,0
P_O_14_CA056,Ground_Daily,P_O_14_CA045_R (15-00-00),P_O_14_CA045_R_shape,P_O_14_CA045_R,0
P_O_14_CA056,Ground_Daily,P_O_14_CA045_R (17-00-00),P_O_14_CA045_R_shape,P_O_14_CA045_R,0
P_O_14_CA056,Ground_Daily,P_O_14_CA045_R (19-00-00),P_O_14_CA045_R_shape,P_O_14_CA045_R,0
P_O_14_CA056,Ground_Daily,P_O_14_CA045_R (21-00-00),P_O_14_CA045_R_shape,P_O_14_CA045_R,0
P_O_14_CA056,Ground_Daily,P_O_14_CA047_O (06-30-00),P_O_14_CA047_O_shape,P_O_14_CA047_O,0
P_O_14_CA056,Ground_Daily,P_O_14_CA047_O (08-00-00),P_O_14_CA047_O_shape,P_O_14_CA047_O,0
P_O_14_CA056,Ground_Daily,P_O_14_CA047_O (09-00-00),P_O_14_CA047_O_shape,P_O_14_CA047_O,0
P_O_14_CA056,Ground_Daily,P_O_14_CA047_O (11-00-00),P_O_14_CA047_O_shape,P_O_14_CA047_O,0
P_O_14_CA056,Ground_Daily,P_O_14_CA047_O (13-00-00),P_O_14_CA047_O_shape,P_O_14_CA047_O,0
P_O_14_CA056,Ground_Daily,P_O_14_CA047_O (15-00-00),P_O_14_CA047_O_shape,P_O_14_CA047_O,0
P_O_14_CA056,Ground_Daily,P_O_14_CA047_O (17-00-00),P_O_14_CA047_O_shape,P_O_14_CA047_O,0
P_O_14_CA056,Ground_Daily,P_O_14_CA047_O (19-00-00),P_O_14_CA047_O_shape,P_O_14_CA047_O,0
P_O_14_CA056,Ground_Daily,P_O_14_CA047_O (21-00-00),P_O_14_CA047_O_shape,P_O_14_CA047_O,0
P_O_14_CA056,Ground_Daily,P_O_14_CA047_R (06-30-00),P_O_14_CA047_R_shape,P_O_14_CA047_R,0
P_O_14_CA056,Ground_Daily,P_O_14_CA047_R (08-00-00),P_O_14_CA047_R_shape,P_O_14_CA047_R,0
P_O_14_CA056,Ground_Daily,P_O_14_CA047_R (09-00-00),P_O_14_CA047_R_shape,P_O_14_CA047_R,0
P_O_14_CA056,Ground_Daily,P_O_14_CA047_R (11-00-00),P_O_14_CA047_R_shape,P_O_14_CA047_R,0
P_O_14_CA056,Ground_Daily,P_O_14_CA047_R (13-00-00),P_O_14_CA047_R_shape,P_O_14_CA047_R,0
P_O_14_CA056,Ground_Daily,P_O_14_CA047_R (15-00-00),P_O_14_CA047_R_shape,P_O_14_CA047_R,0
P_O_14_CA056,Ground_Daily,P_O_14_CA047_R (17-00-00),P_O_14_CA047_R_shape,P_O_14_CA047_R,0
P_O_14_CA056,Ground_Daily,P_O_14_CA047_R (19-00-00),P_O_14_CA047_R_shape,P_O_14_CA047_R,0
P_O_14_CA056,Ground_Daily,P_O_14_CA047_R (21-00-00),P_O_14_CA047_R_shape,P_O_14_CA047_R,0
P_O_14_CA056,Ground_Daily,P_O_14_CA048_O (06-30-00),P_O_14_CA048_O_shape,P_O_14_CA048_O,0
P_O_14_CA056,Ground_Daily,P_O_14_CA048_O (08-00-00),P_O_14_CA048_O_shape,P_O_14_CA048_O,0
P_O_14_CA056,Ground_Daily,P_O_14_CA048_O (09-00-00),P_O_14_CA048_O_shape,P_O_14_CA048_O,0
P_O_14_CA056,Ground_Daily,P_O_14_CA048_O (11-00-00),P_O_14_CA048_O_shape,P_O_14_CA048_O,0
P_O_14_CA056,Ground_Daily,P_O_14_CA048_O (13-00-00),P_O_14_CA048_O_shape,P_O_14_CA048_O,0
P_O_14_CA056,Ground_Daily,P_O_14_CA048_O (15-00-00),P_O_14_CA048_O_shape,P_O_14_CA048_O,0
P_O_14_CA056,Ground_Daily,P_O_14_CA048_O (17-00-00),P_O_14_CA048_O_shape,P_O_14_CA048_O,0
P_O_14_CA056,Ground_Daily,P_O_14_CA048_O (19-00-00),P_O_14_CA048_O_shape,P_O_14_CA048_O,0
P_O_14_CA056,Ground_Daily,P_O_14_CA048_O (21-00-00),P_O_14_CA048_O_shape,P_O_14_CA048_O,0
P_O_14_CA056,Ground_Daily,P_O_14_CA049_O (06-30-00),P_O_14_CA049_O_shape,P_O_14_CA049_O,0
P_O_14_CA056,Ground_Daily,P_O_14_CA049_O (08-00-00),P_O_14_CA049_O_shape,P_O_14_CA049_O,0
P_O_14_CA056,Ground_Daily,P_O_14_CA049_O (09-00-00),P_O_14_CA049_O_shape,P_O_14_CA049_O,0
P_O_14_CA056,Ground_Daily,P_O_14_CA049_O (11-00-00),P_O_14_CA049_O_shape,P_O_14_CA049_O,0
P_O_14_CA056,Ground_Daily,P_O_14_CA049_O (13-00-00),P_O_14_CA049_O_shape,P_O_14_CA049_O,0
P_O_14_CA056,Ground_Daily,P_O_14_CA049_O (15-00-00),P_O_14_CA049_O_shape,P_O_14_CA049_O,0
P_O_14_CA056,Ground_Daily,P_O_14_CA049_O (17-00-00),P_O_14_CA049_O_shape,P_O_14_CA049_O,0
P_O_14_CA056,Ground_Daily,P_O_14_CA049_O (19-00-00),P_O_14_CA049_O_shape,P_O_14_CA049_O,0
P_O_14_CA056,Ground_Daily,P_O_14_CA049_O (21-00-00),P_O_14_CA049_O_shape,P_O_14_CA049_O,0
P_O_14_CA056,Ground_Daily,P_O_14_CA049_R (06-30-00),P_O_14_CA049_R_shape,P_O_14_CA049_R,0
P_O_14_CA056,Ground_Daily,P_O_14_CA049_R (08-00-00),P_O_14_CA049_R_shape,P_O_14_CA049_R,0
P_O_14_CA056,Ground_Daily,P_O_14_CA049_R (09-00-00),P_O_14_CA049_R_shape,P_O_14_CA049_R,0
P_O_14_CA056,Ground_Daily,P_O_14_CA049_R (11-00-00),P_O_14_CA049_R_shape,P_O_14_CA049_R,0
P_O_14_CA056,Ground_Daily,P_O_14_CA049_R (13-00-00),P_O_14_CA049_R_shape,P_O_14_CA049_R,0
P_O_14_CA056,Ground_Daily,P_O_14_CA049_R (15-00-00),P_O_14_CA049_R_shape,P_O_14_CA049_R,0
P_O_14_CA056,Ground_Daily,P_O_14_CA049_R (17-00-00),P_O_14_CA049_R_shape,P_O_14_CA049_R,0
P_O_14_CA056,Ground_Daily,P_O_14_CA049_R (19-00-00),P_O_14_CA049_R_shape,P_O_14_CA049_R,0
P_O_14_CA056,Ground_Daily,P_O_14_CA049_R (21-00-00),P_O_14_CA049_R_shape,P_O_14_CA049_R,0
P_O_14_CA056,Ground_Daily,P_O_14_CA050_O (06-30-00),P_O_14_CA050_O_shape,P_O_14_CA050_O,0
P_O_14_CA056,Ground_Daily,P_O_14_CA050_O (08-00-00),P_O_14_CA050_O_shape,P_O_14_CA050_O,0
P_O_14_CA056,Ground_Daily,P_O_14_CA050_O (09-00-00),P_O_14_CA050_O_shape,P_O_14_CA050_O,0
P_O_14_CA056,Ground_Daily,P_O_14_CA050_O (11-00-00),P_O_14_CA050_O_shape,P_O_14_CA050_O,0
P_O_14_CA056,Ground_Daily,P_O_14_CA050_O (13-00-00),P_O_14_CA050_O_shape,P_O_14_CA050_O,0
P_O_14_CA056,Ground_Daily,P_O_14_CA050_O (15-00-00),P_O_14_CA050_O_shape,P_O_14_CA050_O,0
P_O_14_CA056,Ground_Daily,P_O_14_CA050_O (17-00-00),P_O_14_CA050_O_shape,P_O_14_CA050_O,0
P_O_14_CA056,Ground_Daily,P_O_14_CA050_O (19-00-00),P_O_14_CA050_O_shape,P_O_14_CA050_O,0
P_O_14_CA056,Ground_Daily,P_O_14_CA050_O (21-00-00),P_O_14_CA050_O_shape,P_O_14_CA050_O,0
P_O_14_CA056,Ground_Daily,P_O_14_CA050_R (06-30-00),P_O_14_CA050_R_shape,P_O_14_CA050_R,0
P_O_14_CA056,Ground_Daily,P_O_14_CA050_R (08-00-00),P_O_14_CA050_R_shape,P_O_14_CA050_R,0
P_O_14_CA056,Ground_Daily,P_O_14_CA050_R (09-00-00),P_O_14_CA050_R_shape,P_O_14_CA050_R,0
P_O_14_CA056,Ground_Daily,P_O_14_CA050_R (11-00-00),P_O_14_CA050_R_shape,P_O_14_CA050_R,0
P_O_14_CA056,Ground_Daily,P_O_14_CA050_R (13-00-00),P_O_14_CA050_R_shape,P_O_14_CA050_R,0
P_O_14_CA056,Ground_Daily,P_O_14_CA050_R (15-00-00),P_O_14_CA050_R_shape,P_O_14_CA050_R,0
P_O_14_CA056,Ground_Daily,P_O_14_CA050_R (17-00-00),P_O_14_CA050_R_shape,P_O_14_CA050_R,0
P_O_14_CA056,Ground_Daily,P_O_14_CA050_R (19-00-00),P_O_14_CA050_R_shape,P_O_14_CA050_R,0
P_O_14_CA056,Ground_Daily,P_O_14_CA050_R (21-00-00),P_O_14_CA050_R_shape,P_O_14_CA050_R,0
P_O_14_CA056,Ground_Daily,P_O_14_CA051_O (06-30-00),P_O_14_CA051_O_shape,P_O_14_CA051_O,0
P_O_14_CA056,Ground_Daily,P_O_14_CA051_O (08-00-00),P_O_14_CA051_O_shape,P_O_14_CA051_O,0
P_O_14_CA056,Ground_Daily,P_O_14_CA051_O (09-00-00),P_O_14_CA051_O_shape,P_O_14_CA051_O,0
P_O_14_CA056,Ground_Daily,P_O_14_CA051_O (11-00-00),P_O_14_CA051_O_shape,P_O_14_CA051_O,0
P_O_14_CA056,Ground_Daily,P_O_14_CA051_O (13-00-00),P_O_14_CA051_O_shape,P_O_14_CA051_O,0
P_O_14_CA056,Ground_Daily,P_O_14_CA051_O (15-00-00),P_O_14_CA051_O_shape,P_O_14_CA051_O,0
P_O_14_CA056,Ground_Daily,P_O_14_CA051_O (17-00-00),P_O_14_CA051_O_shape,P_O_14_CA051_O,0
P_O_14_CA056,Ground_Daily,P_O_14_CA051_O (19-00-00),P_O_14_CA051_O_shape,P_O_14_CA051_O,0
P_O_14_CA056,Ground_Daily,P_O_14_CA051_O (21-00-00),P_O_14_CA051_O_shape,P_O_14_CA051_O,0
P_O_14_CA056,Ground_Daily,P_O_14_CA051_R (06-30-00),P_O_14_CA051_R_shape,P_O_14_CA051_R,0
P_O_14_CA056,Ground_Daily,P_O_14_CA051_R (08-00-00),P_O_14_CA051_R_shape,P_O_14_CA051_R,0
P_O_14_CA056,Ground_Daily,P_O_14_CA051_R (09-00-00),P_O_14_CA051_R_shape,P_O_14_CA051_R,0
P_O_14_CA056,Ground_Daily,P_O_14_CA051_R (11-00-00),P_O_14_CA051_R_shape,P_O_14_CA051_R,0
P_O_14_CA056,Ground_Daily,P_O_14_CA051_R (13-00-00),P_O_14_CA051_R_shape,P_O_14_CA051_R,0
P_O_14_CA056,Ground_Daily,P_O_14_CA051_R (15-00-00),P_O_14_CA051_R_shape,P_O_14_CA051_R,0
P_O_14_CA056,Ground_Daily,P_O_14_CA051_R (17-00-00),P_O_14_CA051_R_shape,P_O_14_CA051_R,0
P_O_14_CA056,Ground_Daily,P_O_14_CA051_R (19-00-00),P_O_14_CA051_R_shape,P_O_14_CA051_R,0
P_O_14_CA056,Ground_Daily,P_O_14_CA051_R (21-00-00),P_O_14_CA051_R_shape,P_O_14_CA051_R,0
P_O_14_CA056,Ground_Daily,P_O_14_CA052_O (06-30-00),P_O_14_CA052_O_shape,P_O_14_CA052_O,0
P_O_14_CA056,Ground_Daily,P_O_14_CA052_O (08-00-00),P_O_14_CA052_O_shape,P_O_14_CA052_O,0
P_O_14_CA056,Ground_Daily,P_O_14_CA052_O (09-00-00),P_O_14_CA052_O_shape,P_O_14_CA052_O,0
P_O_14_CA056,Ground_Daily,P_O_14_CA052_O (11-00-00),P_O_14_CA052_O_shape,P_O_14_CA052_O,0
P_O_14_CA056,Ground_Daily,P_O_14_CA052_O (13-00-00),P_O_14_CA052_O_shape,P_O_14_CA052_O,0
P_O_14_CA056,Ground_Daily,P_O_14_CA052_O (15-00-00),P_O_14_CA052_O_shape,P_O_14_CA052_O,0
P_O_14_CA056,Ground_Daily,P_O_14_CA052_O (17-00-00),P_O_14_CA052_O_shape,P_O_14_CA052_O,0
P_O_14_CA056,Ground_Daily,P_O_14_CA052_O (19-00-00),P_O_14_CA052_O_shape,P_O_14_CA052_O,0
P_O_14_CA056,Ground_Daily,P_O_14_CA052_O (21-00-00),P_O_14_CA052_O_shape,P_O_14_CA052_O,0
P_O_14_CA056,Ground_Daily,P_O_14_CA052_R (06-30-00),P_O_14_CA052_R_shape,P_O_14_CA052_R,0
P_O_14_CA056,Ground_Daily,P_O_14_CA052_R (08-00-00),P_O_14_CA052_R_shape,P_O_14_CA052_R,0
P_O_14_CA056,Ground_Daily,P_O_14_CA052_R (09-00-00),P_O_14_CA052_R_shape,P_O_14_CA052_R,0
P_O_14_CA056,Ground_Daily,P_O_14_CA052_R (11-00-00),P_O_14_CA052_R_shape,P_O_14_CA052_R,0
P_O_14_CA056,Ground_Daily,P_O_14_CA052_R (13-00-00),P_O_14_CA052_R_shape,P_O_14_CA052_R,0
P_O_14_CA056,Ground_Daily,P_O_14_CA052_R (15-00-00),P_O_14_CA052_R_shape,P_O_14_CA052_R,0
P_O_14_CA056,Ground_Daily,P_O_14_CA052_R (17-00-00),P_O_14_CA052_R_shape,P_O_14_CA052_R,0
P_O_14_CA056,Ground_Daily,P_O_14_CA052_R (19-00-00),P_O_14_CA052_R_shape,P_O_14_CA052_R,0
P_O_14_CA056,Ground_Daily,P_O_14_CA052_R (21-00-00),P_O_14_CA052_R_shape,P_O_14_CA052_R,0
P_O_14_CA056,Ground_Daily,P_O_14_CA053_O (06-30-00),P_O_14_CA053_O_shape,P_O_14_CA053_O,0
P_O_14_CA056,Ground_Daily,P_O_14_CA053_O (08-00-00),P_O_14_CA053_O_shape,P_O_14_CA053_O,0
P_O_14_CA056,Ground_Daily,P_O_14_CA053_O (09-00-00),P_O_14_CA053_O_shape,P_O_14_CA053_O,0
P_O_14_CA056,Ground_Daily,P_O_14_CA053_O (11-00-00),P_O_14_CA053_O_shape,P_O_14_CA053_O,0
P_O_14_CA056,Ground_Daily,P_O_14_CA053_O (13-00-00),P_O_14_CA053_O_shape,P_O_14_CA053_O,0
P_O_14_CA056,Ground_Daily,P_O_14_CA053_O (15-00-00),P_O_14_CA053_O_shape,P_O_14_CA053_O,0
P_O_14_CA056,Ground_Daily,P_O_14_CA053_O (17-00-00),P_O_14_CA053_O_shape,P_O_14_CA053_O,0
P_O_14_CA056,Ground_Daily,P_O_14_CA053_O (19-00-00),P_O_14_CA053_O_shape,P_O_14_CA053_O,0
P_O_14_CA056,Ground_Daily,P_O_14_CA053_O (21-00-00),P_O_14_CA053_O_shape,P_O_14_CA053_O,0
P_O_14_CA056,Ground_Daily,P_O_14_CA053_R (06-30-00),P_O_14_CA053_R_shape,P_O_14_CA053_R,0
P_O_14_CA056,Ground_Daily,P_O_14_CA053_R (08-00-00),P_O_14_CA053_R_shape,P_O_14_CA053_R,0
P_O_14_CA056,Ground_Daily,P_O_14_CA053_R (09-00-00),P_O_14_CA053_R_shape,P_O_14_CA053_R,0
P_O_14_CA056,Ground_Daily,P_O_14_CA053_R (11-00-00),P_O_14_CA053_R_shape,P_O_14_CA053_R,0
P_O_14_CA056,Ground_Daily,P_O_14_CA053_R (13-00-00),P_O_14_CA053_R_shape,P_O_14_CA053_R,0
P_O_14_CA056,Ground_Daily,P_O_14_CA053_R (15-00-00),P_O_14_CA053_R_shape,P_O_14_CA053_R,0
P_O_14_CA056,Ground_Daily,P_O_14_CA053_R (17-00-00),P_O_14_CA053_R_shape,P_O_14_CA053_R,0
P_O_14_CA056,Ground_Daily,P_O_14_CA053_R (19-00-00),P_O_14_CA053_R_shape,P_O_14_CA053_R,0
P_O_14_CA056,Ground_Daily,P_O_14_CA053_R (21-00-00),P_O_14_CA053_R_shape,P_O_14_CA053_R,0
P_O_14_CA056,Ground_Daily,P_O_14_CA054_O (06-30-00),P_O_14_CA054_O_shape,P_O_14_CA054_O,0
P_O_14_CA056,Ground_Daily,P_O_14_CA054_O (08-00-00),P_O_14_CA054_O_shape,P_O_14_CA054_O,0
P_O_14_CA056,Ground_Daily,P_O_14_CA054_O (09-00-00),P_O_14_CA054_O_shape,P_O_14_CA054_O,0
P_O_14_CA056,Ground_Daily,P_O_14_CA054_O (11-00-00),P_O_14_CA054_O_shape,P_O_14_CA054_O,0
P_O_14_CA056,Ground_Daily,P_O_14_CA054_O (13-00-00),P_O_14_CA054_O_shape,P_O_14_CA054_O,0
P_O_14_CA056,Ground_Daily,P_O_14_CA054_O (15-00-00),P_O_14_CA054_O_shape,P_O_14_CA054_O,0
P_O_14_CA056,Ground_Daily,P_O_14_CA054_O (17-00-00),P_O_14_CA054_O_shape,P_O_14_CA054_O,0
P_O_14_CA056,Ground_Daily,P_O_14_CA054_O (19-00-00),P_O_14_CA054_O_shape,P_O_14_CA054_O,0
P_O_14_CA056,Ground_Daily,P_O_14_CA054_O (21-00-00),P_O_14_CA054_O_shape,P_O_14_CA054_O,0
P_O_14_CA056,Ground_Daily,P_O_14_CA054_R (06-30-00),P_O_14_CA054_R_shape,P_O_14_CA054_R,0
P_O_14_CA056,Ground_Daily,P_O_14_CA054_R (08-00-00),P_O_14_CA054_R_shape,P_O_14_CA054_R,0
P_O_14_CA056,Ground_Daily,P_O_14_CA054_R (09-00-00),P_O_14_CA054_R_shape,P_O_14_CA054_R,0
P_O_14_CA056,Ground_Daily,P_O_14_CA054_R (11-00-00),P_O_14_CA054_R_shape,P_O_14_CA054_R,0
P_O_14_CA056,Ground_Daily,P_O_14_CA054_R (13-00-00),P_O_14_CA054_R_shape,P_O_14_CA054_R,0
P_O_14_CA056,Ground_Daily,P_O_14_CA054_R (15-00-00),P_O_14_CA054_R_shape,P_O_14_CA054_R,0
P_O_14_CA056,Ground_Daily,P_O_14_CA054_R (17-00-00),P_O_14_CA054_R_shape,P_O_14_CA054_R,0
P_O_14_CA056,Ground_Daily,P_O_14_CA054_R (19-00-00),P_O_14_CA054_R_shape,P_O_14_CA054_R,0
P_O_14_CA056,Ground_Daily,P_O_14_CA054_R (21-00-00),P_O_14_CA054_R_shape,P_O_14_CA054_R,0
P_O_14_CA056,Ground_Daily,P_O_14_CA055_O (06-30-00),P_O_14_CA055_O_shape,P_O_14_CA055_O,0
P_O_14_CA056,Ground_Daily,P_O_14_CA055_O (08-00-00),P_O_14_CA055_O_shape,P_O_14_CA055_O,0
P_O_14_CA056,Ground_Daily,P_O_14_CA055_O (09-00-00),P_O_14_CA055_O_shape,P_O_14_CA055_O,0
P_O_14_CA056,Ground_Daily,P_O_14_CA055_O (11-00-00),P_O_14_CA055_O_shape,P_O_14_CA055_O,0
P_O_14_CA056,Ground_Daily,P_O_14_CA055_O (13-00-00),P_O_14_CA055_O_shape,P_O_14_CA055_O,0
P_O_14_CA056,Ground_Daily,P_O_14_CA055_O (15-00-00),P_O_14_CA055_O_shape,P_O_14_CA055_O,0
P_O_14_CA056,Ground_Daily,P_O_14_CA055_O (17-00-00),P_O_14_CA055_O_shape,P_O_14_CA055_O,0
P_O_14_CA056,Ground_Daily,P_O_14_CA055_O (19-00-00),P_O_14_CA055_O_shape,P_O_14_CA055_O,0
P_O_14_CA056,Ground_Daily,P_O_14_CA055_O (21-00-00),P_O_14_CA055_O_shape,P_O_14_CA055_O,0
P_O_14_CA056,Ground_Daily,P_O_14_CA055_R (06-30-00),P_O_14_CA055_R_shape,P_O_14_CA055_R,0
P_O_14_CA056,Ground_Daily,P_O_14_CA055_R (08-00-00),P_O_14_CA055_R_shape,P_O_14_CA055_R,0
P_O_14_CA056,Ground_Daily,P_O_14_CA055_R (09-00-00),P_O_14_CA055_R_shape,P_O_14_CA055_R,0
P_O_14_CA056,Ground_Daily,P_O_14_CA055_R (11-00-00),P_O_14_CA055_R_shape,P_O_14_CA055_R,0
P_O_14_CA056,Ground_Daily,P_O_14_CA055_R (13-00-00),P_O_14_CA055_R_shape,P_O_14_CA055_R,0
P_O_14_CA056,Ground_Daily,P_O_14_CA055_R (15-00-00),P_O_14_CA055_R_shape,P_O_14_CA055_R,0
P_O_14_CA056,Ground_Daily,P_O_14_CA055_R (17-00-00),P_O_14_CA055_R_shape,P_O_14_CA055_R,0
P_O_14_CA056,Ground_Daily,P_O_14_CA055_R (19-00-00),P_O_14_CA055_R_shape,P_O_14_CA055_R,0
P_O_14_CA056,Ground_Daily,P_O_14_CA055_R (21-00-00),P_O_14_CA055_R_shape,P_O_14_CA055_R,0
P_O_14_CA056,Ground_Daily,P_O_14_CA056_O (06-30-00),P_O_14_CA056_O_shape,P_O_14_CA056_O,0
P_O_14_CA056,Ground_Daily,P_O_14_CA056_O (08-00-00),P_O_14_CA056_O_shape,P_O_14_CA056_O,0
P_O_14_CA056,Ground_Daily,P_O_14_CA056_O (09-00-00),P_O_14_CA056_O_shape,P_O_14_CA056_O,0
P_O_14_CA056,Ground_Daily,P_O_14_CA056_O (11-00-00),P_O_14_CA056_O_shape,P_O_14_CA056_O,0
P_O_14_CA056,Ground_Daily,P_O_14_CA056_O (13-00-00),P_O_14_CA056_O_shape,P_O_14_CA056_O,0
P_O_14_CA056,Ground_Daily,P_O_14_CA056_O (15-00-00),P_O_14_CA056_O_shape,P_O_14_CA056_O,0
P_O_14_CA056,Ground_Daily,P_O_14_CA056_O (17-00-00),P_O_14_CA056_O_shape,P_O_14_CA056_O,0
P_O_14_CA056,Ground_Daily,P_O_14_CA056_O (19-00-00),P_O_14_CA056_O_shape,P_O_14_CA056_O,0
P_O_14_CA056,Ground_Daily,P_O_14_CA056_O (21-00-00),P_O_14_CA056_O_shape,P_O_14_CA056_O,0
P_O_14_CA056,Ground_Daily,P_O_14_CA056_R (06-30-00),P_O_14_CA056_R_shape,P_O_14_CA056_R,0
P_O_14_CA056,Ground_Daily,P_O_14_CA056_R (08-00-00),P_O_14_CA056_R_shape,P_O_14_CA056_R,0
P_O_14_CA056,Ground_Daily,P_O_14_CA056_R (09-00-00),P_O_14_CA056_R_shape,P_O_14_CA056_R,0
P_O_14_CA056,Ground_Daily,P_O_14_CA056_R (11-00-00),P_O_14_CA056_R_shape,P_O_14_CA056_R,0
P_O_14_CA056,Ground_Daily,P_O_14_CA056_R (13-00-00),P_O_14_CA056_R_shape,P_O_14_CA056_R,0
P_O_14_CA056,Ground_Daily,P_O_14_CA056_R (15-00-00),P_O_14_CA056_R_shape,P_O_14_CA056_R,0
P_O_14_CA056,Ground_Daily,P_O_14_CA056_R (17-00-00),P_O_14_CA056_R_shape,P_O_14_CA056_R,0
P_O_14_CA056,Ground_Daily,P_O_14_CA056_R (19-00-00),P_O_14_CA056_R_shape,P_O_14_CA056_R,0
P_O_14_CA056,Ground_Daily,P_O_14_CA056_R (21-00-00),P_O_14_CA056_R_shape,P_O_14_CA056_R,0
P_O_14_CA056,Ground_Daily,P_O_14_CA057_O (06-30-00),P_O_14_CA057_O_shape,P_O_14_CA057_O,0
P_O_14_CA056,Ground_Daily,P_O_14_CA057_O (08-00-00),P_O_14_CA057_O_shape,P_O_14_CA057_O,0
P_O_14_CA056,Ground_Daily,P_O_14_CA057_O (09-00-00),P_O_14_CA057_O_shape,P_O_14_CA057_O,0
P_O_14_CA056,Ground_Daily,P_O_14_CA057_O (11-00-00),P_O_14_CA057_O_shape,P_O_14_CA057_O,0
P_O_14_CA056,Ground_Daily,P_O_14_CA057_O (13-00-00),P_O_14_CA057_O_shape,P_O_14_CA057_O,0
P_O_14_CA056,Ground_Daily,P_O_14_CA057_O (15-00-00),P_O_14_CA057_O_shape,P_O_14_CA057_O,0
P_O_14_CA056,Ground_Daily,P_O_14_CA057_O (17-00-00),P_O_14_CA057_O_shape,P_O_14_CA057_O,0
P_O_14_CA056,Ground_Daily,P_O_14_CA057_O (19-00-00),P_O_14_CA057_O_shape,P_O_14_CA057_O,0
P_O_14_CA056,Ground_Daily,P_O_14_CA057_O (21-00-00),P_O_14_CA057_O_shape,P_O_14_CA057_O,0
P_O_14_CA056,Ground_Daily,P_O_14_CA057_R (06-30-00),P_O_14_CA057_R_shape,P_O_14_CA057_R,0
P_O_14_CA056,Ground_Daily,P_O_14_CA057_R (08-00-00),P_O_14_CA057_R_shape,P_O_14_CA057_R,0
P_O_14_CA056,Ground_Daily,P_O_14_CA057_R (09-00-00),P_O_14_CA057_R_shape,P_O_14_CA057_R,0
P_O_14_CA056,Ground_Daily,P_O_14_CA057_R (11-00-00),P_O_14_CA057_R_shape,P_O_14_CA057_R,0
P_O_14_CA056,Ground_Daily,P_O_14_CA057_R (13-00-00),P_O_14_CA057_R_shape,P_O_14_CA057_R,0
P_O_14_CA056,Ground_Daily,P_O_14_CA057_R (15-00-00),P_O_14_CA057_R_shape,P_O_14_CA057_R,0
P_O_14_CA056,Ground_Daily,P_O_14_CA057_R (17-00-00),P_O_14_CA057_R_shape,P_O_14_CA057_R,0
P_O_14_CA056,Ground_Daily,P_O_14_CA057_R (19-00-00),P_O_14_CA057_R_shape,P_O_14_CA057_R,0
P_O_14_CA056,Ground_Daily,P_O_14_CA057_R (21-00-00),P_O_14_CA057_R_shape,P_O_14_CA057_R,0
P_O_14_CA056,Ground_Daily,P_O_14_CA058_R (06-30-00),P_O_14_CA058_R_shape,P_O_14_CA058_R,0
P_O_14_CA056,Ground_Daily,P_O_14_CA058_R (08-00-00),P_O_14_CA058_R_shape,P_O_14_CA058_R,0
P_O_14_CA056,Ground_Daily,P_O_14_CA058_R (09-00-00),P_O_14_CA058_R_shape,P_O_14_CA058_R,0
P_O_14_CA056,Ground_Daily,P_O_14_CA058_R (11-00-00),P_O_14_CA058_R_shape,P_O_14_CA058_R,0
P_O_14_CA056,Ground_Daily,P_O_14_CA058_R (13-00-00),P_O_14_CA058_R_shape,P_O_14_CA058_R,0
P_O_14_CA056,Ground_Daily,P_O_14_CA058_R (15-00-00),P_O_14_CA058_R_shape,P_O_14_CA058_R,0
P_O_14_CA056,Ground_Daily,P_O_14_CA058_R (17-00-00),P_O_14_CA058_R_shape,P_O_14_CA058_R,0
P_O_14_CA056,Ground_Daily,P_O_14_CA058_R (19-00-00),P_O_14_CA058_R_shape,P_O_14_CA058_R,0
P_O_14_CA056,Ground_Daily,P_O_14_CA058_R (21-00-00),P_O_14_CA058_R_shape,P_O_14_CA058_R,0
P_O_14_CA056,Ground_Daily,P_O_14_CA059_O (06-30-00),P_O_14_CA059_O_shape,P_O_14_CA059_O,0
P_O_14_CA056,Ground_Daily,P_O_14_CA059_O (08-00-00),P_O_14_CA059_O_shape,P_O_14_CA059_O,0
P_O_14_CA056,Ground_Daily,P_O_14_CA059_O (09-00-00),P_O_14_CA059_O_shape,P_O_14_CA059_O,0
P_O_14_CA056,Ground_Daily,P_O_14_CA059_O (11-00-00),P_O_14_CA059_O_shape,P_O_14_CA059_O,0
P_O_14_CA056,Ground_Daily,P_O_14_CA059_O (13-00-00),P_O_14_CA059_O_shape,P_O_14_CA059_O,0
P_O_14_CA056,Ground_Daily,P_O_14_CA059_O (15-00-00),P_O_14_CA059_O_shape,P_O_14_CA059_O,0
P_O_14_CA056,Ground_Daily,P_O_14_CA059_O (17-00-00),P_O_14_CA059_O_shape,P_O_14_CA059_O,0
P_O_14_CA056,Ground_Daily,P_O_14_CA059_O (19-00-00),P_O_14_CA059_O_shape,P_O_14_CA059_O,0
P_O_14_CA056,Ground_Daily,P_O_14_CA059_O (21-00-00),P_O_14_CA059_O_shape,P_O_14_CA059_O,0
P_O_14_CA056,Ground_Daily,P_O_14_CA059_R (06-30-00),P_O_14_CA059_R_shape,P_O_14_CA059_R,0
P_O_14_CA056,Ground_Daily,P_O_14_CA059_R (08-00-00),P_O_14_CA059_R_shape,P_O_14_CA059_R,0
P_O_14_CA056,Ground_Daily,P_O_14_CA059_R (09-00-00),P_O_14_CA059_R_shape,P_O_14_CA059_R,0
P_O_14_CA056,Ground_Daily,P_O_14_CA059_R (11-00-00),P_O_14_CA059_R_shape,P_O_14_CA059_R,0
P_O_14_CA056,Ground_Daily,P_O_14_CA059_R (13-00-00),P_O_14_CA059_R_shape,P_O_14_CA059_R,0
P_O_14_CA056,Ground_Daily,P_O_14_CA059_R (15-00-00),P_O_14_CA059_R_shape,P_O_14_CA059_R,0
P_O_14_CA056,Ground_Daily,P_O_14_CA059_R (17-00-00),P_O_14_CA059_R_shape,P_O_14_CA059_R,0
P_O_14_CA056,Ground_Daily,P_O_14_CA059_R (19-00-00),P_O_14_CA059_R_shape,P_O_14_CA059_R,0
P_O_14_CA056,Ground_Daily,P_O_14_CA059_R (21-00-00),P_O_14_CA059_R_shape,P_O_14_CA059_R,0
P_O_14_CA056,Ground_Daily,P_O_14_CA060_R (06-30-00),P_O_14_CA060_R_shape,P_O_14_CA060_R,0
P_O_14_CA056,Ground_Daily,P_O_14_CA060_R (08-00-00),P_O_14_CA060_R_shape,P_O_14_CA060_R,0
P_O_14_CA056,Ground_Daily,P_O_14_CA060_R (09-00-00),P_O_14_CA060_R_shape,P_O_14_CA060_R,0
P_O_14_CA056,Ground_Daily,P_O_14_CA060_R (11-00-00),P_O_14_CA060_R_shape,P_O_14_CA060_R,0
P_O_14_CA056,Ground_Daily,P_O_14_CA060_R (13-00-00),P_O_14_CA060_R_shape,P_O_14_CA060_R,0
P_O_14_CA056,Ground_Daily,P_O_14_CA060_R (15-00-00),P_O_14_CA060_R_shape,P_O_14_CA060_R,0
P_O_14_CA056,Ground_Daily,P_O_14_CA060_R (17-00-00),P_O_14_CA060_R_shape,P_O_14_CA060_R,0
P_O_14_CA056,Ground_Daily,P_O_14_CA060_R (19-00-00),P_O_14_CA060_R_shape,P_O_14_CA060_R,0
P_O_14_CA056,Ground_Daily,P_O_14_CA060_R (21-00-00),P_O_14_CA060_R_shape,P_O_14_CA060_R,0
P_O_14_CA056,Ground_Daily,P_O_14_CA061_R (06-30-00),P_O_14_CA061_R_shape,P_O_14_CA061_R,0
P_O_14_CA056,Ground_Daily,P_O_14_CA061_R (08-00-00),P_O_14_CA061_R_shape,P_O_14_CA061_R,0
P_O_14_CA056,Ground_Daily,P_O_14_CA061_R (09-00-00),P_O_14_CA061_R_shape,P_O_14_CA061_R,0
P_O_14_CA056,Ground_Daily,P_O_14_CA061_R (11-00-00),P_O_14_CA061_R_shape,P_O_14_CA061_R,0
P_O_14_CA056,Ground_Daily,P_O_14_CA061_R (13-00-00),P_O_14_CA061_R_shape,P_O_14_CA061_R,0
P_O_14_CA056,Ground_Daily,P_O_14_CA061_R (15-00-00),P_O_14_CA061_R_shape,P_O_14_CA061_R,0
P_O_14_CA056,Ground_Daily,P_O_14_CA061_R (17-00-00),P_O_14_CA061_R_shape,P_O_14_CA061_R,0
P_O_14_CA056,Ground_Daily,P_O_14_CA061_R (19-00-00),P_O_14_CA061_R_shape,P_O_14_CA061_R,0
P_O_14_CA056,Ground_Daily,P_O_14_CA061_R (21-00-00),P_O_14_CA061_R_shape,P_O_14_CA061_R,0
P_O_14_CA056,Ground_Daily,P_O_14_CA062_O (06-30-00),P_O_14_CA062_O_shape,P_O_14_CA062_O,0
P_O_14_CA056,Ground_Daily,P_O_14_CA062_O (08-00-00),P_O_14_CA062_O_shape,P_O_14_CA062_O,0
P_O_14_CA056,Ground_Daily,P_O_14_CA062_O (09-00-00),P_O_14_CA062_O_shape,P_O_14_CA062_O,0
P_O_14_CA056,Ground_Daily,P_O_14_CA062_O (11-00-00),P_O_14_CA062_O_shape,P_O_14_CA062_O,0
P_O_14_CA056,Ground_Daily,P_O_14_CA062_O (13-00-00),P_O_14_CA062_O_shape,P_O_14_CA062_O,0
P_O_14_CA056,Ground_Daily,P_O_14_CA062_O (15-00-00),P_O_14_CA062_O_shape,P_O_14_CA062_O,0
P_O_14_CA056,Ground_Daily,P_O_14_CA062_O (17-00-00),P_O_14_CA062_O_shape,P_O_14_CA062_O,0
P_O_14_CA056,Ground_Daily,P_O_14_CA062_O (19-00-00),P_O_14_CA062_O_shape,P_O_14_CA062_O,0
P_O_14_CA056,Ground_Daily,P_O_14_CA062_O (21-00-00),P_O_14_CA062_O_shape,P_O_14_CA062_O,0
P_O_14_CA056,Ground_Daily,P_O_14_CA062_R (06-30-00),P_O_14_CA062_R_shape,P_O_14_CA062_R,0
P_O_14_CA056,Ground_Daily,P_O_14_CA062_R (08-00-00),P_O_14_CA062_R_shape,P_O_14_CA062_R,0
P_O_14_CA056,Ground_Daily,P_O_14_CA062_R (09-00-00),P_O_14_CA062_R_shape,P_O_14_CA062_R,0
P_O_14_CA056,Ground_Daily,P_O_14_CA062_R (11-00-00),P_O_14_CA062_R_shape,P_O_14_CA062_R,0
P_O_14_CA056,Ground_Daily,P_O_14_CA062_R (13-00-00),P_O_14_CA062_R_shape,P_O_14_CA062_R,0
P_O_14_CA056,Ground_Daily,P_O_14_CA062_R (15-00-00),P_O_14_CA062_R_shape,P_O_14_CA062_R,0
P_O_14_CA056,Ground_Daily,P_O_14_CA062_R (17-00-00),P_O_14_CA062_R_shape,P_O_14_CA062_R,0
P_O_14_CA056,Ground_Daily,P_O_14_CA062_R (19-00-00),P_O_14_CA062_R_shape,P_O_14_CA062_R,0
P_O_14_CA056,Ground_Daily,P_O_14_CA062_R (21-00-00),P_O_14_CA062_R_shape,P_O_14_CA062_R,0
P_O_14_CA056,Ground_Daily,P_O_14_CA063_O (06-30-00),P_O_14_CA063_O_shape,P_O_14_CA063_O,0
P_O_14_CA056,Ground_Daily,P_O_14_CA063_O (08-00-00),P_O_14_CA063_O_shape,P_O_14_CA063_O,0
P_O_14_CA056,Ground_Daily,P_O_14_CA063_O (09-00-00),P_O_14_CA063_O_shape,P_O_14_CA063_O,0
P_O_14_CA056,Ground_Daily,P_O_14_CA063_O (11-00-00),P_O_14_CA063_O_shape,P_O_14_CA063_O,0
P_O_14_CA056,Ground_Daily,P_O_14_CA063_O (13-00-00),P_O_14_CA063_O_shape,P_O_14_CA063_O,0
P_O_14_CA056,Ground_Daily,P_O_14_CA063_O (15-00-00),P_O_14_CA063_O_shape,P_O_14_CA063_O,0
P_O_14_CA056,Ground_Daily,P_O_14_CA063_O (17-00-00),P_O_14_CA063_O_shape,P_O_14_CA063_O,0
P_O_14_CA056,Ground_Daily,P_O_14_CA063_O (19-00-00),P_O_14_CA063_O_shape,P_O_14_CA063_O,0
P_O_14_CA056,Ground_Daily,P_O_14_CA063_O (21-00-00),P_O_14_CA063_O_shape,P_O_14_CA063_O,0
P_O_14_CA056,Ground_Daily,P_O_14_CA063_R (06-30-00),P_O_14_CA063_R_shape,P_O_14_CA063_R,0
P_O_14_CA056,Ground_Daily,P_O_14_CA063_R (08-00-00),P_O_14_CA063_R_shape,P_O_14_CA063_R,0
P_O_14_CA056,Ground_Daily,P_O_14_CA063_R (09-00-00),P_O_14_CA063_R_shape,P_O_14_CA063_R,0
P_O_14_CA056,Ground_Daily,P_O_14_CA063_R (11-00-00),P_O_14_CA063_R_shape,P_O_14_CA063_R,0
P_O_14_CA056,Ground_Daily,P_O_14_CA063_R (13-00-00),P_O_14_CA063_R_shape,P_O_14_CA063_R,0
P_O_14_CA056,Ground_Daily,P_O_14_CA063_R (15-00-00),P_O_14_CA063_R_shape,P_O_14_CA063_R,0
P_O_14_CA056,Ground_Daily,P_O_14_CA063_R (17-00-00),P_O_14_CA063_R_shape,P_O_14_CA063_R,0
P_O_14_CA056,Ground_Daily,P_O_14_CA063_R (19-00-00),P_O_14_CA063_R_shape,P_O_14_CA063_R,0
P_O_14_CA056,Ground_Daily,P_O_14_CA063_R (21-00-00),P_O_14_CA063_R_shape,P_O_14_CA063_R,0
P_O_14_CA056,Ground_Daily,P_O_14_CA064_O (06-30-00),P_O_14_CA064_O_shape,P_O_14_CA064_O,0
P_O_14_CA056,Ground_Daily,P_O_14_CA064_O (08-00-00),P_O_14_CA064_O_shape,P_O_14_CA064_O,0
P_O_14_CA056,Ground_Daily,P_O_14_CA064_O (09-00-00),P_O_14_CA064_O_shape,P_O_14_CA064_O,0
P_O_14_CA056,Ground_Daily,P_O_14_CA064_O (11-00-00),P_O_14_CA064_O_shape,P_O_14_CA064_O,0
P_O_14_CA056,Ground_Daily,P_O_14_CA064_O (13-00-00),P_O_14_CA064_O_shape,P_O_14_CA064_O,0
P_O_14_CA056,Ground_Daily,P_O_14_CA064_O (15-00-00),P_O_14_CA064_O_shape,P_O_14_CA064_O,0
P_O_14_CA056,Ground_Daily,P_O_14_CA064_O (17-00-00),P_O_14_CA064_O_shape,P_O_14_CA064_O,0
P_O_14_CA056,Ground_Daily,P_O_14_CA064_O (19-00-00),P_O_14_CA064_O_shape,P_O_14_CA064_O,0
P_O_14_CA056,Ground_Daily,P_O_14_CA064_O (21-00-00),P_O_14_CA064_O_shape,P_O_14_CA064_O,0
P_O_14_CA056,Ground_Daily,P_O_14_CA064_R (06-30-00),P_O_14_CA064_R_shape,P_O_14_CA064_R,0
P_O_14_CA056,Ground_Daily,P_O_14_CA064_R (08-00-00),P_O_14_CA064_R_shape,P_O_14_CA064_R,0
P_O_14_CA056,Ground_Daily,P_O_14_CA064_R (09-00-00),P_O_14_CA064_R_shape,P_O_14_CA064_R,0
P_O_14_CA056,Ground_Daily,P_O_14_CA064_R (11-00-00),P_O_14_CA064_R_shape,P_O_14_CA064_R,0
P_O_14_CA056,Ground_Daily,P_O_14_CA064_R (13-00-00),P_O_14_CA064_R_shape,P_O_14_CA064_R,0
P_O_14_CA056,Ground_Daily,P_O_14_CA064_R (15-00-00),P_O_14_CA064_R_shape,P_O_14_CA064_R,0
P_O_14_CA056,Ground_Daily,P_O_14_CA064_R (17-00-00),P_O_14_CA064_R_shape,P_O_14_CA064_R,0
P_O_14_CA056,Ground_Daily,P_O_14_CA064_R (19-00-00),P_O_14_CA064_R_shape,P_O_14_CA064_R,0
P_O_14_CA056,Ground_Daily,P_O_14_CA064_R (21-00-00),P_O_14_CA064_R_shape,P_O_14_CA064_R,0
P_O_14_CA056,Ground_Daily,P_O_14_CA065_O (06-30-00),P_O_14_CA065_O_shape,P_O_14_CA065_O,0
P_O_14_CA056,Ground_Daily,P_O_14_CA065_O (08-00-00),P_O_14_CA065_O_shape,P_O_14_CA065_O,0
P_O_14_CA056,Ground_Daily,P_O_14_CA065_O (09-00-00),P_O_14_CA065_O_shape,P_O_14_CA065_O,0
P_O_14_CA056,Ground_Daily,P_O_14_CA065_O (11-00-00),P_O_14_CA065_O_shape,P_O_14_CA065_O,0
P_O_14_CA056,Ground_Daily,P_O_14_CA065_O (13-00-00),P_O_14_CA065_O_shape,P_O_14_CA065_O,0
P_O_14_CA056,Ground_Daily,P_O_14_CA065_O (15-00-00),P_O_14_CA065_O_shape,P_O_14_CA065_O,0
P_O_14_CA056,Ground_Daily,P_O_14_CA065_O (17-00-00),P_O_14_CA065_O_shape,P_O_14_CA065_O,0
P_O_14_CA056,Ground_Daily,P_O_14_CA065_O (19-00-00),P_O_14_CA065_O_shape,P_O_14_CA065_O,0
P_O_14_CA056,Ground_Daily,P_O_14_CA065_O (21-00-00),P_O_14_CA065_O_shape,P_O_14_CA065_O,0
P_O_14_CA056,Ground_Daily,P_O_14_CA065_R (06-30-00),P_O_14_CA065_R_shape,P_O_14_CA065_R,0
P_O_14_CA056,Ground_Daily,P_O_14_CA065_R (08-00-00),P_O_14_CA065_R_shape,P_O_14_CA065_R,0
P_O_14_CA056,Ground_Daily,P_O_14_CA065_R (09-00-00),P_O_14_CA065_R_shape,P_O_14_CA065_R,0
P_O_14_CA056,Ground_Daily,P_O_14_CA065_R (11-00-00),P_O_14_CA065_R_shape,P_O_14_CA065_R,0
P_O_14_CA056,Ground_Daily,P_O_14_CA065_R (13-00-00),P_O_14_CA065_R_shape,P_O_14_CA065_R,0
P_O_14_CA056,Ground_Daily,P_O_14_CA065_R (15-00-00),P_O_14_CA065_R_shape,P_O_14_CA065_R,0
P_O_14_CA056,Ground_Daily,P_O_14_CA065_R (17-00-00),P_O_14_CA065_R_shape,P_O_14_CA065_R,0
P_O_14_CA056,Ground_Daily,P_O_14_CA065_R (19-00-00),P_O_14_CA065_R_shape,P_O_14_CA065_R,0
P_O_14_CA056,Ground_Daily,P_O_14_CA065_R (21-00-00),P_O_14_CA065_R_shape,P_O_14_CA065_R,0
P_O_14_CA056,Ground_Daily,P_O_14_CA066_O (06-30-00),P_O_14_CA066_O_shape,P_O_14_CA066_O,0
P_O_14_CA056,Ground_Daily,P_O_14_CA066_O (08-00-00),P_O_14_CA066_O_shape,P_O_14_CA066_O,0
P_O_14_CA056,Ground_Daily,P_O_14_CA066_O (09-00-00),P_O_14_CA066_O_shape,P_O_14_CA066_O,0
P_O_14_CA056,Ground_Daily,P_O_14_CA066_O (11-00-00),P_O_14_CA066_O_shape,P_O_14_CA066_O,0
P_O_14_CA056,Ground_Daily,P_O_14_CA066_O (13-00-00),P_O_14_CA066_O_shape,P_O_14_CA066_O,0
P_O_14_CA056,Ground_Daily,P_O_14_CA066_O (15-00-00),P_O_14_CA066_O_shape,P_O_14_CA066_O,0
P_O_14_CA056,Ground_Daily,P_O_14_CA066_O (17-00-00),P_O_14_CA066_O_shape,P_O_14_CA066_O,0
P_O_14_CA056,Ground_Daily,P_O_14_CA066_O (19-00-00),P_O_14_CA066_O_shape,P_O_14_CA066_O,0
P_O_14_CA056,Ground_Daily,P_O_14_CA066_O (21-00-00),P_O_14_CA066_O_shape,P_O_14_CA066_O,0
P_O_14_CA056,Ground_Daily,P_O_14_CA067_O (06-30-00),P_O_14_CA067_O_shape,P_O_14_CA067_O,0
P_O_14_CA056,Ground_Daily,P_O_14_CA067_O (08-00-00),P_O_14_CA067_O_shape,P_O_14_CA067_O,0
P_O_14_CA056,Ground_Daily,P_O_14_CA067_O (09-00-00),P_O_14_CA067_O_shape,P_O_14_CA067_O,0
P_O_14_CA056,Ground_Daily,P_O_14_CA067_O (11-00-00),P_O_14_CA067_O_shape,P_O_14_CA067_O,0
P_O_14_CA056,Ground_Daily,P_O_14_CA067_O (13-00-00),P_O_14_CA067_O_shape,P_O_14_CA067_O,0
P_O_14_CA056,Ground_Daily,P_O_14_CA067_O (15-00-00),P_O_14_CA067_O_shape,P_O_14_CA067_O,0
P_O_14_CA056,Ground_Daily,P_O_14_CA067_O (17-00-00),P_O_14_CA067_O_shape,P_O_14_CA067_O,0
P_O_14_CA056,Ground_Daily,P_O_14_CA067_O (19-00-00),P_O_14_CA067_O_shape,P_O_14_CA067_O,0
P_O_14_CA056,Ground_Daily,P_O_14_CA067_O (21-00-00),P_O_14_CA067_O_shape,P_O_14_CA067_O,0
P_O_14_CA056,Ground_Daily,P_O_14_CA067_R (06-30-00),P_O_14_CA067_R_shape,P_O_14_CA067_R,0
P_O_14_CA056,Ground_Daily,P_O_14_CA067_R (08-00-00),P_O_14_CA067_R_shape,P_O_14_CA067_R,0
P_O_14_CA056,Ground_Daily,P_O_14_CA067_R (09-00-00),P_O_14_CA067_R_shape,P_O_14_CA067_R,0
P_O_14_CA056,Ground_Daily,P_O_14_CA067_R (11-00-00),P_O_14_CA067_R_shape,P_O_14_CA067_R,0
P_O_14_CA056,Ground_Daily,P_O_14_CA067_R (13-00-00),P_O_14_CA067_R_shape,P_O_14_CA067_R,0
P_O_14_CA056,Ground_Daily,P_O_14_CA067_R (15-00-00),P_O_14_CA067_R_shape,P_O_14_CA067_R,0
P_O_14_CA056,Ground_Daily,P_O_14_CA067_R (17-00-00),P_O_14_CA067_R_shape,P_O_14_CA067_R,0
P_O_14_CA056,Ground_Daily,P_O_14_CA067_R (19-00-00),P_O_14_CA067_R_shape,P_O_14_CA067_R,0
P_O_14_CA056,Ground_Daily,P_O_14_CA067_R (21-00-00),P_O_14_CA067_R_shape,P_O_14_CA067_R,0
P_O_14_CA056,Ground_Daily,P_O_14_CA068_R (06-30-00),P_O_14_CA068_R_shape,P_O_14_CA068_R,0
P_O_14_CA056,Ground_Daily,P_O_14_CA068_R (08-00-00),P_O_14_CA068_R_shape,P_O_14_CA068_R,0
P_O_14_CA056,Ground_Daily,P_O_14_CA068_R (09-00-00),P_O_14_CA068_R_shape,P_O_14_CA068_R,0
P_O_14_CA056,Ground_Daily,P_O_14_CA068_R (11-00-00),P_O_14_CA068_R_shape,P_O_14_CA068_R,0
P_O_14_CA056,Ground_Daily,P_O_14_CA068_R (13-00-00),P_O_14_CA068_R_shape,P_O_14_CA068_R,0
P_O_14_CA056,Ground_Daily,P_O_14_CA068_R (15-00-00),P_O_14_CA068_R_shape,P_O_14_CA068_R,0
P_O_14_CA056,Ground_Daily,P_O_14_CA068_R (17-00-00),P_O_14_CA068_R_shape,P_O_14_CA068_R,0
P_O_14_CA056,Ground_Daily,P_O_14_CA068_R (19-00-00),P_O_14_CA068_R_shape,P_O_14_CA068_R,0
P_O_14_CA056,Ground_Daily,P_O_14_CA068_R (21-00-00),P_O_14_CA068_R_shape,P_O_14_CA068_R,0
P_O_14_CA056,Ground_Daily,P_O_14_CA069_O (06-30-00),P_O_14_CA069_O_shape,P_O_14_CA069_O,0
P_O_14_CA056,Ground_Daily,P_O_14_CA069_O (08-00-00),P_O_14_CA069_O_shape,P_O_14_CA069_O,0
P_O_14_CA056,Ground_Daily,P_O_14_CA069_O (09-00-00),P_O_14_CA069_O_shape,P_O_14_CA069_O,0
P_O_14_CA056,Ground_Daily,P_O_14_CA069_O (11-00-00),P_O_14_CA069_O_shape,P_O_14_CA069_O,0
P_O_14_CA056,Ground_Daily,P_O_14_CA069_O (13-00-00),P_O_14_CA069_O_shape,P_O_14_CA069_O,0
P_O_14_CA056,Ground_Daily,P_O_14_CA069_O (15-00-00),P_O_14_CA069_O_shape,P_O_14_CA069_O,0
P_O_14_CA056,Ground_Daily,P_O_14_CA069_O (17-00-00),P_O_14_CA069_O_shape,P_O_14_CA069_O,0
P_O_14_CA056,Ground_Daily,P_O_14_CA069_O (19-00-00),P_O_14_CA069_O_shape,P_O_14_CA069_O,0
P_O_14_CA056,Ground_Daily,P_O_14_CA069_O (21-00-00),P_O_14_CA069_O_shape,P_O_14_CA069_O,0
P_O_14_CA056,Ground_Daily,P_O_14_CA070_O (06-30-00),P_O_14_CA070_O_shape,P_O_14_CA070_O,0
P_O_14_CA056,Ground_Daily,P_O_14_CA070_O (08-00-00),P_O_14_CA070_O_shape,P_O_14_CA070_O,0
P_O_14_CA056,Ground_Daily,P_O_14_CA070_O (09-00-00),P_O_14_CA070_O_shape,P_O_14_CA070_O,0
P_O_14_CA056,Ground_Daily,P_O_14_CA070_O (11-00-00),P_O_14_CA070_O_shape,P_O_14_CA070_O,0
P_O_14_CA056,Ground_Daily,P_O_14_CA070_O (13-00-00),P_O_14_CA070_O_shape,P_O_14_CA070_O,0
P_O_14_CA056,Ground_Daily,P_O_14_CA070_O (15-00-00),P_O_14_CA070_O_shape,P_O_14_CA070_O,0
P_O_14_CA056,Ground_Daily,P_O_14_CA070_O (17-00-00),P_O_14_CA070_O_shape,P_O_14_CA070_O,0
P_O_14_CA056,Ground_Daily,P_O_14_CA070_O (19-00-00),P_O_14_CA070_O_shape,P_O_14_CA070_O,0
P_O_14_CA056,Ground_Daily,P_O_14_CA070_O (21-00-00),P_O_14_CA070_O_shape,P_O_14_CA070_O,0
P_O_14_CA056,Ground_Daily,P_O_14_CA071_O (06-30-00),P_O_14_CA071_O_shape,P_O_14_CA071_O,0
P_O_14_CA056,Ground_Daily,P_O_14_CA071_O (08-00-00),P_O_14_CA071_O_shape,P_O_14_CA071_O,0
P_O_14_CA056,Ground_Daily,P_O_14_CA071_O (09-00-00),P_O_14_CA071_O_shape,P_O_14_CA071_O,0
P_O_14_CA056,Ground_Daily,P_O_14_CA071_O (11-00-00),P_O_14_CA071_O_shape,P_O_14_CA071_O,0
P_O_14_CA056,Ground_Daily,P_O_14_CA071_O (13-00-00),P_O_14_CA071_O_shape,P_O_14_CA071_O,0
P_O_14_CA056,Ground_Daily,P_O_14_CA071_O (15-00-00),P_O_14_CA071_O_shape,P_O_14_CA071_O,0
P_O_14_CA056,Ground_Daily,P_O_14_CA071_O (17-00-00),P_O_14_CA071_O_shape,P_O_14_CA071_O,0
P_O_14_CA056,Ground_Daily,P_O_14_CA071_O (19-00-00),P_O_14_CA071_O_shape,P_O_14_CA071_O,0
P_O_14_CA056,Ground_Daily,P_O_14_CA071_O (21-00-00),P_O_14_CA071_O_shape,P_O_14_CA071_O,0
P_O_14_CA056,Ground_Daily,P_O_14_CA071_R (06-30-00),P_O_14_CA071_R_shape,P_O_14_CA071_R,0
P_O_14_CA056,Ground_Daily,P_O_14_CA071_R (08-00-00),P_O_14_CA071_R_shape,P_O_14_CA071_R,0
P_O_14_CA056,Ground_Daily,P_O_14_CA071_R (09-00-00),P_O_14_CA071_R_shape,P_O_14_CA071_R,0
P_O_14_CA056,Ground_Daily,P_O_14_CA071_R (11-00-00),P_O_14_CA071_R_shape,P_O_14_CA071_R,0
P_O_14_CA056,Ground_Daily,P_O_14_CA071_R (13-00-00),P_O_14_CA071_R_shape,P_O_14_CA071_R,0
P_O_14_CA056,Ground_Daily,P_O_14_CA071_R (15-00-00),P_O_14_CA071_R_shape,P_O_14_CA071_R,0
P_O_14_CA056,Ground_Daily,P_O_14_CA071_R (17-00-00),P_O_14_CA071_R_shape,P_O_14_CA071_R,0
P_O_14_CA056,Ground_Daily,P_O_14_CA071_R (19-00-00),P_O_14_CA071_R_shape,P_O_14_CA071_R,0
P_O_14_CA056,Ground_Daily,P_O_14_CA071_R (21-00-00),P_O_14_CA071_R_shape,P_O_14_CA071_R,0
P_O_14_CA056,Ground_Daily,P_O_14_CA072_O (06-30-00),P_O_14_CA072_O_shape,P_O_14_CA072_O,0
P_O_14_CA056,Ground_Daily,P_O_14_CA072_O (08-00-00),P_O_14_CA072_O_shape,P_O_14_CA072_O,0
P_O_14_CA056,Ground_Daily,P_O_14_CA072_O (09-00-00),P_O_14_CA072_O_shape,P_O_14_CA072_O,0
P_O_14_CA056,Ground_Daily,P_O_14_CA072_O (11-00-00),P_O_14_CA072_O_shape,P_O_14_CA072_O,0
P_O_14_CA056,Ground_Daily,P_O_14_CA072_O (13-00-00),P_O_14_CA072_O_shape,P_O_14_CA072_O,0
P_O_14_CA056,Ground_Daily,P_O_14_CA072_O (15-00-00),P_O_14_CA072_O_shape,P_O_14_CA072_O,0
P_O_14_CA056,Ground_Daily,P_O_14_CA072_O (17-00-00),P_O_14_CA072_O_shape,P_O_14_CA072_O,0
P_O_14_CA056,Ground_Daily,P_O_14_CA072_O (19-00-00),P_O_14_CA072_O_shape,P_O_14_CA072_O,0
P_O_14_CA056,Ground_Daily,P_O_14_CA072_O (21-00-00),P_O_14_CA072_O_shape,P_O_14_CA072_O,0
P_O_14_CA056,Ground_Daily,P_O_14_CA072_R (06-30-00),P_O_14_CA072_R_shape,P_O_14_CA072_R,0
P_O_14_CA056,Ground_Daily,P_O_14_CA072_R (08-00-00),P_O_14_CA072_R_shape,P_O_14_CA072_R,0
P_O_14_CA056,Ground_Daily,P_O_14_CA072_R (09-00-00),P_O_14_CA072_R_shape,P_O_14_CA072_R,0
P_O_14_CA056,Ground_Daily,P_O_14_CA072_R (11-00-00),P_O_14_CA072_R_shape,P_O_14_CA072_R,0
P_O_14_CA056,Ground_Daily,P_O_14_CA072_R (13-00-00),P_O_14_CA072_R_shape,P_O_14_CA072_R,0
P_O_14_CA056,Ground_Daily,P_O_14_CA072_R (15-00-00),P_O_14_CA072_R_shape,P_O_14_CA072_R,0
P_O_14_CA056,Ground_Daily,P_O_14_CA072_R (17-00-00),P_O_14_CA072_R_shape,P_O_14_CA072_R,0
P_O_14_CA056,Ground_Daily,P_O_14_CA072_R (19-00-00),P_O_14_CA072_R_shape,P_O_14_CA072_R,0
P_O_14_CA056,Ground_Daily,P_O_14_CA072_R (21-00-00),P_O_14_CA072_R_shape,P_O_14_CA072_R,0
P_O_14_CA056,Ground_Daily,P_O_14_CA073_O (06-30-00),P_O_14_CA073_O_shape,P_O_14_CA073_O,0
P_O_14_CA056,Ground_Daily,P_O_14_CA073_O (08-00-00),P_O_14_CA073_O_shape,P_O_14_CA073_O,0
P_O_14_CA056,Ground_Daily,P_O_14_CA073_O (09-00-00),P_O_14_CA073_O_shape,P_O_14_CA073_O,0
P_O_14_CA056,Ground_Daily,P_O_14_CA073_O (11-00-00),P_O_14_CA073_O_shape,P_O_14_CA073_O,0
P_O_14_CA056,Ground_Daily,P_O_14_CA073_O (13-00-00),P_O_14_CA073_O_shape,P_O_14_CA073_O,0
P_O_14_CA056,Ground_Daily,P_O_14_CA073_O (15-00-00),P_O_14_CA073_O_shape,P_O_14_CA073_O,0
P_O_14_CA056,Ground_Daily,P_O_14_CA073_O (17-00-00),P_O_14_CA073_O_shape,P_O_14_CA073_O,0
P_O_14_CA056,Ground_Daily,P_O_14_CA073_O (19-00-00),P_O_14_CA073_O_shape,P_O_14_CA073_O,0
P_O_14_CA056,Ground_Daily,P_O_14_CA073_O (21-00-00),P_O_14_CA073_O_shape,P_O_14_CA073_O,0
P_O_14_CA056,Ground_Daily,P_O_14_CA074_O (06-30-00),P_O_14_CA074_O_shape,P_O_14_CA074_O,0
P_O_14_CA056,Ground_Daily,P_O_14_CA074_O (08-00-00),P_O_14_CA074_O_shape,P_O_14_CA074_O,0
P_O_14_CA056,Ground_Daily,P_O_14_CA074_O (09-00-00),P_O_14_CA074_O_shape,P_O_14_CA074_O,0
P_O_14_CA056,Ground_Daily,P_O_14_CA074_O (11-00-00),P_O_14_CA074_O_shape,P_O_14_CA074_O,0
P_O_14_CA056,Ground_Daily,P_O_14_CA074_O (13-00-00),P_O_14_CA074_O_shape,P_O_14_CA074_O,0
P_O_14_CA056,Ground_Daily,P_O_14_CA074_O (15-00-00),P_O_14_CA074_O_shape,P_O_14_CA074_O,0
P_O_14_CA056,Ground_Daily,P_O_14_CA074_O (17-00-00),P_O_14_CA074_O_shape,P_O_14_CA074_O,0
P_O_14_CA056,Ground_Daily,P_O_14_CA074_O (19-00-00),P_O_14_CA074_O_shape,P_O_14_CA074_O,0
P_O_14_CA056,Ground_Daily,P_O_14_CA074_O (21-00-00),P_O_14_CA074_O_shape,P_O_14_CA074_O,0
P_O_14_CA056,Ground_Daily,P_O_14_CA074_R (06-30-00),P_O_14_CA074_R_shape,P_O_14_CA074_R,0
P_O_14_CA056,Ground_Daily,P_O_14_CA074_R (08-00-00),P_O_14_CA074_R_shape,P_O_14_CA074_R,0
P_O_14_CA056,Ground_Daily,P_O_14_CA074_R (09-00-00),P_O_14_CA074_R_shape,P_O_14_CA074_R,0
P_O_14_CA056,Ground_Daily,P_O_14_CA074_R (11-00-00),P_O_14_CA074_R_shape,P_O_14_CA074_R,0
P_O_14_CA056,Ground_Daily,P_O_14_CA074_R (13-00-00),P_O_14_CA074_R_shape,P_O_14_CA074_R,0
P_O_14_CA056,Ground_Daily,P_O_14_CA074_R (15-00-00),P_O_14_CA074_R_shape,P_O_14_CA074_R,0
P_O_14_CA056,Ground_Daily,P_O_14_CA074_R (17-00-00),P_O_14_CA074_R_shape,P_O_14_CA074_R,0
P_O_14_CA056,Ground_Daily,P_O_14_CA074_R (19-00-00),P_O_14_CA074_R_shape,P_O_14_CA074_R,0
P_O_14_CA056,Ground_Daily,P_O_14_CA074_R (21-00-00),P_O_14_CA074_R_shape,P_O_14_CA074_R,0
P_O_14_CA056,Ground_Daily,P_O_14_CA075_O (06-30-00),P_O_14_CA075_O_shape,P_O_14_CA075_O,0
P_O_14_CA056,Ground_Daily,P_O_14_CA075_O (08-00-00),P_O_14_CA075_O_shape,P_O_14_CA075_O,0
P_O_14_CA056,Ground_Daily,P_O_14_CA075_O (09-00-00),P_O_14_CA075_O_shape,P_O_14_CA075_O,0
P_O_14_CA056,Ground_Daily,P_O_14_CA075_O (11-00-00),P_O_14_CA075_O_shape,P_O_14_CA075_O,0
P_O_14_CA056,Ground_Daily,P_O_14_CA075_O (13-00-00),P_O_14_CA075_O_shape,P_O_14_CA075_O,0
P_O_14_CA056,Ground_Daily,P_O_14_CA075_O (15-00-00),P_O_14_CA075_O_shape,P_O_14_CA075_O,0
P_O_14_CA056,Ground_Daily,P_O_14_CA075_O (17-00-00),P_O_14_CA075_O_shape,P_O_14_CA075_O,0
P_O_14_CA056,Ground_Daily,P_O_14_CA075_O (19-00-00),P_O_14_CA075_O_shape,P_O_14_CA075_O,0
P_O_14_CA056,Ground_Daily,P_O_14_CA075_O (21-00-00),P_O_14_CA075_O_shape,P_O_14_CA075_O,0
P_O_14_CA056,Ground_Daily,P_O_14_CA075_R (06-30-00),P_O_14_CA075_R_shape,P_O_14_CA075_R,0
P_O_14_CA056,Ground_Daily,P_O_14_CA075_R (08-00-00),P_O_14_CA075_R_shape,P_O_14_CA075_R,0
P_O_14_CA056,Ground_Daily,P_O_14_CA075_R (09-00-00),P_O_14_CA075_R_shape,P_O_14_CA075_R,0
P_O_14_CA056,Ground_Daily,P_O_14_CA075_R (11-00-00),P_O_14_CA075_R_shape,P_O_14_CA075_R,0
P_O_14_CA056,Ground_Daily,P_O_14_CA075_R (13-00-00),P_O_14_CA075_R_shape,P_O_14_CA075_R,0
P_O_14_CA056,Ground_Daily,P_O_14_CA075_R (15-00-00),P_O_14_CA075_R_shape,P_O_14_CA075_R,0
P_O_14_CA056,Ground_Daily,P_O_14_CA075_R (17-00-00),P_O_14_CA075_R_shape,P_O_14_CA075_R,0
P_O_14_CA056,Ground_Daily,P_O_14_CA075_R (19-00-00),P_O_14_CA075_R_shape,P_O_14_CA075_R,0
P_O_14_CA056,Ground_Daily,P_O_14_CA075_R (21-00-00),P_O_14_CA075_R_shape,P_O_14_CA075_R,0
P_O_14_CA056,Ground_Daily,P_O_14_CA076_O (06-30-00),P_O_14_CA076_O_shape,P_O_14_CA076_O,0
P_O_14_CA056,Ground_Daily,P_O_14_CA076_O (08-00-00),P_O_14_CA076_O_shape,P_O_14_CA076_O,0
P_O_14_CA056,Ground_Daily,P_O_14_CA076_O (09-00-00),P_O_14_CA076_O_shape,P_O_14_CA076_O,0
P_O_14_CA056,Ground_Daily,P_O_14_CA076_O (11-00-00),P_O_14_CA076_O_shape,P_O_14_CA076_O,0
P_O_14_CA056,Ground_Daily,P_O_14_CA076_O (13-00-00),P_O_14_CA076_O_shape,P_O_14_CA076_O,0
P_O_14_CA056,Ground_Daily,P_O_14_CA076_O (15-00-00),P_O_14_CA076_O_shape,P_O_14_CA076_O,0
P_O_14_CA056,Ground_Daily,P_O_14_CA076_O (17-00-00),P_O_14_CA076_O_shape,P_O_14_CA076_O,0
P_O_14_CA056,Ground_Daily,P_O_14_CA076_O (19-00-00),P_O_14_CA076_O_shape,P_O_14_CA076_O,0
P_O_14_CA056,Ground_Daily,P_O_14_CA076_O (21-00-00),P_O_14_CA076_O_shape,P_O_14_CA076_O,0
P_O_14_CA056,Ground_Daily,P_O_14_CA076_R (06-30-00),P_O_14_CA076_R_shape,P_O_14_CA076_R,0
P_O_14_CA056,Ground_Daily,P_O_14_CA076_R (08-00-00),P_O_14_CA076_R_shape,P_O_14_CA076_R,0
P_O_14_CA056,Ground_Daily,P_O_14_CA076_R (09-00-00),P_O_14_CA076_R_shape,P_O_14_CA076_R,0
P_O_14_CA056,Ground_Daily,P_O_14_CA076_R (11-00-00),P_O_14_CA076_R_shape,P_O_14_CA076_R,0
P_O_14_CA056,Ground_Daily,P_O_14_CA076_R (13-00-00),P_O_14_CA076_R_shape,P_O_14_CA076_R,0
P_O_14_CA056,Ground_Daily,P_O_14_CA076_R (15-00-00),P_O_14_CA076_R_shape,P_O_14_CA076_R,0
P_O_14_CA056,Ground_Daily,P_O_14_CA076_R (17-00-00),P_O_14_CA076_R_shape,P_O_14_CA076_R,0
P_O_14_CA056,Ground_Daily,P_O_14_CA076_R (19-00-00),P_O_14_CA076_R_shape,P_O_14_CA076_R,0
P_O_14_CA056,Ground_Daily,P_O_14_CA076_R (21-00-00),P_O_14_CA076_R_shape,P_O_14_CA076_R,0
P_O_14_CA056,Ground_Daily,P_O_14_CA077_O (06-30-00),P_O_14_CA077_O_shape,P_O_14_CA077_O,0
P_O_14_CA056,Ground_Daily,P_O_14_CA077_O (08-00-00),P_O_14_CA077_O_shape,P_O_14_CA077_O,0
P_O_14_CA056,Ground_Daily,P_O_14_CA077_O (09-00-00),P_O_14_CA077_O_shape,P_O_14_CA077_O,0
P_O_14_CA056,Ground_Daily,P_O_14_CA077_O (11-00-00),P_O_14_CA077_O_shape,P_O_14_CA077_O,0
P_O_14_CA056,Ground_Daily,P_O_14_CA077_O (13-00-00),P_O_14_CA077_O_shape,P_O_14_CA077_O,0
P_O_14_CA056,Ground_Daily,P_O_14_CA077_O (15-00-00),P_O_14_CA077_O_shape,P_O_14_CA077_O,0
P_O_14_CA056,Ground_Daily,P_O_14_CA077_O (17-00-00),P_O_14_CA077_O_shape,P_O_14_CA077_O,0
P_O_14_CA056,Ground_Daily,P_O_14_CA077_O (19-00-00),P_O_14_CA077_O_shape,P_O_14_CA077_O,0
P_O_14_CA056,Ground_Daily,P_O_14_CA077_O (21-00-00),P_O_14_CA077_O_shape,P_O_14_CA077_O,0
P_O_14_CA056,Ground_Daily,P_O_14_CA077_R (06-30-00),P_O_14_CA077_R_shape,P_O_14_CA077_R,0
P_O_14_CA056,Ground_Daily,P_O_14_CA077_R (08-00-00),P_O_14_CA077_R_shape,P_O_14_CA077_R,0
P_O_14_CA056,Ground_Daily,P_O_14_CA077_R (09-00-00),P_O_14_CA077_R_shape,P_O_14_CA077_R,0
P_O_14_CA056,Ground_Daily,P_O_14_CA077_R (11-00-00),P_O_14_CA077_R_shape,P_O_14_CA077_R,0
P_O_14_CA056,Ground_Daily,P_O_14_CA077_R (13-00-00),P_O_14_CA077_R_shape,P_O_14_CA077_R,0
P_O_14_CA056,Ground_Daily,P_O_14_CA077_R (15-00-00),P_O_14_CA077_R_shape,P_O_14_CA077_R,0
P_O_14_CA056,Ground_Daily,P_O_14_CA077_R (17-00-00),P_O_14_CA077_R_shape,P_O_14_CA077_R,0
P_O_14_CA056,Ground_Daily,P_O_14_CA077_R (19-00-00),P_O_14_CA077_R_shape,P_O_14_CA077_R,0
P_O_14_CA056,Ground_Daily,P_O_14_CA077_R (21-00-00),P_O_14_CA077_R_shape,P_O_14_CA077_R,0
P_O_14_CA056,Ground_Daily,P_O_14_CA078_O (06-30-00),P_O_14_CA078_O_shape,P_O_14_CA078_O,0
P_O_14_CA056,Ground_Daily,P_O_14_CA078_O (08-00-00),P_O_14_CA078_O_shape,P_O_14_CA078_O,0
P_O_14_CA056,Ground_Daily,P_O_14_CA078_O (09-00-00),P_O_14_CA078_O_shape,P_O_14_CA078_O,0
P_O_14_CA056,Ground_Daily,P_O_14_CA078_O (11-00-00),P_O_14_CA078_O_shape,P_O_14_CA078_O,0
P_O_14_CA056,Ground_Daily,P_O_14_CA078_O (13-00-00),P_O_14_CA078_O_shape,P_O_14_CA078_O,0
P_O_14_CA056,Ground_Daily,P_O_14_CA078_O (15-00-00),P_O_14_CA078_O_shape,P_O_14_CA078_O,0
P_O_14_CA056,Ground_Daily,P_O_14_CA078_O (17-00-00),P_O_14_CA078_O_shape,P_O_14_CA078_O,0
P_O_14_CA056,Ground_Daily,P_O_14_CA078_O (19-00-00),P_O_14_CA078_O_shape,P_O_14_CA078_O,0
P_O_14_CA056,Ground_Daily,P_O_14_CA078_O (21-00-00),P_O_14_CA078_O_shape,P_O_14_CA078_O,0
P_O_14_CA056,Ground_Daily,P_O_14_CA078_R (06-30-00),P_O_14_CA078_R_shape,P_O_14_CA078_R,0
P_O_14_CA056,Ground_Daily,P_O_14_CA078_R (08-00-00),P_O_14_CA078_R_shape,P_O_14_CA078_R,0
P_O_14_CA056,Ground_Daily,P_O_14_CA078_R (09-00-00),P_O_14_CA078_R_shape,P_O_14_CA078_R,0
P_O_14_CA056,Ground_Daily,P_O_14_CA078_R (11-00-00),P_O_14_CA078_R_shape,P_O_14_CA078_R,0
P_O_14_CA056,Ground_Daily,P_O_14_CA078_R (13-00-00),P_O_14_CA078_R_shape,P_O_14_CA078_R,0
P_O_14_CA056,Ground_Daily,P_O_14_CA078_R (15-00-00),P_O_14_CA078_R_shape,P_O_14_CA078_R,0
P_O_14_CA056,Ground_Daily,P_O_14_CA078_R (17-00-00),P_O_14_CA078_R_shape,P_O_14_CA078_R,0
P_O_14_CA056,Ground_Daily,P_O_14_CA078_R (19-00-00),P_O_14_CA078_R_shape,P_O_14_CA078_R,0
P_O_14_CA056,Ground_Daily,P_O_14_CA078_R (21-00-00),P_O_14_CA078_R_shape,P_O_14_CA078_R,0
P_O_14_CA056,Ground_Daily,P_O_14_CA079_O (06-30-00),P_O_14_CA079_O_shape,P_O_14_CA079_O,0
P_O_14_CA056,Ground_Daily,P_O_14_CA079_O (08-00-00),P_O_14_CA079_O_shape,P_O_14_CA079_O,0
P_O_14_CA056,Ground_Daily,P_O_14_CA079_O (09-00-00),P_O_14_CA079_O_shape,P_O_14_CA079_O,0
P_O_14_CA056,Ground_Daily,P_O_14_CA079_O (11-00-00),P_O_14_CA079_O_shape,P_O_14_CA079_O,0
P_O_14_CA056,Ground_Daily,P_O_14_CA079_O (13-00-00),P_O_14_CA079_O_shape,P_O_14_CA079_O,0
P_O_14_CA056,Ground_Daily,P_O_14_CA079_O (15-00-00),P_O_14_CA079_O_shape,P_O_14_CA079_O,0
P_O_14_CA056,Ground_Daily,P_O_14_CA079_O (17-00-00),P_O_14_CA079_O_shape,P_O_14_CA079_O,0
P_O_14_CA056,Ground_Daily,P_O_14_CA079_O (19-00-00),P_O_14_CA079_O_shape,P_O_14_CA079_O,0
P_O_14_CA056,Ground_Daily,P_O_14_CA079_O (21-00-00),P_O_14_CA079_O_shape,P_O_14_CA079_O,0
P_O_14_CA056,Ground_Daily,P_O_14_CA080_O (06-30-00),P_O_14_CA080_O_shape,P_O_14_CA080_O,0
P_O_14_CA056,Ground_Daily,P_O_14_CA080_O (08-00-00),P_O_14_CA080_O_shape,P_O_14_CA080_O,0
P_O_14_CA056,Ground_Daily,P_O_14_CA080_O (09-00-00),P_O_14_CA080_O_shape,P_O_14_CA080_O,0
P_O_14_CA056,Ground_Daily,P_O_14_CA080_O (11-00-00),P_O_14_CA080_O_shape,P_O_14_CA080_O,0
P_O_14_CA056,Ground_Daily,P_O_14_CA080_O (13-00-00),P_O_14_CA080_O_shape,P_O_14_CA080_O,0
P_O_14_CA056,Ground_Daily,P_O_14_CA080_O (15-00-00),P_O_14_CA080_O_shape,P_O_14_CA080_O,0
P_O_14_CA056,Ground_Daily,P_O_14_CA080_O (17-00-00),P_O_14_CA080_O_shape,P_O_14_CA080_O,0
P_O_14_CA056,Ground_Daily,P_O_14_CA080_O (19-00-00),P_O_14_CA080_O_shape,P_O_14_CA080_O,0
P_O_14_CA056,Ground_Daily,P_O_14_CA080_O (21-00-00),P_O_14_CA080_O_shape,P_O_14_CA080_O,0
P_O_14_CA056,Ground_Daily,P_O_14_CA080_R (06-30-00),P_O_14_CA080_R_shape,P_O_14_CA080_R,0
P_O_14_CA056,Ground_Daily,P_O_14_CA080_R (08-00-00),P_O_14_CA080_R_shape,P_O_14_CA080_R,0
P_O_14_CA056,Ground_Daily,P_O_14_CA080_R (09-00-00),P_O_14_CA080_R_shape,P_O_14_CA080_R,0
P_O_14_CA056,Ground_Daily,P_O_14_CA080_R (11-00-00),P_O_14_CA080_R_shape,P_O_14_CA080_R,0
P_O_14_CA056,Ground_Daily,P_O_14_CA080_R (13-00-00),P_O_14_CA080_R_shape,P_O_14_CA080_R,0
P_O_14_CA056,Ground_Daily,P_O_14_CA080_R (15-00-00),P_O_14_CA080_R_shape,P_O_14_CA080_R,0
P_O_14_CA056,Ground_Daily,P_O_14_CA080_R (17-00-00),P_O_14_CA080_R_shape,P_O_14_CA080_R,0
P_O_14_CA056,Ground_Daily,P_O_14_CA080_R (19-00-00),P_O_14_CA080_R_shape,P_O_14_CA080_R,0
P_O_14_CA056,Ground_Daily,P_O_14_CA080_R (21-00-00),P_O_14_CA080_R_shape,P_O_14_CA080_R,0
P_O_14_CA056,Ground_Daily,P_O_14_CA081_O (06-30-00),P_O_14_CA081_O_shape,P_O_14_CA081_O,0
P_O_14_CA056,Ground_Daily,P_O_14_CA081_O (08-00-00),P_O_14_CA081_O_shape,P_O_14_CA081_O,0
P_O_14_CA056,Ground_Daily,P_O_14_CA081_O (09-00-00),P_O_14_CA081_O_shape,P_O_14_CA081_O,0
P_O_14_CA056,Ground_Daily,P_O_14_CA081_O (11-00-00),P_O_14_CA081_O_shape,P_O_14_CA081_O,0
P_O_14_CA056,Ground_Daily,P_O_14_CA081_O (13-00-00),P_O_14_CA081_O_shape,P_O_14_CA081_O,0
P_O_14_CA056,Ground_Daily,P_O_14_CA081_O (15-00-00),P_O_14_CA081_O_shape,P_O_14_CA081_O,0
P_O_14_CA056,Ground_Daily,P_O_14_CA081_O (17-00-00),P_O_14_CA081_O_shape,P_O_14_CA081_O,0
P_O_14_CA056,Ground_Daily,P_O_14_CA081_O (19-00-00),P_O_14_CA081_O_shape,P_O_14_CA081_O,0
P_O_14_CA056,Ground_Daily,P_O_14_CA081_O (21-00-00),P_O_14_CA081_O_shape,P_O_14_CA081_O,0
P_O_14_CA056,Ground_Daily,P_O_14_CA081_R (06-30-00),P_O_14_CA081_R_shape,P_O_14_CA081_R,0
P_O_14_CA056,Ground_Daily,P_O_14_CA081_R (08-00-00),P_O_14_CA081_R_shape,P_O_14_CA081_R,0
P_O_14_CA056,Ground_Daily,P_O_14_CA081_R (09-00-00),P_O_14_CA081_R_shape,P_O_14_CA081_R,0
P_O_14_CA056,Ground_Daily,P_O_14_CA081_R (11-00-00),P_O_14_CA081_R_shape,P_O_14_CA081_R,0
P_O_14_CA056,Ground_Daily,P_O_14_CA081_R (13-00-00),P_O_14_CA081_R_shape,P_O_14_CA081_R,0
P_O_14_CA056,Ground_Daily,P_O_14_CA081_R (15-00-00),P_O_14_CA081_R_shape,P_O_14_CA081_R,0
P_O_14_CA056,Ground_Daily,P_O_14_CA081_R (17-00-00),P_O_14_CA081_R_shape,P_O_14_CA081_R,0
P_O_14_CA056,Ground_Daily,P_O_14_CA081_R (19-00-00),P_O_14_CA081_R_shape,P_O_14_CA081_R,0
P_O_14_CA056,Ground_Daily,P_O_14_CA081_R (21-00-00),P_O_14_CA081_R_shape,P_O_14_CA081_R,0
P_O_14_CA056,Ground_Daily,P_O_14_CA082_O (06-30-00),P_O_14_CA082_O_shape,P_O_14_CA082_O,0
P_O_14_CA056,Ground_Daily,P_O_14_CA082_O (08-00-00),P_O_14_CA082_O_shape,P_O_14_CA082_O,0
P_O_14_CA056,Ground_Daily,P_O_14_CA082_O (09-00-00),P_O_14_CA082_O_shape,P_O_14_CA082_O,0
P_O_14_CA056,Ground_Daily,P_O_14_CA082_O (11-00-00),P_O_14_CA082_O_shape,P_O_14_CA082_O,0
P_O_14_CA056,Ground_Daily,P_O_14_CA082_O (13-00-00),P_O_14_CA082_O_shape,P_O_14_CA082_O,0
P_O_14_CA056,Ground_Daily,P_O_14_CA082_O (15-00-00),P_O_14_CA082_O_shape,P_O_14_CA082_O,0
P_O_14_CA056,Ground_Daily,P_O_14_CA082_O (17-00-00),P_O_14_CA082_O_shape,P_O_14_CA082_O,0
P_O_14_CA056,Ground_Daily,P_O_14_CA082_O (19-00-00),P_O_14_CA082_O_shape,P_O_14_CA082_O,0
P_O_14_CA056,Ground_Daily,P_O_14_CA082_O (21-00-00),P_O_14_CA082_O_shape,P_O_14_CA082_O,0
P_O_14_CA056,Ground_Daily,P_O_14_CA082_R (06-30-00),P_O_14_CA082_R_shape,P_O_14_CA082_R,0
P_O_14_CA056,Ground_Daily,P_O_14_CA082_R (08-00-00),P_O_14_CA082_R_shape,P_O_14_CA082_R,0
P_O_14_CA056,Ground_Daily,P_O_14_CA082_R (09-00-00),P_O_14_CA082_R_shape,P_O_14_CA082_R,0
P_O_14_CA056,Ground_Daily,P_O_14_CA082_R (11-00-00),P_O_14_CA082_R_shape,P_O_14_CA082_R,0
P_O_14_CA056,Ground_Daily,P_O_14_CA082_R (13-00-00),P_O_14_CA082_R_shape,P_O_14_CA082_R,0
P_O_14_CA056,Ground_Daily,P_O_14_CA082_R (15-00-00),P_O_14_CA082_R_shape,P_O_14_CA082_R,0
P_O_14_CA056,Ground_Daily,P_O_14_CA082_R (17-00-00),P_O_14_CA082_R_shape,P_O_14_CA082_R,0
P_O_14_CA056,Ground_Daily,P_O_14_CA082_R (19-00-00),P_O_14_CA082_R_shape,P_O_14_CA082_R,0
P_O_14_CA056,Ground_Daily,P_O_14_CA082_R (21-00-00),P_O_14_CA082_R_shape,P_O_14_CA082_R,0
P_O_14_CA056,Ground_Daily,P_O_14_CA083_O (06-30-00),P_O_14_CA083_O_shape,P_O_14_CA083_O,0
P_O_14_CA056,Ground_Daily,P_O_14_CA083_O (08-00-00),P_O_14_CA083_O_shape,P_O_14_CA083_O,0
P_O_14_CA056,Ground_Daily,P_O_14_CA083_O (09-00-00),P_O_14_CA083_O_shape,P_O_14_CA083_O,0
P_O_14_CA056,Ground_Daily,P_O_14_CA083_O (11-00-00),P_O_14_CA083_O_shape,P_O_14_CA083_O,0
P_O_14_CA056,Ground_Daily,P_O_14_CA083_O (13-00-00),P_O_14_CA083_O_shape,P_O_14_CA083_O,0
P_O_14_CA056,Ground_Daily,P_O_14_CA083_O (15-00-00),P_O_14_CA083_O_shape,P_O_14_CA083_O,0
P_O_14_CA056,Ground_Daily,P_O_14_CA083_O (17-00-00),P_O_14_CA083_O_shape,P_O_14_CA083_O,0
P_O_14_CA056,Ground_Daily,P_O_14_CA083_O (19-00-00),P_O_14_CA083_O_shape,P_O_14_CA083_O,0
P_O_14_CA056,Ground_Daily,P_O_14_CA083_O (21-00-00),P_O_14_CA083_O_shape,P_O_14_CA083_O,0
P_O_14_CA056,Ground_Daily,P_O_14_CA084_O (06-30-00),P_O_14_CA084_O_shape,P_O_14_CA084_O,0
P_O_14_CA056,Ground_Daily,P_O_14_CA084_O (08-00-00),P_O_14_CA084_O_shape,P_O_14_CA084_O,0
P_O_14_CA056,Ground_Daily,P_O_14_CA084_O (09-00-00),P_O_14_CA084_O_shape,P_O_14_CA084_O,0
P_O_14_CA056,Ground_Daily,P_O_14_CA084_O (11-00-00),P_O_14_CA084_O_shape,P_O_14_CA084_O,0
P_O_14_CA056,Ground_Daily,P_O_14_CA084_O (13-00-00),P_O_14_CA084_O_shape,P_O_14_CA084_O,0
P_O_14_CA056,Ground_Daily,P_O_14_CA084_O (15-00-00),P_O_14_CA084_O_shape,P_O_14_CA084_O,0
P_O_14_CA056,Ground_Daily,P_O_14_CA084_O (17-00-00),P_O_14_CA084_O_shape,P_O_14_CA084_O,0
P_O_14_CA056,Ground_Daily,P_O_14_CA084_O (19-00-00),P_O_14_CA084_O_shape,P_O_14_CA084_O,0
P_O_14_CA056,Ground_Daily,P_O_14_CA084_O (21-00-00),P_O_14_CA084_O_shape,P_O_14_CA084_O,0
P_O_14_CA056,Ground_Daily,P_O_14_CA084_R (06-30-00),P_O_14_CA084_R_shape,P_O_14_CA084_R,0
P_O_14_CA056,Ground_Daily,P_O_14_CA084_R (08-00-00),P_O_14_CA084_R_shape,P_O_14_CA084_R,0
P_O_14_CA056,Ground_Daily,P_O_14_CA084_R (09-00-00),P_O_14_CA084_R_shape,P_O_14_CA084_R,0
P_O_14_CA056,Ground_Daily,P_O_14_CA084_R (11-00-00),P_O_14_CA084_R_shape,P_O_14_CA084_R,0
P_O_14_CA056,Ground_Daily,P_O_14_CA084_R (13-00-00),P_O_14_CA084_R_shape,P_O_14_CA084_R,0
P_O_14_CA056,Ground_Daily,P_O_14_CA084_R (15-00-00),P_O_14_CA084_R_shape,P_O_14_CA084_R,0
P_O_14_CA056,Ground_Daily,P_O_14_CA084_R (17-00-00),P_O_14_CA084_R_shape,P_O_14_CA084_R,0
P_O_14_CA056,Ground_Daily,P_O_14_CA084_R (19-00-00),P_O_14_CA084_R_shape,P_O_14_CA084_R,0
P_O_14_CA056,Ground_Daily,P_O_14_CA084_R (21-00-00),P_O_14_CA084_R_shape,P_O_14_CA084_R,0
P_O_14_CA056,Ground_Daily,P_O_14_CA085_O (06-30-00),P_O_14_CA085_O_shape,P_O_14_CA085_O,0
P_O_14_CA056,Ground_Daily,P_O_14_CA085_O (08-00-00),P_O_14_CA085_O_shape,P_O_14_CA085_O,0
P_O_14_CA056,Ground_Daily,P_O_14_CA085_O (09-00-00),P_O_14_CA085_O_shape,P_O_14_CA085_O,0
P_O_14_CA056,Ground_Daily,P_O_14_CA085_O (11-00-00),P_O_14_CA085_O_shape,P_O_14_CA085_O,0
P_O_14_CA056,Ground_Daily,P_O_14_CA085_O (13-00-00),P_O_14_CA085_O_shape,P_O_14_CA085_O,0
P_O_14_CA056,Ground_Daily,P_O_14_CA085_O (15-00-00),P_O_14_CA085_O_shape,P_O_14_CA085_O,0
P_O_14_CA056,Ground_Daily,P_O_14_CA085_O (17-00-00),P_O_14_CA085_O_shape,P_O_14_CA085_O,0
P_O_14_CA056,Ground_Daily,P_O_14_CA085_O (19-00-00),P_O_14_CA085_O_shape,P_O_14_CA085_O,0
P_O_14_CA056,Ground_Daily,P_O_14_CA085_O (21-00-00),P_O_14_CA085_O_shape,P_O_14_CA085_O,0
P_O_14_CA056,Ground_Daily,P_O_14_CA085_R (06-30-00),P_O_14_CA085_R_shape,P_O_14_CA085_R,0
P_O_14_CA056,Ground_Daily,P_O_14_CA085_R (08-00-00),P_O_14_CA085_R_shape,P_O_14_CA085_R,0
P_O_14_CA056,Ground_Daily,P_O_14_CA085_R (09-00-00),P_O_14_CA085_R_shape,P_O_14_CA085_R,0
P_O_14_CA056,Ground_Daily,P_O_14_CA085_R (11-00-00),P_O_14_CA085_R_shape,P_O_14_CA085_R,0
P_O_14_CA056,Ground_Daily,P_O_14_CA085_R (13-00-00),P_O_14_CA085_R_shape,P_O_14_CA085_R,0
P_O_14_CA056,Ground_Daily,P_O_14_CA085_R (15-00-00),P_O_14_CA085_R_shape,P_O_14_CA085_R,0
P_O_14_CA056,Ground_Daily,P_O_14_CA085_R (17-00-00),P_O_14_CA085_R_shape,P_O_14_CA085_R,0
P_O_14_CA056,Ground_Daily,P_O_14_CA085_R (19-00-00),P_O_14_CA085_R_shape,P_O_14_CA085_R,0
P_O_14_CA056,Ground_Daily,P_O_14_CA085_R (21-00-00),P_O_14_CA085_R_shape,P_O_14_CA085_R,0
P_O_14_CA056,Ground_Daily,P_O_14_CA086_O (06-30-00),P_O_14_CA086_O_shape,P_O_14_CA086_O,0
P_O_14_CA056,Ground_Daily,P_O_14_CA086_O (08-00-00),P_O_14_CA086_O_shape,P_O_14_CA086_O,0
P_O_14_CA056,Ground_Daily,P_O_14_CA086_O (09-00-00),P_O_14_CA086_O_shape,P_O_14_CA086_O,0
P_O_14_CA056,Ground_Daily,P_O_14_CA086_O (11-00-00),P_O_14_CA086_O_shape,P_O_14_CA086_O,0
P_O_14_CA056,Ground_Daily,P_O_14_CA086_O (13-00-00),P_O_14_CA086_O_shape,P_O_14_CA086_O,0
P_O_14_CA056,Ground_Daily,P_O_14_CA086_O (15-00-00),P_O_14_CA086_O_shape,P_O_14_CA086_O,0
P_O_14_CA056,Ground_Daily,P_O_14_CA086_O (17-00-00),P_O_14_CA086_O_shape,P_O_14_CA086_O,0
P_O_14_CA056,Ground_Daily,P_O_14_CA086_O (19-00-00),P_O_14_CA086_O_shape,P_O_14_CA086_O,0
P_O_14_CA056,Ground_Daily,P_O_14_CA086_O (21-00-00),P_O_14_CA086_O_shape,P_O_14_CA086_O,0
P_O_14_CA056,Ground_Daily,P_O_14_CA086_R (06-30-00),P_O_14_CA086_R_shape,P_O_14_CA086_R,0
P_O_14_CA056,Ground_Daily,P_O_14_CA086_R (08-00-00),P_O_14_CA086_R_shape,P_O_14_CA086_R,0
P_O_14_CA056,Ground_Daily,P_O_14_CA086_R (09-00-00),P_O_14_CA086_R_shape,P_O_14_CA086_R,0
P_O_14_CA056,Ground_Daily,P_O_14_CA086_R (11-00-00),P_O_14_CA086_R_shape,P_O_14_CA086_R,0
P_O_14_CA056,Ground_Daily,P_O_14_CA086_R (13-00-00),P_O_14_CA086_R_shape,P_O_14_CA086_R,0
P_O_14_CA056,Ground_Daily,P_O_14_CA086_R (15-00-00),P_O_14_CA086_R_shape,P_O_14_CA086_R,0
P_O_14_CA056,Ground_Daily,P_O_14_CA086_R (17-00-00),P_O_14_CA086_R_shape,P_O_14_CA086_R,0
P_O_14_CA056,Ground_Daily,P_O_14_CA086_R (19-00-00),P_O_14_CA086_R_shape,P_O_14_CA086_R,0
P_O_14_CA056,Ground_Daily,P_O_14_CA086_R (21-00-00),P_O_14_CA086_R_shape,P_O_14_CA086_R,0
P_O_14_CA056,Ground_Daily,P_O_14_CA087_O (06-30-00),P_O_14_CA087_O_shape,P_O_14_CA087_O,0
P_O_14_CA056,Ground_Daily,P_O_14_CA087_O (08-00-00),P_O_14_CA087_O_shape,P_O_14_CA087_O,0
P_O_14_CA056,Ground_Daily,P_O_14_CA087_O (09-00-00),P_O_14_CA087_O_shape,P_O_14_CA087_O,0
P_O_14_CA056,Ground_Daily,P_O_14_CA087_O (11-00-00),P_O_14_CA087_O_shape,P_O_14_CA087_O,0
P_O_14_CA056,Ground_Daily,P_O_14_CA087_O (13-00-00),P_O_14_CA087_O_shape,P_O_14_CA087_O,0
P_O_14_CA056,Ground_Daily,P_O_14_CA087_O (15-00-00),P_O_14_CA087_O_shape,P_O_14_CA087_O,0
P_O_14_CA056,Ground_Daily,P_O_14_CA087_O (17-00-00),P_O_14_CA087_O_shape,P_O_14_CA087_O,0
P_O_14_CA056,Ground_Daily,P_O_14_CA087_O (19-00-00),P_O_14_CA087_O_shape,P_O_14_CA087_O,0
P_O_14_CA056,Ground_Daily,P_O_14_CA087_O (21-00-00),P_O_14_CA087_O_shape,P_O_14_CA087_O,0
P_O_14_CA056,Ground_Daily,P_O_14_CA088_O (06-30-00),P_O_14_CA088_O_shape,P_O_14_CA088_O,0
P_O_14_CA056,Ground_Daily,P_O_14_CA088_O (08-00-00),P_O_14_CA088_O_shape,P_O_14_CA088_O,0
P_O_14_CA056,Ground_Daily,P_O_14_CA088_O (09-00-00),P_O_14_CA088_O_shape,P_O_14_CA088_O,0
P_O_14_CA056,Ground_Daily,P_O_14_CA088_O (11-00-00),P_O_14_CA088_O_shape,P_O_14_CA088_O,0
P_O_14_CA056,Ground_Daily,P_O_14_CA088_O (13-00-00),P_O_14_CA088_O_shape,P_O_14_CA088_O,0
P_O_14_CA056,Ground_Daily,P_O_14_CA088_O (15-00-00),P_O_14_CA088_O_shape,P_O_14_CA088_O,0
P_O_14_CA056,Ground_Daily,P_O_14_CA088_O (17-00-00),P_O_14_CA088_O_shape,P_O_14_CA088_O,0
P_O_14_CA056,Ground_Daily,P_O_14_CA088_O (19-00-00),P_O_14_CA088_O_shape,P_O_14_CA088_O,0
P_O_14_CA056,Ground_Daily,P_O_14_CA088_O (21-00-00),P_O_14_CA088_O_shape,P_O_14_CA088_O,0
P_O_14_CA056,Ground_Daily,P_O_14_CA088_R (06-30-00),P_O_14_CA088_R_shape,P_O_14_CA088_R,0
P_O_14_CA056,Ground_Daily,P_O_14_CA088_R (08-00-00),P_O_14_CA088_R_shape,P_O_14_CA088_R,0
P_O_14_CA056,Ground_Daily,P_O_14_CA088_R (09-00-00),P_O_14_CA088_R_shape,P_O_14_CA088_R,0
P_O_14_CA056,Ground_Daily,P_O_14_CA088_R (11-00-00),P_O_14_CA088_R_shape,P_O_14_CA088_R,0
P_O_14_CA056,Ground_Daily,P_O_14_CA088_R (13-00-00),P_O_14_CA088_R_shape,P_O_14_CA088_R,0
P_O_14_CA056,Ground_Daily,P_O_14_CA088_R (15-00-00),P_O_14_CA088_R_shape,P_O_14_CA088_R,0
P_O_14_CA056,Ground_Daily,P_O_14_CA088_R (17-00-00),P_O_14_CA088_R_shape,P_O_14_CA088_R,0
P_O_14_CA056,Ground_Daily,P_O_14_CA088_R (19-00-00),P_O_14_CA088_R_shape,P_O_14_CA088_R,0
P_O_14_CA056,Ground_Daily,P_O_14_CA088_R (21-00-00),P_O_14_CA088_R_shape,P_O_14_CA088_R,0
P_O_14_CA056,Ground_Daily,P_O_14_CA089_R (06-30-00),P_O_14_CA089_R_shape,P_O_14_CA089_R,0
P_O_14_CA056,Ground_Daily,P_O_14_CA089_R (08-00-00),P_O_14_CA089_R_shape,P_O_14_CA089_R,0
P_O_14_CA056,Ground_Daily,P_O_14_CA089_R (09-00-00),P_O_14_CA089_R_shape,P_O_14_CA089_R,0
P_O_14_CA056,Ground_Daily,P_O_14_CA089_R (11-00-00),P_O_14_CA089_R_shape,P_O_14_CA089_R,0
P_O_14_CA056,Ground_Daily,P_O_14_CA089_R (13-00-00),P_O_14_CA089_R_shape,P_O_14_CA089_R,0
P_O_14_CA056,Ground_Daily,P_O_14_CA089_R (15-00-00),P_O_14_CA089_R_shape,P_O_14_CA089_R,0
P_O_14_CA056,Ground_Daily,P_O_14_CA089_R (17-00-00),P_O_14_CA089_R_shape,P_O_14_CA089_R,0
P_O_14_CA056,Ground_Daily,P_O_14_CA089_R (19-00-00),P_O_14_CA089_R_shape,P_O_14_CA089_R,0
P_O_14_CA056,Ground_Daily,P_O_14_CA089_R (21-00-00),P_O_14_CA089_R_shape,P_O_14_CA089_R,0
P_O_14_CA056,Ground_Daily,P_O_14_CA090_O (06-30-00),P_O_14_CA090_O_shape,P_O_14_CA090_O,0
P_O_14_CA056,Ground_Daily,P_O_14_CA090_O (08-00-00),P_O_14_CA090_O_shape,P_O_14_CA090_O,0
P_O_14_CA056,Ground_Daily,P_O_14_CA090_O (09-00-00),P_O_14_CA090_O_shape,P_O_14_CA090_O,0
P_O_14_CA056,Ground_Daily,P_O_14_CA090_O (11-00-00),P_O_14_CA090_O_shape,P_O_14_CA090_O,0
P_O_14_CA056,Ground_Daily,P_O_14_CA090_O (13-00-00),P_O_14_CA090_O_shape,P_O_14_CA090_O,0
P_O_14_CA056,Ground_Daily,P_O_14_CA090_O (15-00-00),P_O_14_CA090_O_shape,P_O_14_CA090_O,0
P_O_14_CA056,Ground_Daily,P_O_14_CA090_O (17-00-00),P_O_14_CA090_O_shape,P_O_14_CA090_O,0
P_O_14_CA056,Ground_Daily,P_O_14_CA090_O (19-00-00),P_O_14_CA090_O_shape,P_O_14_CA090_O,0
P_O_14_CA056,Ground_Daily,P_O_14_CA090_O (21-00-00),P_O_14_CA090_O_shape,P_O_14_CA090_O,0
P_O_14_CA056,Ground_Daily,P_O_14_CA091_O (06-30-00),P_O_14_CA091_O_shape,P_O_14_CA091_O,0
P_O_14_CA056,Ground_Daily,P_O_14_CA091_O (08-00-00),P_O_14_CA091_O_shape,P_O_14_CA091_O,0
P_O_14_CA056,Ground_Daily,P_O_14_CA091_O (09-00-00),P_O_14_CA091_O_shape,P_O_14_CA091_O,0
P_O_14_CA056,Ground_Daily,P_O_14_CA091_O (11-00-00),P_O_14_CA091_O_shape,P_O_14_CA091_O,0
P_O_14_CA056,Ground_Daily,P_O_14_CA091_O (13-00-00),P_O_14_CA091_O_shape,P_O_14_CA091_O,0
P_O_14_CA056,Ground_Daily,P_O_14_CA091_O (15-00-00),P_O_14_CA091_O_shape,P_O_14_CA091_O,0
P_O_14_CA056,Ground_Daily,P_O_14_CA091_O (17-00-00),P_O_14_CA091_O_shape,P_O_14_CA091_O,0
P_O_14_CA056,Ground_Daily,P_O_14_CA091_O (19-00-00),P_O_14_CA091_O_shape,P_O_14_CA091_O,0
P_O_14_CA056,Ground_Daily,P_O_14_CA091_O (21-00-00),P_O_14_CA091_O_shape,P_O_14_CA091_O,0
P_O_14_CA056,Ground_Daily,P_O_14_CA091_R (06-30-00),P_O_14_CA091_R_shape,P_O_14_CA091_R,0
P_O_14_CA056,Ground_Daily,P_O_14_CA091_R (08-00-00),P_O_14_CA091_R_shape,P_O_14_CA091_R,0
P_O_14_CA056,Ground_Daily,P_O_14_CA091_R (09-00-00),P_O_14_CA091_R_shape,P_O_14_CA091_R,0
P_O_14_CA056,Ground_Daily,P_O_14_CA091_R (11-00-00),P_O_14_CA091_R_shape,P_O_14_CA091_R,0
P_O_14_CA056,Ground_Daily,P_O_14_CA091_R (13-00-00),P_O_14_CA091_R_shape,P_O_14_CA091_R,0
P_O_14_CA056,Ground_Daily,P_O_14_CA091_R (15-00-00),P_O_14_CA091_R_shape,P_O_14_CA091_R,0
P_O_14_CA056,Ground_Daily,P_O_14_CA091_R (17-00-00),P_O_14_CA091_R_shape,P_O_14_CA091_R,0
P_O_14_CA056,Ground_Daily,P_O_14_CA091_R (19-00-00),P_O_14_CA091_R_shape,P_O_14_CA091_R,0
P_O_14_CA056,Ground_Daily,P_O_14_CA091_R (21-00-00),P_O_14_CA091_R_shape,P_O_14_CA091_R,0
P_O_14_CA056,Ground_Daily,P_O_14_CA092_O (06-30-00),P_O_14_CA092_O_shape,P_O_14_CA092_O,0
P_O_14_CA056,Ground_Daily,P_O_14_CA092_O (08-00-00),P_O_14_CA092_O_shape,P_O_14_CA092_O,0
P_O_14_CA056,Ground_Daily,P_O_14_CA092_O (09-00-00),P_O_14_CA092_O_shape,P_O_14_CA092_O,0
P_O_14_CA056,Ground_Daily,P_O_14_CA092_O (11-00-00),P_O_14_CA092_O_shape,P_O_14_CA092_O,0
P_O_14_CA056,Ground_Daily,P_O_14_CA092_O (13-00-00),P_O_14_CA092_O_shape,P_O_14_CA092_O,0
P_O_14_CA056,Ground_Daily,P_O_14_CA092_O (15-00-00),P_O_14_CA092_O_shape,P_O_14_CA092_O,0
P_O_14_CA056,Ground_Daily,P_O_14_CA092_O (17-00-00),P_O_14_CA092_O_shape,P_O_14_CA092_O,0
P_O_14_CA056,Ground_Daily,P_O_14_CA092_O (19-00-00),P_O_14_CA092_O_shape,P_O_14_CA092_O,0
P_O_14_CA056,Ground_Daily,P_O_14_CA092_O (21-00-00),P_O_14_CA092_O_shape,P_O_14_CA092_O,0
P_O_14_CA056,Ground_Daily,P_O_14_CA092_R (06-30-00),P_O_14_CA092_R_shape,P_O_14_CA092_R,0
P_O_14_CA056,Ground_Daily,P_O_14_CA092_R (08-00-00),P_O_14_CA092_R_shape,P_O_14_CA092_R,0
P_O_14_CA056,Ground_Daily,P_O_14_CA092_R (09-00-00),P_O_14_CA092_R_shape,P_O_14_CA092_R,0
P_O_14_CA056,Ground_Daily,P_O_14_CA092_R (11-00-00),P_O_14_CA092_R_shape,P_O_14_CA092_R,0
P_O_14_CA056,Ground_Daily,P_O_14_CA092_R (13-00-00),P_O_14_CA092_R_shape,P_O_14_CA092_R,0
P_O_14_CA056,Ground_Daily,P_O_14_CA092_R (15-00-00),P_O_14_CA092_R_shape,P_O_14_CA092_R,0
P_O_14_CA056,Ground_Daily,P_O_14_CA092_R (17-00-00),P_O_14_CA092_R_shape,P_O_14_CA092_R,0
P_O_14_CA056,Ground_Daily,P_O_14_CA092_R (19-00-00),P_O_14_CA092_R_shape,P_O_14_CA092_R,0
P_O_14_CA056,Ground_Daily,P_O_14_CA092_R (21-00-00),P_O_14_CA092_R_shape,P_O_14_CA092_R,0
P_O_14_CA056,Ground_Daily,P_O_14_CA093_O (06-30-00),P_O_14_CA093_O_shape,P_O_14_CA093_O,0
P_O_14_CA056,Ground_Daily,P_O_14_CA093_O (08-00-00),P_O_14_CA093_O_shape,P_O_14_CA093_O,0
P_O_14_CA056,Ground_Daily,P_O_14_CA093_O (09-00-00),P_O_14_CA093_O_shape,P_O_14_CA093_O,0
P_O_14_CA056,Ground_Daily,P_O_14_CA093_O (11-00-00),P_O_14_CA093_O_shape,P_O_14_CA093_O,0
P_O_14_CA056,Ground_Daily,P_O_14_CA093_O (13-00-00),P_O_14_CA093_O_shape,P_O_14_CA093_O,0
P_O_14_CA056,Ground_Daily,P_O_14_CA093_O (15-00-00),P_O_14_CA093_O_shape,P_O_14_CA093_O,0
P_O_14_CA056,Ground_Daily,P_O_14_CA093_O (17-00-00),P_O_14_CA093_O_shape,P_O_14_CA093_O,0
P_O_14_CA056,Ground_Daily,P_O_14_CA093_O (19-00-00),P_O_14_CA093_O_shape,P_O_14_CA093_O,0
P_O_14_CA056,Ground_Daily,P_O_14_CA093_O (21-00-00),P_O_14_CA093_O_shape,P_O_14_CA093_O,0
P_O_14_CA056,Ground_Daily,P_O_14_CA093_R (06-30-00),P_O_14_CA093_R_shape,P_O_14_CA093_R,0
P_O_14_CA056,Ground_Daily,P_O_14_CA093_R (08-00-00),P_O_14_CA093_R_shape,P_O_14_CA093_R,0
P_O_14_CA056,Ground_Daily,P_O_14_CA093_R (09-00-00),P_O_14_CA093_R_shape,P_O_14_CA093_R,0
P_O_14_CA056,Ground_Daily,P_O_14_CA093_R (11-00-00),P_O_14_CA093_R_shape,P_O_14_CA093_R,0
P_O_14_CA056,Ground_Daily,P_O_14_CA093_R (13-00-00),P_O_14_CA093_R_shape,P_O_14_CA093_R,0
P_O_14_CA056,Ground_Daily,P_O_14_CA093_R (15-00-00),P_O_14_CA093_R_shape,P_O_14_CA093_R,0
P_O_14_CA056,Ground_Daily,P_O_14_CA093_R (17-00-00),P_O_14_CA093_R_shape,P_O_14_CA093_R,0
P_O_14_CA056,Ground_Daily,P_O_14_CA093_R (19-00-00),P_O_14_CA093_R_shape,P_O_14_CA093_R,0
P_O_14_CA056,Ground_Daily,P_O_14_CA093_R (21-00-00),P_O_14_CA093_R_shape,P_O_14_CA093_R,0
P_O_14_CA056,Ground_Daily,P_O_14_CA097_O (06-30-00),P_O_14_CA097_O_shape,P_O_14_CA097_O,0
P_O_14_CA056,Ground_Daily,P_O_14_CA097_O (08-00-00),P_O_14_CA097_O_shape,P_O_14_CA097_O,0
P_O_14_CA056,Ground_Daily,P_O_14_CA097_O (09-00-00),P_O_14_CA097_O_shape,P_O_14_CA097_O,0
P_O_14_CA056,Ground_Daily,P_O_14_CA097_O (11-00-00),P_O_14_CA097_O_shape,P_O_14_CA097_O,0
P_O_14_CA056,Ground_Daily,P_O_14_CA097_O (13-00-00),P_O_14_CA097_O_shape,P_O_14_CA097_O,0
P_O_14_CA056,Ground_Daily,P_O_14_CA097_O (15-00-00),P_O_14_CA097_O_shape,P_O_14_CA097_O,0
P_O_14_CA056,Ground_Daily,P_O_14_CA097_O (17-00-00),P_O_14_CA097_O_shape,P_O_14_CA097_O,0
P_O_14_CA056,Ground_Daily,P_O_14_CA097_O (19-00-00),P_O_14_CA097_O_shape,P_O_14_CA097_O,0
P_O_14_CA056,Ground_Daily,P_O_14_CA097_O (21-00-00),P_O_14_CA097_O_shape,P_O_14_CA097_O,0
P_O_14_CA056,Ground_Daily,P_O_14_CA097_R (06-30-00),P_O_14_CA097_R_shape,P_O_14_CA097_R,0
P_O_14_CA056,Ground_Daily,P_O_14_CA097_R (08-00-00),P_O_14_CA097_R_shape,P_O_14_CA097_R,0
P_O_14_CA056,Ground_Daily,P_O_14_CA097_R (09-00-00),P_O_14_CA097_R_shape,P_O_14_CA097_R,0
P_O_14_CA056,Ground_Daily,P_O_14_CA097_R (11-00-00),P_O_14_CA097_R_shape,P_O_14_CA097_R,0
P_O_14_CA056,Ground_Daily,P_O_14_CA097_R (13-00-00),P_O_14_CA097_R_shape,P_O_14_CA097_R,0
P_O_14_CA056,Ground_Daily,P_O_14_CA097_R (15-00-00),P_O_14_CA097_R_shape,P_O_14_CA097_R,0
P_O_14_CA056,Ground_Daily,P_O_14_CA097_R (17-00-00),P_O_14_CA097_R_shape,P_O_14_CA097_R,0
P_O_14_CA056,Ground_Daily,P_O_14_CA097_R (19-00-00),P_O_14_CA097_R_shape,P_O_14_CA097_R,0
P_O_14_CA056,Ground_Daily,P_O_14_CA097_R (21-00-00),P_O_14_CA097_R_shape,P_O_14_CA097_R,0
P_O_14_CA056,Ground_Daily,P_O_14_CA100_O (06-30-00),P_O_14_CA100_O_shape,P_O_14_CA100_O,0
P_O_14_CA056,Ground_Daily,P_O_14_CA100_O (08-00-00),P_O_14_CA100_O_shape,P_O_14_CA100_O,0
P_O_14_CA056,Ground_Daily,P_O_14_CA100_O (09-00-00),P_O_14_CA100_O_shape,P_O_14_CA100_O,0
P_O_14_CA056,Ground_Daily,P_O_14_CA100_O (11-00-00),P_O_14_CA100_O_shape,P_O_14_CA100_O,0
P_O_14_CA056,Ground_Daily,P_O_14_CA100_O (13-00-00),P_O_14_CA100_O_shape,P_O_14_CA100_O,0
P_O_14_CA056,Ground_Daily,P_O_14_CA100_O (15-00-00),P_O_14_CA100_O_shape,P_O_14_CA100_O,0
P_O_14_CA056,Ground_Daily,P_O_14_CA100_O (17-00-00),P_O_14_CA100_O_shape,P_O_14_CA100_O,0
P_O_14_CA056,Ground_Daily,P_O_14_CA100_O (19-00-00),P_O_14_CA100_O_shape,P_O_14_CA100_O,0
P_O_14_CA056,Ground_Daily,P_O_14_CA100_O (21-00-00),P_O_14_CA100_O_shape,P_O_14_CA100_O,0
P_O_14_CA056,Ground_Daily,P_O_14_CA101_O (06-30-00),P_O_14_CA101_O_shape,P_O_14_CA101_O,0
P_O_14_CA056,Ground_Daily,P_O_14_CA101_O (08-00-00),P_O_14_CA101_O_shape,P_O_14_CA101_O,0
P_O_14_CA056,Ground_Daily,P_O_14_CA101_O (09-00-00),P_O_14_CA101_O_shape,P_O_14_CA101_O,0
P_O_14_CA056,Ground_Daily,P_O_14_CA101_O (11-00-00),P_O_14_CA101_O_shape,P_O_14_CA101_O,0
P_O_14_CA056,Ground_Daily,P_O_14_CA101_O (13-00-00),P_O_14_CA101_O_shape,P_O_14_CA101_O,0
P_O_14_CA056,Ground_Daily,P_O_14_CA101_O (15-00-00),P_O_14_CA101_O_shape,P_O_14_CA101_O,0
P_O_14_CA056,Ground_Daily,P_O_14_CA101_O (17-00-00),P_O_14_CA101_O_shape,P_O_14_CA101_O,0
P_O_14_CA056,Ground_Daily,P_O_14_CA101_O (19-00-00),P_O_14_CA101_O_shape,P_O_14_CA101_O,0
P_O_14_CA056,Ground_Daily,P_O_14_CA101_O (21-00-00),P_O_14_CA101_O_shape,P_O_14_CA101_O,0
P_O_14_CA056,Ground_Daily,P_O_14_CA101_R (06-30-00),P_O_14_CA101_R_shape,P_O_14_CA101_R,0
P_O_14_CA056,Ground_Daily,P_O_14_CA101_R (08-00-00),P_O_14_CA101_R_shape,P_O_14_CA101_R,0
P_O_14_CA056,Ground_Daily,P_O_14_CA101_R (09-00-00),P_O_14_CA101_R_shape,P_O_14_CA101_R,0
P_O_14_CA056,Ground_Daily,P_O_14_CA101_R (11-00-00),P_O_14_CA101_R_shape,P_O_14_CA101_R,0
P_O_14_CA056,Ground_Daily,P_O_14_CA101_R (13-00-00),P_O_14_CA101_R_shape,P_O_14_CA101_R,0
P_O_14_CA056,Ground_Daily,P_O_14_CA101_R (15-00-00),P_O_14_CA101_R_shape,P_O_14_CA101_R,0
P_O_14_CA056,Ground_Daily,P_O_14_CA101_R (17-00-00),P_O_14_CA101_R_shape,P_O_14_CA101_R,0
P_O_14_CA056,Ground_Daily,P_O_14_CA101_R (19-00-00),P_O_14_CA101_R_shape,P_O_14_CA101_R,0
P_O_14_CA056,Ground_Daily,P_O_14_CA101_R (21-00-00),P_O_14_CA101_R_shape,P_O_14_CA101_R,0
P_O_14_CA056,Ground_Daily,P_O_14_CA102_O (06-30-00),P_O_14_CA102_O_shape,P_O_14_CA102_O,0
P_O_14_CA056,Ground_Daily,P_O_14_CA102_O (08-00-00),P_O_14_CA102_O_shape,P_O_14_CA102_O,0
P_O_14_CA056,Ground_Daily,P_O_14_CA102_O (09-00-00),P_O_14_CA102_O_shape,P_O_14_CA102_O,0
P_O_14_CA056,Ground_Daily,P_O_14_CA102_O (11-00-00),P_O_14_CA102_O_shape,P_O_14_CA102_O,0
P_O_14_CA056,Ground_Daily,P_O_14_CA102_O (13-00-00),P_O_14_CA102_O_shape,P_O_14_CA102_O,0
P_O_14_CA056,Ground_Daily,P_O_14_CA102_O (15-00-00),P_O_14_CA102_O_shape,P_O_14_CA102_O,0
P_O_14_CA056,Ground_Daily,P_O_14_CA102_O (17-00-00),P_O_14_CA102_O_shape,P_O_14_CA102_O,0
P_O_14_CA056,Ground_Daily,P_O_14_CA102_O (19-00-00),P_O_14_CA102_O_shape,P_O_14_CA102_O,0
P_O_14_CA056,Ground_Daily,P_O_14_CA102_O (21-00-00),P_O_14_CA102_O_shape,P_O_14_CA102_O,0
P_O_14_CA056,Ground_Daily,P_O_14_CA102_R (06-30-00),P_O_14_CA102_R_shape,P_O_14_CA102_R,0
P_O_14_CA056,Ground_Daily,P_O_14_CA102_R (08-00-00),P_O_14_CA102_R_shape,P_O_14_CA102_R,0
P_O_14_CA056,Ground_Daily,P_O_14_CA102_R (09-00-00),P_O_14_CA102_R_shape,P_O_14_CA102_R,0
P_O_14_CA056,Ground_Daily,P_O_14_CA102_R (11-00-00),P_O_14_CA102_R_shape,P_O_14_CA102_R,0
P_O_14_CA056,Ground_Daily,P_O_14_CA102_R (13-00-00),P_O_14_CA102_R_shape,P_O_14_CA102_R,0
P_O_14_CA056,Ground_Daily,P_O_14_CA102_R (15-00-00),P_O_14_CA102_R_shape,P_O_14_CA102_R,0
P_O_14_CA056,Ground_Daily,P_O_14_CA102_R (17-00-00),P_O_14_CA102_R_shape,P_O_14_CA102_R,0
P_O_14_CA056,Ground_Daily,P_O_14_CA102_R (19-00-00),P_O_14_CA102_R_shape,P_O_14_CA102_R,0
P_O_14_CA056,Ground_Daily,P_O_14_CA102_R (21-00-00),P_O_14_CA102_R_shape,P_O_14_CA102_R,0
P_O_14_CA056,Ground_Daily,P_O_14_CA103_O (06-30-00),P_O_14_CA103_O_shape,P_O_14_CA103_O,0
P_O_14_CA056,Ground_Daily,P_O_14_CA103_O (08-00-00),P_O_14_CA103_O_shape,P_O_14_CA103_O,0
P_O_14_CA056,Ground_Daily,P_O_14_CA103_O (09-00-00),P_O_14_CA103_O_shape,P_O_14_CA103_O,0
P_O_14_CA056,Ground_Daily,P_O_14_CA103_O (11-00-00),P_O_14_CA103_O_shape,P_O_14_CA103_O,0
P_O_14_CA056,Ground_Daily,P_O_14_CA103_O (13-00-00),P_O_14_CA103_O_shape,P_O_14_CA103_O,0
P_O_14_CA056,Ground_Daily,P_O_14_CA103_O (15-00-00),P_O_14_CA103_O_shape,P_O_14_CA103_O,0
P_O_14_CA056,Ground_Daily,P_O_14_CA103_O (17-00-00),P_O_14_CA103_O_shape,P_O_14_CA103_O,0
P_O_14_CA056,Ground_Daily,P_O_14_CA103_O (19-00-00),P_O_14_CA103_O_shape,P_O_14_CA103_O,0
P_O_14_CA056,Ground_Daily,P_O_14_CA103_O (21-00-00),P_O_14_CA103_O_shape,P_O_14_CA103_O,0
P_O_14_CA056,Ground_Daily,P_O_14_CA103_R (06-30-00),P_O_14_CA103_R_shape,P_O_14_CA103_R,0
P_O_14_CA056,Ground_Daily,P_O_14_CA103_R (08-00-00),P_O_14_CA103_R_shape,P_O_14_CA103_R,0
P_O_14_CA056,Ground_Daily,P_O_14_CA103_R (09-00-00),P_O_14_CA103_R_shape,P_O_14_CA103_R,0
P_O_14_CA056,Ground_Daily,P_O_14_CA103_R (11-00-00),P_O_14_CA103_R_shape,P_O_14_CA103_R,0
P_O_14_CA056,Ground_Daily,P_O_14_CA103_R (13-00-00),P_O_14_CA103_R_shape,P_O_14_CA103_R,0
P_O_14_CA056,Ground_Daily,P_O_14_CA103_R (15-00-00),P_O_14_CA103_R_shape,P_O_14_CA103_R,0
P_O_14_CA056,Ground_Daily,P_O_14_CA103_R (17-00-00),P_O_14_CA103_R_shape,P_O_14_CA103_R,0
P_O_14_CA056,Ground_Daily,P_O_14_CA103_R (19-00-00),P_O_14_CA103_R_shape,P_O_14_CA103_R,0
P_O_14_CA056,Ground_Daily,P_O_14_CA103_R (21-00-00),P_O_14_CA103_R_shape,P_O_14_CA103_R,0
P_O_14_CA056,Ground_Daily,P_O_14_CA104_R (06-30-00),P_O_14_CA104_R_shape,P_O_14_CA104_R,0
P_O_14_CA056,Ground_Daily,P_O_14_CA104_R (08-00-00),P_O_14_CA104_R_shape,P_O_14_CA104_R,0
P_O_14_CA056,Ground_Daily,P_O_14_CA104_R (09-00-00),P_O_14_CA104_R_shape,P_O_14_CA104_R,0
P_O_14_CA056,Ground_Daily,P_O_14_CA104_R (11-00-00),P_O_14_CA104_R_shape,P_O_14_CA104_R,0
P_O_14_CA056,Ground_Daily,P_O_14_CA104_R (13-00-00),P_O_14_CA104_R_shape,P_O_14_CA104_R,0
P_O_14_CA056,Ground_Daily,P_O_14_CA104_R (15-00-00),P_O_14_CA104_R_shape,P_O_14_CA104_R,0
P_O_14_CA056,Ground_Daily,P_O_14_CA104_R (17-00-00),P_O_14_CA104_R_shape,P_O_14_CA104_R,0
P_O_14_CA056,Ground_Daily,P_O_14_CA104_R (19-00-00),P_O_14_CA104_R_shape,P_O_14_CA104_R,0
P_O_14_CA056,Ground_Daily,P_O_14_CA104_R (21-00-00),P_O_14_CA104_R_shape,P_O_14_CA104_R,0
P_O_14_CA056,Ground_Daily,P_O_14_CA105_R (06-30-00),P_O_14_CA105_R_shape,P_O_14_CA105_R,0
P_O_14_CA056,Ground_Daily,P_O_14_CA105_R (08-00-00),P_O_14_CA105_R_shape,P_O_14_CA105_R,0
P_O_14_CA056,Ground_Daily,P_O_14_CA105_R (09-00-00),P_O_14_CA105_R_shape,P_O_14_CA105_R,0
P_O_14_CA056,Ground_Daily,P_O_14_CA105_R (11-00-00),P_O_14_CA105_R_shape,P_O_14_CA105_R,0
P_O_14_CA056,Ground_Daily,P_O_14_CA105_R (13-00-00),P_O_14_CA105_R_shape,P_O_14_CA105_R,0
P_O_14_CA056,Ground_Daily,P_O_14_CA105_R (15-00-00),P_O_14_CA105_R_shape,P_O_14_CA105_R,0
P_O_14_CA056,Ground_Daily,P_O_14_CA105_R (17-00-00),P_O_14_CA105_R_shape,P_O_14_CA105_R,0
P_O_14_CA056,Ground_Daily,P_O_14_CA105_R (19-00-00),P_O_14_CA105_R_shape,P_O_14_CA105_R,0
P_O_14_CA056,Ground_Daily,P_O_14_CA105_R (21-00-00),P_O_14_CA105_R_shape,P_O_14_CA105_R,0
P_O_14_CA056,Ground_Daily,P_O_14_CA108_O (06-30-00),P_O_14_CA108_O_shape,P_O_14_CA108_O,0
P_O_14_CA056,Ground_Daily,P_O_14_CA108_O (08-00-00),P_O_14_CA108_O_shape,P_O_14_CA108_O,0
P_O_14_CA056,Ground_Daily,P_O_14_CA108_O (09-00-00),P_O_14_CA108_O_shape,P_O_14_CA108_O,0
P_O_14_CA056,Ground_Daily,P_O_14_CA108_O (11-00-00),P_O_14_CA108_O_shape,P_O_14_CA108_O,0
P_O_14_CA056,Ground_Daily,P_O_14_CA108_O (13-00-00),P_O_14_CA108_O_shape,P_O_14_CA108_O,0
P_O_14_CA056,Ground_Daily,P_O_14_CA108_O (15-00-00),P_O_14_CA108_O_shape,P_O_14_CA108_O,0
P_O_14_CA056,Ground_Daily,P_O_14_CA108_O (17-00-00),P_O_14_CA108_O_shape,P_O_14_CA108_O,0
P_O_14_CA056,Ground_Daily,P_O_14_CA108_O (19-00-00),P_O_14_CA108_O_shape,P_O_14_CA108_O,0
P_O_14_CA056,Ground_Daily,P_O_14_CA108_O (21-00-00),P_O_14_CA108_O_shape,P_O_14_CA108_O,0
P_O_14_CA056,Ground_Daily,P_O_14_CA108_R (06-30-00),P_O_14_CA108_R_shape,P_O_14_CA108_R,0
P_O_14_CA056,Ground_Daily,P_O_14_CA108_R (08-00-00),P_O_14_CA108_R_shape,P_O_14_CA108_R,0
P_O_14_CA056,Ground_Daily,P_O_14_CA108_R (09-00-00),P_O_14_CA108_R_shape,P_O_14_CA108_R,0
P_O_14_CA056,Ground_Daily,P_O_14_CA108_R (11-00-00),P_O_14_CA108_R_shape,P_O_14_CA108_R,0
P_O_14_CA056,Ground_Daily,P_O_14_CA108_R (13-00-00),P_O_14_CA108_R_shape,P_O_14_CA108_R,0
P_O_14_CA056,Ground_Daily,P_O_14_CA108_R (15-00-00),P_O_14_CA108_R_shape,P_O_14_CA108_R,0
P_O_14_CA056,Ground_Daily,P_O_14_CA108_R (17-00-00),P_O_14_CA108_R_shape,P_O_14_CA108_R,0
P_O_14_CA056,Ground_Daily,P_O_14_CA108_R (19-00-00),P_O_14_CA108_R_shape,P_O_14_CA108_R,0
P_O_14_CA056,Ground_Daily,P_O_14_CA108_R (21-00-00),P_O_14_CA108_R_shape,P_O_14_CA108_R,0
P_O_14_CA056,Ground_Daily,P_O_14_CA109_O (06-30-00),P_O_14_CA109_O_shape,P_O_14_CA109_O,0
P_O_14_CA056,Ground_Daily,P_O_14_CA109_O (08-00-00),P_O_14_CA109_O_shape,P_O_14_CA109_O,0
P_O_14_CA056,Ground_Daily,P_O_14_CA109_O (09-00-00),P_O_14_CA109_O_shape,P_O_14_CA109_O,0
P_O_14_CA056,Ground_Daily,P_O_14_CA109_O (11-00-00),P_O_14_CA109_O_shape,P_O_14_CA109_O,0
P_O_14_CA056,Ground_Daily,P_O_14_CA109_O (13-00-00),P_O_14_CA109_O_shape,P_O_14_CA109_O,0
P_O_14_CA056,Ground_Daily,P_O_14_CA109_O (15-00-00),P_O_14_CA109_O_shape,P_O_14_CA109_O,0
P_O_14_CA056,Ground_Daily,P_O_14_CA109_O (17-00-00),P_O_14_CA109_O_shape,P_O_14_CA109_O,0
P_O_14_CA056,Ground_Daily,P_O_14_CA109_O (19-00-00),P_O_14_CA109_O_shape,P_O_14_CA109_O,0
P_O_14_CA056,Ground_Daily,P_O_14_CA109_O (21-00-00),P_O_14_CA109_O_shape,P_O_14_CA109_O,0
P_O_14_CA056,Ground_Daily,P_O_14_CA110_O (06-30-00),P_O_14_CA110_O_shape,P_O_14_CA110_O,0
P_O_14_CA056,Ground_Daily,P_O_14_CA110_O (08-00-00),P_O_14_CA110_O_shape,P_O_14_CA110_O,0
P_O_14_CA056,Ground_Daily,P_O_14_CA110_O (09-00-00),P_O_14_CA110_O_shape,P_O_14_CA110_O,0
P_O_14_CA056,Ground_Daily,P_O_14_CA110_O (11-00-00),P_O_14_CA110_O_shape,P_O_14_CA110_O,0
P_O_14_CA056,Ground_Daily,P_O_14_CA110_O (13-00-00),P_O_14_CA110_O_shape,P_O_14_CA110_O,0
P_O_14_CA056,Ground_Daily,P_O_14_CA110_O (15-00-00),P_O_14_CA110_O_shape,P_O_14_CA110_O,0
P_O_14_CA056,Ground_Daily,P_O_14_CA110_O (17-00-00),P_O_14_CA110_O_shape,P_O_14_CA110_O,0
P_O_14_CA056,Ground_Daily,P_O_14_CA110_O (19-00-00),P_O_14_CA110_O_shape,P_O_14_CA110_O,0
P_O_14_CA056,Ground_Daily,P_O_14_CA110_O (21-00-00),P_O_14_CA110_O_shape,P_O_14_CA110_O,0
P_O_14_CA056,Ground_Daily,P_O_14_CA110_R (06-30-00),P_O_14_CA110_R_shape,P_O_14_CA110_R,0
P_O_14_CA056,Ground_Daily,P_O_14_CA110_R (08-00-00),P_O_14_CA110_R_shape,P_O_14_CA110_R,0
P_O_14_CA056,Ground_Daily,P_O_14_CA110_R (09-00-00),P_O_14_CA110_R_shape,P_O_14_CA110_R,0
P_O_14_CA056,Ground_Daily,P_O_14_CA110_R (11-00-00),P_O_14_CA110_R_shape,P_O_14_CA110_R,0
P_O_14_CA056,Ground_Daily,P_O_14_CA110_R (13-00-00),P_O_14_CA110_R_shape,P_O_14_CA110_R,0
P_O_14_CA056,Ground_Daily,P_O_14_CA110_R (15-00-00),P_O_14_CA110_R_shape,P_O_14_CA110_R,0
P_O_14_CA056,Ground_Daily,P_O_14_CA110_R (17-00-00),P_O_14_CA110_R_shape,P_O_14_CA110_R,0
P_O_14_CA056,Ground_Daily,P_O_14_CA110_R (19-00-00),P_O_14_CA110_R_shape,P_O_14_CA110_R,0
P_O_14_CA056,Ground_Daily,P_O_14_CA110_R (21-00-00),P_O_14_CA110_R_shape,P_O_14_CA110_R,0
P_O_14_CA056,Ground_Daily,P_O_14_CA111_O (06-30-00),P_O_14_CA111_O_shape,P_O_14_CA111_O,0
P_O_14_CA056,Ground_Daily,P_O_14_CA111_O (08-00-00),P_O_14_CA111_O_shape,P_O_14_CA111_O,0
P_O_14_CA056,Ground_Daily,P_O_14_CA111_O (09-00-00),P_O_14_CA111_O_shape,P_O_14_CA111_O,0
P_O_14_CA056,Ground_Daily,P_O_14_CA111_O (11-00-00),P_O_14_CA111_O_shape,P_O_14_CA111_O,0
P_O_14_CA056,Ground_Daily,P_O_14_CA111_O (13-00-00),P_O_14_CA111_O_shape,P_O_14_CA111_O,0
P_O_14_CA056,Ground_Daily,P_O_14_CA111_O (15-00-00),P_O_14_CA111_O_shape,P_O_14_CA111_O,0
P_O_14_CA056,Ground_Daily,P_O_14_CA111_O (17-00-00),P_O_14_CA111_O_shape,P_O_14_CA111_O,0
P_O_14_CA056,Ground_Daily,P_O_14_CA111_O (19-00-00),P_O_14_CA111_O_shape,P_O_14_CA111_O,0
P_O_14_CA056,Ground_Daily,P_O_14_CA111_O (21-00-00),P_O_14_CA111_O_shape,P_O_14_CA111_O,0
P_O_14_CA056,Ground_Daily,P_O_14_CA111_R (06-30-00),P_O_14_CA111_R_shape,P_O_14_CA111_R,0
P_O_14_CA056,Ground_Daily,P_O_14_CA111_R (08-00-00),P_O_14_CA111_R_shape,P_O_14_CA111_R,0
P_O_14_CA056,Ground_Daily,P_O_14_CA111_R (09-00-00),P_O_14_CA111_R_shape,P_O_14_CA111_R,0
P_O_14_CA056,Ground_Daily,P_O_14_CA111_R (11-00-00),P_O_14_CA111_R_shape,P_O_14_CA111_R,0
P_O_14_CA056,Ground_Daily,P_O_14_CA111_R (13-00-00),P_O_14_CA111_R_shape,P_O_14_CA111_R,0
P_O_14_CA056,Ground_Daily,P_O_14_CA111_R (15-00-00),P_O_14_CA111_R_shape,P_O_14_CA111_R,0
P_O_14_CA056,Ground_Daily,P_O_14_CA111_R (17-00-00),P_O_14_CA111_R_shape,P_O_14_CA111_R,0
P_O_14_CA056,Ground_Daily,P_O_14_CA111_R (19-00-00),P_O_14_CA111_R_shape,P_O_14_CA111_R,0
P_O_14_CA056,Ground_Daily,P_O_14_CA111_R (21-00-00),P_O_14_CA111_R_shape,P_O_14_CA111_R,0
P_O_14_CA056,Ground_Daily,P_O_14_CA112_O (06-30-00),P_O_14_CA112_O_shape,P_O_14_CA112_O,0
P_O_14_CA056,Ground_Daily,P_O_14_CA112_O (08-00-00),P_O_14_CA112_O_shape,P_O_14_CA112_O,0
P_O_14_CA056,Ground_Daily,P_O_14_CA112_O (09-00-00),P_O_14_CA112_O_shape,P_O_14_CA112_O,0
P_O_14_CA056,Ground_Daily,P_O_14_CA112_O (11-00-00),P_O_14_CA112_O_shape,P_O_14_CA112_O,0
P_O_14_CA056,Ground_Daily,P_O_14_CA112_O (13-00-00),P_O_14_CA112_O_shape,P_O_14_CA112_O,0
P_O_14_CA056,Ground_Daily,P_O_14_CA112_O (15-00-00),P_O_14_CA112_O_shape,P_O_14_CA112_O,0
P_O_14_CA056,Ground_Daily,P_O_14_CA112_O (17-00-00),P_O_14_CA112_O_shape,P_O_14_CA112_O,0
P_O_14_CA056,Ground_Daily,P_O_14_CA112_O (19-00-00),P_O_14_CA112_O_shape,P_O_14_CA112_O,0
P_O_14_CA056,Ground_Daily,P_O_14_CA112_O (21-00-00),P_O_14_CA112_O_shape,P_O_14_CA112_O,0
P_O_14_CA056,Ground_Daily,P_O_14_CA113_O (06-30-00),P_O_14_CA113_O_shape,P_O_14_CA113_O,0
P_O_14_CA056,Ground_Daily,P_O_14_CA113_O (08-00-00),P_O_14_CA113_O_shape,P_O_14_CA113_O,0
P_O_14_CA056,Ground_Daily,P_O_14_CA113_O (09-00-00),P_O_14_CA113_O_shape,P_O_14_CA113_O,0
P_O_14_CA056,Ground_Daily,P_O_14_CA113_O (11-00-00),P_O_14_CA113_O_shape,P_O_14_CA113_O,0
P_O_14_CA056,Ground_Daily,P_O_14_CA113_O (13-00-00),P_O_14_CA113_O_shape,P_O_14_CA113_O,0
P_O_14_CA056,Ground_Daily,P_O_14_CA113_O (15-00-00),P_O_14_CA113_O_shape,P_O_14_CA113_O,0
P_O_14_CA056,Ground_Daily,P_O_14_CA113_O (17-00-00),P_O_14_CA113_O_shape,P_O_14_CA113_O,0
P_O_14_CA056,Ground_Daily,P_O_14_CA113_O (19-00-00),P_O_14_CA113_O_shape,P_O_14_CA113_O,0
P_O_14_CA056,Ground_Daily,P_O_14_CA113_O (21-00-00),P_O_14_CA113_O_shape,P_O_14_CA113_O,0
P_O_14_CA056,Ground_Daily,P_O_14_CA114_O (06-30-00),P_O_14_CA114_O_shape,P_O_14_CA114_O,0
P_O_14_CA056,Ground_Daily,P_O_14_CA114_O (08-00-00),P_O_14_CA114_O_shape,P_O_14_CA114_O,0
P_O_14_CA056,Ground_Daily,P_O_14_CA114_O (09-00-00),P_O_14_CA114_O_shape,P_O_14_CA114_O,0
P_O_14_CA056,Ground_Daily,P_O_14_CA114_O (11-00-00),P_O_14_CA114_O_shape,P_O_14_CA114_O,0
P_O_14_CA056,Ground_Daily,P_O_14_CA114_O (13-00-00),P_O_14_CA114_O_shape,P_O_14_CA114_O,0
P_O_14_CA056,Ground_Daily,P_O_14_CA114_O (15-00-00),P_O_14_CA114_O_shape,P_O_14_CA114_O,0
P_O_14_CA056,Ground_Daily,P_O_14_CA114_O (17-00-00),P_O_14_CA114_O_shape,P_O_14_CA114_O,0
P_O_14_CA056,Ground_Daily,P_O_14_CA114_O (19-00-00),P_O_14_CA114_O_shape,P_O_14_CA114_O,0
P_O_14_CA056,Ground_Daily,P_O_14_CA114_O (21-00-00),P_O_14_CA114_O_shape,P_O_14_CA114_O,0
P_O_14_CA056,Ground_Daily,P_O_14_CA114_R (06-30-00),P_O_14_CA114_R_shape,P_O_14_CA114_R,0
P_O_14_CA056,Ground_Daily,P_O_14_CA114_R (08-00-00),P_O_14_CA114_R_shape,P_O_14_CA114_R,0
P_O_14_CA056,Ground_Daily,P_O_14_CA114_R (09-00-00),P_O_14_CA114_R_shape,P_O_14_CA114_R,0
P_O_14_CA056,Ground_Daily,P_O_14_CA114_R (11-00-00),P_O_14_CA114_R_shape,P_O_14_CA114_R,0
P_O_14_CA056,Ground_Daily,P_O_14_CA114_R (13-00-00),P_O_14_CA114_R_shape,P_O_14_CA114_R,0
P_O_14_CA056,Ground_Daily,P_O_14_CA114_R (15-00-00),P_O_14_CA114_R_shape,P_O_14_CA114_R,0
P_O_14_CA056,Ground_Daily,P_O_14_CA114_R (17-00-00),P_O_14_CA114_R_shape,P_O_14_CA114_R,0
P_O_14_CA056,Ground_Daily,P_O_14_CA114_R (19-00-00),P_O_14_CA114_R_shape,P_O_14_CA114_R,0
P_O_14_CA056,Ground_Daily,P_O_14_CA114_R (21-00-00),P_O_14_CA114_R_shape,P_O_14_CA114_R,0
P_O_14_CA056,Ground_Daily,P_O_14_CA115_O (06-30-00),P_O_14_CA115_O_shape,P_O_14_CA115_O,0
P_O_14_CA056,Ground_Daily,P_O_14_CA115_O (08-00-00),P_O_14_CA115_O_shape,P_O_14_CA115_O,0
P_O_14_CA056,Ground_Daily,P_O_14_CA115_O (09-00-00),P_O_14_CA115_O_shape,P_O_14_CA115_O,0
P_O_14_CA056,Ground_Daily,P_O_14_CA115_O (11-00-00),P_O_14_CA115_O_shape,P_O_14_CA115_O,0
P_O_14_CA056,Ground_Daily,P_O_14_CA115_O (13-00-00),P_O_14_CA115_O_shape,P_O_14_CA115_O,0
P_O_14_CA056,Ground_Daily,P_O_14_CA115_O (15-00-00),P_O_14_CA115_O_shape,P_O_14_CA115_O,0
P_O_14_CA056,Ground_Daily,P_O_14_CA115_O (17-00-00),P_O_14_CA115_O_shape,P_O_14_CA115_O,0
P_O_14_CA056,Ground_Daily,P_O_14_CA115_O (19-00-00),P_O_14_CA115_O_shape,P_O_14_CA115_O,0
P_O_14_CA056,Ground_Daily,P_O_14_CA115_O (21-00-00),P_O_14_CA115_O_shape,P_O_14_CA115_O,0
P_O_14_CA056,Ground_Daily,P_O_14_CA115_R (06-30-00),P_O_14_CA115_R_shape,P_O_14_CA115_R,0
P_O_14_CA056,Ground_Daily,P_O_14_CA115_R (08-00-00),P_O_14_CA115_R_shape,P_O_14_CA115_R,0
P_O_14_CA056,Ground_Daily,P_O_14_CA115_R (09-00-00),P_O_14_CA115_R_shape,P_O_14_CA115_R,0
P_O_14_CA056,Ground_Daily,P_O_14_CA115_R (11-00-00),P_O_14_CA115_R_shape,P_O_14_CA115_R,0
P_O_14_CA056,Ground_Daily,P_O_14_CA115_R (13-00-00),P_O_14_CA115_R_shape,P_O_14_CA115_R,0
P_O_14_CA056,Ground_Daily,P_O_14_CA115_R (15-00-00),P_O_14_CA115_R_shape,P_O_14_CA115_R,0
P_O_14_CA056,Ground_Daily,P_O_14_CA115_R (17-00-00),P_O_14_CA115_R_shape,P_O_14_CA115_R,0
P_O_14_CA056,Ground_Daily,P_O_14_CA115_R (19-00-00),P_O_14_CA115_R_shape,P_O_14_CA115_R,0
P_O_14_CA056,Ground_Daily,P_O_14_CA115_R (21-00-00),P_O_14_CA115_R_shape,P_O_14_CA115_R,0
P_O_14_CA056,Ground_Daily,P_O_14_CA116_O (06-30-00),P_O_14_CA116_O_shape,P_O_14_CA116_O,0
P_O_14_CA056,Ground_Daily,P_O_14_CA116_O (08-00-00),P_O_14_CA116_O_shape,P_O_14_CA116_O,0
P_O_14_CA056,Ground_Daily,P_O_14_CA116_O (09-00-00),P_O_14_CA116_O_shape,P_O_14_CA116_O,0
P_O_14_CA056,Ground_Daily,P_O_14_CA116_O (11-00-00),P_O_14_CA116_O_shape,P_O_14_CA116_O,0
P_O_14_CA056,Ground_Daily,P_O_14_CA116_O (13-00-00),P_O_14_CA116_O_shape,P_O_14_CA116_O,0
P_O_14_CA056,Ground_Daily,P_O_14_CA116_O (15-00-00),P_O_14_CA116_O_shape,P_O_14_CA116_O,0
P_O_14_CA056,Ground_Daily,P_O_14_CA116_O (17-00-00),P_O_14_CA116_O_shape,P_O_14_CA116_O,0
P_O_14_CA056,Ground_Daily,P_O_14_CA116_O (19-00-00),P_O_14_CA116_O_shape,P_O_14_CA116_O,0
P_O_14_CA056,Ground_Daily,P_O_14_CA116_O (21-00-00),P_O_14_CA116_O_shape,P_O_14_CA116_O,0
P_O_14_CA056,Ground_Daily,P_O_14_CA116_R (06-30-00),P_O_14_CA116_R_shape,P_O_14_CA116_R,0
P_O_14_CA056,Ground_Daily,P_O_14_CA116_R (08-00-00),P_O_14_CA116_R_shape,P_O_14_CA116_R,0
P_O_14_CA056,Ground_Daily,P_O_14_CA116_R (09-00-00),P_O_14_CA116_R_shape,P_O_14_CA116_R,0
P_O_14_CA056,Ground_Daily,P_O_14_CA116_R (11-00-00),P_O_14_CA116_R_shape,P_O_14_CA116_R,0
P_O_14_CA056,Ground_Daily,P_O_14_CA116_R (13-00-00),P_O_14_CA116_R_shape,P_O_14_CA116_R,0
P_O_14_CA056,Ground_Daily,P_O_14_CA116_R (15-00-00),P_O_14_CA116_R_shape,P_O_14_CA116_R,0
P_O_14_CA056,Ground_Daily,P_O_14_CA116_R (17-00-00),P_O_14_CA116_R_shape,P_O_14_CA116_R,0
P_O_14_CA056,Ground_Daily,P_O_14_CA116_R (19-00-00),P_O_14_CA116_R_shape,P_O_14_CA116_R,0
P_O_14_CA056,Ground_Daily,P_O_14_CA116_R (21-00-00),P_O_14_CA116_R_shape,P_O_14_CA116_R,0
P_O_14_CA056,Ground_Daily,P_O_14_CA117_O (06-30-00),P_O_14_CA117_O_shape,P_O_14_CA117_O,0
P_O_14_CA056,Ground_Daily,P_O_14_CA117_O (08-00-00),P_O_14_CA117_O_shape,P_O_14_CA117_O,0
P_O_14_CA056,Ground_Daily,P_O_14_CA117_O (09-00-00),P_O_14_CA117_O_shape,P_O_14_CA117_O,0
P_O_14_CA056,Ground_Daily,P_O_14_CA117_O (11-00-00),P_O_14_CA117_O_shape,P_O_14_CA117_O,0
P_O_14_CA056,Ground_Daily,P_O_14_CA117_O (13-00-00),P_O_14_CA117_O_shape,P_O_14_CA117_O,0
P_O_14_CA056,Ground_Daily,P_O_14_CA117_O (15-00-00),P_O_14_CA117_O_shape,P_O_14_CA117_O,0
P_O_14_CA056,Ground_Daily,P_O_14_CA117_O (17-00-00),P_O_14_CA117_O_shape,P_O_14_CA117_O,0
P_O_14_CA056,Ground_Daily,P_O_14_CA117_O (19-00-00),P_O_14_CA117_O_shape,P_O_14_CA117_O,0
P_O_14_CA056,Ground_Daily,P_O_14_CA117_O (21-00-00),P_O_14_CA117_O_shape,P_O_14_CA117_O,0
P_O_14_CA056,Ground_Daily,P_O_14_CA117_R (06-30-00),P_O_14_CA117_R_shape,P_O_14_CA117_R,0
P_O_14_CA056,Ground_Daily,P_O_14_CA117_R (08-00-00),P_O_14_CA117_R_shape,P_O_14_CA117_R,0
P_O_14_CA056,Ground_Daily,P_O_14_CA117_R (09-00-00),P_O_14_CA117_R_shape,P_O_14_CA117_R,0
P_O_14_CA056,Ground_Daily,P_O_14_CA117_R (11-00-00),P_O_14_CA117_R_shape,P_O_14_CA117_R,0
P_O_14_CA056,Ground_Daily,P_O_14_CA117_R (13-00-00),P_O_14_CA117_R_shape,P_O_14_CA117_R,0
P_O_14_CA056,Ground_Daily,P_O_14_CA117_R (15-00-00),P_O_14_CA117_R_shape,P_O_14_CA117_R,0
P_O_14_CA056,Ground_Daily,P_O_14_CA117_R (17-00-00),P_O_14_CA117_R_shape,P_O_14_CA117_R,0
P_O_14_CA056,Ground_Daily,P_O_14_CA117_R (19-00-00),P_O_14_CA117_R_shape,P_O_14_CA117_R,0
P_O_14_CA056,Ground_Daily,P_O_14_CA117_R (21-00-00),P_O_14_CA117_R_shape,P_O_14_CA117_R,0
P_O_14_CA056,Ground_Daily,P_O_14_CA118_O (06-30-00),P_O_14_CA118_O_shape,P_O_14_CA118_O,0
P_O_14_CA056,Ground_Daily,P_O_14_CA118_O (08-00-00),P_O_14_CA118_O_shape,P_O_14_CA118_O,0
P_O_14_CA056,Ground_Daily,P_O_14_CA118_O (09-00-00),P_O_14_CA118_O_shape,P_O_14_CA118_O,0
P_O_14_CA056,Ground_Daily,P_O_14_CA118_O (11-00-00),P_O_14_CA118_O_shape,P_O_14_CA118_O,0
P_O_14_CA056,Ground_Daily,P_O_14_CA118_O (13-00-00),P_O_14_CA118_O_shape,P_O_14_CA118_O,0
P_O_14_CA056,Ground_Daily,P_O_14_CA118_O (15-00-00),P_O_14_CA118_O_shape,P_O_14_CA118_O,0
P_O_14_CA056,Ground_Daily,P_O_14_CA118_O (17-00-00),P_O_14_CA118_O_shape,P_O_14_CA118_O,0
P_O_14_CA056,Ground_Daily,P_O_14_CA118_O (19-00-00),P_O_14_CA118_O_shape,P_O_14_CA118_O,0
P_O_14_CA056,Ground_Daily,P_O_14_CA118_O (21-00-00),P_O_14_CA118_O_shape,P_O_14_CA118_O,0
P_O_14_CA056,Ground_Daily,P_O_14_CA118_R (06-30-00),P_O_14_CA118_R_shape,P_O_14_CA118_R,0
P_O_14_CA056,Ground_Daily,P_O_14_CA118_R (08-00-00),P_O_14_CA118_R_shape,P_O_14_CA118_R,0
P_O_14_CA056,Ground_Daily,P_O_14_CA118_R (09-00-00),P_O_14_CA118_R_shape,P_O_14_CA118_R,0
P_O_14_CA056,Ground_Daily,P_O_14_CA118_R (11-00-00),P_O_14_CA118_R_shape,P_O_14_CA118_R,0
P_O_14_CA056,Ground_Daily,P_O_14_CA118_R (13-00-00),P_O_14_CA118_R_shape,P_O_14_CA118_R,0
P_O_14_CA056,Ground_Daily,P_O_14_CA118_R (15-00-00),P_O_14_CA118_R_shape,P_O_14_CA118_R,0
P_O_14_CA056,Ground_Daily,P_O_14_CA118_R (17-00-00),P_O_14_CA118_R_shape,P_O_14_CA118_R,0
P_O_14_CA056,Ground_Daily,P_O_14_CA118_R (19-00-00),P_O_14_CA118_R_shape,P_O_14_CA118_R,0
P_O_14_CA056,Ground_Daily,P_O_14_CA118_R (21-00-00),P_O_14_CA118_R_shape,P_O_14_CA118_R,0
P_O_14_CA056,Ground_Daily,P_O_14_CA119_O (06-30-00),P_O_14_CA119_O_shape,P_O_14_CA119_O,0
P_O_14_CA056,Ground_Daily,P_O_14_CA119_O (08-00-00),P_O_14_CA119_O_shape,P_O_14_CA119_O,0
P_O_14_CA056,Ground_Daily,P_O_14_CA119_O (09-00-00),P_O_14_CA119_O_shape,P_O_14_CA119_O,0
P_O_14_CA056,Ground_Daily,P_O_14_CA119_O (11-00-00),P_O_14_CA119_O_shape,P_O_14_CA119_O,0
P_O_14_CA056,Ground_Daily,P_O_14_CA119_O (13-00-00),P_O_14_CA119_O_shape,P_O_14_CA119_O,0
P_O_14_CA056,Ground_Daily,P_O_14_CA119_O (15-00-00),P_O_14_CA119_O_shape,P_O_14_CA119_O,0
P_O_14_CA056,Ground_Daily,P_O_14_CA119_O (17-00-00),P_O_14_CA119_O_shape,P_O_14_CA119_O,0
P_O_14_CA056,Ground_Daily,P_O_14_CA119_O (19-00-00),P_O_14_CA119_O_shape,P_O_14_CA119_O,0
P_O_14_CA056,Ground_Daily,P_O_14_CA119_O (21-00-00),P_O_14_CA119_O_shape,P_O_14_CA119_O,0
P_O_14_CA056,Ground_Daily,P_O_14_CA119_R (06-30-00),P_O_14_CA119_R_shape,P_O_14_CA119_R,0
P_O_14_CA056,Ground_Daily,P_O_14_CA119_R (08-00-00),P_O_14_CA119_R_shape,P_O_14_CA119_R,0
P_O_14_CA056,Ground_Daily,P_O_14_CA119_R (09-00-00),P_O_14_CA119_R_shape,P_O_14_CA119_R,0
P_O_14_CA056,Ground_Daily,P_O_14_CA119_R (11-00-00),P_O_14_CA119_R_shape,P_O_14_CA119_R,0
P_O_14_CA056,Ground_Daily,P_O_14_CA119_R (13-00-00),P_O_14_CA119_R_shape,P_O_14_CA119_R,0
P_O_14_CA056,Ground_Daily,P_O_14_CA119_R (15-00-00),P_O_14_CA119_R_shape,P_O_14_CA119_R,0
P_O_14_CA056,Ground_Daily,P_O_14_CA119_R (17-00-00),P_O_14_CA119_R_shape,P_O_14_CA119_R,0
P_O_14_CA056,Ground_Daily,P_O_14_CA119_R (19-00-00),P_O_14_CA119_R_shape,P_O_14_CA119_R,0
P_O_14_CA056,Ground_Daily,P_O_14_CA119_R (21-00-00),P_O_14_CA119_R_shape,P_O_14_CA119_R,0
P_O_14_CA056,Ground_Daily,P_O_14_CA120_O (06-30-00),P_O_14_CA120_O_shape,P_O_14_CA120_O,0
P_O_14_CA056,Ground_Daily,P_O_14_CA120_O (08-00-00),P_O_14_CA120_O_shape,P_O_14_CA120_O,0
P_O_14_CA056,Ground_Daily,P_O_14_CA120_O (09-00-00),P_O_14_CA120_O_shape,P_O_14_CA120_O,0
P_O_14_CA056,Ground_Daily,P_O_14_CA120_O (11-00-00),P_O_14_CA120_O_shape,P_O_14_CA120_O,0
P_O_14_CA056,Ground_Daily,P_O_14_CA120_O (13-00-00),P_O_14_CA120_O_shape,P_O_14_CA120_O,0
P_O_14_CA056,Ground_Daily,P_O_14_CA120_O (15-00-00),P_O_14_CA120_O_shape,P_O_14_CA120_O,0
P_O_14_CA056,Ground_Daily,P_O_14_CA120_O (17-00-00),P_O_14_CA120_O_shape,P_O_14_CA120_O,0
P_O_14_CA056,Ground_Daily,P_O_14_CA120_O (19-00-00),P_O_14_CA120_O_shape,P_O_14_CA120_O,0
P_O_14_CA056,Ground_Daily,P_O_14_CA120_O (21-00-00),P_O_14_CA120_O_shape,P_O_14_CA120_O,0
P_O_14_CA056,Ground_Daily,P_O_14_CA120_R (06-30-00),P_O_14_CA120_R_shape,P_O_14_CA120_R,0
P_O_14_CA056,Ground_Daily,P_O_14_CA120_R (08-00-00),P_O_14_CA120_R_shape,P_O_14_CA120_R,0
P_O_14_CA056,Ground_Daily,P_O_14_CA120_R (09-00-00),P_O_14_CA120_R_shape,P_O_14_CA120_R,0
P_O_14_CA056,Ground_Daily,P_O_14_CA120_R (11-00-00),P_O_14_CA120_R_shape,P_O_14_CA120_R,0
P_O_14_CA056,Ground_Daily,P_O_14_CA120_R (13-00-00),P_O_14_CA120_R_shape,P_O_14_CA120_R,0
P_O_14_CA056,Ground_Daily,P_O_14_CA120_R (15-00-00),P_O_14_CA120_R_shape,P_O_14_CA120_R,0
P_O_14_CA056,Ground_Daily,P_O_14_CA120_R (17-00-00),P_O_14_CA120_R_shape,P_O_14_CA120_R,0
P_O_14_CA056,Ground_Daily,P_O_14_CA120_R (19-00-00),P_O_14_CA120_R_shape,P_O_14_CA120_R,0
P_O_14_CA056,Ground_Daily,P_O_14_CA120_R (21-00-00),P_O_14_CA120_R_shape,P_O_14_CA120_R,0
P_O_14_CA056,Ground_Daily,P_O_14_CA121_O (06-30-00),P_O_14_CA121_O_shape,P_O_14_CA121_O,0
P_O_14_CA056,Ground_Daily,P_O_14_CA121_O (08-00-00),P_O_14_CA121_O_shape,P_O_14_CA121_O,0
P_O_14_CA056,Ground_Daily,P_O_14_CA121_O (09-00-00),P_O_14_CA121_O_shape,P_O_14_CA121_O,0
P_O_14_CA056,Ground_Daily,P_O_14_CA121_O (11-00-00),P_O_14_CA121_O_shape,P_O_14_CA121_O,0
P_O_14_CA056,Ground_Daily,P_O_14_CA121_O (13-00-00),P_O_14_CA121_O_shape,P_O_14_CA121_O,0
P_O_14_CA056,Ground_Daily,P_O_14_CA121_O (15-00-00),P_O_14_CA121_O_shape,P_O_14_CA121_O,0
P_O_14_CA056,Ground_Daily,P_O_14_CA121_O (17-00-00),P_O_14_CA121_O_shape,P_O_14_CA121_O,0
P_O_14_CA056,Ground_Daily,P_O_14_CA121_O (19-00-00),P_O_14_CA121_O_shape,P_O_14_CA121_O,0
P_O_14_CA056,Ground_Daily,P_O_14_CA121_O (21-00-00),P_O_14_CA121_O_shape,P_O_14_CA121_O,0
P_O_14_CA056,Ground_Daily,P_O_14_CA121_R (06-30-00),P_O_14_CA121_R_shape,P_O_14_CA121_R,0
P_O_14_CA056,Ground_Daily,P_O_14_CA121_R (08-00-00),P_O_14_CA121_R_shape,P_O_14_CA121_R,0
P_O_14_CA056,Ground_Daily,P_O_14_CA121_R (09-00-00),P_O_14_CA121_R_shape,P_O_14_CA121_R,0
P_O_14_CA056,Ground_Daily,P_O_14_CA121_R (11-00-00),P_O_14_CA121_R_shape,P_O_14_CA121_R,0
P_O_14_CA056,Ground_Daily,P_O_14_CA121_R (13-00-00),P_O_14_CA121_R_shape,P_O_14_CA121_R,0
P_O_14_CA056,Ground_Daily,P_O_14_CA121_R (15-00-00),P_O_14_CA121_R_shape,P_O_14_CA121_R,0
P_O_14_CA056,Ground_Daily,P_O_14_CA121_R (17-00-00),P_O_14_CA121_R_shape,P_O_14_CA121_R,0
P_O_14_CA056,Ground_Daily,P_O_14_CA121_R (19-00-00),P_O_14_CA121_R_shape,P_O_14_CA121_R,0
P_O_14_CA056,Ground_Daily,P_O_14_CA121_R (21-00-00),P_O_14_CA121_R_shape,P_O_14_CA121_R,0
P_O_14_CA056,Ground_Daily,P_O_14_CA122_O (06-30-00),P_O_14_CA122_O_shape,P_O_14_CA122_O,0
P_O_14_CA056,Ground_Daily,P_O_14_CA122_O (08-00-00),P_O_14_CA122_O_shape,P_O_14_CA122_O,0
P_O_14_CA056,Ground_Daily,P_O_14_CA122_O (09-00-00),P_O_14_CA122_O_shape,P_O_14_CA122_O,0
P_O_14_CA056,Ground_Daily,P_O_14_CA122_O (11-00-00),P_O_14_CA122_O_shape,P_O_14_CA122_O,0
P_O_14_CA056,Ground_Daily,P_O_14_CA122_O (13-00-00),P_O_14_CA122_O_shape,P_O_14_CA122_O,0
P_O_14_CA056,Ground_Daily,P_O_14_CA122_O (15-00-00),P_O_14_CA122_O_shape,P_O_14_CA122_O,0
P_O_14_CA056,Ground_Daily,P_O_14_CA122_O (17-00-00),P_O_14_CA122_O_shape,P_O_14_CA122_O,0
P_O_14_CA056,Ground_Daily,P_O_14_CA122_O (19-00-00),P_O_14_CA122_O_shape,P_O_14_CA122_O,0
P_O_14_CA056,Ground_Daily,P_O_14_CA122_O (21-00-00),P_O_14_CA122_O_shape,P_O_14_CA122_O,0
P_O_14_CA056,Ground_Daily,P_O_14_CA122_R (06-30-00),P_O_14_CA122_R_shape,P_O_14_CA122_R,0
P_O_14_CA056,Ground_Daily,P_O_14_CA122_R (08-00-00),P_O_14_CA122_R_shape,P_O_14_CA122_R,0
P_O_14_CA056,Ground_Daily,P_O_14_CA122_R (09-00-00),P_O_14_CA122_R_shape,P_O_14_CA122_R,0
P_O_14_CA056,Ground_Daily,P_O_14_CA122_R (11-00-00),P_O_14_CA122_R_shape,P_O_14_CA122_R,0
P_O_14_CA056,Ground_Daily,P_O_14_CA122_R (13-00-00),P_O_14_CA122_R_shape,P_O_14_CA122_R,0
P_O_14_CA056,Ground_Daily,P_O_14_CA122_R (15-00-00),P_O_14_CA122_R_shape,P_O_14_CA122_R,0
P_O_14_CA056,Ground_Daily,P_O_14_CA122_R (17-00-00),P_O_14_CA122_R_shape,P_O_14_CA122_R,0
P_O_14_CA056,Ground_Daily,P_O_14_CA122_R (19-00-00),P_O_14_CA122_R_shape,P_O_14_CA122_R,0
P_O_14_CA056,Ground_Daily,P_O_14_CA122_R (21-00-00),P_O_14_CA122_R_shape,P_O_14_CA122_R,0
P_O_14_CA056,Ground_Daily,P_O_14_CA124_O (06-30-00),P_O_14_CA124_O_shape,P_O_14_CA124_O,0
P_O_14_CA056,Ground_Daily,P_O_14_CA124_O (08-00-00),P_O_14_CA124_O_shape,P_O_14_CA124_O,0
P_O_14_CA056,Ground_Daily,P_O_14_CA124_O (09-00-00),P_O_14_CA124_O_shape,P_O_14_CA124_O,0
P_O_14_CA056,Ground_Daily,P_O_14_CA124_O (11-00-00),P_O_14_CA124_O_shape,P_O_14_CA124_O,0
P_O_14_CA056,Ground_Daily,P_O_14_CA124_O (13-00-00),P_O_14_CA124_O_shape,P_O_14_CA124_O,0
P_O_14_CA056,Ground_Daily,P_O_14_CA124_O (15-00-00),P_O_14_CA124_O_shape,P_O_14_CA124_O,0
P_O_14_CA056,Ground_Daily,P_O_14_CA124_O (17-00-00),P_O_14_CA124_O_shape,P_O_14_CA124_O,0
P_O_14_CA056,Ground_Daily,P_O_14_CA124_O (19-00-00),P_O_14_CA124_O_shape,P_O_14_CA124_O,0
P_O_14_CA056,Ground_Daily,P_O_14_CA124_O (21-00-00),P_O_14_CA124_O_shape,P_O_14_CA124_O,0
P_O_14_CA056,Ground_Daily,P_O_14_CA124_R (06-30-00),P_O_14_CA124_R_shape,P_O_14_CA124_R,0
P_O_14_CA056,Ground_Daily,P_O_14_CA124_R (08-00-00),P_O_14_CA124_R_shape,P_O_14_CA124_R,0
P_O_14_CA056,Ground_Daily,P_O_14_CA124_R (09-00-00),P_O_14_CA124_R_shape,P_O_14_CA124_R,0
P_O_14_CA056,Ground_Daily,P_O_14_CA124_R (11-00-00),P_O_14_CA124_R_shape,P_O_14_CA124_R,0
P_O_14_CA056,Ground_Daily,P_O_14_CA124_R (13-00-00),P_O_14_CA124_R_shape,P_O_14_CA124_R,0
P_O_14_CA056,Ground_Daily,P_O_14_CA124_R (15-00-00),P_O_14_CA124_R_shape,P_O_14_CA124_R,0
P_O_14_CA056,Ground_Daily,P_O_14_CA124_R (17-00-00),P_O_14_CA124_R_shape,P_O_14_CA124_R,0
P_O_14_CA056,Ground_Daily,P_O_14_CA124_R (19-00-00),P_O_14_CA124_R_shape,P_O_14_CA124_R,0
P_O_14_CA056,Ground_Daily,P_O_14_CA124_R (21-00-00),P_O_14_CA124_R_shape,P_O_14_CA124_R,0
P_O_14_CA056,Ground_Daily,P_O_14_CA126_O (06-30-00),P_O_14_CA126_O_shape,P_O_14_CA126_O,0
P_O_14_CA056,Ground_Daily,P_O_14_CA126_O (08-00-00),P_O_14_CA126_O_shape,P_O_14_CA126_O,0
P_O_14_CA056,Ground_Daily,P_O_14_CA126_O (09-00-00),P_O_14_CA126_O_shape,P_O_14_CA126_O,0
P_O_14_CA056,Ground_Daily,P_O_14_CA126_O (11-00-00),P_O_14_CA126_O_shape,P_O_14_CA126_O,0
P_O_14_CA056,Ground_Daily,P_O_14_CA126_O (13-00-00),P_O_14_CA126_O_shape,P_O_14_CA126_O,0
P_O_14_CA056,Ground_Daily,P_O_14_CA126_O (15-00-00),P_O_14_CA126_O_shape,P_O_14_CA126_O,0
P_O_14_CA056,Ground_Daily,P_O_14_CA126_O (17-00-00),P_O_14_CA126_O_shape,P_O_14_CA126_O,0
P_O_14_CA056,Ground_Daily,P_O_14_CA126_O (19-00-00),P_O_14_CA126_O_shape,P_O_14_CA126_O,0
P_O_14_CA056,Ground_Daily,P_O_14_CA126_O (21-00-00),P_O_14_CA126_O_shape,P_O_14_CA126_O,0
P_O_14_CA056,Ground_Daily,P_O_14_CA126_R (06-30-00),P_O_14_CA126_R_shape,P_O_14_CA126_R,0
P_O_14_CA056,Ground_Daily,P_O_14_CA126_R (08-00-00),P_O_14_CA126_R_shape,P_O_14_CA126_R,0
P_O_14_CA056,Ground_Daily,P_O_14_CA126_R (09-00-00),P_O_14_CA126_R_shape,P_O_14_CA126_R,0
P_O_14_CA056,Ground_Daily,P_O_14_CA126_R (11-00-00),P_O_14_CA126_R_shape,P_O_14_CA126_R,0
P_O_14_CA056,Ground_Daily,P_O_14_CA126_R (13-00-00),P_O_14_CA126_R_shape,P_O_14_CA126_R,0
P_O_14_CA056,Ground_Daily,P_O_14_CA126_R (15-00-00),P_O_14_CA126_R_shape,P_O_14_CA126_R,0
P_O_14_CA056,Ground_Daily,P_O_14_CA126_R (17-00-00),P_O_14_CA126_R_shape,P_O_14_CA126_R,0
P_O_14_CA056,Ground_Daily,P_O_14_CA126_R (19-00-00),P_O_14_CA126_R_shape,P_O_14_CA126_R,0
P_O_14_CA056,Ground_Daily,P_O_14_CA126_R (21-00-00),P_O_14_CA126_R_shape,P_O_14_CA126_R,0
P_O_14_CA056,Ground_Daily,P_O_14_CA127_O (06-30-00),P_O_14_CA127_O_shape,P_O_14_CA127_O,0
P_O_14_CA056,Ground_Daily,P_O_14_CA127_O (08-00-00),P_O_14_CA127_O_shape,P_O_14_CA127_O,0
P_O_14_CA056,Ground_Daily,P_O_14_CA127_O (09-00-00),P_O_14_CA127_O_shape,P_O_14_CA127_O,0
P_O_14_CA056,Ground_Daily,P_O_14_CA127_O (11-00-00),P_O_14_CA127_O_shape,P_O_14_CA127_O,0
P_O_14_CA056,Ground_Daily,P_O_14_CA127_O (13-00-00),P_O_14_CA127_O_shape,P_O_14_CA127_O,0
P_O_14_CA056,Ground_Daily,P_O_14_CA127_O (15-00-00),P_O_14_CA127_O_shape,P_O_14_CA127_O,0
P_O_14_CA056,Ground_Daily,P_O_14_CA127_O (17-00-00),P_O_14_CA127_O_shape,P_O_14_CA127_O,0
P_O_14_CA056,Ground_Daily,P_O_14_CA127_O (19-00-00),P_O_14_CA127_O_shape,P_O_14_CA127_O,0
P_O_14_CA056,Ground_Daily,P_O_14_CA127_O (21-00-00),P_O_14_CA127_O_shape,P_O_14_CA127_O,0
P_O_14_CA056,Ground_Daily,P_O_14_CA127_R (06-30-00),P_O_14_CA127_R_shape,P_O_14_CA127_R,0
P_O_14_CA056,Ground_Daily,P_O_14_CA127_R (08-00-00),P_O_14_CA127_R_shape,P_O_14_CA127_R,0
P_O_14_CA056,Ground_Daily,P_O_14_CA127_R (09-00-00),P_O_14_CA127_R_shape,P_O_14_CA127_R,0
P_O_14_CA056,Ground_Daily,P_O_14_CA127_R (11-00-00),P_O_14_CA127_R_shape,P_O_14_CA127_R,0
P_O_14_CA056,Ground_Daily,P_O_14_CA127_R (13-00-00),P_O_14_CA127_R_shape,P_O_14_CA127_R,0
P_O_14_CA056,Ground_Daily,P_O_14_CA127_R (15-00-00),P_O_14_CA127_R_shape,P_O_14_CA127_R,0
P_O_14_CA056,Ground_Daily,P_O_14_CA127_R (17-00-00),P_O_14_CA127_R_shape,P_O_14_CA127_R,0
P_O_14_CA056,Ground_Daily,P_O_14_CA127_R (19-00-00),P_O_14_CA127_R_shape,P_O_14_CA127_R,0
P_O_14_CA056,Ground_Daily,P_O_14_CA127_R (21-00-00),P_O_14_CA127_R_shape,P_O_14_CA127_R,0
P_O_14_CA056,Ground_Daily,P_O_14_CA128_O (06-30-00),P_O_14_CA128_O_shape,P_O_14_CA128_O,0
P_O_14_CA056,Ground_Daily,P_O_14_CA128_O (08-00-00),P_O_14_CA128_O_shape,P_O_14_CA128_O,0
P_O_14_CA056,Ground_Daily,P_O_14_CA128_O (09-00-00),P_O_14_CA128_O_shape,P_O_14_CA128_O,0
P_O_14_CA056,Ground_Daily,P_O_14_CA128_O (11-00-00),P_O_14_CA128_O_shape,P_O_14_CA128_O,0
P_O_14_CA056,Ground_Daily,P_O_14_CA128_O (13-00-00),P_O_14_CA128_O_shape,P_O_14_CA128_O,0
P_O_14_CA056,Ground_Daily,P_O_14_CA128_O (15-00-00),P_O_14_CA128_O_shape,P_O_14_CA128_O,0
P_O_14_CA056,Ground_Daily,P_O_14_CA128_O (17-00-00),P_O_14_CA128_O_shape,P_O_14_CA128_O,0
P_O_14_CA056,Ground_Daily,P_O_14_CA128_O (19-00-00),P_O_14_CA128_O_shape,P_O_14_CA128_O,0
P_O_14_CA056,Ground_Daily,P_O_14_CA128_O (21-00-00),P_O_14_CA128_O_shape,P_O_14_CA128_O,0
P_O_14_CA056,Ground_Daily,P_O_14_CA128_R (06-30-00),P_O_14_CA128_R_shape,P_O_14_CA128_R,0
P_O_14_CA056,Ground_Daily,P_O_14_CA128_R (08-00-00),P_O_14_CA128_R_shape,P_O_14_CA128_R,0
P_O_14_CA056,Ground_Daily,P_O_14_CA128_R (09-00-00),P_O_14_CA128_R_shape,P_O_14_CA128_R,0
P_O_14_CA056,Ground_Daily,P_O_14_CA128_R (11-00-00),P_O_14_CA128_R_shape,P_O_14_CA128_R,0
P_O_14_CA056,Ground_Daily,P_O_14_CA128_R (13-00-00),P_O_14_CA128_R_shape,P_O_14_CA128_R,0
P_O_14_CA056,Ground_Daily,P_O_14_CA128_R (15-00-00),P_O_14_CA128_R_shape,P_O_14_CA128_R,0
P_O_14_CA056,Ground_Daily,P_O_14_CA128_R (17-00-00),P_O_14_CA128_R_shape,P_O_14_CA128_R,0
P_O_14_CA056,Ground_Daily,P_O_14_CA128_R (19-00-00),P_O_14_CA128_R_shape,P_O_14_CA128_R,0
P_O_14_CA056,Ground_Daily,P_O_14_CA128_R (21-00-00),P_O_14_CA128_R_shape,P_O_14_CA128_R,0
P_O_14_CA056,Ground_Daily,P_O_14_CA129_R (06-30-00),P_O_14_CA129_R_shape,P_O_14_CA129_R,0
P_O_14_CA056,Ground_Daily,P_O_14_CA129_R (08-00-00),P_O_14_CA129_R_shape,P_O_14_CA129_R,0
P_O_14_CA056,Ground_Daily,P_O_14_CA129_R (09-00-00),P_O_14_CA129_R_shape,P_O_14_CA129_R,0
P_O_14_CA056,Ground_Daily,P_O_14_CA129_R (11-00-00),P_O_14_CA129_R_shape,P_O_14_CA129_R,0
P_O_14_CA056,Ground_Daily,P_O_14_CA129_R (13-00-00),P_O_14_CA129_R_shape,P_O_14_CA129_R,0
P_O_14_CA056,Ground_Daily,P_O_14_CA129_R (15-00-00),P_O_14_CA129_R_shape,P_O_14_CA129_R,0
P_O_14_CA056,Ground_Daily,P_O_14_CA129_R (17-00-00),P_O_14_CA129_R_shape,P_O_14_CA129_R,0
P_O_14_CA056,Ground_Daily,P_O_14_CA129_R (19-00-00),P_O_14_CA129_R_shape,P_O_14_CA129_R,0
P_O_14_CA056,Ground_Daily,P_O_14_CA129_R (21-00-00),P_O_14_CA129_R_shape,P_O_14_CA129_R,0
P_O_14_CA056,Ground_Daily,P_O_14_CA130_O (06-30-00),P_O_14_CA130_O_shape,P_O_14_CA130_O,0
P_O_14_CA056,Ground_Daily,P_O_14_CA130_O (08-00-00),P_O_14_CA130_O_shape,P_O_14_CA130_O,0
P_O_14_CA056,Ground_Daily,P_O_14_CA130_O (09-00-00),P_O_14_CA130_O_shape,P_O_14_CA130_O,0
P_O_14_CA056,Ground_Daily,P_O_14_CA130_O (11-00-00),P_O_14_CA130_O_shape,P_O_14_CA130_O,0
P_O_14_CA056,Ground_Daily,P_O_14_CA130_O (13-00-00),P_O_14_CA130_O_shape,P_O_14_CA130_O,0
P_O_14_CA056,Ground_Daily,P_O_14_CA130_O (15-00-00),P_O_14_CA130_O_shape,P_O_14_CA130_O,0
P_O_14_CA056,Ground_Daily,P_O_14_CA130_O (17-00-00),P_O_14_CA130_O_shape,P_O_14_CA130_O,0
P_O_14_CA056,Ground_Daily,P_O_14_CA130_O (19-00-00),P_O_14_CA130_O_shape,P_O_14_CA130_O,0
P_O_14_CA056,Ground_Daily,P_O_14_CA130_O (21-00-00),P_O_14_CA130_O_shape,P_O_14_CA130_O,0
P_O_14_CA056,Ground_Daily,P_O_14_CA130_R (06-30-00),P_O_14_CA130_R_shape,P_O_14_CA130_R,0
P_O_14_CA056,Ground_Daily,P_O_14_CA130_R (08-00-00),P_O_14_CA130_R_shape,P_O_14_CA130_R,0
P_O_14_CA056,Ground_Daily,P_O_14_CA130_R (09-00-00),P_O_14_CA130_R_shape,P_O_14_CA130_R,0
P_O_14_CA056,Ground_Daily,P_O_14_CA130_R (11-00-00),P_O_14_CA130_R_shape,P_O_14_CA130_R,0
P_O_14_CA056,Ground_Daily,P_O_14_CA130_R (13-00-00),P_O_14_CA130_R_shape,P_O_14_CA130_R,0
P_O_14_CA056,Ground_Daily,P_O_14_CA130_R (15-00-00),P_O_14_CA130_R_shape,P_O_14_CA130_R,0
P_O_14_CA056,Ground_Daily,P_O_14_CA130_R (17-00-00),P_O_14_CA130_R_shape,P_O_14_CA130_R,0
P_O_14_CA056,Ground_Daily,P_O_14_CA130_R (19-00-00),P_O_14_CA130_R_shape,P_O_14_CA130_R,0
P_O_14_CA056,Ground_Daily,P_O_14_CA130_R (21-00-00),P_O_14_CA130_R_shape,P_O_14_CA130_R,0
P_O_14_CA056,Ground_Daily,P_O_14_CA131_O (06-30-00),P_O_14_CA131_O_shape,P_O_14_CA131_O,0
P_O_14_CA056,Ground_Daily,P_O_14_CA131_O (08-00-00),P_O_14_CA131_O_shape,P_O_14_CA131_O,0
P_O_14_CA056,Ground_Daily,P_O_14_CA131_O (09-00-00),P_O_14_CA131_O_shape,P_O_14_CA131_O,0
P_O_14_CA056,Ground_Daily,P_O_14_CA131_O (11-00-00),P_O_14_CA131_O_shape,P_O_14_CA131_O,0
P_O_14_CA056,Ground_Daily,P_O_14_CA131_O (13-00-00),P_O_14_CA131_O_shape,P_O_14_CA131_O,0
P_O_14_CA056,Ground_Daily,P_O_14_CA131_O (15-00-00),P_O_14_CA131_O_shape,P_O_14_CA131_O,0
P_O_14_CA056,Ground_Daily,P_O_14_CA131_O (17-00-00),P_O_14_CA131_O_shape,P_O_14_CA131_O,0
P_O_14_CA056,Ground_Daily,P_O_14_CA131_O (19-00-00),P_O_14_CA131_O_shape,P_O_14_CA131_O,0
P_O_14_CA056,Ground_Daily,P_O_14_CA131_O (21-00-00),P_O_14_CA131_O_shape,P_O_14_CA131_O,0
P_O_14_CA056,Ground_Daily,P_O_14_CA132_O (06-30-00),P_O_14_CA132_O_shape,P_O_14_CA132_O,0
P_O_14_CA056,Ground_Daily,P_O_14_CA132_O (08-00-00),P_O_14_CA132_O_shape,P_O_14_CA132_O,0
P_O_14_CA056,Ground_Daily,P_O_14_CA132_O (09-00-00),P_O_14_CA132_O_shape,P_O_14_CA132_O,0
P_O_14_CA056,Ground_Daily,P_O_14_CA132_O (11-00-00),P_O_14_CA132_O_shape,P_O_14_CA132_O,0
P_O_14_CA056,Ground_Daily,P_O_14_CA132_O (13-00-00),P_O_14_CA132_O_shape,P_O_14_CA132_O,0
P_O_14_CA056,Ground_Daily,P_O_14_CA132_O (15-00-00),P_O_14_CA132_O_shape,P_O_14_CA132_O,0
P_O_14_CA056,Ground_Daily,P_O_14_CA132_O (17-00-00),P_O_14_CA132_O_shape,P_O_14_CA132_O,0
P_O_14_CA056,Ground_Daily,P_O_14_CA132_O (19-00-00),P_O_14_CA132_O_shape,P_O_14_CA132_O,0
P_O_14_CA056,Ground_Daily,P_O_14_CA132_O (21-00-00),P_O_14_CA132_O_shape,P_O_14_CA132_O,0
P_O_14_CA056,Ground_Daily,P_O_14_CA133_O (06-30-00),P_O_14_CA133_O_shape,P_O_14_CA133_O,0
P_O_14_CA056,Ground_Daily,P_O_14_CA133_O (08-00-00),P_O_14_CA133_O_shape,P_O_14_CA133_O,0
P_O_14_CA056,Ground_Daily,P_O_14_CA133_O (09-00-00),P_O_14_CA133_O_shape,P_O_14_CA133_O,0
P_O_14_CA056,Ground_Daily,P_O_14_CA133_O (11-00-00),P_O_14_CA133_O_shape,P_O_14_CA133_O,0
P_O_14_CA056,Ground_Daily,P_O_14_CA133_O (13-00-00),P_O_14_CA133_O_shape,P_O_14_CA133_O,0
P_O_14_CA056,Ground_Daily,P_O_14_CA133_O (15-00-00),P_O_14_CA133_O_shape,P_O_14_CA133_O,0
P_O_14_CA056,Ground_Daily,P_O_14_CA133_O (17-00-00),P_O_14_CA133_O_shape,P_O_14_CA133_O,0
P_O_14_CA056,Ground_Daily,P_O_14_CA133_O (19-00-00),P_O_14_CA133_O_shape,P_O_14_CA133_O,0
P_O_14_CA056,Ground_Daily,P_O_14_CA133_O (21-00-00),P_O_14_CA133_O_shape,P_O_14_CA133_O,0
P_O_14_CA056,Ground_Daily,P_O_14_CA134_O (06-30-00),P_O_14_CA134_O_shape,P_O_14_CA134_O,0
P_O_14_CA056,Ground_Daily,P_O_14_CA134_O (08-00-00),P_O_14_CA134_O_shape,P_O_14_CA134_O,0
P_O_14_CA056,Ground_Daily,P_O_14_CA134_O (09-00-00),P_O_14_CA134_O_shape,P_O_14_CA134_O,0
P_O_14_CA056,Ground_Daily,P_O_14_CA134_O (11-00-00),P_O_14_CA134_O_shape,P_O_14_CA134_O,0
P_O_14_CA056,Ground_Daily,P_O_14_CA134_O (13-00-00),P_O_14_CA134_O_shape,P_O_14_CA134_O,0
P_O_14_CA056,Ground_Daily,P_O_14_CA134_O (15-00-00),P_O_14_CA134_O_shape,P_O_14_CA134_O,0
P_O_14_CA056,Ground_Daily,P_O_14_CA134_O (17-00-00),P_O_14_CA134_O_shape,P_O_14_CA134_O,0
P_O_14_CA056,Ground_Daily,P_O_14_CA134_O (19-00-00),P_O_14_CA134_O_shape,P_O_14_CA134_O,0
P_O_14_CA056,Ground_Daily,P_O_14_CA134_O (21-00-00),P_O_14_CA134_O_shape,P_O_14_CA134_O,0
P_O_14_CA056,Ground_Daily,P_O_14_CA135_R (06-30-00),P_O_14_CA135_R_shape,P_O_14_CA135_R,0
P_O_14_CA056,Ground_Daily,P_O_14_CA135_R (08-00-00),P_O_14_CA135_R_shape,P_O_14_CA135_R,0
P_O_14_CA056,Ground_Daily,P_O_14_CA135_R (09-00-00),P_O_14_CA135_R_shape,P_O_14_CA135_R,0
P_O_14_CA056,Ground_Daily,P_O_14_CA135_R (11-00-00),P_O_14_CA135_R_shape,P_O_14_CA135_R,0
P_O_14_CA056,Ground_Daily,P_O_14_CA135_R (13-00-00),P_O_14_CA135_R_shape,P_O_14_CA135_R,0
P_O_14_CA056,Ground_Daily,P_O_14_CA135_R (15-00-00),P_O_14_CA135_R_shape,P_O_14_CA135_R,0
P_O_14_CA056,Ground_Daily,P_O_14_CA135_R (17-00-00),P_O_14_CA135_R_shape,P_O_14_CA135_R,0
P_O_14_CA056,Ground_Daily,P_O_14_CA135_R (19-00-00),P_O_14_CA135_R_shape,P_O_14_CA135_R,0
P_O_14_CA056,Ground_Daily,P_O_14_CA135_R (21-00-00),P_O_14_CA135_R_shape,P_O_14_CA135_R,0
P_O_14_CA056,Ground_Daily,P_O_14_CA136_R (06-30-00),P_O_14_CA136_R_shape,P_O_14_CA136_R,0
P_O_14_CA056,Ground_Daily,P_O_14_CA136_R (08-00-00),P_O_14_CA136_R_shape,P_O_14_CA136_R,0
P_O_14_CA056,Ground_Daily,P_O_14_CA136_R (09-00-00),P_O_14_CA136_R_shape,P_O_14_CA136_R,0
P_O_14_CA056,Ground_Daily,P_O_14_CA136_R (11-00-00),P_O_14_CA136_R_shape,P_O_14_CA136_R,0
P_O_14_CA056,Ground_Daily,P_O_14_CA136_R (13-00-00),P_O_14_CA136_R_shape,P_O_14_CA136_R,0
P_O_14_CA056,Ground_Daily,P_O_14_CA136_R (15-00-00),P_O_14_CA136_R_shape,P_O_14_CA136_R,0
P_O_14_CA056,Ground_Daily,P_O_14_CA136_R (17-00-00),P_O_14_CA136_R_shape,P_O_14_CA136_R,0
P_O_14_CA056,Ground_Daily,P_O_14_CA136_R (19-00-00),P_O_14_CA136_R_shape,P_O_14_CA136_R,0
P_O_14_CA056,Ground_Daily,P_O_14_CA136_R (21-00-00),P_O_14_CA136_R_shape,P_O_14_CA136_R,0
P_O_14_CA056,Ground_Daily,P_O_14_CA137_R (06-30-00),P_O_14_CA137_R_shape,P_O_14_CA137_R,0
P_O_14_CA056,Ground_Daily,P_O_14_CA137_R (08-00-00),P_O_14_CA137_R_shape,P_O_14_CA137_R,0
P_O_14_CA056,Ground_Daily,P_O_14_CA137_R (09-00-00),P_O_14_CA137_R_shape,P_O_14_CA137_R,0
P_O_14_CA056,Ground_Daily,P_O_14_CA137_R (11-00-00),P_O_14_CA137_R_shape,P_O_14_CA137_R,0
P_O_14_CA056,Ground_Daily,P_O_14_CA137_R (13-00-00),P_O_14_CA137_R_shape,P_O_14_CA137_R,0
P_O_14_CA056,Ground_Daily,P_O_14_CA137_R (15-00-00),P_O_14_CA137_R_shape,P_O_14_CA137_R,0
P_O_14_CA056,Ground_Daily,P_O_14_CA137_R (17-00-00),P_O_14_CA137_R_shape,P_O_14_CA137_R,0
P_O_14_CA056,Ground_Daily,P_O_14_CA137_R (19-00-00),P_O_14_CA137_R_shape,P_O_14_CA137_R,0
P_O_14_CA056,Ground_Daily,P_O_14_CA137_R (21-00-00),P_O_14_CA137_R_shape,P_O_14_CA137_R,0
P_O_14_CA056,Ground_Daily,P_O_14_CA138_O (06-30-00),P_O_14_CA138_O_shape,P_O_14_CA138_O,0
P_O_14_CA056,Ground_Daily,P_O_14_CA138_O (08-00-00),P_O_14_CA138_O_shape,P_O_14_CA138_O,0
P_O_14_CA056,Ground_Daily,P_O_14_CA138_O (09-00-00),P_O_14_CA138_O_shape,P_O_14_CA138_O,0
P_O_14_CA056,Ground_Daily,P_O_14_CA138_O (11-00-00),P_O_14_CA138_O_shape,P_O_14_CA138_O,0
P_O_14_CA056,Ground_Daily,P_O_14_CA138_O (13-00-00),P_O_14_CA138_O_shape,P_O_14_CA138_O,0
P_O_14_CA056,Ground_Daily,P_O_14_CA138_O (15-00-00),P_O_14_CA138_O_shape,P_O_14_CA138_O,0
P_O_14_CA056,Ground_Daily,P_O_14_CA138_O (17-00-00),P_O_14_CA138_O_shape,P_O_14_CA138_O,0
P_O_14_CA056,Ground_Daily,P_O_14_CA138_O (19-00-00),P_O_14_CA138_O_shape,P_O_14_CA138_O,0
P_O_14_CA056,Ground_Daily,P_O_14_CA138_O (21-00-00),P_O_14_CA138_O_shape,P_O_14_CA138_O,0
P_O_14_CA056,Ground_Daily,P_O_14_CA138_R (06-30-00),P_O_14_CA138_R_shape,P_O_14_CA138_R,0
P_O_14_CA056,Ground_Daily,P_O_14_CA138_R (08-00-00),P_O_14_CA138_R_shape,P_O_14_CA138_R,0
P_O_14_CA056,Ground_Daily,P_O_14_CA138_R (09-00-00),P_O_14_CA138_R_shape,P_O_14_CA138_R,0
P_O_14_CA056,Ground_Daily,P_O_14_CA138_R (11-00-00),P_O_14_CA138_R_shape,P_O_14_CA138_R,0
P_O_14_CA056,Ground_Daily,P_O_14_CA138_R (13-00-00),P_O_14_CA138_R_shape,P_O_14_CA138_R,0
P_O_14_CA056,Ground_Daily,P_O_14_CA138_R (15-00-00),P_O_14_CA138_R_shape,P_O_14_CA138_R,0
P_O_14_CA056,Ground_Daily,P_O_14_CA138_R (17-00-00),P_O_14_CA138_R_shape,P_O_14_CA138_R,0
P_O_14_CA056,Ground_Daily,P_O_14_CA138_R (19-00-00),P_O_14_CA138_R_shape,P_O_14_CA138_R,0
P_O_14_CA056,Ground_Daily,P_O_14_CA138_R (21-00-00),P_O_14_CA138_R_shape,P_O_14_CA138_R,0
P_O_14_CA056,Ground_Daily,P_O_14_CA139_O (06-30-00),P_O_14_CA139_O_shape,P_O_14_CA139_O,0
P_O_14_CA056,Ground_Daily,P_O_14_CA139_O (08-00-00),P_O_14_CA139_O_shape,P_O_14_CA139_O,0
P_O_14_CA056,Ground_Daily,P_O_14_CA139_O (09-00-00),P_O_14_CA139_O_shape,P_O_14_CA139_O,0
P_O_14_CA056,Ground_Daily,P_O_14_CA139_O (11-00-00),P_O_14_CA139_O_shape,P_O_14_CA139_O,0
P_O_14_CA056,Ground_Daily,P_O_14_CA139_O (13-00-00),P_O_14_CA139_O_shape,P_O_14_CA139_O,0
P_O_14_CA056,Ground_Daily,P_O_14_CA139_O (15-00-00),P_O_14_CA139_O_shape,P_O_14_CA139_O,0
P_O_14_CA056,Ground_Daily,P_O_14_CA139_O (17-00-00),P_O_14_CA139_O_shape,P_O_14_CA139_O,0
P_O_14_CA056,Ground_Daily,P_O_14_CA139_O (19-00-00),P_O_14_CA139_O_shape,P_O_14_CA139_O,0
P_O_14_CA056,Ground_Daily,P_O_14_CA139_O (21-00-00),P_O_14_CA139_O_shape,P_O_14_CA139_O,0
P_O_14_CA056,Ground_Daily,P_O_14_CA139_R (06-30-00),P_O_14_CA139_R_shape,P_O_14_CA139_R,0
P_O_14_CA056,Ground_Daily,P_O_14_CA139_R (08-00-00),P_O_14_CA139_R_shape,P_O_14_CA139_R,0
P_O_14_CA056,Ground_Daily,P_O_14_CA139_R (09-00-00),P_O_14_CA139_R_shape,P_O_14_CA139_R,0
P_O_14_CA056,Ground_Daily,P_O_14_CA139_R (11-00-00),P_O_14_CA139_R_shape,P_O_14_CA139_R,0
P_O_14_CA056,Ground_Daily,P_O_14_CA139_R (13-00-00),P_O_14_CA139_R_shape,P_O_14_CA139_R,0
P_O_14_CA056,Ground_Daily,P_O_14_CA139_R (15-00-00),P_O_14_CA139_R_shape,P_O_14_CA139_R,0
P_O_14_CA056,Ground_Daily,P_O_14_CA139_R (17-00-00),P_O_14_CA139_R_shape,P_O_14_CA139_R,0
P_O_14_CA056,Ground_Daily,P_O_14_CA139_R (19-00-00),P_O_14_CA139_R_shape,P_O_14_CA139_R,0
P_O_14_CA056,Ground_Daily,P_O_14_CA139_R (21-00-00),P_O_14_CA139_R_shape,P_O_14_CA139_R,0
P_O_14_CA056,Ground_Daily,P_O_14_CA140_O (06-30-00),P_O_14_CA140_O_shape,P_O_14_CA140_O,0
P_O_14_CA056,Ground_Daily,P_O_14_CA140_O (08-00-00),P_O_14_CA140_O_shape,P_O_14_CA140_O,0
P_O_14_CA056,Ground_Daily,P_O_14_CA140_O (09-00-00),P_O_14_CA140_O_shape,P_O_14_CA140_O,0
P_O_14_CA056,Ground_Daily,P_O_14_CA140_O (11-00-00),P_O_14_CA140_O_shape,P_O_14_CA140_O,0
P_O_14_CA056,Ground_Daily,P_O_14_CA140_O (13-00-00),P_O_14_CA140_O_shape,P_O_14_CA140_O,0
P_O_14_CA056,Ground_Daily,P_O_14_CA140_O (15-00-00),P_O_14_CA140_O_shape,P_O_14_CA140_O,0
P_O_14_CA056,Ground_Daily,P_O_14_CA140_O (17-00-00),P_O_14_CA140_O_shape,P_O_14_CA140_O,0
P_O_14_CA056,Ground_Daily,P_O_14_CA140_O (19-00-00),P_O_14_CA140_O_shape,P_O_14_CA140_O,0
P_O_14_CA056,Ground_Daily,P_O_14_CA140_O (21-00-00),P_O_14_CA140_O_shape,P_O_14_CA140_O,0
P_O_14_CA056,Ground_Daily,P_O_14_CA140_R (06-30-00),P_O_14_CA140_R_shape,P_O_14_CA140_R,0
P_O_14_CA056,Ground_Daily,P_O_14_CA140_R (08-00-00),P_O_14_CA140_R_shape,P_O_14_CA140_R,0
P_O_14_CA056,Ground_Daily,P_O_14_CA140_R (09-00-00),P_O_14_CA140_R_shape,P_O_14_CA140_R,0
P_O_14_CA056,Ground_Daily,P_O_14_CA140_R (11-00-00),P_O_14_CA140_R_shape,P_O_14_CA140_R,0
P_O_14_CA056,Ground_Daily,P_O_14_CA140_R (13-00-00),P_O_14_CA140_R_shape,P_O_14_CA140_R,0
P_O_14_CA056,Ground_Daily,P_O_14_CA140_R (15-00-00),P_O_14_CA140_R_shape,P_O_14_CA140_R,0
P_O_14_CA056,Ground_Daily,P_O_14_CA140_R (17-00-00),P_O_14_CA140_R_shape,P_O_14_CA140_R,0
P_O_14_CA056,Ground_Daily,P_O_14_CA140_R (19-00-00),P_O_14_CA140_R_shape,P_O_14_CA140_R,0
P_O_14_CA056,Ground_Daily,P_O_14_CA140_R (21-00-00),P_O_14_CA140_R_shape,P_O_14_CA140_R,0
P_O_14_CA056,Ground_Daily,P_O_14_CA141_R (06-30-00),P_O_14_CA141_R_shape,P_O_14_CA141_R,0
P_O_14_CA056,Ground_Daily,P_O_14_CA141_R (08-00-00),P_O_14_CA141_R_shape,P_O_14_CA141_R,0
P_O_14_CA056,Ground_Daily,P_O_14_CA141_R (09-00-00),P_O_14_CA141_R_shape,P_O_14_CA141_R,0
P_O_14_CA056,Ground_Daily,P_O_14_CA141_R (11-00-00),P_O_14_CA141_R_shape,P_O_14_CA141_R,0
P_O_14_CA056,Ground_Daily,P_O_14_CA141_R (13-00-00),P_O_14_CA141_R_shape,P_O_14_CA141_R,0
P_O_14_CA056,Ground_Daily,P_O_14_CA141_R (15-00-00),P_O_14_CA141_R_shape,P_O_14_CA141_R,0
P_O_14_CA056,Ground_Daily,P_O_14_CA141_R (17-00-00),P_O_14_CA141_R_shape,P_O_14_CA141_R,0
P_O_14_CA056,Ground_Daily,P_O_14_CA141_R (19-00-00),P_O_14_CA141_R_shape,P_O_14_CA141_R,0
P_O_14_CA056,Ground_Daily,P_O_14_CA141_R (21-00-00),P_O_14_CA141_R_shape,P_O_14_CA141_R,0
P_O_14_CA056,Ground_Daily,P_O_14_CA142_R (06-30-00),P_O_14_CA142_R_shape,P_O_14_CA142_R,0
P_O_14_CA056,Ground_Daily,P_O_14_CA142_R (08-00-00),P_O_14_CA142_R_shape,P_O_14_CA142_R,0
P_O_14_CA056,Ground_Daily,P_O_14_CA142_R (09-00-00),P_O_14_CA142_R_shape,P_O_14_CA142_R,0
P_O_14_CA056,Ground_Daily,P_O_14_CA142_R (11-00-00),P_O_14_CA142_R_shape,P_O_14_CA142_R,0
P_O_14_CA056,Ground_Daily,P_O_14_CA142_R (13-00-00),P_O_14_CA142_R_shape,P_O_14_CA142_R,0
P_O_14_CA056,Ground_Daily,P_O_14_CA142_R (15-00-00),P_O_14_CA142_R_shape,P_O_14_CA142_R,0
P_O_14_CA056,Ground_Daily,P_O_14_CA142_R (17-00-00),P_O_14_CA142_R_shape,P_O_14_CA142_R,0
P_O_14_CA056,Ground_Daily,P_O_14_CA142_R (19-00-00),P_O_14_CA142_R_shape,P_O_14_CA142_R,0
P_O_14_CA056,Ground_Daily,P_O_14_CA142_R (21-00-00),P_O_14_CA142_R_shape,P_O_14_CA142_R,0
P_O_14_CA056,Ground_Daily,P_O_14_CA143_O (06-30-00),P_O_14_CA143_O_shape,P_O_14_CA143_O,0
P_O_14_CA056,Ground_Daily,P_O_14_CA143_O (08-00-00),P_O_14_CA143_O_shape,P_O_14_CA143_O,0
P_O_14_CA056,Ground_Daily,P_O_14_CA143_O (09-00-00),P_O_14_CA143_O_shape,P_O_14_CA143_O,0
P_O_14_CA056,Ground_Daily,P_O_14_CA143_O (11-00-00),P_O_14_CA143_O_shape,P_O_14_CA143_O,0
P_O_14_CA056,Ground_Daily,P_O_14_CA143_O (13-00-00),P_O_14_CA143_O_shape,P_O_14_CA143_O,0
P_O_14_CA056,Ground_Daily,P_O_14_CA143_O (15-00-00),P_O_14_CA143_O_shape,P_O_14_CA143_O,0
P_O_14_CA056,Ground_Daily,P_O_14_CA143_O (17-00-00),P_O_14_CA143_O_shape,P_O_14_CA143_O,0
P_O_14_CA056,Ground_Daily,P_O_14_CA143_O (19-00-00),P_O_14_CA143_O_shape,P_O_14_CA143_O,0
P_O_14_CA056,Ground_Daily,P_O_14_CA143_O (21-00-00),P_O_14_CA143_O_shape,P_O_14_CA143_O,0
P_O_14_CA056,Ground_Daily,P_O_14_CA143_R (06-30-00),P_O_14_CA143_R_shape,P_O_14_CA143_R,0
P_O_14_CA056,Ground_Daily,P_O_14_CA143_R (08-00-00),P_O_14_CA143_R_shape,P_O_14_CA143_R,0
P_O_14_CA056,Ground_Daily,P_O_14_CA143_R (09-00-00),P_O_14_CA143_R_shape,P_O_14_CA143_R,0
P_O_14_CA056,Ground_Daily,P_O_14_CA143_R (11-00-00),P_O_14_CA143_R_shape,P_O_14_CA143_R,0
P_O_14_CA056,Ground_Daily,P_O_14_CA143_R (13-00-00),P_O_14_CA143_R_shape,P_O_14_CA143_R,0
P_O_14_CA056,Ground_Daily,P_O_14_CA143_R (15-00-00),P_O_14_CA143_R_shape,P_O_14_CA143_R,0
P_O_14_CA056,Ground_Daily,P_O_14_CA143_R (17-00-00),P_O_14_CA143_R_shape,P_O_14_CA143_R,0
P_O_14_CA056,Ground_Daily,P_O_14_CA143_R (19-00-00),P_O_14_CA143_R_shape,P_O_14_CA143_R,0
P_O_14_CA056,Ground_Daily,P_O_14_CA143_R (21-00-00),P_O_14_CA143_R_shape,P_O_14_CA143_R,0
P_O_14_CA056,Ground_Daily,P_O_14_CA144_O (06-30-00),P_O_14_CA144_O_shape,P_O_14_CA144_O,0
P_O_14_CA056,Ground_Daily,P_O_14_CA144_O (08-00-00),P_O_14_CA144_O_shape,P_O_14_CA144_O,0
P_O_14_CA056,Ground_Daily,P_O_14_CA144_O (09-00-00),P_O_14_CA144_O_shape,P_O_14_CA144_O,0
P_O_14_CA056,Ground_Daily,P_O_14_CA144_O (11-00-00),P_O_14_CA144_O_shape,P_O_14_CA144_O,0
P_O_14_CA056,Ground_Daily,P_O_14_CA144_O (13-00-00),P_O_14_CA144_O_shape,P_O_14_CA144_O,0
P_O_14_CA056,Ground_Daily,P_O_14_CA144_O (15-00-00),P_O_14_CA144_O_shape,P_O_14_CA144_O,0
P_O_14_CA056,Ground_Daily,P_O_14_CA144_O (17-00-00),P_O_14_CA144_O_shape,P_O_14_CA144_O,0
P_O_14_CA056,Ground_Daily,P_O_14_CA144_O (19-00-00),P_O_14_CA144_O_shape,P_O_14_CA144_O,0
P_O_14_CA056,Ground_Daily,P_O_14_CA144_O (21-00-00),P_O_14_CA144_O_shape,P_O_14_CA144_O,0
P_O_14_CA056,Ground_Daily,P_O_14_CA144_R (06-30-00),P_O_14_CA144_R_shape,P_O_14_CA144_R,0
P_O_14_CA056,Ground_Daily,P_O_14_CA144_R (08-00-00),P_O_14_CA144_R_shape,P_O_14_CA144_R,0
P_O_14_CA056,Ground_Daily,P_O_14_CA144_R (09-00-00),P_O_14_CA144_R_shape,P_O_14_CA144_R,0
P_O_14_CA056,Ground_Daily,P_O_14_CA144_R (11-00-00),P_O_14_CA144_R_shape,P_O_14_CA144_R,0
P_O_14_CA056,Ground_Daily,P_O_14_CA144_R (13-00-00),P_O_14_CA144_R_shape,P_O_14_CA144_R,0
P_O_14_CA056,Ground_Daily,P_O_14_CA144_R (15-00-00),P_O_14_CA144_R_shape,P_O_14_CA144_R,0
P_O_14_CA056,Ground_Daily,P_O_14_CA144_R (17-00-00),P_O_14_CA144_R_shape,P_O_14_CA144_R,0
P_O_14_CA056,Ground_Daily,P_O_14_CA144_R (19-00-00),P_O_14_CA144_R_shape,P_O_14_CA144_R,0
P_O_14_CA056,Ground_Daily,P_O_14_CA144_R (21-00-00),P_O_14_CA144_R_shape,P_O_14_CA144_R,0
P_O_14_CA056,Ground_Daily,P_O_14_CA145_O (06-30-00),P_O_14_CA145_O_shape,P_O_14_CA145_O,0
P_O_14_CA056,Ground_Daily,P_O_14_CA145_O (08-00-00),P_O_14_CA145_O_shape,P_O_14_CA145_O,0
P_O_14_CA056,Ground_Daily,P_O_14_CA145_O (09-00-00),P_O_14_CA145_O_shape,P_O_14_CA145_O,0
P_O_14_CA056,Ground_Daily,P_O_14_CA145_O (11-00-00),P_O_14_CA145_O_shape,P_O_14_CA145_O,0
P_O_14_CA056,Ground_Daily,P_O_14_CA145_O (13-00-00),P_O_14_CA145_O_shape,P_O_14_CA145_O,0
P_O_14_CA056,Ground_Daily,P_O_14_CA145_O (15-00-00),P_O_14_CA145_O_shape,P_O_14_CA145_O,0
P_O_14_CA056,Ground_Daily,P_O_14_CA145_O (17-00-00),P_O_14_CA145_O_shape,P_O_14_CA145_O,0
P_O_14_CA056,Ground_Daily,P_O_14_CA145_O (19-00-00),P_O_14_CA145_O_shape,P_O_14_CA145_O,0
P_O_14_CA056,Ground_Daily,P_O_14_CA145_O (21-00-00),P_O_14_CA145_O_shape,P_O_14_CA145_O,0
P_O_14_CA056,Ground_Daily,P_O_14_CA145_R (06-30-00),P_O_14_CA145_R_shape,P_O_14_CA145_R,0
P_O_14_CA056,Ground_Daily,P_O_14_CA145_R (08-00-00),P_O_14_CA145_R_shape,P_O_14_CA145_R,0
P_O_14_CA056,Ground_Daily,P_O_14_CA145_R (09-00-00),P_O_14_CA145_R_shape,P_O_14_CA145_R,0
P_O_14_CA056,Ground_Daily,P_O_14_CA145_R (11-00-00),P_O_14_CA145_R_shape,P_O_14_CA145_R,0
P_O_14_CA056,Ground_Daily,P_O_14_CA145_R (13-00-00),P_O_14_CA145_R_shape,P_O_14_CA145_R,0
P_O_14_CA056,Ground_Daily,P_O_14_CA145_R (15-00-00),P_O_14_CA145_R_shape,P_O_14_CA145_R,0
P_O_14_CA056,Ground_Daily,P_O_14_CA145_R (17-00-00),P_O_14_CA145_R_shape,P_O_14_CA145_R,0
P_O_14_CA056,Ground_Daily,P_O_14_CA145_R (19-00-00),P_O_14_CA145_R_shape,P_O_14_CA145_R,0
P_O_14_CA056,Ground_Daily,P_O_14_CA145_R (21-00-00),P_O_14_CA145_R_shape,P_O_14_CA145_R,0
P_O_14_CA056,Ground_Daily,P_O_14_CA146_R (06-30-00),P_O_14_CA146_R_shape,P_O_14_CA146_R,0
P_O_14_CA056,Ground_Daily,P_O_14_CA146_R (08-00-00),P_O_14_CA146_R_shape,P_O_14_CA146_R,0
P_O_14_CA056,Ground_Daily,P_O_14_CA146_R (09-00-00),P_O_14_CA146_R_shape,P_O_14_CA146_R,0
P_O_14_CA056,Ground_Daily,P_O_14_CA146_R (11-00-00),P_O_14_CA146_R_shape,P_O_14_CA146_R,0
P_O_14_CA056,Ground_Daily,P_O_14_CA146_R (13-00-00),P_O_14_CA146_R_shape,P_O_14_CA146_R,0
P_O_14_CA056,Ground_Daily,P_O_14_CA146_R (15-00-00),P_O_14_CA146_R_shape,P_O_14_CA146_R,0
P_O_14_CA056,Ground_Daily,P_O_14_CA146_R (17-00-00),P_O_14_CA146_R_shape,P_O_14_CA146_R,0
P_O_14_CA056,Ground_Daily,P_O_14_CA146_R (19-00-00),P_O_14_CA146_R_shape,P_O_14_CA146_R,0
P_O_14_CA056,Ground_Daily,P_O_14_CA146_R (21-00-00),P_O_14_CA146_R_shape,P_O_14_CA146_R,0
P_O_14_CA056,Ground_Daily,P_O_14_CA147_R (06-30-00),P_O_14_CA147_R_shape,P_O_14_CA147_R,0
P_O_14_CA056,Ground_Daily,P_O_14_CA147_R (08-00-00),P_O_14_CA147_R_shape,P_O_14_CA147_R,0
P_O_14_CA056,Ground_Daily,P_O_14_CA147_R (09-00-00),P_O_14_CA147_R_shape,P_O_14_CA147_R,0
P_O_14_CA056,Ground_Daily,P_O_14_CA147_R (11-00-00),P_O_14_CA147_R_shape,P_O_14_CA147_R,0
P_O_14_CA056,Ground_Daily,P_O_14_CA147_R (13-00-00),P_O_14_CA147_R_shape,P_O_14_CA147_R,0
P_O_14_CA056,Ground_Daily,P_O_14_CA147_R (15-00-00),P_O_14_CA147_R_shape,P_O_14_CA147_R,0
P_O_14_CA056,Ground_Daily,P_O_14_CA147_R (17-00-00),P_O_14_CA147_R_shape,P_O_14_CA147_R,0
P_O_14_CA056,Ground_Daily,P_O_14_CA147_R (19-00-00),P_O_14_CA147_R_shape,P_O_14_CA147_R,0
P_O_14_CA056,Ground_Daily,P_O_14_CA147_R (21-00-00),P_O_14_CA147_R_shape,P_O_14_CA147_R,0
P_O_14_CA056,Ground_Daily,P_O_14_CA150_R (06-30-00),P_O_14_CA150_R_shape,P_O_14_CA150_R,0
P_O_14_CA056,Ground_Daily,P_O_14_CA150_R (08-00-00),P_O_14_CA150_R_shape,P_O_14_CA150_R,0
P_O_14_CA056,Ground_Daily,P_O_14_CA150_R (09-00-00),P_O_14_CA150_R_shape,P_O_14_CA150_R,0
P_O_14_CA056,Ground_Daily,P_O_14_CA150_R (11-00-00),P_O_14_CA150_R_shape,P_O_14_CA150_R,0
P_O_14_CA056,Ground_Daily,P_O_14_CA150_R (13-00-00),P_O_14_CA150_R_shape,P_O_14_CA150_R,0
P_O_14_CA056,Ground_Daily,P_O_14_CA150_R (15-00-00),P_O_14_CA150_R_shape,P_O_14_CA150_R,0
P_O_14_CA056,Ground_Daily,P_O_14_CA150_R (17-00-00),P_O_14_CA150_R_shape,P_O_14_CA150_R,0
P_O_14_CA056,Ground_Daily,P_O_14_CA150_R (19-00-00),P_O_14_CA150_R_shape,P_O_14_CA150_R,0
P_O_14_CA056,Ground_Daily,P_O_14_CA150_R (21-00-00),P_O_14_CA150_R_shape,P_O_14_CA150_R,0
P_O_14_CA056,Ground_Daily,P_O_14_CA151_R (06-30-00),P_O_14_CA151_R_shape,P_O_14_CA151_R,0
P_O_14_CA056,Ground_Daily,P_O_14_CA151_R (08-00-00),P_O_14_CA151_R_shape,P_O_14_CA151_R,0
P_O_14_CA056,Ground_Daily,P_O_14_CA151_R (09-00-00),P_O_14_CA151_R_shape,P_O_14_CA151_R,0
P_O_14_CA056,Ground_Daily,P_O_14_CA151_R (11-00-00),P_O_14_CA151_R_shape,P_O_14_CA151_R,0
P_O_14_CA056,Ground_Daily,P_O_14_CA151_R (13-00-00),P_O_14_CA151_R_shape,P_O_14_CA151_R,0
P_O_14_CA056,Ground_Daily,P_O_14_CA151_R (15-00-00),P_O_14_CA151_R_shape,P_O_14_CA151_R,0
P_O_14_CA056,Ground_Daily,P_O_14_CA151_R (17-00-00),P_O_14_CA151_R_shape,P_O_14_CA151_R,0
P_O_14_CA056,Ground_Daily,P_O_14_CA151_R (19-00-00),P_O_14_CA151_R_shape,P_O_14_CA151_R,0
P_O_14_CA056,Ground_Daily,P_O_14_CA151_R (21-00-00),P_O_14_CA151_R_shape,P_O_14_CA151_R,0
P_O_14_CA056,Ground_Daily,P_O_14_CA152_O (06-30-00),P_O_14_CA152_O_shape,P_O_14_CA152_O,0
P_O_14_CA056,Ground_Daily,P_O_14_CA152_O (08-00-00),P_O_14_CA152_O_shape,P_O_14_CA152_O,0
P_O_14_CA056,Ground_Daily,P_O_14_CA152_O (09-00-00),P_O_14_CA152_O_shape,P_O_14_CA152_O,0
P_O_14_CA056,Ground_Daily,P_O_14_CA152_O (11-00-00),P_O_14_CA152_O_shape,P_O_14_CA152_O,0
P_O_14_CA056,Ground_Daily,P_O_14_CA152_O (13-00-00),P_O_14_CA152_O_shape,P_O_14_CA152_O,0
P_O_14_CA056,Ground_Daily,P_O_14_CA152_O (15-00-00),P_O_14_CA152_O_shape,P_O_14_CA152_O,0
P_O_14_CA056,Ground_Daily,P_O_14_CA152_O (17-00-00),P_O_14_CA152_O_shape,P_O_14_CA152_O,0
P_O_14_CA056,Ground_Daily,P_O_14_CA152_O (19-00-00),P_O_14_CA152_O_shape,P_O_14_CA152_O,0
P_O_14_CA056,Ground_Daily,P_O_14_CA152_O (21-00-00),P_O_14_CA152_O_shape,P_O_14_CA152_O,0
P_O_14_CA056,Ground_Daily,P_O_14_CA152_R (06-30-00),P_O_14_CA152_R_shape,P_O_14_CA152_R,0
P_O_14_CA056,Ground_Daily,P_O_14_CA152_R (08-00-00),P_O_14_CA152_R_shape,P_O_14_CA152_R,0
P_O_14_CA056,Ground_Daily,P_O_14_CA152_R (09-00-00),P_O_14_CA152_R_shape,P_O_14_CA152_R,0
P_O_14_CA056,Ground_Daily,P_O_14_CA152_R (11-00-00),P_O_14_CA152_R_shape,P_O_14_CA152_R,0
P_O_14_CA056,Ground_Daily,P_O_14_CA152_R (13-00-00),P_O_14_CA152_R_shape,P_O_14_CA152_R,0
P_O_14_CA056,Ground_Daily,P_O_14_CA152_R (15-00-00),P_O_14_CA152_R_shape,P_O_14_CA152_R,0
P_O_14_CA056,Ground_Daily,P_O_14_CA152_R (17-00-00),P_O_14_CA152_R_shape,P_O_14_CA152_R,0
P_O_14_CA056,Ground_Daily,P_O_14_CA152_R (19-00-00),P_O_14_CA152_R_shape,P_O_14_CA152_R,0
P_O_14_CA056,Ground_Daily,P_O_14_CA152_R (21-00-00),P_O_14_CA152_R_shape,P_O_14_CA152_R,0
P_O_14_CA056,Ground_Daily,P_O_14_CA153_O (06-30-00),P_O_14_CA153_O_shape,P_O_14_CA153_O,0
P_O_14_CA056,Ground_Daily,P_O_14_CA153_O (08-00-00),P_O_14_CA153_O_shape,P_O_14_CA153_O,0
P_O_14_CA056,Ground_Daily,P_O_14_CA153_O (09-00-00),P_O_14_CA153_O_shape,P_O_14_CA153_O,0
P_O_14_CA056,Ground_Daily,P_O_14_CA153_O (11-00-00),P_O_14_CA153_O_shape,P_O_14_CA153_O,0
P_O_14_CA056,Ground_Daily,P_O_14_CA153_O (13-00-00),P_O_14_CA153_O_shape,P_O_14_CA153_O,0
P_O_14_CA056,Ground_Daily,P_O_14_CA153_O (15-00-00),P_O_14_CA153_O_shape,P_O_14_CA153_O,0
P_O_14_CA056,Ground_Daily,P_O_14_CA153_O (17-00-00),P_O_14_CA153_O_shape,P_O_14_CA153_O,0
P_O_14_CA056,Ground_Daily,P_O_14_CA153_O (19-00-00),P_O_14_CA153_O_shape,P_O_14_CA153_O,0
P_O_14_CA056,Ground_Daily,P_O_14_CA153_O (21-00-00),P_O_14_CA153_O_shape,P_O_14_CA153_O,0
P_O_14_CA056,Ground_Daily,P_O_14_CA153_R (06-30-00),P_O_14_CA153_R_shape,P_O_14_CA153_R,0
P_O_14_CA056,Ground_Daily,P_O_14_CA153_R (08-00-00),P_O_14_CA153_R_shape,P_O_14_CA153_R,0
P_O_14_CA056,Ground_Daily,P_O_14_CA153_R (09-00-00),P_O_14_CA153_R_shape,P_O_14_CA153_R,0
P_O_14_CA056,Ground_Daily,P_O_14_CA153_R (11-00-00),P_O_14_CA153_R_shape,P_O_14_CA153_R,0
P_O_14_CA056,Ground_Daily,P_O_14_CA153_R (13-00-00),P_O_14_CA153_R_shape,P_O_14_CA153_R,0
P_O_14_CA056,Ground_Daily,P_O_14_CA153_R (15-00-00),P_O_14_CA153_R_shape,P_O_14_CA153_R,0
P_O_14_CA056,Ground_Daily,P_O_14_CA153_R (17-00-00),P_O_14_CA153_R_shape,P_O_14_CA153_R,0
P_O_14_CA056,Ground_Daily,P_O_14_CA153_R (19-00-00),P_O_14_CA153_R_shape,P_O_14_CA153_R,0
P_O_14_CA056,Ground_Daily,P_O_14_CA153_R (21-00-00),P_O_14_CA153_R_shape,P_O_14_CA153_R,0
P_O_14_CA056,Ground_Daily,P_O_14_CA154_O (06-30-00),P_O_14_CA154_O_shape,P_O_14_CA154_O,0
P_O_14_CA056,Ground_Daily,P_O_14_CA154_O (08-00-00),P_O_14_CA154_O_shape,P_O_14_CA154_O,0
P_O_14_CA056,Ground_Daily,P_O_14_CA154_O (09-00-00),P_O_14_CA154_O_shape,P_O_14_CA154_O,0
P_O_14_CA056,Ground_Daily,P_O_14_CA154_O (11-00-00),P_O_14_CA154_O_shape,P_O_14_CA154_O,0
P_O_14_CA056,Ground_Daily,P_O_14_CA154_O (13-00-00),P_O_14_CA154_O_shape,P_O_14_CA154_O,0
P_O_14_CA056,Ground_Daily,P_O_14_CA154_O (15-00-00),P_O_14_CA154_O_shape,P_O_14_CA154_O,0
P_O_14_CA056,Ground_Daily,P_O_14_CA154_O (17-00-00),P_O_14_CA154_O_shape,P_O_14_CA154_O,0
P_O_14_CA056,Ground_Daily,P_O_14_CA154_O (19-00-00),P_O_14_CA154_O_shape,P_O_14_CA154_O,0
P_O_14_CA056,Ground_Daily,P_O_14_CA154_O (21-00-00),P_O_14_CA154_O_shape,P_O_14_CA154_O,0
P_O_14_CA056,Ground_Daily,P_O_14_CA154_R (06-30-00),P_O_14_CA154_R_shape,P_O_14_CA154_R,0
P_O_14_CA056,Ground_Daily,P_O_14_CA154_R (08-00-00),P_O_14_CA154_R_shape,P_O_14_CA154_R,0
P_O_14_CA056,Ground_Daily,P_O_14_CA154_R (09-00-00),P_O_14_CA154_R_shape,P_O_14_CA154_R,0
P_O_14_CA056,Ground_Daily,P_O_14_CA154_R (11-00-00),P_O_14_CA154_R_shape,P_O_14_CA154_R,0
P_O_14_CA056,Ground_Daily,P_O_14_CA154_R (13-00-00),P_O_14_CA154_R_shape,P_O_14_CA154_R,0
P_O_14_CA056,Ground_Daily,P_O_14_CA154_R (15-00-00),P_O_14_CA154_R_shape,P_O_14_CA154_R,0
P_O_14_CA056,Ground_Daily,P_O_14_CA154_R (17-00-00),P_O_14_CA154_R_shape,P_O_14_CA154_R,0
P_O_14_CA056,Ground_Daily,P_O_14_CA154_R (19-00-00),P_O_14_CA154_R_shape,P_O_14_CA154_R,0
P_O_14_CA056,Ground_Daily,P_O_14_CA154_R (21-00-00),P_O_14_CA154_R_shape,P_O_14_CA154_R,0
P_O_14_CA056,Ground_Daily,P_O_14_CA155_O (06-30-00),P_O_14_CA155_O_shape,P_O_14_CA155_O,0
P_O_14_CA056,Ground_Daily,P_O_14_CA155_O (08-00-00),P_O_14_CA155_O_shape,P_O_14_CA155_O,0
P_O_14_CA056,Ground_Daily,P_O_14_CA155_O (09-00-00),P_O_14_CA155_O_shape,P_O_14_CA155_O,0
P_O_14_CA056,Ground_Daily,P_O_14_CA155_O (11-00-00),P_O_14_CA155_O_shape,P_O_14_CA155_O,0
P_O_14_CA056,Ground_Daily,P_O_14_CA155_O (13-00-00),P_O_14_CA155_O_shape,P_O_14_CA155_O,0
P_O_14_CA056,Ground_Daily,P_O_14_CA155_O (15-00-00),P_O_14_CA155_O_shape,P_O_14_CA155_O,0
P_O_14_CA056,Ground_Daily,P_O_14_CA155_O (17-00-00),P_O_14_CA155_O_shape,P_O_14_CA155_O,0
P_O_14_CA056,Ground_Daily,P_O_14_CA155_O (19-00-00),P_O_14_CA155_O_shape,P_O_14_CA155_O,0
P_O_14_CA056,Ground_Daily,P_O_14_CA155_O (21-00-00),P_O_14_CA155_O_shape,P_O_14_CA155_O,0
P_O_14_CA056,Ground_Daily,P_O_14_CA155_R (06-30-00),P_O_14_CA155_R_shape,P_O_14_CA155_R,0
P_O_14_CA056,Ground_Daily,P_O_14_CA155_R (08-00-00),P_O_14_CA155_R_shape,P_O_14_CA155_R,0
P_O_14_CA056,Ground_Daily,P_O_14_CA155_R (09-00-00),P_O_14_CA155_R_shape,P_O_14_CA155_R,0
P_O_14_CA056,Ground_Daily,P_O_14_CA155_R (11-00-00),P_O_14_CA155_R_shape,P_O_14_CA155_R,0
P_O_14_CA056,Ground_Daily,P_O_14_CA155_R (13-00-00),P_O_14_CA155_R_shape,P_O_14_CA155_R,0
P_O_14_CA056,Ground_Daily,P_O_14_CA155_R (15-00-00),P_O_14_CA155_R_shape,P_O_14_CA155_R,0
P_O_14_CA056,Ground_Daily,P_O_14_CA155_R (17-00-00),P_O_14_CA155_R_shape,P_O_14_CA155_R,0
P_O_14_CA056,Ground_Daily,P_O_14_CA155_R (19-00-00),P_O_14_CA155_R_shape,P_O_14_CA155_R,0
P_O_14_CA056,Ground_Daily,P_O_14_CA155_R (21-00-00),P_O_14_CA155_R_shape,P_O_14_CA155_R,0
P_O_14_CA056,Ground_Daily,P_O_14_CA156_R (06-30-00),P_O_14_CA156_R_shape,P_O_14_CA156_R,0
P_O_14_CA056,Ground_Daily,P_O_14_CA156_R (08-00-00),P_O_14_CA156_R_shape,P_O_14_CA156_R,0
P_O_14_CA056,Ground_Daily,P_O_14_CA156_R (09-00-00),P_O_14_CA156_R_shape,P_O_14_CA156_R,0
P_O_14_CA056,Ground_Daily,P_O_14_CA156_R (11-00-00),P_O_14_CA156_R_shape,P_O_14_CA156_R,0
P_O_14_CA056,Ground_Daily,P_O_14_CA156_R (13-00-00),P_O_14_CA156_R_shape,P_O_14_CA156_R,0
P_O_14_CA056,Ground_Daily,P_O_14_CA156_R (15-00-00),P_O_14_CA156_R_shape,P_O_14_CA156_R,0
P_O_14_CA056,Ground_Daily,P_O_14_CA156_R (17-00-00),P_O_14_CA156_R_shape,P_O_14_CA156_R,0
P_O_14_CA056,Ground_Daily,P_O_14_CA156_R (19-00-00),P_O_14_CA156_R_shape,P_O_14_CA156_R,0
P_O_14_CA056,Ground_Daily,P_O_14_CA156_R (21-00-00),P_O_14_CA156_R_shape,P_O_14_CA156_R,0
P_O_14_CA056,Ground_Daily,P_O_14_CA157_O (06-30-00),P_O_14_CA157_O_shape,P_O_14_CA157_O,0
P_O_14_CA056,Ground_Daily,P_O_14_CA157_O (08-00-00),P_O_14_CA157_O_shape,P_O_14_CA157_O,0
P_O_14_CA056,Ground_Daily,P_O_14_CA157_O (09-00-00),P_O_14_CA157_O_shape,P_O_14_CA157_O,0
P_O_14_CA056,Ground_Daily,P_O_14_CA157_O (11-00-00),P_O_14_CA157_O_shape,P_O_14_CA157_O,0
P_O_14_CA056,Ground_Daily,P_O_14_CA157_O (13-00-00),P_O_14_CA157_O_shape,P_O_14_CA157_O,0
P_O_14_CA056,Ground_Daily,P_O_14_CA157_O (15-00-00),P_O_14_CA157_O_shape,P_O_14_CA157_O,0
P_O_14_CA056,Ground_Daily,P_O_14_CA157_O (17-00-00),P_O_14_CA157_O_shape,P_O_14_CA157_O,0
P_O_14_CA056,Ground_Daily,P_O_14_CA157_O (19-00-00),P_O_14_CA157_O_shape,P_O_14_CA157_O,0
P_O_14_CA056,Ground_Daily,P_O_14_CA157_O (21-00-00),P_O_14_CA157_O_shape,P_O_14_CA157_O,0
P_O_14_CA056,Ground_Daily,P_O_14_CA157_R (06-30-00),P_O_14_CA157_R_shape,P_O_14_CA157_R,0
P_O_14_CA056,Ground_Daily,P_O_14_CA157_R (08-00-00),P_O_14_CA157_R_shape,P_O_14_CA157_R,0
P_O_14_CA056,Ground_Daily,P_O_14_CA157_R (09-00-00),P_O_14_CA157_R_shape,P_O_14_CA157_R,0
P_O_14_CA056,Ground_Daily,P_O_14_CA157_R (11-00-00),P_O_14_CA157_R_shape,P_O_14_CA157_R,0
P_O_14_CA056,Ground_Daily,P_O_14_CA157_R (13-00-00),P_O_14_CA157_R_shape,P_O_14_CA157_R,0
P_O_14_CA056,Ground_Daily,P_O_14_CA157_R (15-00-00),P_O_14_CA157_R_shape,P_O_14_CA157_R,0
P_O_14_CA056,Ground_Daily,P_O_14_CA157_R (17-00-00),P_O_14_CA157_R_shape,P_O_14_CA157_R,0
P_O_14_CA056,Ground_Daily,P_O_14_CA157_R (19-00-00),P_O_14_CA157_R_shape,P_O_14_CA157_R,0
P_O_14_CA056,Ground_Daily,P_O_14_CA157_R (21-00-00),P_O_14_CA157_R_shape,P_O_14_CA157_R,0
P_O_14_CA056,Ground_Daily,P_O_14_CA158_O (06-30-00),P_O_14_CA158_O_shape,P_O_14_CA158_O,0
P_O_14_CA056,Ground_Daily,P_O_14_CA158_O (08-00-00),P_O_14_CA158_O_shape,P_O_14_CA158_O,0
P_O_14_CA056,Ground_Daily,P_O_14_CA158_O (09-00-00),P_O_14_CA158_O_shape,P_O_14_CA158_O,0
P_O_14_CA056,Ground_Daily,P_O_14_CA158_O (11-00-00),P_O_14_CA158_O_shape,P_O_14_CA158_O,0
P_O_14_CA056,Ground_Daily,P_O_14_CA158_O (13-00-00),P_O_14_CA158_O_shape,P_O_14_CA158_O,0
P_O_14_CA056,Ground_Daily,P_O_14_CA158_O (15-00-00),P_O_14_CA158_O_shape,P_O_14_CA158_O,0
P_O_14_CA056,Ground_Daily,P_O_14_CA158_O (17-00-00),P_O_14_CA158_O_shape,P_O_14_CA158_O,0
P_O_14_CA056,Ground_Daily,P_O_14_CA158_O (19-00-00),P_O_14_CA158_O_shape,P_O_14_CA158_O,0
P_O_14_CA056,Ground_Daily,P_O_14_CA158_O (21-00-00),P_O_14_CA158_O_shape,P_O_14_CA158_O,0
P_O_14_CA056,Ground_Daily,P_O_14_CA158_R (06-30-00),P_O_14_CA158_R_shape,P_O_14_CA158_R,0
P_O_14_CA056,Ground_Daily,P_O_14_CA158_R (08-00-00),P_O_14_CA158_R_shape,P_O_14_CA158_R,0
P_O_14_CA056,Ground_Daily,P_O_14_CA158_R (09-00-00),P_O_14_CA158_R_shape,P_O_14_CA158_R,0
P_O_14_CA056,Ground_Daily,P_O_14_CA158_R (11-00-00),P_O_14_CA158_R_shape,P_O_14_CA158_R,0
P_O_14_CA056,Ground_Daily,P_O_14_CA158_R (13-00-00),P_O_14_CA158_R_shape,P_O_14_CA158_R,0
P_O_14_CA056,Ground_Daily,P_O_14_CA158_R (15-00-00),P_O_14_CA158_R_shape,P_O_14_CA158_R,0
P_O_14_CA056,Ground_Daily,P_O_14_CA158_R (17-00-00),P_O_14_CA158_R_shape,P_O_14_CA158_R,0
P_O_14_CA056,Ground_Daily,P_O_14_CA158_R (19-00-00),P_O_14_CA158_R_shape,P_O_14_CA158_R,0
P_O_14_CA056,Ground_Daily,P_O_14_CA158_R (21-00-00),P_O_14_CA158_R_shape,P_O_14_CA158_R,0
P_O_14_CA056,Ground_Daily,P_O_14_CA159_O (06-30-00),P_O_14_CA159_O_shape,P_O_14_CA159_O,0
P_O_14_CA056,Ground_Daily,P_O_14_CA159_O (08-00-00),P_O_14_CA159_O_shape,P_O_14_CA159_O,0
P_O_14_CA056,Ground_Daily,P_O_14_CA159_O (09-00-00),P_O_14_CA159_O_shape,P_O_14_CA159_O,0
P_O_14_CA056,Ground_Daily,P_O_14_CA159_O (11-00-00),P_O_14_CA159_O_shape,P_O_14_CA159_O,0
P_O_14_CA056,Ground_Daily,P_O_14_CA159_O (13-00-00),P_O_14_CA159_O_shape,P_O_14_CA159_O,0
P_O_14_CA056,Ground_Daily,P_O_14_CA159_O (15-00-00),P_O_14_CA159_O_shape,P_O_14_CA159_O,0
P_O_14_CA056,Ground_Daily,P_O_14_CA159_O (17-00-00),P_O_14_CA159_O_shape,P_O_14_CA159_O,0
P_O_14_CA056,Ground_Daily,P_O_14_CA159_O (19-00-00),P_O_14_CA159_O_shape,P_O_14_CA159_O,0
P_O_14_CA056,Ground_Daily,P_O_14_CA159_O (21-00-00),P_O_14_CA159_O_shape,P_O_14_CA159_O,0
P_O_14_CA056,Ground_Daily,P_O_14_CA159_R (06-30-00),P_O_14_CA159_R_shape,P_O_14_CA159_R,0
P_O_14_CA056,Ground_Daily,P_O_14_CA159_R (08-00-00),P_O_14_CA159_R_shape,P_O_14_CA159_R,0
P_O_14_CA056,Ground_Daily,P_O_14_CA159_R (09-00-00),P_O_14_CA159_R_shape,P_O_14_CA159_R,0
P_O_14_CA056,Ground_Daily,P_O_14_CA159_R (11-00-00),P_O_14_CA159_R_shape,P_O_14_CA159_R,0
P_O_14_CA056,Ground_Daily,P_O_14_CA159_R (13-00-00),P_O_14_CA159_R_shape,P_O_14_CA159_R,0
P_O_14_CA056,Ground_Daily,P_O_14_CA159_R (15-00-00),P_O_14_CA159_R_shape,P_O_14_CA159_R,0
P_O_14_CA056,Ground_Daily,P_O_14_CA159_R (17-00-00),P_O_14_CA159_R_shape,P_O_14_CA159_R,0
P_O_14_CA056,Ground_Daily,P_O_14_CA159_R (19-00-00),P_O_14_CA159_R_shape,P_O_14_CA159_R,0
P_O_14_CA056,Ground_Daily,P_O_14_CA159_R (21-00-00),P_O_14_CA159_R_shape,P_O_14_CA159_R,0
P_O_14_CA056,Ground_Daily,P_O_14_CA160_O (06-30-00),P_O_14_CA160_O_shape,P_O_14_CA160_O,0
P_O_14_CA056,Ground_Daily,P_O_14_CA160_O (08-00-00),P_O_14_CA160_O_shape,P_O_14_CA160_O,0
P_O_14_CA056,Ground_Daily,P_O_14_CA160_O (09-00-00),P_O_14_CA160_O_shape,P_O_14_CA160_O,0
P_O_14_CA056,Ground_Daily,P_O_14_CA160_O (11-00-00),P_O_14_CA160_O_shape,P_O_14_CA160_O,0
P_O_14_CA056,Ground_Daily,P_O_14_CA160_O (13-00-00),P_O_14_CA160_O_shape,P_O_14_CA160_O,0
P_O_14_CA056,Ground_Daily,P_O_14_CA160_O (15-00-00),P_O_14_CA160_O_shape,P_O_14_CA160_O,0
P_O_14_CA056,Ground_Daily,P_O_14_CA160_O (17-00-00),P_O_14_CA160_O_shape,P_O_14_CA160_O,0
P_O_14_CA056,Ground_Daily,P_O_14_CA160_O (19-00-00),P_O_14_CA160_O_shape,P_O_14_CA160_O,0
P_O_14_CA056,Ground_Daily,P_O_14_CA160_O (21-00-00),P_O_14_CA160_O_shape,P_O_14_CA160_O,0
P_O_14_CA056,Ground_Daily,P_O_14_CA160_R (06-30-00),P_O_14_CA160_R_shape,P_O_14_CA160_R,0
P_O_14_CA056,Ground_Daily,P_O_14_CA160_R (08-00-00),P_O_14_CA160_R_shape,P_O_14_CA160_R,0
P_O_14_CA056,Ground_Daily,P_O_14_CA160_R (09-00-00),P_O_14_CA160_R_shape,P_O_14_CA160_R,0
P_O_14_CA056,Ground_Daily,P_O_14_CA160_R (11-00-00),P_O_14_CA160_R_shape,P_O_14_CA160_R,0
P_O_14_CA056,Ground_Daily,P_O_14_CA160_R (13-00-00),P_O_14_CA160_R_shape,P_O_14_CA160_R,0
P_O_14_CA056,Ground_Daily,P_O_14_CA160_R (15-00-00),P_O_14_CA160_R_shape,P_O_14_CA160_R,0
P_O_14_CA056,Ground_Daily,P_O_14_CA160_R (17-00-00),P_O_14_CA160_R_shape,P_O_14_CA160_R,0
P_O_14_CA056,Ground_Daily,P_O_14_CA160_R (19-00-00),P_O_14_CA160_R_shape,P_O_14_CA160_R,0
P_O_14_CA056,Ground_Daily,P_O_14_CA160_R (21-00-00),P_O_14_CA160_R_shape,P_O_14_CA160_R,0
P_O_14_CA056,Ground_Daily,P_O_14_CA161_O (06-30-00),P_O_14_CA161_O_shape,P_O_14_CA161_O,0
P_O_14_CA056,Ground_Daily,P_O_14_CA161_O (08-00-00),P_O_14_CA161_O_shape,P_O_14_CA161_O,0
P_O_14_CA056,Ground_Daily,P_O_14_CA161_O (09-00-00),P_O_14_CA161_O_shape,P_O_14_CA161_O,0
P_O_14_CA056,Ground_Daily,P_O_14_CA161_O (11-00-00),P_O_14_CA161_O_shape,P_O_14_CA161_O,0
P_O_14_CA056,Ground_Daily,P_O_14_CA161_O (13-00-00),P_O_14_CA161_O_shape,P_O_14_CA161_O,0
P_O_14_CA056,Ground_Daily,P_O_14_CA161_O (15-00-00),P_O_14_CA161_O_shape,P_O_14_CA161_O,0
P_O_14_CA056,Ground_Daily,P_O_14_CA161_O (17-00-00),P_O_14_CA161_O_shape,P_O_14_CA161_O,0
P_O_14_CA056,Ground_Daily,P_O_14_CA161_O (19-00-00),P_O_14_CA161_O_shape,P_O_14_CA161_O,0
P_O_14_CA056,Ground_Daily,P_O_14_CA161_O (21-00-00),P_O_14_CA161_O_shape,P_O_14_CA161_O,0
P_O_14_CA056,Ground_Daily,P_O_14_CA162_O (06-30-00),P_O_14_CA162_O_shape,P_O_14_CA162_O,0
P_O_14_CA056,Ground_Daily,P_O_14_CA162_O (08-00-00),P_O_14_CA162_O_shape,P_O_14_CA162_O,0
P_O_14_CA056,Ground_Daily,P_O_14_CA162_O (09-00-00),P_O_14_CA162_O_shape,P_O_14_CA162_O,0
P_O_14_CA056,Ground_Daily,P_O_14_CA162_O (11-00-00),P_O_14_CA162_O_shape,P_O_14_CA162_O,0
P_O_14_CA056,Ground_Daily,P_O_14_CA162_O (13-00-00),P_O_14_CA162_O_shape,P_O_14_CA162_O,0
P_O_14_CA056,Ground_Daily,P_O_14_CA162_O (15-00-00),P_O_14_CA162_O_shape,P_O_14_CA162_O,0
P_O_14_CA056,Ground_Daily,P_O_14_CA162_O (17-00-00),P_O_14_CA162_O_shape,P_O_14_CA162_O,0
P_O_14_CA056,Ground_Daily,P_O_14_CA162_O (19-00-00),P_O_14_CA162_O_shape,P_O_14_CA162_O,0
P_O_14_CA056,Ground_Daily,P_O_14_CA162_O (21-00-00),P_O_14_CA162_O_shape,P_O_14_CA162_O,0
P_O_14_CA056,Ground_Daily,P_O_14_CA162_R (06-30-00),P_O_14_CA162_R_shape,P_O_14_CA162_R,0
P_O_14_CA056,Ground_Daily,P_O_14_CA162_R (08-00-00),P_O_14_CA162_R_shape,P_O_14_CA162_R,0
P_O_14_CA056,Ground_Daily,P_O_14_CA162_R (09-00-00),P_O_14_CA162_R_shape,P_O_14_CA162_R,0
P_O_14_CA056,Ground_Daily,P_O_14_CA162_R (11-00-00),P_O_14_CA162_R_shape,P_O_14_CA162_R,0
P_O_14_CA056,Ground_Daily,P_O_14_CA162_R (13-00-00),P_O_14_CA162_R_shape,P_O_14_CA162_R,0
P_O_14_CA056,Ground_Daily,P_O_14_CA162_R (15-00-00),P_O_14_CA162_R_shape,P_O_14_CA162_R,0
P_O_14_CA056,Ground_Daily,P_O_14_CA162_R (17-00-00),P_O_14_CA162_R_shape,P_O_14_CA162_R,0
P_O_14_CA056,Ground_Daily,P_O_14_CA162_R (19-00-00),P_O_14_CA162_R_shape,P_O_14_CA162_R,0
P_O_14_CA056,Ground_Daily,P_O_14_CA162_R (21-00-00),P_O_14_CA162_R_shape,P_O_14_CA162_R,0
P_O_14_CA056,Ground_Daily,P_O_14_CA163_O (06-30-00),P_O_14_CA163_O_shape,P_O_14_CA163_O,0
P_O_14_CA056,Ground_Daily,P_O_14_CA163_O (08-00-00),P_O_14_CA163_O_shape,P_O_14_CA163_O,0
P_O_14_CA056,Ground_Daily,P_O_14_CA163_O (09-00-00),P_O_14_CA163_O_shape,P_O_14_CA163_O,0
P_O_14_CA056,Ground_Daily,P_O_14_CA163_O (11-00-00),P_O_14_CA163_O_shape,P_O_14_CA163_O,0
P_O_14_CA056,Ground_Daily,P_O_14_CA163_O (13-00-00),P_O_14_CA163_O_shape,P_O_14_CA163_O,0
P_O_14_CA056,Ground_Daily,P_O_14_CA163_O (15-00-00),P_O_14_CA163_O_shape,P_O_14_CA163_O,0
P_O_14_CA056,Ground_Daily,P_O_14_CA163_O (17-00-00),P_O_14_CA163_O_shape,P_O_14_CA163_O,0
P_O_14_CA056,Ground_Daily,P_O_14_CA163_O (19-00-00),P_O_14_CA163_O_shape,P_O_14_CA163_O,0
P_O_14_CA056,Ground_Daily,P_O_14_CA163_O (21-00-00),P_O_14_CA163_O_shape,P_O_14_CA163_O,0
P_O_14_CA056,Ground_Daily,P_O_14_CA163_R (06-30-00),P_O_14_CA163_R_shape,P_O_14_CA163_R,0
P_O_14_CA056,Ground_Daily,P_O_14_CA163_R (08-00-00),P_O_14_CA163_R_shape,P_O_14_CA163_R,0
P_O_14_CA056,Ground_Daily,P_O_14_CA163_R (09-00-00),P_O_14_CA163_R_shape,P_O_14_CA163_R,0
P_O_14_CA056,Ground_Daily,P_O_14_CA163_R (11-00-00),P_O_14_CA163_R_shape,P_O_14_CA163_R,0
P_O_14_CA056,Ground_Daily,P_O_14_CA163_R (13-00-00),P_O_14_CA163_R_shape,P_O_14_CA163_R,0
P_O_14_CA056,Ground_Daily,P_O_14_CA163_R (15-00-00),P_O_14_CA163_R_shape,P_O_14_CA163_R,0
P_O_14_CA056,Ground_Daily,P_O_14_CA163_R (17-00-00),P_O_14_CA163_R_shape,P_O_14_CA163_R,0
P_O_14_CA056,Ground_Daily,P_O_14_CA163_R (19-00-00),P_O_14_CA163_R_shape,P_O_14_CA163_R,0
P_O_14_CA056,Ground_Daily,P_O_14_CA163_R (21-00-00),P_O_14_CA163_R_shape,P_O_14_CA163_R,0
P_O_14_CA056,Ground_Daily,P_O_14_CA164_O (06-30-00),P_O_14_CA164_O_shape,P_O_14_CA164_O,0
P_O_14_CA056,Ground_Daily,P_O_14_CA164_O (08-00-00),P_O_14_CA164_O_shape,P_O_14_CA164_O,0
P_O_14_CA056,Ground_Daily,P_O_14_CA164_O (09-00-00),P_O_14_CA164_O_shape,P_O_14_CA164_O,0
P_O_14_CA056,Ground_Daily,P_O_14_CA164_O (11-00-00),P_O_14_CA164_O_shape,P_O_14_CA164_O,0
P_O_14_CA056,Ground_Daily,P_O_14_CA164_O (13-00-00),P_O_14_CA164_O_shape,P_O_14_CA164_O,0
P_O_14_CA056,Ground_Daily,P_O_14_CA164_O (15-00-00),P_O_14_CA164_O_shape,P_O_14_CA164_O,0
P_O_14_CA056,Ground_Daily,P_O_14_CA164_O (17-00-00),P_O_14_CA164_O_shape,P_O_14_CA164_O,0
P_O_14_CA056,Ground_Daily,P_O_14_CA164_O (19-00-00),P_O_14_CA164_O_shape,P_O_14_CA164_O,0
P_O_14_CA056,Ground_Daily,P_O_14_CA164_O (21-00-00),P_O_14_CA164_O_shape,P_O_14_CA164_O,0
P_O_14_CA056,Ground_Daily,P_O_14_CA164_R (06-30-00),P_O_14_CA164_R_shape,P_O_14_CA164_R,0
P_O_14_CA056,Ground_Daily,P_O_14_CA164_R (08-00-00),P_O_14_CA164_R_shape,P_O_14_CA164_R,0
P_O_14_CA056,Ground_Daily,P_O_14_CA164_R (09-00-00),P_O_14_CA164_R_shape,P_O_14_CA164_R,0
P_O_14_CA056,Ground_Daily,P_O_14_CA164_R (11-00-00),P_O_14_CA164_R_shape,P_O_14_CA164_R,0
P_O_14_CA056,Ground_Daily,P_O_14_CA164_R (13-00-00),P_O_14_CA164_R_shape,P_O_14_CA164_R,0
P_O_14_CA056,Ground_Daily,P_O_14_CA164_R (15-00-00),P_O_14_CA164_R_shape,P_O_14_CA164_R,0
P_O_14_CA056,Ground_Daily,P_O_14_CA164_R (17-00-00),P_O_14_CA164_R_shape,P_O_14_CA164_R,0
P_O_14_CA056,Ground_Daily,P_O_14_CA164_R (19-00-00),P_O_14_CA164_R_shape,P_O_14_CA164_R,0
P_O_14_CA056,Ground_Daily,P_O_14_CA164_R (21-00-00),P_O_14_CA164_R_shape,P_O_14_CA164_R,0
P_O_14_CA056,Ground_Daily,P_O_14_CA165_O (06-30-00),P_O_14_CA165_O_shape,P_O_14_CA165_O,0
P_O_14_CA056,Ground_Daily,P_O_14_CA165_O (08-00-00),P_O_14_CA165_O_shape,P_O_14_CA165_O,0
P_O_14_CA056,Ground_Daily,P_O_14_CA165_O (09-00-00),P_O_14_CA165_O_shape,P_O_14_CA165_O,0
P_O_14_CA056,Ground_Daily,P_O_14_CA165_O (11-00-00),P_O_14_CA165_O_shape,P_O_14_CA165_O,0
P_O_14_CA056,Ground_Daily,P_O_14_CA165_O (13-00-00),P_O_14_CA165_O_shape,P_O_14_CA165_O,0
P_O_14_CA056,Ground_Daily,P_O_14_CA165_O (15-00-00),P_O_14_CA165_O_shape,P_O_14_CA165_O,0
P_O_14_CA056,Ground_Daily,P_O_14_CA165_O (17-00-00),P_O_14_CA165_O_shape,P_O_14_CA165_O,0
P_O_14_CA056,Ground_Daily,P_O_14_CA165_O (19-00-00),P_O_14_CA165_O_shape,P_O_14_CA165_O,0
P_O_14_CA056,Ground_Daily,P_O_14_CA165_O (21-00-00),P_O_14_CA165_O_shape,P_O_14_CA165_O,0
P_O_14_CA056,Ground_Daily,P_O_14_CA166_O (06-30-00),P_O_14_CA166_O_shape,P_O_14_CA166_O,0
P_O_14_CA056,Ground_Daily,P_O_14_CA166_O (08-00-00),P_O_14_CA166_O_shape,P_O_14_CA166_O,0
P_O_14_CA056,Ground_Daily,P_O_14_CA166_O (09-00-00),P_O_14_CA166_O_shape,P_O_14_CA166_O,0
P_O_14_CA056,Ground_Daily,P_O_14_CA166_O (11-00-00),P_O_14_CA166_O_shape,P_O_14_CA166_O,0
P_O_14_CA056,Ground_Daily,P_O_14_CA166_O (13-00-00),P_O_14_CA166_O_shape,P_O_14_CA166_O,0
P_O_14_CA056,Ground_Daily,P_O_14_CA166_O (15-00-00),P_O_14_CA166_O_shape,P_O_14_CA166_O,0
P_O_14_CA056,Ground_Daily,P_O_14_CA166_O (17-00-00),P_O_14_CA166_O_shape,P_O_14_CA166_O,0
P_O_14_CA056,Ground_Daily,P_O_14_CA166_O (19-00-00),P_O_14_CA166_O_shape,P_O_14_CA166_O,0
P_O_14_CA056,Ground_Daily,P_O_14_CA166_O (21-00-00),P_O_14_CA166_O_shape,P_O_14_CA166_O,0
P_O_14_CA056,Ground_Daily,P_O_14_CA166_R (06-30-00),P_O_14_CA166_R_shape,P_O_14_CA166_R,0
P_O_14_CA056,Ground_Daily,P_O_14_CA166_R (08-00-00),P_O_14_CA166_R_shape,P_O_14_CA166_R,0
P_O_14_CA056,Ground_Daily,P_O_14_CA166_R (09-00-00),P_O_14_CA166_R_shape,P_O_14_CA166_R,0
P_O_14_CA056,Ground_Daily,P_O_14_CA166_R (11-00-00),P_O_14_CA166_R_shape,P_O_14_CA166_R,0
P_O_14_CA056,Ground_Daily,P_O_14_CA166_R (13-00-00),P_O_14_CA166_R_shape,P_O_14_CA166_R,0
P_O_14_CA056,Ground_Daily,P_O_14_CA166_R (15-00-00),P_O_14_CA166_R_shape,P_O_14_CA166_R,0
P_O_14_CA056,Ground_Daily,P_O_14_CA166_R (17-00-00),P_O_14_CA166_R_shape,P_O_14_CA166_R,0
P_O_14_CA056,Ground_Daily,P_O_14_CA166_R (19-00-00),P_O_14_CA166_R_shape,P_O_14_CA166_R,0
P_O_14_CA056,Ground_Daily,P_O_14_CA166_R (21-00-00),P_O_14_CA166_R_shape,P_O_14_CA166_R,0
P_O_14_CA056,Ground_Daily,P_O_14_CA167_R (06-30-00),P_O_14_CA167_R_shape,P_O_14_CA167_R,0
P_O_14_CA056,Ground_Daily,P_O_14_CA167_R (08-00-00),P_O_14_CA167_R_shape,P_O_14_CA167_R,0
P_O_14_CA056,Ground_Daily,P_O_14_CA167_R (09-00-00),P_O_14_CA167_R_shape,P_O_14_CA167_R,0
P_O_14_CA056,Ground_Daily,P_O_14_CA167_R (11-00-00),P_O_14_CA167_R_shape,P_O_14_CA167_R,0
P_O_14_CA056,Ground_Daily,P_O_14_CA167_R (13-00-00),P_O_14_CA167_R_shape,P_O_14_CA167_R,0
P_O_14_CA056,Ground_Daily,P_O_14_CA167_R (15-00-00),P_O_14_CA167_R_shape,P_O_14_CA167_R,0
P_O_14_CA056,Ground_Daily,P_O_14_CA167_R (17-00-00),P_O_14_CA167_R_shape,P_O_14_CA167_R,0
P_O_14_CA056,Ground_Daily,P_O_14_CA167_R (19-00-00),P_O_14_CA167_R_shape,P_O_14_CA167_R,0
P_O_14_CA056,Ground_Daily,P_O_14_CA167_R (21-00-00),P_O_14_CA167_R_shape,P_O_14_CA167_R,0
P_O_14_CA056,Ground_Daily,P_O_14_CA168_O (06-30-00),P_O_14_CA168_O_shape,P_O_14_CA168_O,0
P_O_14_CA056,Ground_Daily,P_O_14_CA168_O (08-00-00),P_O_14_CA168_O_shape,P_O_14_CA168_O,0
P_O_14_CA056,Ground_Daily,P_O_14_CA168_O (09-00-00),P_O_14_CA168_O_shape,P_O_14_CA168_O,0
P_O_14_CA056,Ground_Daily,P_O_14_CA168_O (11-00-00),P_O_14_CA168_O_shape,P_O_14_CA168_O,0
P_O_14_CA056,Ground_Daily,P_O_14_CA168_O (13-00-00),P_O_14_CA168_O_shape,P_O_14_CA168_O,0
P_O_14_CA056,Ground_Daily,P_O_14_CA168_O (15-00-00),P_O_14_CA168_O_shape,P_O_14_CA168_O,0
P_O_14_CA056,Ground_Daily,P_O_14_CA168_O (17-00-00),P_O_14_CA168_O_shape,P_O_14_CA168_O,0
P_O_14_CA056,Ground_Daily,P_O_14_CA168_O (19-00-00),P_O_14_CA168_O_shape,P_O_14_CA168_O,0
P_O_14_CA056,Ground_Daily,P_O_14_CA168_O (21-00-00),P_O_14_CA168_O_shape,P_O_14_CA168_O,0
P_O_14_CA056,Ground_Daily,P_O_14_CA169_O (06-30-00),P_O_14_CA169_O_shape,P_O_14_CA169_O,0
P_O_14_CA056,Ground_Daily,P_O_14_CA169_O (08-00-00),P_O_14_CA169_O_shape,P_O_14_CA169_O,0
P_O_14_CA056,Ground_Daily,P_O_14_CA169_O (09-00-00),P_O_14_CA169_O_shape,P_O_14_CA169_O,0
P_O_14_CA056,Ground_Daily,P_O_14_CA169_O (11-00-00),P_O_14_CA169_O_shape,P_O_14_CA169_O,0
P_O_14_CA056,Ground_Daily,P_O_14_CA169_O (13-00-00),P_O_14_CA169_O_shape,P_O_14_CA169_O,0
P_O_14_CA056,Ground_Daily,P_O_14_CA169_O (15-00-00),P_O_14_CA169_O_shape,P_O_14_CA169_O,0
P_O_14_CA056,Ground_Daily,P_O_14_CA169_O (17-00-00),P_O_14_CA169_O_shape,P_O_14_CA169_O,0
P_O_14_CA056,Ground_Daily,P_O_14_CA169_O (19-00-00),P_O_14_CA169_O_shape,P_O_14_CA169_O,0
P_O_14_CA056,Ground_Daily,P_O_14_CA169_O (21-00-00),P_O_14_CA169_O_shape,P_O_14_CA169_O,0
P_O_14_CA056,Ground_Daily,P_O_14_CA169_R (06-30-00),P_O_14_CA169_R_shape,P_O_14_CA169_R,0
P_O_14_CA056,Ground_Daily,P_O_14_CA169_R (08-00-00),P_O_14_CA169_R_shape,P_O_14_CA169_R,0
P_O_14_CA056,Ground_Daily,P_O_14_CA169_R (09-00-00),P_O_14_CA169_R_shape,P_O_14_CA169_R,0
P_O_14_CA056,Ground_Daily,P_O_14_CA169_R (11-00-00),P_O_14_CA169_R_shape,P_O_14_CA169_R,0
P_O_14_CA056,Ground_Daily,P_O_14_CA169_R (13-00-00),P_O_14_CA169_R_shape,P_O_14_CA169_R,0
P_O_14_CA056,Ground_Daily,P_O_14_CA169_R (15-00-00),P_O_14_CA169_R_shape,P_O_14_CA169_R,0
P_O_14_CA056,Ground_Daily,P_O_14_CA169_R (17-00-00),P_O_14_CA169_R_shape,P_O_14_CA169_R,0
P_O_14_CA056,Ground_Daily,P_O_14_CA169_R (19-00-00),P_O_14_CA169_R_shape,P_O_14_CA169_R,0
P_O_14_CA056,Ground_Daily,P_O_14_CA169_R (21-00-00),P_O_14_CA169_R_shape,P_O_14_CA169_R,0
P_O_14_CA056,Ground_Daily,P_O_14_CA170_O (06-30-00),P_O_14_CA170_O_shape,P_O_14_CA170_O,0
P_O_14_CA056,Ground_Daily,P_O_14_CA170_O (08-00-00),P_O_14_CA170_O_shape,P_O_14_CA170_O,0
P_O_14_CA056,Ground_Daily,P_O_14_CA170_O (09-00-00),P_O_14_CA170_O_shape,P_O_14_CA170_O,0
P_O_14_CA056,Ground_Daily,P_O_14_CA170_O (11-00-00),P_O_14_CA170_O_shape,P_O_14_CA170_O,0
P_O_14_CA056,Ground_Daily,P_O_14_CA170_O (13-00-00),P_O_14_CA170_O_shape,P_O_14_CA170_O,0
P_O_14_CA056,Ground_Daily,P_O_14_CA170_O (15-00-00),P_O_14_CA170_O_shape,P_O_14_CA170_O,0
P_O_14_CA056,Ground_Daily,P_O_14_CA170_O (17-00-00),P_O_14_CA170_O_shape,P_O_14_CA170_O,0
P_O_14_CA056,Ground_Daily,P_O_14_CA170_O (19-00-00),P_O_14_CA170_O_shape,P_O_14_CA170_O,0
P_O_14_CA056,Ground_Daily,P_O_14_CA170_O (21-00-00),P_O_14_CA170_O_shape,P_O_14_CA170_O,0
P_O_14_CA056,Ground_Daily,P_O_14_CA170_R (06-30-00),P_O_14_CA170_R_shape,P_O_14_CA170_R,0
P_O_14_CA056,Ground_Daily,P_O_14_CA170_R (08-00-00),P_O_14_CA170_R_shape,P_O_14_CA170_R,0
P_O_14_CA056,Ground_Daily,P_O_14_CA170_R (09-00-00),P_O_14_CA170_R_shape,P_O_14_CA170_R,0
P_O_14_CA056,Ground_Daily,P_O_14_CA170_R (11-00-00),P_O_14_CA170_R_shape,P_O_14_CA170_R,0
P_O_14_CA056,Ground_Daily,P_O_14_CA170_R (13-00-00),P_O_14_CA170_R_shape,P_O_14_CA170_R,0
P_O_14_CA056,Ground_Daily,P_O_14_CA170_R (15-00-00),P_O_14_CA170_R_shape,P_O_14_CA170_R,0
P_O_14_CA056,Ground_Daily,P_O_14_CA170_R (17-00-00),P_O_14_CA170_R_shape,P_O_14_CA170_R,0
P_O_14_CA056,Ground_Daily,P_O_14_CA170_R (19-00-00),P_O_14_CA170_R_shape,P_O_14_CA170_R,0
P_O_14_CA056,Ground_Daily,P_O_14_CA170_R (21-00-00),P_O_14_CA170_R_shape,P_O_14_CA170_R,0
P_O_14_CA056,Ground_Daily,P_O_14_CA171_O (06-30-00),P_O_14_CA171_O_shape,P_O_14_CA171_O,0
P_O_14_CA056,Ground_Daily,P_O_14_CA171_O (08-00-00),P_O_14_CA171_O_shape,P_O_14_CA171_O,0
P_O_14_CA056,Ground_Daily,P_O_14_CA171_O (09-00-00),P_O_14_CA171_O_shape,P_O_14_CA171_O,0
P_O_14_CA056,Ground_Daily,P_O_14_CA171_O (11-00-00),P_O_14_CA171_O_shape,P_O_14_CA171_O,0
P_O_14_CA056,Ground_Daily,P_O_14_CA171_O (13-00-00),P_O_14_CA171_O_shape,P_O_14_CA171_O,0
P_O_14_CA056,Ground_Daily,P_O_14_CA171_O (15-00-00),P_O_14_CA171_O_shape,P_O_14_CA171_O,0
P_O_14_CA056,Ground_Daily,P_O_14_CA171_O (17-00-00),P_O_14_CA171_O_shape,P_O_14_CA171_O,0
P_O_14_CA056,Ground_Daily,P_O_14_CA171_O (19-00-00),P_O_14_CA171_O_shape,P_O_14_CA171_O,0
P_O_14_CA056,Ground_Daily,P_O_14_CA171_O (21-00-00),P_O_14_CA171_O_shape,P_O_14_CA171_O,0
P_O_14_CA056,Ground_Daily,P_O_14_CA171_R (06-30-00),P_O_14_CA171_R_shape,P_O_14_CA171_R,0
P_O_14_CA056,Ground_Daily,P_O_14_CA171_R (08-00-00),P_O_14_CA171_R_shape,P_O_14_CA171_R,0
P_O_14_CA056,Ground_Daily,P_O_14_CA171_R (09-00-00),P_O_14_CA171_R_shape,P_O_14_CA171_R,0
P_O_14_CA056,Ground_Daily,P_O_14_CA171_R (11-00-00),P_O_14_CA171_R_shape,P_O_14_CA171_R,0
P_O_14_CA056,Ground_Daily,P_O_14_CA171_R (13-00-00),P_O_14_CA171_R_shape,P_O_14_CA171_R,0
P_O_14_CA056,Ground_Daily,P_O_14_CA171_R (15-00-00),P_O_14_CA171_R_shape,P_O_14_CA171_R,0
P_O_14_CA056,Ground_Daily,P_O_14_CA171_R (17-00-00),P_O_14_CA171_R_shape,P_O_14_CA171_R,0
P_O_14_CA056,Ground_Daily,P_O_14_CA171_R (19-00-00),P_O_14_CA171_R_shape,P_O_14_CA171_R,0
P_O_14_CA056,Ground_Daily,P_O_14_CA171_R (21-00-00),P_O_14_CA171_R_shape,P_O_14_CA171_R,0
P_O_14_CA056,Ground_Daily,P_O_14_CA172_O (06-30-00),P_O_14_CA172_O_shape,P_O_14_CA172_O,0
P_O_14_CA056,Ground_Daily,P_O_14_CA172_O (08-00-00),P_O_14_CA172_O_shape,P_O_14_CA172_O,0
P_O_14_CA056,Ground_Daily,P_O_14_CA172_O (09-00-00),P_O_14_CA172_O_shape,P_O_14_CA172_O,0
P_O_14_CA056,Ground_Daily,P_O_14_CA172_O (11-00-00),P_O_14_CA172_O_shape,P_O_14_CA172_O,0
P_O_14_CA056,Ground_Daily,P_O_14_CA172_O (13-00-00),P_O_14_CA172_O_shape,P_O_14_CA172_O,0
P_O_14_CA056,Ground_Daily,P_O_14_CA172_O (15-00-00),P_O_14_CA172_O_shape,P_O_14_CA172_O,0
P_O_14_CA056,Ground_Daily,P_O_14_CA172_O (17-00-00),P_O_14_CA172_O_shape,P_O_14_CA172_O,0
P_O_14_CA056,Ground_Daily,P_O_14_CA172_O (19-00-00),P_O_14_CA172_O_shape,P_O_14_CA172_O,0
P_O_14_CA056,Ground_Daily,P_O_14_CA172_O (21-00-00),P_O_14_CA172_O_shape,P_O_14_CA172_O,0
P_O_14_CA056,Ground_Daily,P_O_14_CA172_R (06-30-00),P_O_14_CA172_R_shape,P_O_14_CA172_R,0
P_O_14_CA056,Ground_Daily,P_O_14_CA172_R (08-00-00),P_O_14_CA172_R_shape,P_O_14_CA172_R,0
P_O_14_CA056,Ground_Daily,P_O_14_CA172_R (09-00-00),P_O_14_CA172_R_shape,P_O_14_CA172_R,0
P_O_14_CA056,Ground_Daily,P_O_14_CA172_R (11-00-00),P_O_14_CA172_R_shape,P_O_14_CA172_R,0
P_O_14_CA056,Ground_Daily,P_O_14_CA172_R (13-00-00),P_O_14_CA172_R_shape,P_O_14_CA172_R,0
P_O_14_CA056,Ground_Daily,P_O_14_CA172_R (15-00-00),P_O_14_CA172_R_shape,P_O_14_CA172_R,0
P_O_14_CA056,Ground_Daily,P_O_14_CA172_R (17-00-00),P_O_14_CA172_R_shape,P_O_14_CA172_R,0
P_O_14_CA056,Ground_Daily,P_O_14_CA172_R (19-00-00),P_O_14_CA172_R_shape,P_O_14_CA172_R,0
P_O_14_CA056,Ground_Daily,P_O_14_CA172_R (21-00-00),P_O_14_CA172_R_shape,P_O_14_CA172_R,0
P_O_14_CA056,Ground_Daily,P_O_14_CA173_R (06-30-00),P_O_14_CA173_R_shape,P_O_14_CA173_R,0
P_O_14_CA056,Ground_Daily,P_O_14_CA173_R (08-00-00),P_O_14_CA173_R_shape,P_O_14_CA173_R,0
P_O_14_CA056,Ground_Daily,P_O_14_CA173_R (09-00-00),P_O_14_CA173_R_shape,P_O_14_CA173_R,0
P_O_14_CA056,Ground_Daily,P_O_14_CA173_R (11-00-00),P_O_14_CA173_R_shape,P_O_14_CA173_R,0
P_O_14_CA056,Ground_Daily,P_O_14_CA173_R (13-00-00),P_O_14_CA173_R_shape,P_O_14_CA173_R,0
P_O_14_CA056,Ground_Daily,P_O_14_CA173_R (15-00-00),P_O_14_CA173_R_shape,P_O_14_CA173_R,0
P_O_14_CA056,Ground_Daily,P_O_14_CA173_R (17-00-00),P_O_14_CA173_R_shape,P_O_14_CA173_R,0
P_O_14_CA056,Ground_Daily,P_O_14_CA173_R (19-00-00),P_O_14_CA173_R_shape,P_O_14_CA173_R,0
P_O_14_CA056,Ground_Daily,P_O_14_CA173_R (21-00-00),P_O_14_CA173_R_shape,P_O_14_CA173_R,0
P_O_14_CA056,Ground_Daily,P_O_14_CA174_O (06-30-00),P_O_14_CA174_O_shape,P_O_14_CA174_O,0
P_O_14_CA056,Ground_Daily,P_O_14_CA174_O (08-00-00),P_O_14_CA174_O_shape,P_O_14_CA174_O,0
P_O_14_CA056,Ground_Daily,P_O_14_CA174_O (09-00-00),P_O_14_CA174_O_shape,P_O_14_CA174_O,0
P_O_14_CA056,Ground_Daily,P_O_14_CA174_O (11-00-00),P_O_14_CA174_O_shape,P_O_14_CA174_O,0
P_O_14_CA056,Ground_Daily,P_O_14_CA174_O (13-00-00),P_O_14_CA174_O_shape,P_O_14_CA174_O,0
P_O_14_CA056,Ground_Daily,P_O_14_CA174_O (15-00-00),P_O_14_CA174_O_shape,P_O_14_CA174_O,0
P_O_14_CA056,Ground_Daily,P_O_14_CA174_O (17-00-00),P_O_14_CA174_O_shape,P_O_14_CA174_O,0
P_O_14_CA056,Ground_Daily,P_O_14_CA174_O (19-00-00),P_O_14_CA174_O_shape,P_O_14_CA174_O,0
P_O_14_CA056,Ground_Daily,P_O_14_CA174_O (21-00-00),P_O_14_CA174_O_shape,P_O_14_CA174_O,0
P_O_14_CA056,Ground_Daily,P_O_14_CA174_R (06-30-00),P_O_14_CA174_R_shape,P_O_14_CA174_R,0
P_O_14_CA056,Ground_Daily,P_O_14_CA174_R (08-00-00),P_O_14_CA174_R_shape,P_O_14_CA174_R,0
P_O_14_CA056,Ground_Daily,P_O_14_CA174_R (09-00-00),P_O_14_CA174_R_shape,P_O_14_CA174_R,0
P_O_14_CA056,Ground_Daily,P_O_14_CA174_R (11-00-00),P_O_14_CA174_R_shape,P_O_14_CA174_R,0
P_O_14_CA056,Ground_Daily,P_O_14_CA174_R (13-00-00),P_O_14_CA174_R_shape,P_O_14_CA174_R,0
P_O_14_CA056,Ground_Daily,P_O_14_CA174_R (15-00-00),P_O_14_CA174_R_shape,P_O_14_CA174_R,0
P_O_14_CA056,Ground_Daily,P_O_14_CA174_R (17-00-00),P_O_14_CA174_R_shape,P_O_14_CA174_R,0
P_O_14_CA056,Ground_Daily,P_O_14_CA174_R (19-00-00),P_O_14_CA174_R_shape,P_O_14_CA174_R,0
P_O_14_CA056,Ground_Daily,P_O_14_CA174_R (21-00-00),P_O_14_CA174_R_shape,P_O_14_CA174_R,0
P_O_14_CA056,Ground_Daily,P_O_14_CA175_O (06-30-00),P_O_14_CA175_O_shape,P_O_14_CA175_O,0
P_O_14_CA056,Ground_Daily,P_O_14_CA175_O (08-00-00),P_O_14_CA175_O_shape,P_O_14_CA175_O,0
P_O_14_CA056,Ground_Daily,P_O_14_CA175_O (09-00-00),P_O_14_CA175_O_shape,P_O_14_CA175_O,0
P_O_14_CA056,Ground_Daily,P_O_14_CA175_O (11-00-00),P_O_14_CA175_O_shape,P_O_14_CA175_O,0
P_O_14_CA056,Ground_Daily,P_O_14_CA175_O (13-00-00),P_O_14_CA175_O_shape,P_O_14_CA175_O,0
P_O_14_CA056,Ground_Daily,P_O_14_CA175_O (15-00-00),P_O_14_CA175_O_shape,P_O_14_CA175_O,0
P_O_14_CA056,Ground_Daily,P_O_14_CA175_O (17-00-00),P_O_14_CA175_O_shape,P_O_14_CA175_O,0
P_O_14_CA056,Ground_Daily,P_O_14_CA175_O (19-00-00),P_O_14_CA175_O_shape,P_O_14_CA175_O,0
P_O_14_CA056,Ground_Daily,P_O_14_CA175_O (21-00-00),P_O_14_CA175_O_shape,P_O_14_CA175_O,0
P_O_14_CA056,Ground_Daily,P_O_14_CA175_R (06-30-00),P_O_14_CA175_R_shape,P_O_14_CA175_R,0
P_O_14_CA056,Ground_Daily,P_O_14_CA175_R (08-00-00),P_O_14_CA175_R_shape,P_O_14_CA175_R,0
P_O_14_CA056,Ground_Daily,P_O_14_CA175_R (09-00-00),P_O_14_CA175_R_shape,P_O_14_CA175_R,0
P_O_14_CA056,Ground_Daily,P_O_14_CA175_R (11-00-00),P_O_14_CA175_R_shape,P_O_14_CA175_R,0
P_O_14_CA056,Ground_Daily,P_O_14_CA175_R (13-00-00),P_O_14_CA175_R_shape,P_O_14_CA175_R,0
P_O_14_CA056,Ground_Daily,P_O_14_CA175_R (15-00-00),P_O_14_CA175_R_shape,P_O_14_CA175_R,0
P_O_14_CA056,Ground_Daily,P_O_14_CA175_R (17-00-00),P_O_14_CA175_R_shape,P_O_14_CA175_R,0
P_O_14_CA056,Ground_Daily,P_O_14_CA175_R (19-00-00),P_O_14_CA175_R_shape,P_O_14_CA175_R,0
P_O_14_CA056,Ground_Daily,P_O_14_CA175_R (21-00-00),P_O_14_CA175_R_shape,P_O_14_CA175_R,0
P_O_14_CA056,Ground_Daily,P_O_14_GZ002_O (06-30-00),P_O_14_GZ002_O_shape,P_O_14_GZ002_O,0
P_O_14_CA056,Ground_Daily,P_O_14_GZ002_O (08-00-00),P_O_14_GZ002_O_shape,P_O_14_GZ002_O,0
P_O_14_CA056,Ground_Daily,P_O_14_GZ002_O (09-00-00),P_O_14_GZ002_O_shape,P_O_14_GZ002_O,0
P_O_14_CA056,Ground_Daily,P_O_14_GZ002_O (11-00-00),P_O_14_GZ002_O_shape,P_O_14_GZ002_O,0
P_O_14_CA056,Ground_Daily,P_O_14_GZ002_O (13-00-00),P_O_14_GZ002_O_shape,P_O_14_GZ002_O,0
P_O_14_CA056,Ground_Daily,P_O_14_GZ002_O (15-00-00),P_O_14_GZ002_O_shape,P_O_14_GZ002_O,0
P_O_14_CA056,Ground_Daily,P_O_14_GZ002_O (17-00-00),P_O_14_GZ002_O_shape,P_O_14_GZ002_O,0
P_O_14_CA056,Ground_Daily,P_O_14_GZ002_O (19-00-00),P_O_14_GZ002_O_shape,P_O_14_GZ002_O,0
P_O_14_CA056,Ground_Daily,P_O_14_GZ002_O (21-00-00),P_O_14_GZ002_O_shape,P_O_14_GZ002_O,0
P_O_14_CA056,Ground_Daily,P_O_14_GZ002_R (06-30-00),P_O_14_GZ002_R_shape,P_O_14_GZ002_R,0
P_O_14_CA056,Ground_Daily,P_O_14_GZ002_R (08-00-00),P_O_14_GZ002_R_shape,P_O_14_GZ002_R,0
P_O_14_CA056,Ground_Daily,P_O_14_GZ002_R (09-00-00),P_O_14_GZ002_R_shape,P_O_14_GZ002_R,0
P_O_14_CA056,Ground_Daily,P_O_14_GZ002_R (11-00-00),P_O_14_GZ002_R_shape,P_O_14_GZ002_R,0
P_O_14_CA056,Ground_Daily,P_O_14_GZ002_R (13-00-00),P_O_14_GZ002_R_shape,P_O_14_GZ002_R,0
P_O_14_CA056,Ground_Daily,P_O_14_GZ002_R (15-00-00),P_O_14_GZ002_R_shape,P_O_14_GZ002_R,0
P_O_14_CA056,Ground_Daily,P_O_14_GZ002_R (17-00-00),P_O_14_GZ002_R_shape,P_O_14_GZ002_R,0
P_O_14_CA056,Ground_Daily,P_O_14_GZ002_R (19-00-00),P_O_14_GZ002_R_shape,P_O_14_GZ002_R,0
P_O_14_CA056,Ground_Daily,P_O_14_GZ002_R (21-00-00),P_O_14_GZ002_R_shape,P_O_14_GZ002_R,0
P_O_14_CA056,Ground_Daily,P_O_14_GZ003_O (06-30-00),P_O_14_GZ003_O_shape,P_O_14_GZ003_O,0
P_O_14_CA056,Ground_Daily,P_O_14_GZ003_O (08-00-00),P_O_14_GZ003_O_shape,P_O_14_GZ003_O,0
P_O_14_CA056,Ground_Daily,P_O_14_GZ003_O (09-00-00),P_O_14_GZ003_O_shape,P_O_14_GZ003_O,0
P_O_14_CA056,Ground_Daily,P_O_14_GZ003_O (11-00-00),P_O_14_GZ003_O_shape,P_O_14_GZ003_O,0
P_O_14_CA056,Ground_Daily,P_O_14_GZ003_O (13-00-00),P_O_14_GZ003_O_shape,P_O_14_GZ003_O,0
P_O_14_CA056,Ground_Daily,P_O_14_GZ003_O (15-00-00),P_O_14_GZ003_O_shape,P_O_14_GZ003_O,0
P_O_14_CA056,Ground_Daily,P_O_14_GZ003_O (17-00-00),P_O_14_GZ003_O_shape,P_O_14_GZ003_O,0
P_O_14_CA056,Ground_Daily,P_O_14_GZ003_O (19-00-00),P_O_14_GZ003_O_shape,P_O_14_GZ003_O,0
P_O_14_CA056,Ground_Daily,P_O_14_GZ003_O (21-00-00),P_O_14_GZ003_O_shape,P_O_14_GZ003_O,0
P_O_14_CA056,Ground_Daily,P_O_14_GZ003_R (06-30-00),P_O_14_GZ003_R_shape,P_O_14_GZ003_R,0
P_O_14_CA056,Ground_Daily,P_O_14_GZ003_R (08-00-00),P_O_14_GZ003_R_shape,P_O_14_GZ003_R,0
P_O_14_CA056,Ground_Daily,P_O_14_GZ003_R (09-00-00),P_O_14_GZ003_R_shape,P_O_14_GZ003_R,0
P_O_14_CA056,Ground_Daily,P_O_14_GZ003_R (11-00-00),P_O_14_GZ003_R_shape,P_O_14_GZ003_R,0
P_O_14_CA056,Ground_Daily,P_O_14_GZ003_R (13-00-00),P_O_14_GZ003_R_shape,P_O_14_GZ003_R,0
P_O_14_CA056,Ground_Daily,P_O_14_GZ003_R (15-00-00),P_O_14_GZ003_R_shape,P_O_14_GZ003_R,0
P_O_14_CA056,Ground_Daily,P_O_14_GZ003_R (17-00-00),P_O_14_GZ003_R_shape,P_O_14_GZ003_R,0
P_O_14_CA056,Ground_Daily,P_O_14_GZ003_R (19-00-00),P_O_14_GZ003_R_shape,P_O_14_GZ003_R,0
P_O_14_CA056,Ground_Daily,P_O_14_GZ003_R (21-00-00),P_O_14_GZ003_R_shape,P_O_14_GZ003_R,0
P_O_14_CA056,Ground_Daily,P_O_14_GZ004_O (06-30-00),P_O_14_GZ004_O_shape,P_O_14_GZ004_O,0
P_O_14_CA056,Ground_Daily,P_O_14_GZ004_O (08-00-00),P_O_14_GZ004_O_shape,P_O_14_GZ004_O,0
P_O_14_CA056,Ground_Daily,P_O_14_GZ004_O (09-00-00),P_O_14_GZ004_O_shape,P_O_14_GZ004_O,0
P_O_14_CA056,Ground_Daily,P_O_14_GZ004_O (11-00-00),P_O_14_GZ004_O_shape,P_O_14_GZ004_O,0
P_O_14_CA056,Ground_Daily,P_O_14_GZ004_O (13-00-00),P_O_14_GZ004_O_shape,P_O_14_GZ004_O,0
P_O_14_CA056,Ground_Daily,P_O_14_GZ004_O (15-00-00),P_O_14_GZ004_O_shape,P_O_14_GZ004_O,0
P_O_14_CA056,Ground_Daily,P_O_14_GZ004_O (17-00-00),P_O_14_GZ004_O_shape,P_O_14_GZ004_O,0
P_O_14_CA056,Ground_Daily,P_O_14_GZ004_O (19-00-00),P_O_14_GZ004_O_shape,P_O_14_GZ004_O,0
P_O_14_CA056,Ground_Daily,P_O_14_GZ004_O (21-00-00),P_O_14_GZ004_O_shape,P_O_14_GZ004_O,0
P_O_14_CA056,Ground_Daily,P_O_14_GZ004_R (06-30-00),P_O_14_GZ004_R_shape,P_O_14_GZ004_R,0
P_O_14_CA056,Ground_Daily,P_O_14_GZ004_R (08-00-00),P_O_14_GZ004_R_shape,P_O_14_GZ004_R,0
P_O_14_CA056,Ground_Daily,P_O_14_GZ004_R (09-00-00),P_O_14_GZ004_R_shape,P_O_14_GZ004_R,0
P_O_14_CA056,Ground_Daily,P_O_14_GZ004_R (11-00-00),P_O_14_GZ004_R_shape,P_O_14_GZ004_R,0
P_O_14_CA056,Ground_Daily,P_O_14_GZ004_R (13-00-00),P_O_14_GZ004_R_shape,P_O_14_GZ004_R,0
P_O_14_CA056,Ground_Daily,P_O_14_GZ004_R (15-00-00),P_O_14_GZ004_R_shape,P_O_14_GZ004_R,0
P_O_14_CA056,Ground_Daily,P_O_14_GZ004_R (17-00-00),P_O_14_GZ004_R_shape,P_O_14_GZ004_R,0
P_O_14_CA056,Ground_Daily,P_O_14_GZ004_R (19-00-00),P_O_14_GZ004_R_shape,P_O_14_GZ004_R,0
P_O_14_CA056,Ground_Daily,P_O_14_GZ004_R (21-00-00),P_O_14_GZ004_R_shape,P_O_14_GZ004_R,0
P_O_14_CA056,Ground_Daily,P_O_14_GZ005_O (06-30-00),P_O_14_GZ005_O_shape,P_O_14_GZ005_O,0
P_O_14_CA056,Ground_Daily,P_O_14_GZ005_O (08-00-00),P_O_14_GZ005_O_shape,P_O_14_GZ005_O,0
P_O_14_CA056,Ground_Daily,P_O_14_GZ005_O (09-00-00),P_O_14_GZ005_O_shape,P_O_14_GZ005_O,0
P_O_14_CA056,Ground_Daily,P_O_14_GZ005_O (11-00-00),P_O_14_GZ005_O_shape,P_O_14_GZ005_O,0
P_O_14_CA056,Ground_Daily,P_O_14_GZ005_O (13-00-00),P_O_14_GZ005_O_shape,P_O_14_GZ005_O,0
P_O_14_CA056,Ground_Daily,P_O_14_GZ005_O (15-00-00),P_O_14_GZ005_O_shape,P_O_14_GZ005_O,0
P_O_14_CA056,Ground_Daily,P_O_14_GZ005_O (17-00-00),P_O_14_GZ005_O_shape,P_O_14_GZ005_O,0
P_O_14_CA056,Ground_Daily,P_O_14_GZ005_O (19-00-00),P_O_14_GZ005_O_shape,P_O_14_GZ005_O,0
P_O_14_CA056,Ground_Daily,P_O_14_GZ005_O (21-00-00),P_O_14_GZ005_O_shape,P_O_14_GZ005_O,0
P_O_14_CA056,Ground_Daily,P_O_14_GZ005_R (06-30-00),P_O_14_GZ005_R_shape,P_O_14_GZ005_R,0
P_O_14_CA056,Ground_Daily,P_O_14_GZ005_R (08-00-00),P_O_14_GZ005_R_shape,P_O_14_GZ005_R,0
P_O_14_CA056,Ground_Daily,P_O_14_GZ005_R (09-00-00),P_O_14_GZ005_R_shape,P_O_14_GZ005_R,0
P_O_14_CA056,Ground_Daily,P_O_14_GZ005_R (11-00-00),P_O_14_GZ005_R_shape,P_O_14_GZ005_R,0
P_O_14_CA056,Ground_Daily,P_O_14_GZ005_R (13-00-00),P_O_14_GZ005_R_shape,P_O_14_GZ005_R,0
P_O_14_CA056,Ground_Daily,P_O_14_GZ005_R (15-00-00),P_O_14_GZ005_R_shape,P_O_14_GZ005_R,0
P_O_14_CA056,Ground_Daily,P_O_14_GZ005_R (17-00-00),P_O_14_GZ005_R_shape,P_O_14_GZ005_R,0
P_O_14_CA056,Ground_Daily,P_O_14_GZ005_R (19-00-00),P_O_14_GZ005_R_shape,P_O_14_GZ005_R,0
P_O_14_CA056,Ground_Daily,P_O_14_GZ005_R (21-00-00),P_O_14_GZ005_R_shape,P_O_14_GZ005_R,0
P_O_14_CA056,Ground_Daily,P_O_14_GZ008_O (06-30-00),P_O_14_GZ008_O_shape,P_O_14_GZ008_O,0
P_O_14_CA056,Ground_Daily,P_O_14_GZ008_O (08-00-00),P_O_14_GZ008_O_shape,P_O_14_GZ008_O,0
P_O_14_CA056,Ground_Daily,P_O_14_GZ008_O (09-00-00),P_O_14_GZ008_O_shape,P_O_14_GZ008_O,0
P_O_14_CA056,Ground_Daily,P_O_14_GZ008_O (11-00-00),P_O_14_GZ008_O_shape,P_O_14_GZ008_O,0
P_O_14_CA056,Ground_Daily,P_O_14_GZ008_O (13-00-00),P_O_14_GZ008_O_shape,P_O_14_GZ008_O,0
P_O_14_CA056,Ground_Daily,P_O_14_GZ008_O (15-00-00),P_O_14_GZ008_O_shape,P_O_14_GZ008_O,0
P_O_14_CA056,Ground_Daily,P_O_14_GZ008_O (17-00-00),P_O_14_GZ008_O_shape,P_O_14_GZ008_O,0
P_O_14_CA056,Ground_Daily,P_O_14_GZ008_O (19-00-00),P_O_14_GZ008_O_shape,P_O_14_GZ008_O,0
P_O_14_CA056,Ground_Daily,P_O_14_GZ008_O (21-00-00),P_O_14_GZ008_O_shape,P_O_14_GZ008_O,0
P_O_14_CA056,Ground_Daily,P_O_14_GZ008_R (06-30-00),P_O_14_GZ008_R_shape,P_O_14_GZ008_R,0
P_O_14_CA056,Ground_Daily,P_O_14_GZ008_R (08-00-00),P_O_14_GZ008_R_shape,P_O_14_GZ008_R,0
P_O_14_CA056,Ground_Daily,P_O_14_GZ008_R (09-00-00),P_O_14_GZ008_R_shape,P_O_14_GZ008_R,0
P_O_14_CA056,Ground_Daily,P_O_14_GZ008_R (11-00-00),P_O_14_GZ008_R_shape,P_O_14_GZ008_R,0
P_O_14_CA056,Ground_Daily,P_O_14_GZ008_R (13-00-00),P_O_14_GZ008_R_shape,P_O_14_GZ008_R,0
P_O_14_CA056,Ground_Daily,P_O_14_GZ008_R (15-00-00),P_O_14_GZ008_R_shape,P_O_14_GZ008_R,0
P_O_14_CA056,Ground_Daily,P_O_14_GZ008_R (17-00-00),P_O_14_GZ008_R_shape,P_O_14_GZ008_R,0
P_O_14_CA056,Ground_Daily,P_O_14_GZ008_R (19-00-00),P_O_14_GZ008_R_shape,P_O_14_GZ008_R,0
P_O_14_CA056,Ground_Daily,P_O_14_GZ008_R (21-00-00),P_O_14_GZ008_R_shape,P_O_14_GZ008_R,0
P_O_14_CA056,Ground_Daily,P_O_14_GZ010_O (06-30-00),P_O_14_GZ010_O_shape,P_O_14_GZ010_O,0
P_O_14_CA056,Ground_Daily,P_O_14_GZ010_O (08-00-00),P_O_14_GZ010_O_shape,P_O_14_GZ010_O,0
P_O_14_CA056,Ground_Daily,P_O_14_GZ010_O (09-00-00),P_O_14_GZ010_O_shape,P_O_14_GZ010_O,0
P_O_14_CA056,Ground_Daily,P_O_14_GZ010_O (11-00-00),P_O_14_GZ010_O_shape,P_O_14_GZ010_O,0
P_O_14_CA056,Ground_Daily,P_O_14_GZ010_O (13-00-00),P_O_14_GZ010_O_shape,P_O_14_GZ010_O,0
P_O_14_CA056,Ground_Daily,P_O_14_GZ010_O (15-00-00),P_O_14_GZ010_O_shape,P_O_14_GZ010_O,0
P_O_14_CA056,Ground_Daily,P_O_14_GZ010_O (17-00-00),P_O_14_GZ010_O_shape,P_O_14_GZ010_O,0
P_O_14_CA056,Ground_Daily,P_O_14_GZ010_O (19-00-00),P_O_14_GZ010_O_shape,P_O_14_GZ010_O,0
P_O_14_CA056,Ground_Daily,P_O_14_GZ010_O (21-00-00),P_O_14_GZ010_O_shape,P_O_14_GZ010_O,0
P_O_14_CA056,Ground_Daily,P_O_14_GZ010_R (06-30-00),P_O_14_GZ010_R_shape,P_O_14_GZ010_R,0
P_O_14_CA056,Ground_Daily,P_O_14_GZ010_R (08-00-00),P_O_14_GZ010_R_shape,P_O_14_GZ010_R,0
P_O_14_CA056,Ground_Daily,P_O_14_GZ010_R (09-00-00),P_O_14_GZ010_R_shape,P_O_14_GZ010_R,0
P_O_14_CA056,Ground_Daily,P_O_14_GZ010_R (11-00-00),P_O_14_GZ010_R_shape,P_O_14_GZ010_R,0
P_O_14_CA056,Ground_Daily,P_O_14_GZ010_R (13-00-00),P_O_14_GZ010_R_shape,P_O_14_GZ010_R,0
P_O_14_CA056,Ground_Daily,P_O_14_GZ010_R (15-00-00),P_O_14_GZ010_R_shape,P_O_14_GZ010_R,0
P_O_14_CA056,Ground_Daily,P_O_14_GZ010_R (17-00-00),P_O_14_GZ010_R_shape,P_O_14_GZ010_R,0
P_O_14_CA056,Ground_Daily,P_O_14_GZ010_R (19-00-00),P_O_14_GZ010_R_shape,P_O_14_GZ010_R,0
P_O_14_CA056,Ground_Daily,P_O_14_GZ010_R (21-00-00),P_O_14_GZ010_R_shape,P_O_14_GZ010_R,0
P_O_14_CA056,Ground_Daily,P_O_14_GZ012_O (06-30-00),P_O_14_GZ012_O_shape,P_O_14_GZ012_O,0
P_O_14_CA056,Ground_Daily,P_O_14_GZ012_O (08-00-00),P_O_14_GZ012_O_shape,P_O_14_GZ012_O,0
P_O_14_CA056,Ground_Daily,P_O_14_GZ012_O (09-00-00),P_O_14_GZ012_O_shape,P_O_14_GZ012_O,0
P_O_14_CA056,Ground_Daily,P_O_14_GZ012_O (11-00-00),P_O_14_GZ012_O_shape,P_O_14_GZ012_O,0
P_O_14_CA056,Ground_Daily,P_O_14_GZ012_O (13-00-00),P_O_14_GZ012_O_shape,P_O_14_GZ012_O,0
P_O_14_CA056,Ground_Daily,P_O_14_GZ012_O (15-00-00),P_O_14_GZ012_O_shape,P_O_14_GZ012_O,0
P_O_14_CA056,Ground_Daily,P_O_14_GZ012_O (17-00-00),P_O_14_GZ012_O_shape,P_O_14_GZ012_O,0
P_O_14_CA056,Ground_Daily,P_O_14_GZ012_O (19-00-00),P_O_14_GZ012_O_shape,P_O_14_GZ012_O,0
P_O_14_CA056,Ground_Daily,P_O_14_GZ012_O (21-00-00),P_O_14_GZ012_O_shape,P_O_14_GZ012_O,0
P_O_14_CA056,Ground_Daily,P_O_14_GZ012_R (06-30-00),P_O_14_GZ012_R_shape,P_O_14_GZ012_R,0
P_O_14_CA056,Ground_Daily,P_O_14_GZ012_R (08-00-00),P_O_14_GZ012_R_shape,P_O_14_GZ012_R,0
P_O_14_CA056,Ground_Daily,P_O_14_GZ012_R (09-00-00),P_O_14_GZ012_R_shape,P_O_14_GZ012_R,0
P_O_14_CA056,Ground_Daily,P_O_14_GZ012_R (11-00-00),P_O_14_GZ012_R_shape,P_O_14_GZ012_R,0
P_O_14_CA056,Ground_Daily,P_O_14_GZ012_R (13-00-00),P_O_14_GZ012_R_shape,P_O_14_GZ012_R,0
P_O_14_CA056,Ground_Daily,P_O_14_GZ012_R (15-00-00),P_O_14_GZ012_R_shape,P_O_14_GZ012_R,0
P_O_14_CA056,Ground_Daily,P_O_14_GZ012_R (17-00-00),P_O_14_GZ012_R_shape,P_O_14_GZ012_R,0
P_O_14_CA056,Ground_Daily,P_O_14_GZ012_R (19-00-00),P_O_14_GZ012_R_shape,P_O_14_GZ012_R,0
P_O_14_CA056,Ground_Daily,P_O_14_GZ012_R (21-00-00),P_O_14_GZ012_R_shape,P_O_14_GZ012_R,0
P_O_14_CA056,Ground_Daily,P_O_14_GZ013_O (06-30-00),P_O_14_GZ013_O_shape,P_O_14_GZ013_O,0
P_O_14_CA056,Ground_Daily,P_O_14_GZ013_O (08-00-00),P_O_14_GZ013_O_shape,P_O_14_GZ013_O,0
P_O_14_CA056,Ground_Daily,P_O_14_GZ013_O (09-00-00),P_O_14_GZ013_O_shape,P_O_14_GZ013_O,0
P_O_14_CA056,Ground_Daily,P_O_14_GZ013_O (11-00-00),P_O_14_GZ013_O_shape,P_O_14_GZ013_O,0
P_O_14_CA056,Ground_Daily,P_O_14_GZ013_O (13-00-00),P_O_14_GZ013_O_shape,P_O_14_GZ013_O,0
P_O_14_CA056,Ground_Daily,P_O_14_GZ013_O (15-00-00),P_O_14_GZ013_O_shape,P_O_14_GZ013_O,0
P_O_14_CA056,Ground_Daily,P_O_14_GZ013_O (17-00-00),P_O_14_GZ013_O_shape,P_O_14_GZ013_O,0
P_O_14_CA056,Ground_Daily,P_O_14_GZ013_O (19-00-00),P_O_14_GZ013_O_shape,P_O_14_GZ013_O,0
P_O_14_CA056,Ground_Daily,P_O_14_GZ013_O (21-00-00),P_O_14_GZ013_O_shape,P_O_14_GZ013_O,0
P_O_14_CA056,Ground_Daily,P_O_14_GZ013_R (06-30-00),P_O_14_GZ013_R_shape,P_O_14_GZ013_R,0
P_O_14_CA056,Ground_Daily,P_O_14_GZ013_R (08-00-00),P_O_14_GZ013_R_shape,P_O_14_GZ013_R,0
P_O_14_CA056,Ground_Daily,P_O_14_GZ013_R (09-00-00),P_O_14_GZ013_R_shape,P_O_14_GZ013_R,0
P_O_14_CA056,Ground_Daily,P_O_14_GZ013_R (11-00-00),P_O_14_GZ013_R_shape,P_O_14_GZ013_R,0
P_O_14_CA056,Ground_Daily,P_O_14_GZ013_R (13-00-00),P_O_14_GZ013_R_shape,P_O_14_GZ013_R,0
P_O_14_CA056,Ground_Daily,P_O_14_GZ013_R (15-00-00),P_O_14_GZ013_R_shape,P_O_14_GZ013_R,0
P_O_14_CA056,Ground_Daily,P_O_14_GZ013_R (17-00-00),P_O_14_GZ013_R_shape,P_O_14_GZ013_R,0
P_O_14_CA056,Ground_Daily,P_O_14_GZ013_R (19-00-00),P_O_14_GZ013_R_shape,P_O_14_GZ013_R,0
P_O_14_CA056,Ground_Daily,P_O_14_GZ013_R (21-00-00),P_O_14_GZ013_R_shape,P_O_14_GZ013_R,0
P_O_14_CA056,Ground_Daily,P_O_14_GZ014_O (06-30-00),P_O_14_GZ014_O_shape,P_O_14_GZ014_O,0
P_O_14_CA056,Ground_Daily,P_O_14_GZ014_O (08-00-00),P_O_14_GZ014_O_shape,P_O_14_GZ014_O,0
P_O_14_CA056,Ground_Daily,P_O_14_GZ014_O (09-00-00),P_O_14_GZ014_O_shape,P_O_14_GZ014_O,0
P_O_14_CA056,Ground_Daily,P_O_14_GZ014_O (11-00-00),P_O_14_GZ014_O_shape,P_O_14_GZ014_O,0
P_O_14_CA056,Ground_Daily,P_O_14_GZ014_O (13-00-00),P_O_14_GZ014_O_shape,P_O_14_GZ014_O,0
P_O_14_CA056,Ground_Daily,P_O_14_GZ014_O (15-00-00),P_O_14_GZ014_O_shape,P_O_14_GZ014_O,0
P_O_14_CA056,Ground_Daily,P_O_14_GZ014_O (17-00-00),P_O_14_GZ014_O_shape,P_O_14_GZ014_O,0
P_O_14_CA056,Ground_Daily,P_O_14_GZ014_O (19-00-00),P_O_14_GZ014_O_shape,P_O_14_GZ014_O,0
P_O_14_CA056,Ground_Daily,P_O_14_GZ014_O (21-00-00),P_O_14_GZ014_O_shape,P_O_14_GZ014_O,0
P_O_14_CA056,Ground_Daily,P_O_14_GZ014_R (06-30-00),P_O_14_GZ014_R_shape,P_O_14_GZ014_R,0
P_O_14_CA056,Ground_Daily,P_O_14_GZ014_R (08-00-00),P_O_14_GZ014_R_shape,P_O_14_GZ014_R,0
P_O_14_CA056,Ground_Daily,P_O_14_GZ014_R (09-00-00),P_O_14_GZ014_R_shape,P_O_14_GZ014_R,0
P_O_14_CA056,Ground_Daily,P_O_14_GZ014_R (11-00-00),P_O_14_GZ014_R_shape,P_O_14_GZ014_R,0
P_O_14_CA056,Ground_Daily,P_O_14_GZ014_R (13-00-00),P_O_14_GZ014_R_shape,P_O_14_GZ014_R,0
P_O_14_CA056,Ground_Daily,P_O_14_GZ014_R (15-00-00),P_O_14_GZ014_R_shape,P_O_14_GZ014_R,0
P_O_14_CA056,Ground_Daily,P_O_14_GZ014_R (17-00-00),P_O_14_GZ014_R_shape,P_O_14_GZ014_R,0
P_O_14_CA056,Ground_Daily,P_O_14_GZ014_R (19-00-00),P_O_14_GZ014_R_shape,P_O_14_GZ014_R,0
P_O_14_CA056,Ground_Daily,P_O_14_GZ014_R (21-00-00),P_O_14_GZ014_R_shape,P_O_14_GZ014_R,0
P_O_14_CA056,Ground_Daily,P_O_14_GZ016_O (06-30-00),P_O_14_GZ016_O_shape,P_O_14_GZ016_O,0
P_O_14_CA056,Ground_Daily,P_O_14_GZ016_O (08-00-00),P_O_14_GZ016_O_shape,P_O_14_GZ016_O,0
P_O_14_CA056,Ground_Daily,P_O_14_GZ016_O (09-00-00),P_O_14_GZ016_O_shape,P_O_14_GZ016_O,0
P_O_14_CA056,Ground_Daily,P_O_14_GZ016_O (11-00-00),P_O_14_GZ016_O_shape,P_O_14_GZ016_O,0
P_O_14_CA056,Ground_Daily,P_O_14_GZ016_O (13-00-00),P_O_14_GZ016_O_shape,P_O_14_GZ016_O,0
P_O_14_CA056,Ground_Daily,P_O_14_GZ016_O (15-00-00),P_O_14_GZ016_O_shape,P_O_14_GZ016_O,0
P_O_14_CA056,Ground_Daily,P_O_14_GZ016_O (17-00-00),P_O_14_GZ016_O_shape,P_O_14_GZ016_O,0
P_O_14_CA056,Ground_Daily,P_O_14_GZ016_O (19-00-00),P_O_14_GZ016_O_shape,P_O_14_GZ016_O,0
P_O_14_CA056,Ground_Daily,P_O_14_GZ016_O (21-00-00),P_O_14_GZ016_O_shape,P_O_14_GZ016_O,0
P_O_14_CA056,Ground_Daily,P_O_14_GZ016_R (06-30-00),P_O_14_GZ016_R_shape,P_O_14_GZ016_R,0
P_O_14_CA056,Ground_Daily,P_O_14_GZ016_R (08-00-00),P_O_14_GZ016_R_shape,P_O_14_GZ016_R,0
P_O_14_CA056,Ground_Daily,P_O_14_GZ016_R (09-00-00),P_O_14_GZ016_R_shape,P_O_14_GZ016_R,0
P_O_14_CA056,Ground_Daily,P_O_14_GZ016_R (11-00-00),P_O_14_GZ016_R_shape,P_O_14_GZ016_R,0
P_O_14_CA056,Ground_Daily,P_O_14_GZ016_R (13-00-00),P_O_14_GZ016_R_shape,P_O_14_GZ016_R,0
P_O_14_CA056,Ground_Daily,P_O_14_GZ016_R (15-00-00),P_O_14_GZ016_R_shape,P_O_14_GZ016_R,0
P_O_14_CA056,Ground_Daily,P_O_14_GZ016_R (17-00-00),P_O_14_GZ016_R_shape,P_O_14_GZ016_R,0
P_O_14_CA056,Ground_Daily,P_O_14_GZ016_R (19-00-00),P_O_14_GZ016_R_shape,P_O_14_GZ016_R,0
P_O_14_CA056,Ground_Daily,P_O_14_GZ016_R (21-00-00),P_O_14_GZ016_R_shape,P_O_14_GZ016_R,0
P_O_14_CA056,Ground_Daily,P_O_14_GZ017_O (06-30-00),P_O_14_GZ017_O_shape,P_O_14_GZ017_O,0
P_O_14_CA056,Ground_Daily,P_O_14_GZ017_O (08-00-00),P_O_14_GZ017_O_shape,P_O_14_GZ017_O,0
P_O_14_CA056,Ground_Daily,P_O_14_GZ017_O (09-00-00),P_O_14_GZ017_O_shape,P_O_14_GZ017_O,0
P_O_14_CA056,Ground_Daily,P_O_14_GZ017_O (11-00-00),P_O_14_GZ017_O_shape,P_O_14_GZ017_O,0
P_O_14_CA056,Ground_Daily,P_O_14_GZ017_O (13-00-00),P_O_14_GZ017_O_shape,P_O_14_GZ017_O,0
P_O_14_CA056,Ground_Daily,P_O_14_GZ017_O (15-00-00),P_O_14_GZ017_O_shape,P_O_14_GZ017_O,0
P_O_14_CA056,Ground_Daily,P_O_14_GZ017_O (17-00-00),P_O_14_GZ017_O_shape,P_O_14_GZ017_O,0
P_O_14_CA056,Ground_Daily,P_O_14_GZ017_O (19-00-00),P_O_14_GZ017_O_shape,P_O_14_GZ017_O,0
P_O_14_CA056,Ground_Daily,P_O_14_GZ017_O (21-00-00),P_O_14_GZ017_O_shape,P_O_14_GZ017_O,0
P_O_14_CA056,Ground_Daily,P_O_14_GZ017_R (06-30-00),P_O_14_GZ017_R_shape,P_O_14_GZ017_R,0
P_O_14_CA056,Ground_Daily,P_O_14_GZ017_R (08-00-00),P_O_14_GZ017_R_shape,P_O_14_GZ017_R,0
P_O_14_CA056,Ground_Daily,P_O_14_GZ017_R (09-00-00),P_O_14_GZ017_R_shape,P_O_14_GZ017_R,0
P_O_14_CA056,Ground_Daily,P_O_14_GZ017_R (11-00-00),P_O_14_GZ017_R_shape,P_O_14_GZ017_R,0
P_O_14_CA056,Ground_Daily,P_O_14_GZ017_R (13-00-00),P_O_14_GZ017_R_shape,P_O_14_GZ017_R,0
P_O_14_CA056,Ground_Daily,P_O_14_GZ017_R (15-00-00),P_O_14_GZ017_R_shape,P_O_14_GZ017_R,0
P_O_14_CA056,Ground_Daily,P_O_14_GZ017_R (17-00-00),P_O_14_GZ017_R_shape,P_O_14_GZ017_R,0
P_O_14_CA056,Ground_Daily,P_O_14_GZ017_R (19-00-00),P_O_14_GZ017_R_shape,P_O_14_GZ017_R,0
P_O_14_CA056,Ground_Daily,P_O_14_GZ017_R (21-00-00),P_O_14_GZ017_R_shape,P_O_14_GZ017_R,0
P_O_14_CA056,Ground_Daily,P_O_14_GZ018_O (06-30-00),P_O_14_GZ018_O_shape,P_O_14_GZ018_O,0
P_O_14_CA056,Ground_Daily,P_O_14_GZ018_O (08-00-00),P_O_14_GZ018_O_shape,P_O_14_GZ018_O,0
P_O_14_CA056,Ground_Daily,P_O_14_GZ018_O (09-00-00),P_O_14_GZ018_O_shape,P_O_14_GZ018_O,0
P_O_14_CA056,Ground_Daily,P_O_14_GZ018_O (11-00-00),P_O_14_GZ018_O_shape,P_O_14_GZ018_O,0
P_O_14_CA056,Ground_Daily,P_O_14_GZ018_O (13-00-00),P_O_14_GZ018_O_shape,P_O_14_GZ018_O,0
P_O_14_CA056,Ground_Daily,P_O_14_GZ018_O (15-00-00),P_O_14_GZ018_O_shape,P_O_14_GZ018_O,0
P_O_14_CA056,Ground_Daily,P_O_14_GZ018_O (17-00-00),P_O_14_GZ018_O_shape,P_O_14_GZ018_O,0
P_O_14_CA056,Ground_Daily,P_O_14_GZ018_O (19-00-00),P_O_14_GZ018_O_shape,P_O_14_GZ018_O,0
P_O_14_CA056,Ground_Daily,P_O_14_GZ018_O (21-00-00),P_O_14_GZ018_O_shape,P_O_14_GZ018_O,0
P_O_14_CA056,Ground_Daily,P_O_14_GZ018_R (06-30-00),P_O_14_GZ018_R_shape,P_O_14_GZ018_R,0
P_O_14_CA056,Ground_Daily,P_O_14_GZ018_R (08-00-00),P_O_14_GZ018_R_shape,P_O_14_GZ018_R,0
P_O_14_CA056,Ground_Daily,P_O_14_GZ018_R (09-00-00),P_O_14_GZ018_R_shape,P_O_14_GZ018_R,0
P_O_14_CA056,Ground_Daily,P_O_14_GZ018_R (11-00-00),P_O_14_GZ018_R_shape,P_O_14_GZ018_R,0
P_O_14_CA056,Ground_Daily,P_O_14_GZ018_R (13-00-00),P_O_14_GZ018_R_shape,P_O_14_GZ018_R,0
P_O_14_CA056,Ground_Daily,P_O_14_GZ018_R (15-00-00),P_O_14_GZ018_R_shape,P_O_14_GZ018_R,0
P_O_14_CA056,Ground_Daily,P_O_14_GZ018_R (17-00-00),P_O_14_GZ018_R_shape,P_O_14_GZ018_R,0
P_O_14_CA056,Ground_Daily,P_O_14_GZ018_R (19-00-00),P_O_14_GZ018_R_shape,P_O_14_GZ018_R,0
P_O_14_CA056,Ground_Daily,P_O_14_GZ018_R (21-00-00),P_O_14_GZ018_R_shape,P_O_14_GZ018_R,0
P_O_14_CA056,Ground_Daily,P_O_14_GZ020_O (06-30-00),P_O_14_GZ020_O_shape,P_O_14_GZ020_O,0
P_O_14_CA056,Ground_Daily,P_O_14_GZ020_O (08-00-00),P_O_14_GZ020_O_shape,P_O_14_GZ020_O,0
P_O_14_CA056,Ground_Daily,P_O_14_GZ020_O (09-00-00),P_O_14_GZ020_O_shape,P_O_14_GZ020_O,0
P_O_14_CA056,Ground_Daily,P_O_14_GZ020_O (11-00-00),P_O_14_GZ020_O_shape,P_O_14_GZ020_O,0
P_O_14_CA056,Ground_Daily,P_O_14_GZ020_O (13-00-00),P_O_14_GZ020_O_shape,P_O_14_GZ020_O,0
P_O_14_CA056,Ground_Daily,P_O_14_GZ020_O (15-00-00),P_O_14_GZ020_O_shape,P_O_14_GZ020_O,0
P_O_14_CA056,Ground_Daily,P_O_14_GZ020_O (17-00-00),P_O_14_GZ020_O_shape,P_O_14_GZ020_O,0
P_O_14_CA056,Ground_Daily,P_O_14_GZ020_O (19-00-00),P_O_14_GZ020_O_shape,P_O_14_GZ020_O,0
P_O_14_CA056,Ground_Daily,P_O_14_GZ020_O (21-00-00),P_O_14_GZ020_O_shape,P_O_14_GZ020_O,0
P_O_14_CA056,Ground_Daily,P_O_14_GZ020_R (06-30-00),P_O_14_GZ020_R_shape,P_O_14_GZ020_R,0
P_O_14_CA056,Ground_Daily,P_O_14_GZ020_R (08-00-00),P_O_14_GZ020_R_shape,P_O_14_GZ020_R,0
P_O_14_CA056,Ground_Daily,P_O_14_GZ020_R (09-00-00),P_O_14_GZ020_R_shape,P_O_14_GZ020_R,0
P_O_14_CA056,Ground_Daily,P_O_14_GZ020_R (11-00-00),P_O_14_GZ020_R_shape,P_O_14_GZ020_R,0
P_O_14_CA056,Ground_Daily,P_O_14_GZ020_R (13-00-00),P_O_14_GZ020_R_shape,P_O_14_GZ020_R,0
P_O_14_CA056,Ground_Daily,P_O_14_GZ020_R (15-00-00),P_O_14_GZ020_R_shape,P_O_14_GZ020_R,0
P_O_14_CA056,Ground_Daily,P_O_14_GZ020_R (17-00-00),P_O_14_GZ020_R_shape,P_O_14_GZ020_R,0
P_O_14_CA056,Ground_Daily,P_O_14_GZ020_R (19-00-00),P_O_14_GZ020_R_shape,P_O_14_GZ020_R,0
P_O_14_CA056,Ground_Daily,P_O_14_GZ020_R (21-00-00),P_O_14_GZ020_R_shape,P_O_14_GZ020_R,0
P_O_14_CA056,Ground_Daily,P_O_14_GZ021_O (06-30-00),P_O_14_GZ021_O_shape,P_O_14_GZ021_O,0
P_O_14_CA056,Ground_Daily,P_O_14_GZ021_O (08-00-00),P_O_14_GZ021_O_shape,P_O_14_GZ021_O,0
P_O_14_CA056,Ground_Daily,P_O_14_GZ021_O (09-00-00),P_O_14_GZ021_O_shape,P_O_14_GZ021_O,0
P_O_14_CA056,Ground_Daily,P_O_14_GZ021_O (11-00-00),P_O_14_GZ021_O_shape,P_O_14_GZ021_O,0
P_O_14_CA056,Ground_Daily,P_O_14_GZ021_O (13-00-00),P_O_14_GZ021_O_shape,P_O_14_GZ021_O,0
P_O_14_CA056,Ground_Daily,P_O_14_GZ021_O (15-00-00),P_O_14_GZ021_O_shape,P_O_14_GZ021_O,0
P_O_14_CA056,Ground_Daily,P_O_14_GZ021_O (17-00-00),P_O_14_GZ021_O_shape,P_O_14_GZ021_O,0
P_O_14_CA056,Ground_Daily,P_O_14_GZ021_O (19-00-00),P_O_14_GZ021_O_shape,P_O_14_GZ021_O,0
P_O_14_CA056,Ground_Daily,P_O_14_GZ021_O (21-00-00),P_O_14_GZ021_O_shape,P_O_14_GZ021_O,0
P_O_14_CA056,Ground_Daily,P_O_14_GZ021_R (06-30-00),P_O_14_GZ021_R_shape,P_O_14_GZ021_R,0
P_O_14_CA056,Ground_Daily,P_O_14_GZ021_R (08-00-00),P_O_14_GZ021_R_shape,P_O_14_GZ021_R,0
P_O_14_CA056,Ground_Daily,P_O_14_GZ021_R (09-00-00),P_O_14_GZ021_R_shape,P_O_14_GZ021_R,0
P_O_14_CA056,Ground_Daily,P_O_14_GZ021_R (11-00-00),P_O_14_GZ021_R_shape,P_O_14_GZ021_R,0
P_O_14_CA056,Ground_Daily,P_O_14_GZ021_R (13-00-00),P_O_14_GZ021_R_shape,P_O_14_GZ021_R,0
P_O_14_CA056,Ground_Daily,P_O_14_GZ021_R (15-00-00),P_O_14_GZ021_R_shape,P_O_14_GZ021_R,0
P_O_14_CA056,Ground_Daily,P_O_14_GZ021_R (17-00-00),P_O_14_GZ021_R_shape,P_O_14_GZ021_R,0
P_O_14_CA056,Ground_Daily,P_O_14_GZ021_R (19-00-00),P_O_14_GZ021_R_shape,P_O_14_GZ021_R,0
P_O_14_CA056,Ground_Daily,P_O_14_GZ021_R (21-00-00),P_O_14_GZ021_R_shape,P_O_14_GZ021_R,0
P_O_14_CA056,Ground_Daily,P_O_14_GZ022_O (06-30-00),P_O_14_GZ022_O_shape,P_O_14_GZ022_O,0
P_O_14_CA056,Ground_Daily,P_O_14_GZ022_O (08-00-00),P_O_14_GZ022_O_shape,P_O_14_GZ022_O,0
P_O_14_CA056,Ground_Daily,P_O_14_GZ022_O (09-00-00),P_O_14_GZ022_O_shape,P_O_14_GZ022_O,0
P_O_14_CA056,Ground_Daily,P_O_14_GZ022_O (11-00-00),P_O_14_GZ022_O_shape,P_O_14_GZ022_O,0
P_O_14_CA056,Ground_Daily,P_O_14_GZ022_O (13-00-00),P_O_14_GZ022_O_shape,P_O_14_GZ022_O,0
P_O_14_CA056,Ground_Daily,P_O_14_GZ022_O (15-00-00),P_O_14_GZ022_O_shape,P_O_14_GZ022_O,0
P_O_14_CA056,Ground_Daily,P_O_14_GZ022_O (17-00-00),P_O_14_GZ022_O_shape,P_O_14_GZ022_O,0
P_O_14_CA056,Ground_Daily,P_O_14_GZ022_O (19-00-00),P_O_14_GZ022_O_shape,P_O_14_GZ022_O,0
P_O_14_CA056,Ground_Daily,P_O_14_GZ022_O (21-00-00),P_O_14_GZ022_O_shape,P_O_14_GZ022_O,0
P_O_14_CA056,Ground_Daily,P_O_14_GZ022_R (06-30-00),P_O_14_GZ022_R_shape,P_O_14_GZ022_R,0
P_O_14_CA056,Ground_Daily,P_O_14_GZ022_R (08-00-00),P_O_14_GZ022_R_shape,P_O_14_GZ022_R,0
P_O_14_CA056,Ground_Daily,P_O_14_GZ022_R (09-00-00),P_O_14_GZ022_R_shape,P_O_14_GZ022_R,0
P_O_14_CA056,Ground_Daily,P_O_14_GZ022_R (11-00-00),P_O_14_GZ022_R_shape,P_O_14_GZ022_R,0
P_O_14_CA056,Ground_Daily,P_O_14_GZ022_R (13-00-00),P_O_14_GZ022_R_shape,P_O_14_GZ022_R,0
P_O_14_CA056,Ground_Daily,P_O_14_GZ022_R (15-00-00),P_O_14_GZ022_R_shape,P_O_14_GZ022_R,0
P_O_14_CA056,Ground_Daily,P_O_14_GZ022_R (17-00-00),P_O_14_GZ022_R_shape,P_O_14_GZ022_R,0
P_O_14_CA056,Ground_Daily,P_O_14_GZ022_R (19-00-00),P_O_14_GZ022_R_shape,P_O_14_GZ022_R,0
P_O_14_CA056,Ground_Daily,P_O_14_GZ022_R (21-00-00),P_O_14_GZ022_R_shape,P_O_14_GZ022_R,0
P_O_14_CA056,Ground_Daily,P_O_14_GZ023_R (06-30-00),P_O_14_GZ023_R_shape,P_O_14_GZ023_R,0
P_O_14_CA056,Ground_Daily,P_O_14_GZ023_R (08-00-00),P_O_14_GZ023_R_shape,P_O_14_GZ023_R,0
P_O_14_CA056,Ground_Daily,P_O_14_GZ023_R (09-00-00),P_O_14_GZ023_R_shape,P_O_14_GZ023_R,0
P_O_14_CA056,Ground_Daily,P_O_14_GZ023_R (11-00-00),P_O_14_GZ023_R_shape,P_O_14_GZ023_R,0
P_O_14_CA056,Ground_Daily,P_O_14_GZ023_R (13-00-00),P_O_14_GZ023_R_shape,P_O_14_GZ023_R,0
P_O_14_CA056,Ground_Daily,P_O_14_GZ023_R (15-00-00),P_O_14_GZ023_R_shape,P_O_14_GZ023_R,0
P_O_14_CA056,Ground_Daily,P_O_14_GZ023_R (17-00-00),P_O_14_GZ023_R_shape,P_O_14_GZ023_R,0
P_O_14_CA056,Ground_Daily,P_O_14_GZ023_R (19-00-00),P_O_14_GZ023_R_shape,P_O_14_GZ023_R,0
P_O_14_CA056,Ground_Daily,P_O_14_GZ023_R (21-00-00),P_O_14_GZ023_R_shape,P_O_14_GZ023_R,0
P_O_14_CA056,Ground_Daily,P_O_14_GZ024_O (06-30-00),P_O_14_GZ024_O_shape,P_O_14_GZ024_O,0
P_O_14_CA056,Ground_Daily,P_O_14_GZ024_O (08-00-00),P_O_14_GZ024_O_shape,P_O_14_GZ024_O,0
P_O_14_CA056,Ground_Daily,P_O_14_GZ024_O (09-00-00),P_O_14_GZ024_O_shape,P_O_14_GZ024_O,0
P_O_14_CA056,Ground_Daily,P_O_14_GZ024_O (11-00-00),P_O_14_GZ024_O_shape,P_O_14_GZ024_O,0
P_O_14_CA056,Ground_Daily,P_O_14_GZ024_O (13-00-00),P_O_14_GZ024_O_shape,P_O_14_GZ024_O,0
P_O_14_CA056,Ground_Daily,P_O_14_GZ024_O (15-00-00),P_O_14_GZ024_O_shape,P_O_14_GZ024_O,0
P_O_14_CA056,Ground_Daily,P_O_14_GZ024_O (17-00-00),P_O_14_GZ024_O_shape,P_O_14_GZ024_O,0
P_O_14_CA056,Ground_Daily,P_O_14_GZ024_O (19-00-00),P_O_14_GZ024_O_shape,P_O_14_GZ024_O,0
P_O_14_CA056,Ground_Daily,P_O_14_GZ024_O (21-00-00),P_O_14_GZ024_O_shape,P_O_14_GZ024_O,0
P_O_14_CA056,Ground_Daily,P_O_14_GZ024_R (06-30-00),P_O_14_GZ024_R_shape,P_O_14_GZ024_R,0
P_O_14_CA056,Ground_Daily,P_O_14_GZ024_R (08-00-00),P_O_14_GZ024_R_shape,P_O_14_GZ024_R,0
P_O_14_CA056,Ground_Daily,P_O_14_GZ024_R (09-00-00),P_O_14_GZ024_R_shape,P_O_14_GZ024_R,0
P_O_14_CA056,Ground_Daily,P_O_14_GZ024_R (11-00-00),P_O_14_GZ024_R_shape,P_O_14_GZ024_R,0
P_O_14_CA056,Ground_Daily,P_O_14_GZ024_R (13-00-00),P_O_14_GZ024_R_shape,P_O_14_GZ024_R,0
P_O_14_CA056,Ground_Daily,P_O_14_GZ024_R (15-00-00),P_O_14_GZ024_R_shape,P_O_14_GZ024_R,0
P_O_14_CA056,Ground_Daily,P_O_14_GZ024_R (17-00-00),P_O_14_GZ024_R_shape,P_O_14_GZ024_R,0
P_O_14_CA056,Ground_Daily,P_O_14_GZ024_R (19-00-00),P_O_14_GZ024_R_shape,P_O_14_GZ024_R,0
P_O_14_CA056,Ground_Daily,P_O_14_GZ024_R (21-00-00),P_O_14_GZ024_R_shape,P_O_14_GZ024_R,0
P_O_14_CA056,Ground_Daily,P_O_14_GZ025_O (06-30-00),P_O_14_GZ025_O_shape,P_O_14_GZ025_O,0
P_O_14_CA056,Ground_Daily,P_O_14_GZ025_O (08-00-00),P_O_14_GZ025_O_shape,P_O_14_GZ025_O,0
P_O_14_CA056,Ground_Daily,P_O_14_GZ025_O (09-00-00),P_O_14_GZ025_O_shape,P_O_14_GZ025_O,0
P_O_14_CA056,Ground_Daily,P_O_14_GZ025_O (11-00-00),P_O_14_GZ025_O_shape,P_O_14_GZ025_O,0
P_O_14_CA056,Ground_Daily,P_O_14_GZ025_O (13-00-00),P_O_14_GZ025_O_shape,P_O_14_GZ025_O,0
P_O_14_CA056,Ground_Daily,P_O_14_GZ025_O (15-00-00),P_O_14_GZ025_O_shape,P_O_14_GZ025_O,0
P_O_14_CA056,Ground_Daily,P_O_14_GZ025_O (17-00-00),P_O_14_GZ025_O_shape,P_O_14_GZ025_O,0
P_O_14_CA056,Ground_Daily,P_O_14_GZ025_O (19-00-00),P_O_14_GZ025_O_shape,P_O_14_GZ025_O,0
P_O_14_CA056,Ground_Daily,P_O_14_GZ025_O (21-00-00),P_O_14_GZ025_O_shape,P_O_14_GZ025_O,0
P_O_14_CA056,Ground_Daily,P_O_14_GZ025_R (06-30-00),P_O_14_GZ025_R_shape,P_O_14_GZ025_R,0
P_O_14_CA056,Ground_Daily,P_O_14_GZ025_R (08-00-00),P_O_14_GZ025_R_shape,P_O_14_GZ025_R,0
P_O_14_CA056,Ground_Daily,P_O_14_GZ025_R (09-00-00),P_O_14_GZ025_R_shape,P_O_14_GZ025_R,0
P_O_14_CA056,Ground_Daily,P_O_14_GZ025_R (11-00-00),P_O_14_GZ025_R_shape,P_O_14_GZ025_R,0
P_O_14_CA056,Ground_Daily,P_O_14_GZ025_R (13-00-00),P_O_14_GZ025_R_shape,P_O_14_GZ025_R,0
P_O_14_CA056,Ground_Daily,P_O_14_GZ025_R (15-00-00),P_O_14_GZ025_R_shape,P_O_14_GZ025_R,0
P_O_14_CA056,Ground_Daily,P_O_14_GZ025_R (17-00-00),P_O_14_GZ025_R_shape,P_O_14_GZ025_R,0
P_O_14_CA056,Ground_Daily,P_O_14_GZ025_R (19-00-00),P_O_14_GZ025_R_shape,P_O_14_GZ025_R,0
P_O_14_CA056,Ground_Daily,P_O_14_GZ025_R (21-00-00),P_O_14_GZ025_R_shape,P_O_14_GZ025_R,0
P_O_14_CA056,Ground_Daily,P_O_14_GZ026_O (06-30-00),P_O_14_GZ026_O_shape,P_O_14_GZ026_O,0
P_O_14_CA056,Ground_Daily,P_O_14_GZ026_O (08-00-00),P_O_14_GZ026_O_shape,P_O_14_GZ026_O,0
P_O_14_CA056,Ground_Daily,P_O_14_GZ026_O (09-00-00),P_O_14_GZ026_O_shape,P_O_14_GZ026_O,0
P_O_14_CA056,Ground_Daily,P_O_14_GZ026_O (11-00-00),P_O_14_GZ026_O_shape,P_O_14_GZ026_O,0
P_O_14_CA056,Ground_Daily,P_O_14_GZ026_O (13-00-00),P_O_14_GZ026_O_shape,P_O_14_GZ026_O,0
P_O_14_CA056,Ground_Daily,P_O_14_GZ026_O (15-00-00),P_O_14_GZ026_O_shape,P_O_14_GZ026_O,0
P_O_14_CA056,Ground_Daily,P_O_14_GZ026_O (17-00-00),P_O_14_GZ026_O_shape,P_O_14_GZ026_O,0
P_O_14_CA056,Ground_Daily,P_O_14_GZ026_O (19-00-00),P_O_14_GZ026_O_shape,P_O_14_GZ026_O,0
P_O_14_CA056,Ground_Daily,P_O_14_GZ026_O (21-00-00),P_O_14_GZ026_O_shape,P_O_14_GZ026_O,0
P_O_14_CA056,Ground_Daily,P_O_14_GZ026_R (06-30-00),P_O_14_GZ026_R_shape,P_O_14_GZ026_R,0
P_O_14_CA056,Ground_Daily,P_O_14_GZ026_R (08-00-00),P_O_14_GZ026_R_shape,P_O_14_GZ026_R,0
P_O_14_CA056,Ground_Daily,P_O_14_GZ026_R (09-00-00),P_O_14_GZ026_R_shape,P_O_14_GZ026_R,0
P_O_14_CA056,Ground_Daily,P_O_14_GZ026_R (11-00-00),P_O_14_GZ026_R_shape,P_O_14_GZ026_R,0
P_O_14_CA056,Ground_Daily,P_O_14_GZ026_R (13-00-00),P_O_14_GZ026_R_shape,P_O_14_GZ026_R,0
P_O_14_CA056,Ground_Daily,P_O_14_GZ026_R (15-00-00),P_O_14_GZ026_R_shape,P_O_14_GZ026_R,0
P_O_14_CA056,Ground_Daily,P_O_14_GZ026_R (17-00-00),P_O_14_GZ026_R_shape,P_O_14_GZ026_R,0
P_O_14_CA056,Ground_Daily,P_O_14_GZ026_R (19-00-00),P_O_14_GZ026_R_shape,P_O_14_GZ026_R,0
P_O_14_CA056,Ground_Daily,P_O_14_GZ026_R (21-00-00),P_O_14_GZ026_R_shape,P_O_14_GZ026_R,0
P_O_14_CA056,Ground_Daily,P_O_14_GZ027_O (06-30-00),P_O_14_GZ027_O_shape,P_O_14_GZ027_O,0
P_O_14_CA056,Ground_Daily,P_O_14_GZ027_O (08-00-00),P_O_14_GZ027_O_shape,P_O_14_GZ027_O,0
P_O_14_CA056,Ground_Daily,P_O_14_GZ027_O (09-00-00),P_O_14_GZ027_O_shape,P_O_14_GZ027_O,0
P_O_14_CA056,Ground_Daily,P_O_14_GZ027_O (11-00-00),P_O_14_GZ027_O_shape,P_O_14_GZ027_O,0
P_O_14_CA056,Ground_Daily,P_O_14_GZ027_O (13-00-00),P_O_14_GZ027_O_shape,P_O_14_GZ027_O,0
P_O_14_CA056,Ground_Daily,P_O_14_GZ027_O (15-00-00),P_O_14_GZ027_O_shape,P_O_14_GZ027_O,0
P_O_14_CA056,Ground_Daily,P_O_14_GZ027_O (17-00-00),P_O_14_GZ027_O_shape,P_O_14_GZ027_O,0
P_O_14_CA056,Ground_Daily,P_O_14_GZ027_O (19-00-00),P_O_14_GZ027_O_shape,P_O_14_GZ027_O,0
P_O_14_CA056,Ground_Daily,P_O_14_GZ027_O (21-00-00),P_O_14_GZ027_O_shape,P_O_14_GZ027_O,0
P_O_14_CA056,Ground_Daily,P_O_14_GZ027_R (06-30-00),P_O_14_GZ027_R_shape,P_O_14_GZ027_R,0
P_O_14_CA056,Ground_Daily,P_O_14_GZ027_R (08-00-00),P_O_14_GZ027_R_shape,P_O_14_GZ027_R,0
P_O_14_CA056,Ground_Daily,P_O_14_GZ027_R (09-00-00),P_O_14_GZ027_R_shape,P_O_14_GZ027_R,0
P_O_14_CA056,Ground_Daily,P_O_14_GZ027_R (11-00-00),P_O_14_GZ027_R_shape,P_O_14_GZ027_R,0
P_O_14_CA056,Ground_Daily,P_O_14_GZ027_R (13-00-00),P_O_14_GZ027_R_shape,P_O_14_GZ027_R,0
P_O_14_CA056,Ground_Daily,P_O_14_GZ027_R (15-00-00),P_O_14_GZ027_R_shape,P_O_14_GZ027_R,0
P_O_14_CA056,Ground_Daily,P_O_14_GZ027_R (17-00-00),P_O_14_GZ027_R_shape,P_O_14_GZ027_R,0
P_O_14_CA056,Ground_Daily,P_O_14_GZ027_R (19-00-00),P_O_14_GZ027_R_shape,P_O_14_GZ027_R,0
P_O_14_CA056,Ground_Daily,P_O_14_GZ027_R (21-00-00),P_O_14_GZ027_R_shape,P_O_14_GZ027_R,0
P_O_14_CA056,Ground_Daily,P_O_14_GZ030_O (06-30-00),P_O_14_GZ030_O_shape,P_O_14_GZ030_O,0
P_O_14_CA056,Ground_Daily,P_O_14_GZ030_O (08-00-00),P_O_14_GZ030_O_shape,P_O_14_GZ030_O,0
P_O_14_CA056,Ground_Daily,P_O_14_GZ030_O (09-00-00),P_O_14_GZ030_O_shape,P_O_14_GZ030_O,0
P_O_14_CA056,Ground_Daily,P_O_14_GZ030_O (11-00-00),P_O_14_GZ030_O_shape,P_O_14_GZ030_O,0
P_O_14_CA056,Ground_Daily,P_O_14_GZ030_O (13-00-00),P_O_14_GZ030_O_shape,P_O_14_GZ030_O,0
P_O_14_CA056,Ground_Daily,P_O_14_GZ030_O (15-00-00),P_O_14_GZ030_O_shape,P_O_14_GZ030_O,0
P_O_14_CA056,Ground_Daily,P_O_14_GZ030_O (17-00-00),P_O_14_GZ030_O_shape,P_O_14_GZ030_O,0
P_O_14_CA056,Ground_Daily,P_O_14_GZ030_O (19-00-00),P_O_14_GZ030_O_shape,P_O_14_GZ030_O,0
P_O_14_CA056,Ground_Daily,P_O_14_GZ030_O (21-00-00),P_O_14_GZ030_O_shape,P_O_14_GZ030_O,0
P_O_14_CA056,Ground_Daily,P_O_14_GZ030_R (06-30-00),P_O_14_GZ030_R_shape,P_O_14_GZ030_R,0
P_O_14_CA056,Ground_Daily,P_O_14_GZ030_R (08-00-00),P_O_14_GZ030_R_shape,P_O_14_GZ030_R,0
P_O_14_CA056,Ground_Daily,P_O_14_GZ030_R (09-00-00),P_O_14_GZ030_R_shape,P_O_14_GZ030_R,0
P_O_14_CA056,Ground_Daily,P_O_14_GZ030_R (11-00-00),P_O_14_GZ030_R_shape,P_O_14_GZ030_R,0
P_O_14_CA056,Ground_Daily,P_O_14_GZ030_R (13-00-00),P_O_14_GZ030_R_shape,P_O_14_GZ030_R,0
P_O_14_CA056,Ground_Daily,P_O_14_GZ030_R (15-00-00),P_O_14_GZ030_R_shape,P_O_14_GZ030_R,0
P_O_14_CA056,Ground_Daily,P_O_14_GZ030_R (17-00-00),P_O_14_GZ030_R_shape,P_O_14_GZ030_R,0
P_O_14_CA056,Ground_Daily,P_O_14_GZ030_R (19-00-00),P_O_14_GZ030_R_shape,P_O_14_GZ030_R,0
P_O_14_CA056,Ground_Daily,P_O_14_GZ030_R (21-00-00),P_O_14_GZ030_R_shape,P_O_14_GZ030_R,0
P_O_14_CA056,Ground_Daily,P_O_14_GZ031_O (06-30-00),P_O_14_GZ031_O_shape,P_O_14_GZ031_O,0
P_O_14_CA056,Ground_Daily,P_O_14_GZ031_O (08-00-00),P_O_14_GZ031_O_shape,P_O_14_GZ031_O,0
P_O_14_CA056,Ground_Daily,P_O_14_GZ031_O (09-00-00),P_O_14_GZ031_O_shape,P_O_14_GZ031_O,0
P_O_14_CA056,Ground_Daily,P_O_14_GZ031_O (11-00-00),P_O_14_GZ031_O_shape,P_O_14_GZ031_O,0
P_O_14_CA056,Ground_Daily,P_O_14_GZ031_O (13-00-00),P_O_14_GZ031_O_shape,P_O_14_GZ031_O,0
P_O_14_CA056,Ground_Daily,P_O_14_GZ031_O (15-00-00),P_O_14_GZ031_O_shape,P_O_14_GZ031_O,0
P_O_14_CA056,Ground_Daily,P_O_14_GZ031_O (17-00-00),P_O_14_GZ031_O_shape,P_O_14_GZ031_O,0
P_O_14_CA056,Ground_Daily,P_O_14_GZ031_O (19-00-00),P_O_14_GZ031_O_shape,P_O_14_GZ031_O,0
P_O_14_CA056,Ground_Daily,P_O_14_GZ031_O (21-00-00),P_O_14_GZ031_O_shape,P_O_14_GZ031_O,0
P_O_14_CA056,Ground_Daily,P_O_14_GZ031_R (06-30-00),P_O_14_GZ031_R_shape,P_O_14_GZ031_R,0
P_O_14_CA056,Ground_Daily,P_O_14_GZ031_R (08-00-00),P_O_14_GZ031_R_shape,P_O_14_GZ031_R,0
P_O_14_CA056,Ground_Daily,P_O_14_GZ031_R (09-00-00),P_O_14_GZ031_R_shape,P_O_14_GZ031_R,0
P_O_14_CA056,Ground_Daily,P_O_14_GZ031_R (11-00-00),P_O_14_GZ031_R_shape,P_O_14_GZ031_R,0
P_O_14_CA056,Ground_Daily,P_O_14_GZ031_R (13-00-00),P_O_14_GZ031_R_shape,P_O_14_GZ031_R,0
P_O_14_CA056,Ground_Daily,P_O_14_GZ031_R (15-00-00),P_O_14_GZ031_R_shape,P_O_14_GZ031_R,0
P_O_14_CA056,Ground_Daily,P_O_14_GZ031_R (17-00-00),P_O_14_GZ031_R_shape,P_O_14_GZ031_R,0
P_O_14_CA056,Ground_Daily,P_O_14_GZ031_R (19-00-00),P_O_14_GZ031_R_shape,P_O_14_GZ031_R,0
P_O_14_CA056,Ground_Daily,P_O_14_GZ031_R (21-00-00),P_O_14_GZ031_R_shape,P_O_14_GZ031_R,0
P_O_14_CA056,Ground_Daily,P_O_14_GZ032_O (06-30-00),P_O_14_GZ032_O_shape,P_O_14_GZ032_O,0
P_O_14_CA056,Ground_Daily,P_O_14_GZ032_O (08-00-00),P_O_14_GZ032_O_shape,P_O_14_GZ032_O,0
P_O_14_CA056,Ground_Daily,P_O_14_GZ032_O (09-00-00),P_O_14_GZ032_O_shape,P_O_14_GZ032_O,0
P_O_14_CA056,Ground_Daily,P_O_14_GZ032_O (11-00-00),P_O_14_GZ032_O_shape,P_O_14_GZ032_O,0
P_O_14_CA056,Ground_Daily,P_O_14_GZ032_O (13-00-00),P_O_14_GZ032_O_shape,P_O_14_GZ032_O,0
P_O_14_CA056,Ground_Daily,P_O_14_GZ032_O (15-00-00),P_O_14_GZ032_O_shape,P_O_14_GZ032_O,0
P_O_14_CA056,Ground_Daily,P_O_14_GZ032_O (17-00-00),P_O_14_GZ032_O_shape,P_O_14_GZ032_O,0
P_O_14_CA056,Ground_Daily,P_O_14_GZ032_O (19-00-00),P_O_14_GZ032_O_shape,P_O_14_GZ032_O,0
P_O_14_CA056,Ground_Daily,P_O_14_GZ032_O (21-00-00),P_O_14_GZ032_O_shape,P_O_14_GZ032_O,0
P_O_14_CA056,Ground_Daily,P_O_14_GZ032_R (06-30-00),P_O_14_GZ032_R_shape,P_O_14_GZ032_R,0
P_O_14_CA056,Ground_Daily,P_O_14_GZ032_R (08-00-00),P_O_14_GZ032_R_shape,P_O_14_GZ032_R,0
P_O_14_CA056,Ground_Daily,P_O_14_GZ032_R (09-00-00),P_O_14_GZ032_R_shape,P_O_14_GZ032_R,0
P_O_14_CA056,Ground_Daily,P_O_14_GZ032_R (11-00-00),P_O_14_GZ032_R_shape,P_O_14_GZ032_R,0
P_O_14_CA056,Ground_Daily,P_O_14_GZ032_R (13-00-00),P_O_14_GZ032_R_shape,P_O_14_GZ032_R,0
P_O_14_CA056,Ground_Daily,P_O_14_GZ032_R (15-00-00),P_O_14_GZ032_R_shape,P_O_14_GZ032_R,0
P_O_14_CA056,Ground_Daily,P_O_14_GZ032_R (17-00-00),P_O_14_GZ032_R_shape,P_O_14_GZ032_R,0
P_O_14_CA056,Ground_Daily,P_O_14_GZ032_R (19-00-00),P_O_14_GZ032_R_shape,P_O_14_GZ032_R,0
P_O_14_CA056,Ground_Daily,P_O_14_GZ032_R (21-00-00),P_O_14_GZ032_R_shape,P_O_14_GZ032_R,0
P_O_14_CA056,Ground_Daily,P_O_14_GZ033_O (06-30-00),P_O_14_GZ033_O_shape,P_O_14_GZ033_O,0
P_O_14_CA056,Ground_Daily,P_O_14_GZ033_O (08-00-00),P_O_14_GZ033_O_shape,P_O_14_GZ033_O,0
P_O_14_CA056,Ground_Daily,P_O_14_GZ033_O (09-00-00),P_O_14_GZ033_O_shape,P_O_14_GZ033_O,0
P_O_14_CA056,Ground_Daily,P_O_14_GZ033_O (11-00-00),P_O_14_GZ033_O_shape,P_O_14_GZ033_O,0
P_O_14_CA056,Ground_Daily,P_O_14_GZ033_O (13-00-00),P_O_14_GZ033_O_shape,P_O_14_GZ033_O,0
P_O_14_CA056,Ground_Daily,P_O_14_GZ033_O (15-00-00),P_O_14_GZ033_O_shape,P_O_14_GZ033_O,0
P_O_14_CA056,Ground_Daily,P_O_14_GZ033_O (17-00-00),P_O_14_GZ033_O_shape,P_O_14_GZ033_O,0
P_O_14_CA056,Ground_Daily,P_O_14_GZ033_O (19-00-00),P_O_14_GZ033_O_shape,P_O_14_GZ033_O,0
P_O_14_CA056,Ground_Daily,P_O_14_GZ033_O (21-00-00),P_O_14_GZ033_O_shape,P_O_14_GZ033_O,0
P_O_14_CA056,Ground_Daily,P_O_14_GZ033_R (06-30-00),P_O_14_GZ033_R_shape,P_O_14_GZ033_R,0
P_O_14_CA056,Ground_Daily,P_O_14_GZ033_R (08-00-00),P_O_14_GZ033_R_shape,P_O_14_GZ033_R,0
P_O_14_CA056,Ground_Daily,P_O_14_GZ033_R (09-00-00),P_O_14_GZ033_R_shape,P_O_14_GZ033_R,0
P_O_14_CA056,Ground_Daily,P_O_14_GZ033_R (11-00-00),P_O_14_GZ033_R_shape,P_O_14_GZ033_R,0
P_O_14_CA056,Ground_Daily,P_O_14_GZ033_R (13-00-00),P_O_14_GZ033_R_shape,P_O_14_GZ033_R,0
P_O_14_CA056,Ground_Daily,P_O_14_GZ033_R (15-00-00),P_O_14_GZ033_R_shape,P_O_14_GZ033_R,0
P_O_14_CA056,Ground_Daily,P_O_14_GZ033_R (17-00-00),P_O_14_GZ033_R_shape,P_O_14_GZ033_R,0
P_O_14_CA056,Ground_Daily,P_O_14_GZ033_R (19-00-00),P_O_14_GZ033_R_shape,P_O_14_GZ033_R,0
P_O_14_CA056,Ground_Daily,P_O_14_GZ033_R (21-00-00),P_O_14_GZ033_R_shape,P_O_14_GZ033_R,0
P_O_14_CA056,Ground_Daily,P_O_14_GZ034_O (06-30-00),P_O_14_GZ034_O_shape,P_O_14_GZ034_O,0
P_O_14_CA056,Ground_Daily,P_O_14_GZ034_O (08-00-00),P_O_14_GZ034_O_shape,P_O_14_GZ034_O,0
P_O_14_CA056,Ground_Daily,P_O_14_GZ034_O (09-00-00),P_O_14_GZ034_O_shape,P_O_14_GZ034_O,0
P_O_14_CA056,Ground_Daily,P_O_14_GZ034_O (11-00-00),P_O_14_GZ034_O_shape,P_O_14_GZ034_O,0
P_O_14_CA056,Ground_Daily,P_O_14_GZ034_O (13-00-00),P_O_14_GZ034_O_shape,P_O_14_GZ034_O,0
P_O_14_CA056,Ground_Daily,P_O_14_GZ034_O (15-00-00),P_O_14_GZ034_O_shape,P_O_14_GZ034_O,0
P_O_14_CA056,Ground_Daily,P_O_14_GZ034_O (17-00-00),P_O_14_GZ034_O_shape,P_O_14_GZ034_O,0
P_O_14_CA056,Ground_Daily,P_O_14_GZ034_O (19-00-00),P_O_14_GZ034_O_shape,P_O_14_GZ034_O,0
P_O_14_CA056,Ground_Daily,P_O_14_GZ034_O (21-00-00),P_O_14_GZ034_O_shape,P_O_14_GZ034_O,0
P_O_14_CA056,Ground_Daily,P_O_14_GZ034_R (06-30-00),P_O_14_GZ034_R_shape,P_O_14_GZ034_R,0
P_O_14_CA056,Ground_Daily,P_O_14_GZ034_R (08-00-00),P_O_14_GZ034_R_shape,P_O_14_GZ034_R,0
P_O_14_CA056,Ground_Daily,P_O_14_GZ034_R (09-00-00),P_O_14_GZ034_R_shape,P_O_14_GZ034_R,0
P_O_14_CA056,Ground_Daily,P_O_14_GZ034_R (11-00-00),P_O_14_GZ034_R_shape,P_O_14_GZ034_R,0
P_O_14_CA056,Ground_Daily,P_O_14_GZ034_R (13-00-00),P_O_14_GZ034_R_shape,P_O_14_GZ034_R,0
P_O_14_CA056,Ground_Daily,P_O_14_GZ034_R (15-00-00),P_O_14_GZ034_R_shape,P_O_14_GZ034_R,0
P_O_14_CA056,Ground_Daily,P_O_14_GZ034_R (17-00-00),P_O_14_GZ034_R_shape,P_O_14_GZ034_R,0
P_O_14_CA056,Ground_Daily,P_O_14_GZ034_R (19-00-00),P_O_14_GZ034_R_shape,P_O_14_GZ034_R,0
P_O_14_CA056,Ground_Daily,P_O_14_GZ034_R (21-00-00),P_O_14_GZ034_R_shape,P_O_14_GZ034_R,0
P_O_14_CA056,Ground_Daily,P_O_14_GZ035_O (06-30-00),P_O_14_GZ035_O_shape,P_O_14_GZ035_O,0
P_O_14_CA056,Ground_Daily,P_O_14_GZ035_O (08-00-00),P_O_14_GZ035_O_shape,P_O_14_GZ035_O,0
P_O_14_CA056,Ground_Daily,P_O_14_GZ035_O (09-00-00),P_O_14_GZ035_O_shape,P_O_14_GZ035_O,0
P_O_14_CA056,Ground_Daily,P_O_14_GZ035_O (11-00-00),P_O_14_GZ035_O_shape,P_O_14_GZ035_O,0
P_O_14_CA056,Ground_Daily,P_O_14_GZ035_O (13-00-00),P_O_14_GZ035_O_shape,P_O_14_GZ035_O,0
P_O_14_CA056,Ground_Daily,P_O_14_GZ035_O (15-00-00),P_O_14_GZ035_O_shape,P_O_14_GZ035_O,0
P_O_14_CA056,Ground_Daily,P_O_14_GZ035_O (17-00-00),P_O_14_GZ035_O_shape,P_O_14_GZ035_O,0
P_O_14_CA056,Ground_Daily,P_O_14_GZ035_O (19-00-00),P_O_14_GZ035_O_shape,P_O_14_GZ035_O,0
P_O_14_CA056,Ground_Daily,P_O_14_GZ035_O (21-00-00),P_O_14_GZ035_O_shape,P_O_14_GZ035_O,0
P_O_14_CA056,Ground_Daily,P_O_14_GZ035_R (06-30-00),P_O_14_GZ035_R_shape,P_O_14_GZ035_R,0
P_O_14_CA056,Ground_Daily,P_O_14_GZ035_R (08-00-00),P_O_14_GZ035_R_shape,P_O_14_GZ035_R,0
P_O_14_CA056,Ground_Daily,P_O_14_GZ035_R (09-00-00),P_O_14_GZ035_R_shape,P_O_14_GZ035_R,0
P_O_14_CA056,Ground_Daily,P_O_14_GZ035_R (11-00-00),P_O_14_GZ035_R_shape,P_O_14_GZ035_R,0
P_O_14_CA056,Ground_Daily,P_O_14_GZ035_R (13-00-00),P_O_14_GZ035_R_shape,P_O_14_GZ035_R,0
P_O_14_CA056,Ground_Daily,P_O_14_GZ035_R (15-00-00),P_O_14_GZ035_R_shape,P_O_14_GZ035_R,0
P_O_14_CA056,Ground_Daily,P_O_14_GZ035_R (17-00-00),P_O_14_GZ035_R_shape,P_O_14_GZ035_R,0
P_O_14_CA056,Ground_Daily,P_O_14_GZ035_R (19-00-00),P_O_14_GZ035_R_shape,P_O_14_GZ035_R,0
P_O_14_CA056,Ground_Daily,P_O_14_GZ035_R (21-00-00),P_O_14_GZ035_R_shape,P_O_14_GZ035_R,0
P_O_14_CA056,Ground_Daily,P_O_14_GZ036_O (06-30-00),P_O_14_GZ036_O_shape,P_O_14_GZ036_O,0
P_O_14_CA056,Ground_Daily,P_O_14_GZ036_O (08-00-00),P_O_14_GZ036_O_shape,P_O_14_GZ036_O,0
P_O_14_CA056,Ground_Daily,P_O_14_GZ036_O (09-00-00),P_O_14_GZ036_O_shape,P_O_14_GZ036_O,0
P_O_14_CA056,Ground_Daily,P_O_14_GZ036_O (11-00-00),P_O_14_GZ036_O_shape,P_O_14_GZ036_O,0
P_O_14_CA056,Ground_Daily,P_O_14_GZ036_O (13-00-00),P_O_14_GZ036_O_shape,P_O_14_GZ036_O,0
P_O_14_CA056,Ground_Daily,P_O_14_GZ036_O (15-00-00),P_O_14_GZ036_O_shape,P_O_14_GZ036_O,0
P_O_14_CA056,Ground_Daily,P_O_14_GZ036_O (17-00-00),P_O_14_GZ036_O_shape,P_O_14_GZ036_O,0
P_O_14_CA056,Ground_Daily,P_O_14_GZ036_O (19-00-00),P_O_14_GZ036_O_shape,P_O_14_GZ036_O,0
P_O_14_CA056,Ground_Daily,P_O_14_GZ036_O (21-00-00),P_O_14_GZ036_O_shape,P_O_14_GZ036_O,0
P_O_14_CA056,Ground_Daily,P_O_14_GZ036_R (06-30-00),P_O_14_GZ036_R_shape,P_O_14_GZ036_R,0
P_O_14_CA056,Ground_Daily,P_O_14_GZ036_R (08-00-00),P_O_14_GZ036_R_shape,P_O_14_GZ036_R,0
P_O_14_CA056,Ground_Daily,P_O_14_GZ036_R (09-00-00),P_O_14_GZ036_R_shape,P_O_14_GZ036_R,0
P_O_14_CA056,Ground_Daily,P_O_14_GZ036_R (11-00-00),P_O_14_GZ036_R_shape,P_O_14_GZ036_R,0
P_O_14_CA056,Ground_Daily,P_O_14_GZ036_R (13-00-00),P_O_14_GZ036_R_shape,P_O_14_GZ036_R,0
P_O_14_CA056,Ground_Daily,P_O_14_GZ036_R (15-00-00),P_O_14_GZ036_R_shape,P_O_14_GZ036_R,0
P_O_14_CA056,Ground_Daily,P_O_14_GZ036_R (17-00-00),P_O_14_GZ036_R_shape,P_O_14_GZ036_R,0
P_O_14_CA056,Ground_Daily,P_O_14_GZ036_R (19-00-00),P_O_14_GZ036_R_shape,P_O_14_GZ036_R,0
P_O_14_CA056,Ground_Daily,P_O_14_GZ036_R (21-00-00),P_O_14_GZ036_R_shape,P_O_14_GZ036_R,0
P_O_14_CA056,Ground_Daily,P_O_14_GZ037_O (06-30-00),P_O_14_GZ037_O_shape,P_O_14_GZ037_O,0
P_O_14_CA056,Ground_Daily,P_O_14_GZ037_O (08-00-00),P_O_14_GZ037_O_shape,P_O_14_GZ037_O,0
P_O_14_CA056,Ground_Daily,P_O_14_GZ037_O (09-00-00),P_O_14_GZ037_O_shape,P_O_14_GZ037_O,0
P_O_14_CA056,Ground_Daily,P_O_14_GZ037_O (11-00-00),P_O_14_GZ037_O_shape,P_O_14_GZ037_O,0
P_O_14_CA056,Ground_Daily,P_O_14_GZ037_O (13-00-00),P_O_14_GZ037_O_shape,P_O_14_GZ037_O,0
P_O_14_CA056,Ground_Daily,P_O_14_GZ037_O (15-00-00),P_O_14_GZ037_O_shape,P_O_14_GZ037_O,0
P_O_14_CA056,Ground_Daily,P_O_14_GZ037_O (17-00-00),P_O_14_GZ037_O_shape,P_O_14_GZ037_O,0
P_O_14_CA056,Ground_Daily,P_O_14_GZ037_O (19-00-00),P_O_14_GZ037_O_shape,P_O_14_GZ037_O,0
P_O_14_CA056,Ground_Daily,P_O_14_GZ037_O (21-00-00),P_O_14_GZ037_O_shape,P_O_14_GZ037_O,0
P_O_14_CA056,Ground_Daily,P_O_14_GZ037_R (06-30-00),P_O_14_GZ037_R_shape,P_O_14_GZ037_R,0
P_O_14_CA056,Ground_Daily,P_O_14_GZ037_R (08-00-00),P_O_14_GZ037_R_shape,P_O_14_GZ037_R,0
P_O_14_CA056,Ground_Daily,P_O_14_GZ037_R (09-00-00),P_O_14_GZ037_R_shape,P_O_14_GZ037_R,0
P_O_14_CA056,Ground_Daily,P_O_14_GZ037_R (11-00-00),P_O_14_GZ037_R_shape,P_O_14_GZ037_R,0
P_O_14_CA056,Ground_Daily,P_O_14_GZ037_R (13-00-00),P_O_14_GZ037_R_shape,P_O_14_GZ037_R,0
P_O_14_CA056,Ground_Daily,P_O_14_GZ037_R (15-00-00),P_O_14_GZ037_R_shape,P_O_14_GZ037_R,0
P_O_14_CA056,Ground_Daily,P_O_14_GZ037_R (17-00-00),P_O_14_GZ037_R_shape,P_O_14_GZ037_R,0
P_O_14_CA056,Ground_Daily,P_O_14_GZ037_R (19-00-00),P_O_14_GZ037_R_shape,P_O_14_GZ037_R,0
P_O_14_CA056,Ground_Daily,P_O_14_GZ037_R (21-00-00),P_O_14_GZ037_R_shape,P_O_14_GZ037_R,0
P_O_14_CA056,Ground_Daily,P_O_14_GZ038_O (06-30-00),P_O_14_GZ038_O_shape,P_O_14_GZ038_O,0
P_O_14_CA056,Ground_Daily,P_O_14_GZ038_O (08-00-00),P_O_14_GZ038_O_shape,P_O_14_GZ038_O,0
P_O_14_CA056,Ground_Daily,P_O_14_GZ038_O (09-00-00),P_O_14_GZ038_O_shape,P_O_14_GZ038_O,0
P_O_14_CA056,Ground_Daily,P_O_14_GZ038_O (11-00-00),P_O_14_GZ038_O_shape,P_O_14_GZ038_O,0
P_O_14_CA056,Ground_Daily,P_O_14_GZ038_O (13-00-00),P_O_14_GZ038_O_shape,P_O_14_GZ038_O,0
P_O_14_CA056,Ground_Daily,P_O_14_GZ038_O (15-00-00),P_O_14_GZ038_O_shape,P_O_14_GZ038_O,0
P_O_14_CA056,Ground_Daily,P_O_14_GZ038_O (17-00-00),P_O_14_GZ038_O_shape,P_O_14_GZ038_O,0
P_O_14_CA056,Ground_Daily,P_O_14_GZ038_O (19-00-00),P_O_14_GZ038_O_shape,P_O_14_GZ038_O,0
P_O_14_CA056,Ground_Daily,P_O_14_GZ038_O (21-00-00),P_O_14_GZ038_O_shape,P_O_14_GZ038_O,0
P_O_14_CA056,Ground_Daily,P_O_14_GZ038_R (06-30-00),P_O_14_GZ038_R_shape,P_O_14_GZ038_R,0
P_O_14_CA056,Ground_Daily,P_O_14_GZ038_R (08-00-00),P_O_14_GZ038_R_shape,P_O_14_GZ038_R,0
P_O_14_CA056,Ground_Daily,P_O_14_GZ038_R (09-00-00),P_O_14_GZ038_R_shape,P_O_14_GZ038_R,0
P_O_14_CA056,Ground_Daily,P_O_14_GZ038_R (11-00-00),P_O_14_GZ038_R_shape,P_O_14_GZ038_R,0
P_O_14_CA056,Ground_Daily,P_O_14_GZ038_R (13-00-00),P_O_14_GZ038_R_shape,P_O_14_GZ038_R,0
P_O_14_CA056,Ground_Daily,P_O_14_GZ038_R (15-00-00),P_O_14_GZ038_R_shape,P_O_14_GZ038_R,0
P_O_14_CA056,Ground_Daily,P_O_14_GZ038_R (17-00-00),P_O_14_GZ038_R_shape,P_O_14_GZ038_R,0
P_O_14_CA056,Ground_Daily,P_O_14_GZ038_R (19-00-00),P_O_14_GZ038_R_shape,P_O_14_GZ038_R,0
P_O_14_CA056,Ground_Daily,P_O_14_GZ038_R (21-00-00),P_O_14_GZ038_R_shape,P_O_14_GZ038_R,0
P_O_14_CA056,Ground_Daily,P_O_14_GZ039_O (06-30-00),P_O_14_GZ039_O_shape,P_O_14_GZ039_O,0
P_O_14_CA056,Ground_Daily,P_O_14_GZ039_O (08-00-00),P_O_14_GZ039_O_shape,P_O_14_GZ039_O,0
P_O_14_CA056,Ground_Daily,P_O_14_GZ039_O (09-00-00),P_O_14_GZ039_O_shape,P_O_14_GZ039_O,0
P_O_14_CA056,Ground_Daily,P_O_14_GZ039_O (11-00-00),P_O_14_GZ039_O_shape,P_O_14_GZ039_O,0
P_O_14_CA056,Ground_Daily,P_O_14_GZ039_O (13-00-00),P_O_14_GZ039_O_shape,P_O_14_GZ039_O,0
P_O_14_CA056,Ground_Daily,P_O_14_GZ039_O (15-00-00),P_O_14_GZ039_O_shape,P_O_14_GZ039_O,0
P_O_14_CA056,Ground_Daily,P_O_14_GZ039_O (17-00-00),P_O_14_GZ039_O_shape,P_O_14_GZ039_O,0
P_O_14_CA056,Ground_Daily,P_O_14_GZ039_O (19-00-00),P_O_14_GZ039_O_shape,P_O_14_GZ039_O,0
P_O_14_CA056,Ground_Daily,P_O_14_GZ039_O (21-00-00),P_O_14_GZ039_O_shape,P_O_14_GZ039_O,0
P_O_14_CA056,Ground_Daily,P_O_14_GZ039_R (06-30-00),P_O_14_GZ039_R_shape,P_O_14_GZ039_R,0
P_O_14_CA056,Ground_Daily,P_O_14_GZ039_R (08-00-00),P_O_14_GZ039_R_shape,P_O_14_GZ039_R,0
P_O_14_CA056,Ground_Daily,P_O_14_GZ039_R (09-00-00),P_O_14_GZ039_R_shape,P_O_14_GZ039_R,0
P_O_14_CA056,Ground_Daily,P_O_14_GZ039_R (11-00-00),P_O_14_GZ039_R_shape,P_O_14_GZ039_R,0
P_O_14_CA056,Ground_Daily,P_O_14_GZ039_R (13-00-00),P_O_14_GZ039_R_shape,P_O_14_GZ039_R,0
P_O_14_CA056,Ground_Daily,P_O_14_GZ039_R (15-00-00),P_O_14_GZ039_R_shape,P_O_14_GZ039_R,0
P_O_14_CA056,Ground_Daily,P_O_14_GZ039_R (17-00-00),P_O_14_GZ039_R_shape,P_O_14_GZ039_R,0
P_O_14_CA056,Ground_Daily,P_O_14_GZ039_R (19-00-00),P_O_14_GZ039_R_shape,P_O_14_GZ039_R,0
P_O_14_CA056,Ground_Daily,P_O_14_GZ039_R (21-00-00),P_O_14_GZ039_R_shape,P_O_14_GZ039_R,0
P_O_14_CA056,Ground_Daily,P_O_14_GZ040_O (06-30-00),P_O_14_GZ040_O_shape,P_O_14_GZ040_O,0
P_O_14_CA056,Ground_Daily,P_O_14_GZ040_O (08-00-00),P_O_14_GZ040_O_shape,P_O_14_GZ040_O,0
P_O_14_CA056,Ground_Daily,P_O_14_GZ040_O (09-00-00),P_O_14_GZ040_O_shape,P_O_14_GZ040_O,0
P_O_14_CA056,Ground_Daily,P_O_14_GZ040_O (11-00-00),P_O_14_GZ040_O_shape,P_O_14_GZ040_O,0
P_O_14_CA056,Ground_Daily,P_O_14_GZ040_O (13-00-00),P_O_14_GZ040_O_shape,P_O_14_GZ040_O,0
P_O_14_CA056,Ground_Daily,P_O_14_GZ040_O (15-00-00),P_O_14_GZ040_O_shape,P_O_14_GZ040_O,0
P_O_14_CA056,Ground_Daily,P_O_14_GZ040_O (17-00-00),P_O_14_GZ040_O_shape,P_O_14_GZ040_O,0
P_O_14_CA056,Ground_Daily,P_O_14_GZ040_O (19-00-00),P_O_14_GZ040_O_shape,P_O_14_GZ040_O,0
P_O_14_CA056,Ground_Daily,P_O_14_GZ040_O (21-00-00),P_O_14_GZ040_O_shape,P_O_14_GZ040_O,0
P_O_14_CA056,Ground_Daily,P_O_14_GZ040_R (06-30-00),P_O_14_GZ040_R_shape,P_O_14_GZ040_R,0
P_O_14_CA056,Ground_Daily,P_O_14_GZ040_R (08-00-00),P_O_14_GZ040_R_shape,P_O_14_GZ040_R,0
P_O_14_CA056,Ground_Daily,P_O_14_GZ040_R (09-00-00),P_O_14_GZ040_R_shape,P_O_14_GZ040_R,0
P_O_14_CA056,Ground_Daily,P_O_14_GZ040_R (11-00-00),P_O_14_GZ040_R_shape,P_O_14_GZ040_R,0
P_O_14_CA056,Ground_Daily,P_O_14_GZ040_R (13-00-00),P_O_14_GZ040_R_shape,P_O_14_GZ040_R,0
P_O_14_CA056,Ground_Daily,P_O_14_GZ040_R (15-00-00),P_O_14_GZ040_R_shape,P_O_14_GZ040_R,0
P_O_14_CA056,Ground_Daily,P_O_14_GZ040_R (17-00-00),P_O_14_GZ040_R_shape,P_O_14_GZ040_R,0
P_O_14_CA056,Ground_Daily,P_O_14_GZ040_R (19-00-00),P_O_14_GZ040_R_shape,P_O_14_GZ040_R,0
P_O_14_CA056,Ground_Daily,P_O_14_GZ040_R (21-00-00),P_O_14_GZ040_R_shape,P_O_14_GZ040_R,0
P_O_14_CA056,Ground_Daily,P_O_14_GZ041_O (06-30-00),P_O_14_GZ041_O_shape,P_O_14_GZ041_O,0
P_O_14_CA056,Ground_Daily,P_O_14_GZ041_O (08-00-00),P_O_14_GZ041_O_shape,P_O_14_GZ041_O,0
P_O_14_CA056,Ground_Daily,P_O_14_GZ041_O (09-00-00),P_O_14_GZ041_O_shape,P_O_14_GZ041_O,0
P_O_14_CA056,Ground_Daily,P_O_14_GZ041_O (11-00-00),P_O_14_GZ041_O_shape,P_O_14_GZ041_O,0
P_O_14_CA056,Ground_Daily,P_O_14_GZ041_O (13-00-00),P_O_14_GZ041_O_shape,P_O_14_GZ041_O,0
P_O_14_CA056,Ground_Daily,P_O_14_GZ041_O (15-00-00),P_O_14_GZ041_O_shape,P_O_14_GZ041_O,0
P_O_14_CA056,Ground_Daily,P_O_14_GZ041_O (17-00-00),P_O_14_GZ041_O_shape,P_O_14_GZ041_O,0
P_O_14_CA056,Ground_Daily,P_O_14_GZ041_O (19-00-00),P_O_14_GZ041_O_shape,P_O_14_GZ041_O,0
P_O_14_CA056,Ground_Daily,P_O_14_GZ041_O (21-00-00),P_O_14_GZ041_O_shape,P_O_14_GZ041_O,0
P_O_14_CA056,Ground_Daily,P_O_14_GZ041_R (06-30-00),P_O_14_GZ041_R_shape,P_O_14_GZ041_R,0
P_O_14_CA056,Ground_Daily,P_O_14_GZ041_R (08-00-00),P_O_14_GZ041_R_shape,P_O_14_GZ041_R,0
P_O_14_CA056,Ground_Daily,P_O_14_GZ041_R (09-00-00),P_O_14_GZ041_R_shape,P_O_14_GZ041_R,0
P_O_14_CA056,Ground_Daily,P_O_14_GZ041_R (11-00-00),P_O_14_GZ041_R_shape,P_O_14_GZ041_R,0
P_O_14_CA056,Ground_Daily,P_O_14_GZ041_R (13-00-00),P_O_14_GZ041_R_shape,P_O_14_GZ041_R,0
P_O_14_CA056,Ground_Daily,P_O_14_GZ041_R (15-00-00),P_O_14_GZ041_R_shape,P_O_14_GZ041_R,0
P_O_14_CA056,Ground_Daily,P_O_14_GZ041_R (17-00-00),P_O_14_GZ041_R_shape,P_O_14_GZ041_R,0
P_O_14_CA056,Ground_Daily,P_O_14_GZ041_R (19-00-00),P_O_14_GZ041_R_shape,P_O_14_GZ041_R,0
P_O_14_CA056,Ground_Daily,P_O_14_GZ041_R (21-00-00),P_O_14_GZ041_R_shape,P_O_14_GZ041_R,0
P_O_14_CA056,Ground_Daily,P_O_14_GZ042_O (06-30-00),P_O_14_GZ042_O_shape,P_O_14_GZ042_O,0
P_O_14_CA056,Ground_Daily,P_O_14_GZ042_O (08-00-00),P_O_14_GZ042_O_shape,P_O_14_GZ042_O,0
P_O_14_CA056,Ground_Daily,P_O_14_GZ042_O (09-00-00),P_O_14_GZ042_O_shape,P_O_14_GZ042_O,0
P_O_14_CA056,Ground_Daily,P_O_14_GZ042_O (11-00-00),P_O_14_GZ042_O_shape,P_O_14_GZ042_O,0
P_O_14_CA056,Ground_Daily,P_O_14_GZ042_O (13-00-00),P_O_14_GZ042_O_shape,P_O_14_GZ042_O,0
P_O_14_CA056,Ground_Daily,P_O_14_GZ042_O (15-00-00),P_O_14_GZ042_O_shape,P_O_14_GZ042_O,0
P_O_14_CA056,Ground_Daily,P_O_14_GZ042_O (17-00-00),P_O_14_GZ042_O_shape,P_O_14_GZ042_O,0
P_O_14_CA056,Ground_Daily,P_O_14_GZ042_O (19-00-00),P_O_14_GZ042_O_shape,P_O_14_GZ042_O,0
P_O_14_CA056,Ground_Daily,P_O_14_GZ042_O (21-00-00),P_O_14_GZ042_O_shape,P_O_14_GZ042_O,0
P_O_14_CA056,Ground_Daily,P_O_14_GZ042_R (06-30-00),P_O_14_GZ042_R_shape,P_O_14_GZ042_R,0
P_O_14_CA056,Ground_Daily,P_O_14_GZ042_R (08-00-00),P_O_14_GZ042_R_shape,P_O_14_GZ042_R,0
P_O_14_CA056,Ground_Daily,P_O_14_GZ042_R (09-00-00),P_O_14_GZ042_R_shape,P_O_14_GZ042_R,0
P_O_14_CA056,Ground_Daily,P_O_14_GZ042_R (11-00-00),P_O_14_GZ042_R_shape,P_O_14_GZ042_R,0
P_O_14_CA056,Ground_Daily,P_O_14_GZ042_R (13-00-00),P_O_14_GZ042_R_shape,P_O_14_GZ042_R,0
P_O_14_CA056,Ground_Daily,P_O_14_GZ042_R (15-00-00),P_O_14_GZ042_R_shape,P_O_14_GZ042_R,0
P_O_14_CA056,Ground_Daily,P_O_14_GZ042_R (17-00-00),P_O_14_GZ042_R_shape,P_O_14_GZ042_R,0
P_O_14_CA056,Ground_Daily,P_O_14_GZ042_R (19-00-00),P_O_14_GZ042_R_shape,P_O_14_GZ042_R,0
P_O_14_CA056,Ground_Daily,P_O_14_GZ042_R (21-00-00),P_O_14_GZ042_R_shape,P_O_14_GZ042_R,0
P_O_14_CA056,Ground_Daily,P_O_14_GZ043_R (06-30-00),P_O_14_GZ043_R_shape,P_O_14_GZ043_R,0
P_O_14_CA056,Ground_Daily,P_O_14_GZ043_R (08-00-00),P_O_14_GZ043_R_shape,P_O_14_GZ043_R,0
P_O_14_CA056,Ground_Daily,P_O_14_GZ043_R (09-00-00),P_O_14_GZ043_R_shape,P_O_14_GZ043_R,0
P_O_14_CA056,Ground_Daily,P_O_14_GZ043_R (11-00-00),P_O_14_GZ043_R_shape,P_O_14_GZ043_R,0
P_O_14_CA056,Ground_Daily,P_O_14_GZ043_R (13-00-00),P_O_14_GZ043_R_shape,P_O_14_GZ043_R,0
P_O_14_CA056,Ground_Daily,P_O_14_GZ043_R (15-00-00),P_O_14_GZ043_R_shape,P_O_14_GZ043_R,0
P_O_14_CA056,Ground_Daily,P_O_14_GZ043_R (17-00-00),P_O_14_GZ043_R_shape,P_O_14_GZ043_R,0
P_O_14_CA056,Ground_Daily,P_O_14_GZ043_R (19-00-00),P_O_14_GZ043_R_shape,P_O_14_GZ043_R,0
P_O_14_CA056,Ground_Daily,P_O_14_GZ043_R (21-00-00),P_O_14_GZ043_R_shape,P_O_14_GZ043_R,0
P_O_14_CA056,Ground_Daily,P_O_14_GZ044_O (06-30-00),P_O_14_GZ044_O_shape,P_O_14_GZ044_O,0
P_O_14_CA056,Ground_Daily,P_O_14_GZ044_O (08-00-00),P_O_14_GZ044_O_shape,P_O_14_GZ044_O,0
P_O_14_CA056,Ground_Daily,P_O_14_GZ044_O (09-00-00),P_O_14_GZ044_O_shape,P_O_14_GZ044_O,0
P_O_14_CA056,Ground_Daily,P_O_14_GZ044_O (11-00-00),P_O_14_GZ044_O_shape,P_O_14_GZ044_O,0
P_O_14_CA056,Ground_Daily,P_O_14_GZ044_O (13-00-00),P_O_14_GZ044_O_shape,P_O_14_GZ044_O,0
P_O_14_CA056,Ground_Daily,P_O_14_GZ044_O (15-00-00),P_O_14_GZ044_O_shape,P_O_14_GZ044_O,0
P_O_14_CA056,Ground_Daily,P_O_14_GZ044_O (17-00-00),P_O_14_GZ044_O_shape,P_O_14_GZ044_O,0
P_O_14_CA056,Ground_Daily,P_O_14_GZ044_O (19-00-00),P_O_14_GZ044_O_shape,P_O_14_GZ044_O,0
P_O_14_CA056,Ground_Daily,P_O_14_GZ044_O (21-00-00),P_O_14_GZ044_O_shape,P_O_14_GZ044_O,0
P_O_14_CA056,Ground_Daily,P_O_14_GZ044_R (06-30-00),P_O_14_GZ044_R_shape,P_O_14_GZ044_R,0
P_O_14_CA056,Ground_Daily,P_O_14_GZ044_R (08-00-00),P_O_14_GZ044_R_shape,P_O_14_GZ044_R,0
P_O_14_CA056,Ground_Daily,P_O_14_GZ044_R (09-00-00),P_O_14_GZ044_R_shape,P_O_14_GZ044_R,0
P_O_14_CA056,Ground_Daily,P_O_14_GZ044_R (11-00-00),P_O_14_GZ044_R_shape,P_O_14_GZ044_R,0
P_O_14_CA056,Ground_Daily,P_O_14_GZ044_R (13-00-00),P_O_14_GZ044_R_shape,P_O_14_GZ044_R,0
P_O_14_CA056,Ground_Daily,P_O_14_GZ044_R (15-00-00),P_O_14_GZ044_R_shape,P_O_14_GZ044_R,0
P_O_14_CA056,Ground_Daily,P_O_14_GZ044_R (17-00-00),P_O_14_GZ044_R_shape,P_O_14_GZ044_R,0
P_O_14_CA056,Ground_Daily,P_O_14_GZ044_R (19-00-00),P_O_14_GZ044_R_shape,P_O_14_GZ044_R,0
P_O_14_CA056,Ground_Daily,P_O_14_GZ044_R (21-00-00),P_O_14_GZ044_R_shape,P_O_14_GZ044_R,0
P_O_14_CA056,Ground_Daily,P_O_14_GZ045_O (06-30-00),P_O_14_GZ045_O_shape,P_O_14_GZ045_O,0
P_O_14_CA056,Ground_Daily,P_O_14_GZ045_O (08-00-00),P_O_14_GZ045_O_shape,P_O_14_GZ045_O,0
P_O_14_CA056,Ground_Daily,P_O_14_GZ045_O (09-00-00),P_O_14_GZ045_O_shape,P_O_14_GZ045_O,0
P_O_14_CA056,Ground_Daily,P_O_14_GZ045_O (11-00-00),P_O_14_GZ045_O_shape,P_O_14_GZ045_O,0
P_O_14_CA056,Ground_Daily,P_O_14_GZ045_O (13-00-00),P_O_14_GZ045_O_shape,P_O_14_GZ045_O,0
P_O_14_CA056,Ground_Daily,P_O_14_GZ045_O (15-00-00),P_O_14_GZ045_O_shape,P_O_14_GZ045_O,0
P_O_14_CA056,Ground_Daily,P_O_14_GZ045_O (17-00-00),P_O_14_GZ045_O_shape,P_O_14_GZ045_O,0
P_O_14_CA056,Ground_Daily,P_O_14_GZ045_O (19-00-00),P_O_14_GZ045_O_shape,P_O_14_GZ045_O,0
P_O_14_CA056,Ground_Daily,P_O_14_GZ045_O (21-00-00),P_O_14_GZ045_O_shape,P_O_14_GZ045_O,0
P_O_14_CA056,Ground_Daily,P_O_14_GZ045_R (06-30-00),P_O_14_GZ045_R_shape,P_O_14_GZ045_R,0
P_O_14_CA056,Ground_Daily,P_O_14_GZ045_R (08-00-00),P_O_14_GZ045_R_shape,P_O_14_GZ045_R,0
P_O_14_CA056,Ground_Daily,P_O_14_GZ045_R (09-00-00),P_O_14_GZ045_R_shape,P_O_14_GZ045_R,0
P_O_14_CA056,Ground_Daily,P_O_14_GZ045_R (11-00-00),P_O_14_GZ045_R_shape,P_O_14_GZ045_R,0
P_O_14_CA056,Ground_Daily,P_O_14_GZ045_R (13-00-00),P_O_14_GZ045_R_shape,P_O_14_GZ045_R,0
P_O_14_CA056,Ground_Daily,P_O_14_GZ045_R (15-00-00),P_O_14_GZ045_R_shape,P_O_14_GZ045_R,0
P_O_14_CA056,Ground_Daily,P_O_14_GZ045_R (17-00-00),P_O_14_GZ045_R_shape,P_O_14_GZ045_R,0
P_O_14_CA056,Ground_Daily,P_O_14_GZ045_R (19-00-00),P_O_14_GZ045_R_shape,P_O_14_GZ045_R,0
P_O_14_CA056,Ground_Daily,P_O_14_GZ045_R (21-00-00),P_O_14_GZ045_R_shape,P_O_14_GZ045_R,0
P_O_14_CA056,Ground_Daily,P_O_14_GZ046_O (06-30-00),P_O_14_GZ046_O_shape,P_O_14_GZ046_O,0
P_O_14_CA056,Ground_Daily,P_O_14_GZ046_O (08-00-00),P_O_14_GZ046_O_shape,P_O_14_GZ046_O,0
P_O_14_CA056,Ground_Daily,P_O_14_GZ046_O (09-00-00),P_O_14_GZ046_O_shape,P_O_14_GZ046_O,0
P_O_14_CA056,Ground_Daily,P_O_14_GZ046_O (11-00-00),P_O_14_GZ046_O_shape,P_O_14_GZ046_O,0
P_O_14_CA056,Ground_Daily,P_O_14_GZ046_O (13-00-00),P_O_14_GZ046_O_shape,P_O_14_GZ046_O,0
P_O_14_CA056,Ground_Daily,P_O_14_GZ046_O (15-00-00),P_O_14_GZ046_O_shape,P_O_14_GZ046_O,0
P_O_14_CA056,Ground_Daily,P_O_14_GZ046_O (17-00-00),P_O_14_GZ046_O_shape,P_O_14_GZ046_O,0
P_O_14_CA056,Ground_Daily,P_O_14_GZ046_O (19-00-00),P_O_14_GZ046_O_shape,P_O_14_GZ046_O,0
P_O_14_CA056,Ground_Daily,P_O_14_GZ046_O (21-00-00),P_O_14_GZ046_O_shape,P_O_14_GZ046_O,0
P_O_14_CA056,Ground_Daily,P_O_14_GZ046_R (06-30-00),P_O_14_GZ046_R_shape,P_O_14_GZ046_R,0
P_O_14_CA056,Ground_Daily,P_O_14_GZ046_R (08-00-00),P_O_14_GZ046_R_shape,P_O_14_GZ046_R,0
P_O_14_CA056,Ground_Daily,P_O_14_GZ046_R (09-00-00),P_O_14_GZ046_R_shape,P_O_14_GZ046_R,0
P_O_14_CA056,Ground_Daily,P_O_14_GZ046_R (11-00-00),P_O_14_GZ046_R_shape,P_O_14_GZ046_R,0
P_O_14_CA056,Ground_Daily,P_O_14_GZ046_R (13-00-00),P_O_14_GZ046_R_shape,P_O_14_GZ046_R,0
P_O_14_CA056,Ground_Daily,P_O_14_GZ046_R (15-00-00),P_O_14_GZ046_R_shape,P_O_14_GZ046_R,0
P_O_14_CA056,Ground_Daily,P_O_14_GZ046_R (17-00-00),P_O_14_GZ046_R_shape,P_O_14_GZ046_R,0
P_O_14_CA056,Ground_Daily,P_O_14_GZ046_R (19-00-00),P_O_14_GZ046_R_shape,P_O_14_GZ046_R,0
P_O_14_CA056,Ground_Daily,P_O_14_GZ046_R (21-00-00),P_O_14_GZ046_R_shape,P_O_14_GZ046_R,0
P_O_14_CA056,Ground_Daily,P_O_14_GZ048_O (06-30-00),P_O_14_GZ048_O_shape,P_O_14_GZ048_O,0
P_O_14_CA056,Ground_Daily,P_O_14_GZ048_O (08-00-00),P_O_14_GZ048_O_shape,P_O_14_GZ048_O,0
P_O_14_CA056,Ground_Daily,P_O_14_GZ048_O (09-00-00),P_O_14_GZ048_O_shape,P_O_14_GZ048_O,0
P_O_14_CA056,Ground_Daily,P_O_14_GZ048_O (11-00-00),P_O_14_GZ048_O_shape,P_O_14_GZ048_O,0
P_O_14_CA056,Ground_Daily,P_O_14_GZ048_O (13-00-00),P_O_14_GZ048_O_shape,P_O_14_GZ048_O,0
P_O_14_CA056,Ground_Daily,P_O_14_GZ048_O (15-00-00),P_O_14_GZ048_O_shape,P_O_14_GZ048_O,0
P_O_14_CA056,Ground_Daily,P_O_14_GZ048_O (17-00-00),P_O_14_GZ048_O_shape,P_O_14_GZ048_O,0
P_O_14_CA056,Ground_Daily,P_O_14_GZ048_O (19-00-00),P_O_14_GZ048_O_shape,P_O_14_GZ048_O,0
P_O_14_CA056,Ground_Daily,P_O_14_GZ048_O (21-00-00),P_O_14_GZ048_O_shape,P_O_14_GZ048_O,0
P_O_14_CA056,Ground_Daily,P_O_14_GZ049_R (06-30-00),P_O_14_GZ049_R_shape,P_O_14_GZ049_R,0
P_O_14_CA056,Ground_Daily,P_O_14_GZ049_R (08-00-00),P_O_14_GZ049_R_shape,P_O_14_GZ049_R,0
P_O_14_CA056,Ground_Daily,P_O_14_GZ049_R (09-00-00),P_O_14_GZ049_R_shape,P_O_14_GZ049_R,0
P_O_14_CA056,Ground_Daily,P_O_14_GZ049_R (11-00-00),P_O_14_GZ049_R_shape,P_O_14_GZ049_R,0
P_O_14_CA056,Ground_Daily,P_O_14_GZ049_R (13-00-00),P_O_14_GZ049_R_shape,P_O_14_GZ049_R,0
P_O_14_CA056,Ground_Daily,P_O_14_GZ049_R (15-00-00),P_O_14_GZ049_R_shape,P_O_14_GZ049_R,0
P_O_14_CA056,Ground_Daily,P_O_14_GZ049_R (17-00-00),P_O_14_GZ049_R_shape,P_O_14_GZ049_R,0
P_O_14_CA056,Ground_Daily,P_O_14_GZ049_R (19-00-00),P_O_14_GZ049_R_shape,P_O_14_GZ049_R,0
P_O_14_CA056,Ground_Daily,P_O_14_GZ049_R (21-00-00),P_O_14_GZ049_R_shape,P_O_14_GZ049_R,0
P_O_14_CA056,Ground_Daily,P_O_14_GZ050_O (06-30-00),P_O_14_GZ050_O_shape,P_O_14_GZ050_O,0
P_O_14_CA056,Ground_Daily,P_O_14_GZ050_O (08-00-00),P_O_14_GZ050_O_shape,P_O_14_GZ050_O,0
P_O_14_CA056,Ground_Daily,P_O_14_GZ050_O (09-00-00),P_O_14_GZ050_O_shape,P_O_14_GZ050_O,0
P_O_14_CA056,Ground_Daily,P_O_14_GZ050_O (11-00-00),P_O_14_GZ050_O_shape,P_O_14_GZ050_O,0
P_O_14_CA056,Ground_Daily,P_O_14_GZ050_O (13-00-00),P_O_14_GZ050_O_shape,P_O_14_GZ050_O,0
P_O_14_CA056,Ground_Daily,P_O_14_GZ050_O (15-00-00),P_O_14_GZ050_O_shape,P_O_14_GZ050_O,0
P_O_14_CA056,Ground_Daily,P_O_14_GZ050_O (17-00-00),P_O_14_GZ050_O_shape,P_O_14_GZ050_O,0
P_O_14_CA056,Ground_Daily,P_O_14_GZ050_O (19-00-00),P_O_14_GZ050_O_shape,P_O_14_GZ050_O,0
P_O_14_CA056,Ground_Daily,P_O_14_GZ050_O (21-00-00),P_O_14_GZ050_O_shape,P_O_14_GZ050_O,0
P_O_14_CA056,Ground_Daily,P_O_14_GZ050_R (06-30-00),P_O_14_GZ050_R_shape,P_O_14_GZ050_R,0
P_O_14_CA056,Ground_Daily,P_O_14_GZ050_R (08-00-00),P_O_14_GZ050_R_shape,P_O_14_GZ050_R,0
P_O_14_CA056,Ground_Daily,P_O_14_GZ050_R (09-00-00),P_O_14_GZ050_R_shape,P_O_14_GZ050_R,0
P_O_14_CA056,Ground_Daily,P_O_14_GZ050_R (11-00-00),P_O_14_GZ050_R_shape,P_O_14_GZ050_R,0
P_O_14_CA056,Ground_Daily,P_O_14_GZ050_R (13-00-00),P_O_14_GZ050_R_shape,P_O_14_GZ050_R,0
P_O_14_CA056,Ground_Daily,P_O_14_GZ050_R (15-00-00),P_O_14_GZ050_R_shape,P_O_14_GZ050_R,0
P_O_14_CA056,Ground_Daily,P_O_14_GZ050_R (17-00-00),P_O_14_GZ050_R_shape,P_O_14_GZ050_R,0
P_O_14_CA056,Ground_Daily,P_O_14_GZ050_R (19-00-00),P_O_14_GZ050_R_shape,P_O_14_GZ050_R,0
P_O_14_CA056,Ground_Daily,P_O_14_GZ050_R (21-00-00),P_O_14_GZ050_R_shape,P_O_14_GZ050_R,0
P_O_14_CA056,Ground_Daily,P_O_14_GZ052_O (06-30-00),P_O_14_GZ052_O_shape,P_O_14_GZ052_O,0
P_O_14_CA056,Ground_Daily,P_O_14_GZ052_O (08-00-00),P_O_14_GZ052_O_shape,P_O_14_GZ052_O,0
P_O_14_CA056,Ground_Daily,P_O_14_GZ052_O (09-00-00),P_O_14_GZ052_O_shape,P_O_14_GZ052_O,0
P_O_14_CA056,Ground_Daily,P_O_14_GZ052_O (11-00-00),P_O_14_GZ052_O_shape,P_O_14_GZ052_O,0
P_O_14_CA056,Ground_Daily,P_O_14_GZ052_O (13-00-00),P_O_14_GZ052_O_shape,P_O_14_GZ052_O,0
P_O_14_CA056,Ground_Daily,P_O_14_GZ052_O (15-00-00),P_O_14_GZ052_O_shape,P_O_14_GZ052_O,0
P_O_14_CA056,Ground_Daily,P_O_14_GZ052_O (17-00-00),P_O_14_GZ052_O_shape,P_O_14_GZ052_O,0
P_O_14_CA056,Ground_Daily,P_O_14_GZ052_O (19-00-00),P_O_14_GZ052_O_shape,P_O_14_GZ052_O,0
P_O_14_CA056,Ground_Daily,P_O_14_GZ052_O (21-00-00),P_O_14_GZ052_O_shape,P_O_14_GZ052_O,0
P_O_14_CA056,Ground_Daily,P_O_14_GZ052_R (06-30-00),P_O_14_GZ052_R_shape,P_O_14_GZ052_R,0
P_O_14_CA056,Ground_Daily,P_O_14_GZ052_R (08-00-00),P_O_14_GZ052_R_shape,P_O_14_GZ052_R,0
P_O_14_CA056,Ground_Daily,P_O_14_GZ052_R (09-00-00),P_O_14_GZ052_R_shape,P_O_14_GZ052_R,0
P_O_14_CA056,Ground_Daily,P_O_14_GZ052_R (11-00-00),P_O_14_GZ052_R_shape,P_O_14_GZ052_R,0
P_O_14_CA056,Ground_Daily,P_O_14_GZ052_R (13-00-00),P_O_14_GZ052_R_shape,P_O_14_GZ052_R,0
P_O_14_CA056,Ground_Daily,P_O_14_GZ052_R (15-00-00),P_O_14_GZ052_R_shape,P_O_14_GZ052_R,0
P_O_14_CA056,Ground_Daily,P_O_14_GZ052_R (17-00-00),P_O_14_GZ052_R_shape,P_O_14_GZ052_R,0
P_O_14_CA056,Ground_Daily,P_O_14_GZ052_R (19-00-00),P_O_14_GZ052_R_shape,P_O_14_GZ052_R,0
P_O_14_CA056,Ground_Daily,P_O_14_GZ052_R (21-00-00),P_O_14_GZ052_R_shape,P_O_14_GZ052_R,0
P_O_14_CA056,Ground_Daily,P_O_14_GZ053_O (06-30-00),P_O_14_GZ053_O_shape,P_O_14_GZ053_O,0
P_O_14_CA056,Ground_Daily,P_O_14_GZ053_O (08-00-00),P_O_14_GZ053_O_shape,P_O_14_GZ053_O,0
P_O_14_CA056,Ground_Daily,P_O_14_GZ053_O (09-00-00),P_O_14_GZ053_O_shape,P_O_14_GZ053_O,0
P_O_14_CA056,Ground_Daily,P_O_14_GZ053_O (11-00-00),P_O_14_GZ053_O_shape,P_O_14_GZ053_O,0
P_O_14_CA056,Ground_Daily,P_O_14_GZ053_O (13-00-00),P_O_14_GZ053_O_shape,P_O_14_GZ053_O,0
P_O_14_CA056,Ground_Daily,P_O_14_GZ053_O (15-00-00),P_O_14_GZ053_O_shape,P_O_14_GZ053_O,0
P_O_14_CA056,Ground_Daily,P_O_14_GZ053_O (17-00-00),P_O_14_GZ053_O_shape,P_O_14_GZ053_O,0
P_O_14_CA056,Ground_Daily,P_O_14_GZ053_O (19-00-00),P_O_14_GZ053_O_shape,P_O_14_GZ053_O,0
P_O_14_CA056,Ground_Daily,P_O_14_GZ053_O (21-00-00),P_O_14_GZ053_O_shape,P_O_14_GZ053_O,0
P_O_14_CA056,Ground_Daily,P_O_14_GZ053_R (06-30-00),P_O_14_GZ053_R_shape,P_O_14_GZ053_R,0
P_O_14_CA056,Ground_Daily,P_O_14_GZ053_R (08-00-00),P_O_14_GZ053_R_shape,P_O_14_GZ053_R,0
P_O_14_CA056,Ground_Daily,P_O_14_GZ053_R (09-00-00),P_O_14_GZ053_R_shape,P_O_14_GZ053_R,0
P_O_14_CA056,Ground_Daily,P_O_14_GZ053_R (11-00-00),P_O_14_GZ053_R_shape,P_O_14_GZ053_R,0
P_O_14_CA056,Ground_Daily,P_O_14_GZ053_R (13-00-00),P_O_14_GZ053_R_shape,P_O_14_GZ053_R,0
P_O_14_CA056,Ground_Daily,P_O_14_GZ053_R (15-00-00),P_O_14_GZ053_R_shape,P_O_14_GZ053_R,0
P_O_14_CA056,Ground_Daily,P_O_14_GZ053_R (17-00-00),P_O_14_GZ053_R_shape,P_O_14_GZ053_R,0
P_O_14_CA056,Ground_Daily,P_O_14_GZ053_R (19-00-00),P_O_14_GZ053_R_shape,P_O_14_GZ053_R,0
P_O_14_CA056,Ground_Daily,P_O_14_GZ053_R (21-00-00),P_O_14_GZ053_R_shape,P_O_14_GZ053_R,0
P_O_14_CA056,Ground_Daily,P_O_14_GZ054_O (06-30-00),P_O_14_GZ054_O_shape,P_O_14_GZ054_O,0
P_O_14_CA056,Ground_Daily,P_O_14_GZ054_O (08-00-00),P_O_14_GZ054_O_shape,P_O_14_GZ054_O,0
P_O_14_CA056,Ground_Daily,P_O_14_GZ054_O (09-00-00),P_O_14_GZ054_O_shape,P_O_14_GZ054_O,0
P_O_14_CA056,Ground_Daily,P_O_14_GZ054_O (11-00-00),P_O_14_GZ054_O_shape,P_O_14_GZ054_O,0
P_O_14_CA056,Ground_Daily,P_O_14_GZ054_O (13-00-00),P_O_14_GZ054_O_shape,P_O_14_GZ054_O,0
P_O_14_CA056,Ground_Daily,P_O_14_GZ054_O (15-00-00),P_O_14_GZ054_O_shape,P_O_14_GZ054_O,0
P_O_14_CA056,Ground_Daily,P_O_14_GZ054_O (17-00-00),P_O_14_GZ054_O_shape,P_O_14_GZ054_O,0
P_O_14_CA056,Ground_Daily,P_O_14_GZ054_O (19-00-00),P_O_14_GZ054_O_shape,P_O_14_GZ054_O,0
P_O_14_CA056,Ground_Daily,P_O_14_GZ054_O (21-00-00),P_O_14_GZ054_O_shape,P_O_14_GZ054_O,0
P_O_14_CA056,Ground_Daily,P_O_14_GZ054_R (06-30-00),P_O_14_GZ054_R_shape,P_O_14_GZ054_R,0
P_O_14_CA056,Ground_Daily,P_O_14_GZ054_R (08-00-00),P_O_14_GZ054_R_shape,P_O_14_GZ054_R,0
P_O_14_CA056,Ground_Daily,P_O_14_GZ054_R (09-00-00),P_O_14_GZ054_R_shape,P_O_14_GZ054_R,0
P_O_14_CA056,Ground_Daily,P_O_14_GZ054_R (11-00-00),P_O_14_GZ054_R_shape,P_O_14_GZ054_R,0
P_O_14_CA056,Ground_Daily,P_O_14_GZ054_R (13-00-00),P_O_14_GZ054_R_shape,P_O_14_GZ054_R,0
P_O_14_CA056,Ground_Daily,P_O_14_GZ054_R (15-00-00),P_O_14_GZ054_R_shape,P_O_14_GZ054_R,0
P_O_14_CA056,Ground_Daily,P_O_14_GZ054_R (17-00-00),P_O_14_GZ054_R_shape,P_O_14_GZ054_R,0
P_O_14_CA056,Ground_Daily,P_O_14_GZ054_R (19-00-00),P_O_14_GZ054_R_shape,P_O_14_GZ054_R,0
P_O_14_CA056,Ground_Daily,P_O_14_GZ054_R (21-00-00),P_O_14_GZ054_R_shape,P_O_14_GZ054_R,0
P_O_14_CA056,Ground_Daily,P_O_14_GZ055_O (06-30-00),P_O_14_GZ055_O_shape,P_O_14_GZ055_O,0
P_O_14_CA056,Ground_Daily,P_O_14_GZ055_O (08-00-00),P_O_14_GZ055_O_shape,P_O_14_GZ055_O,0
P_O_14_CA056,Ground_Daily,P_O_14_GZ055_O (09-00-00),P_O_14_GZ055_O_shape,P_O_14_GZ055_O,0
P_O_14_CA056,Ground_Daily,P_O_14_GZ055_O (11-00-00),P_O_14_GZ055_O_shape,P_O_14_GZ055_O,0
P_O_14_CA056,Ground_Daily,P_O_14_GZ055_O (13-00-00),P_O_14_GZ055_O_shape,P_O_14_GZ055_O,0
P_O_14_CA056,Ground_Daily,P_O_14_GZ055_O (15-00-00),P_O_14_GZ055_O_shape,P_O_14_GZ055_O,0
P_O_14_CA056,Ground_Daily,P_O_14_GZ055_O (17-00-00),P_O_14_GZ055_O_shape,P_O_14_GZ055_O,0
P_O_14_CA056,Ground_Daily,P_O_14_GZ055_O (19-00-00),P_O_14_GZ055_O_shape,P_O_14_GZ055_O,0
P_O_14_CA056,Ground_Daily,P_O_14_GZ055_O (21-00-00),P_O_14_GZ055_O_shape,P_O_14_GZ055_O,0
P_O_14_CA056,Ground_Daily,P_O_14_GZ055_R (06-30-00),P_O_14_GZ055_R_shape,P_O_14_GZ055_R,0
P_O_14_CA056,Ground_Daily,P_O_14_GZ055_R (08-00-00),P_O_14_GZ055_R_shape,P_O_14_GZ055_R,0
P_O_14_CA056,Ground_Daily,P_O_14_GZ055_R (09-00-00),P_O_14_GZ055_R_shape,P_O_14_GZ055_R,0
P_O_14_CA056,Ground_Daily,P_O_14_GZ055_R (11-00-00),P_O_14_GZ055_R_shape,P_O_14_GZ055_R,0
P_O_14_CA056,Ground_Daily,P_O_14_GZ055_R (13-00-00),P_O_14_GZ055_R_shape,P_O_14_GZ055_R,0
P_O_14_CA056,Ground_Daily,P_O_14_GZ055_R (15-00-00),P_O_14_GZ055_R_shape,P_O_14_GZ055_R,0
P_O_14_CA056,Ground_Daily,P_O_14_GZ055_R (17-00-00),P_O_14_GZ055_R_shape,P_O_14_GZ055_R,0
P_O_14_CA056,Ground_Daily,P_O_14_GZ055_R (19-00-00),P_O_14_GZ055_R_shape,P_O_14_GZ055_R,0
P_O_14_CA056,Ground_Daily,P_O_14_GZ055_R (21-00-00),P_O_14_GZ055_R_shape,P_O_14_GZ055_R,0
P_O_14_CA056,Ground_Daily,P_O_14_GZ056_O (06-30-00),P_O_14_GZ056_O_shape,P_O_14_GZ056_O,0
P_O_14_CA056,Ground_Daily,P_O_14_GZ056_O (08-00-00),P_O_14_GZ056_O_shape,P_O_14_GZ056_O,0
P_O_14_CA056,Ground_Daily,P_O_14_GZ056_O (09-00-00),P_O_14_GZ056_O_shape,P_O_14_GZ056_O,0
P_O_14_CA056,Ground_Daily,P_O_14_GZ056_O (11-00-00),P_O_14_GZ056_O_shape,P_O_14_GZ056_O,0
P_O_14_CA056,Ground_Daily,P_O_14_GZ056_O (13-00-00),P_O_14_GZ056_O_shape,P_O_14_GZ056_O,0
P_O_14_CA056,Ground_Daily,P_O_14_GZ056_O (15-00-00),P_O_14_GZ056_O_shape,P_O_14_GZ056_O,0
P_O_14_CA056,Ground_Daily,P_O_14_GZ056_O (17-00-00),P_O_14_GZ056_O_shape,P_O_14_GZ056_O,0
P_O_14_CA056,Ground_Daily,P_O_14_GZ056_O (19-00-00),P_O_14_GZ056_O_shape,P_O_14_GZ056_O,0
P_O_14_CA056,Ground_Daily,P_O_14_GZ056_O (21-00-00),P_O_14_GZ056_O_shape,P_O_14_GZ056_O,0
P_O_14_CA056,Ground_Daily,P_O_14_GZ056_R (06-30-00),P_O_14_GZ056_R_shape,P_O_14_GZ056_R,0
P_O_14_CA056,Ground_Daily,P_O_14_GZ056_R (08-00-00),P_O_14_GZ056_R_shape,P_O_14_GZ056_R,0
P_O_14_CA056,Ground_Daily,P_O_14_GZ056_R (09-00-00),P_O_14_GZ056_R_shape,P_O_14_GZ056_R,0
P_O_14_CA056,Ground_Daily,P_O_14_GZ056_R (11-00-00),P_O_14_GZ056_R_shape,P_O_14_GZ056_R,0
P_O_14_CA056,Ground_Daily,P_O_14_GZ056_R (13-00-00),P_O_14_GZ056_R_shape,P_O_14_GZ056_R,0
P_O_14_CA056,Ground_Daily,P_O_14_GZ056_R (15-00-00),P_O_14_GZ056_R_shape,P_O_14_GZ056_R,0
P_O_14_CA056,Ground_Daily,P_O_14_GZ056_R (17-00-00),P_O_14_GZ056_R_shape,P_O_14_GZ056_R,0
P_O_14_CA056,Ground_Daily,P_O_14_GZ056_R (19-00-00),P_O_14_GZ056_R_shape,P_O_14_GZ056_R,0
P_O_14_CA056,Ground_Daily,P_O_14_GZ056_R (21-00-00),P_O_14_GZ056_R_shape,P_O_14_GZ056_R,0
P_O_14_CA056,Ground_Daily,P_O_14_GZ057_O (06-30-00),P_O_14_GZ057_O_shape,P_O_14_GZ057_O,0
P_O_14_CA056,Ground_Daily,P_O_14_GZ057_O (08-00-00),P_O_14_GZ057_O_shape,P_O_14_GZ057_O,0
P_O_14_CA056,Ground_Daily,P_O_14_GZ057_O (09-00-00),P_O_14_GZ057_O_shape,P_O_14_GZ057_O,0
P_O_14_CA056,Ground_Daily,P_O_14_GZ057_O (11-00-00),P_O_14_GZ057_O_shape,P_O_14_GZ057_O,0
P_O_14_CA056,Ground_Daily,P_O_14_GZ057_O (13-00-00),P_O_14_GZ057_O_shape,P_O_14_GZ057_O,0
P_O_14_CA056,Ground_Daily,P_O_14_GZ057_O (15-00-00),P_O_14_GZ057_O_shape,P_O_14_GZ057_O,0
P_O_14_CA056,Ground_Daily,P_O_14_GZ057_O (17-00-00),P_O_14_GZ057_O_shape,P_O_14_GZ057_O,0
P_O_14_CA056,Ground_Daily,P_O_14_GZ057_O (19-00-00),P_O_14_GZ057_O_shape,P_O_14_GZ057_O,0
P_O_14_CA056,Ground_Daily,P_O_14_GZ057_O (21-00-00),P_O_14_GZ057_O_shape,P_O_14_GZ057_O,0
P_O_14_CA056,Ground_Daily,P_O_14_GZ057_R (06-30-00),P_O_14_GZ057_R_shape,P_O_14_GZ057_R,0
P_O_14_CA056,Ground_Daily,P_O_14_GZ057_R (08-00-00),P_O_14_GZ057_R_shape,P_O_14_GZ057_R,0
P_O_14_CA056,Ground_Daily,P_O_14_GZ057_R (09-00-00),P_O_14_GZ057_R_shape,P_O_14_GZ057_R,0
P_O_14_CA056,Ground_Daily,P_O_14_GZ057_R (11-00-00),P_O_14_GZ057_R_shape,P_O_14_GZ057_R,0
P_O_14_CA056,Ground_Daily,P_O_14_GZ057_R (13-00-00),P_O_14_GZ057_R_shape,P_O_14_GZ057_R,0
P_O_14_CA056,Ground_Daily,P_O_14_GZ057_R (15-00-00),P_O_14_GZ057_R_shape,P_O_14_GZ057_R,0
P_O_14_CA056,Ground_Daily,P_O_14_GZ057_R (17-00-00),P_O_14_GZ057_R_shape,P_O_14_GZ057_R,0
P_O_14_CA056,Ground_Daily,P_O_14_GZ057_R (19-00-00),P_O_14_GZ057_R_shape,P_O_14_GZ057_R,0
P_O_14_CA056,Ground_Daily,P_O_14_GZ057_R (21-00-00),P_O_14_GZ057_R_shape,P_O_14_GZ057_R,0
P_O_14_CA056,Ground_Daily,P_O_14_GZ058_O (06-30-00),P_O_14_GZ058_O_shape,P_O_14_GZ058_O,0
P_O_14_CA056,Ground_Daily,P_O_14_GZ058_O (08-00-00),P_O_14_GZ058_O_shape,P_O_14_GZ058_O,0
P_O_14_CA056,Ground_Daily,P_O_14_GZ058_O (09-00-00),P_O_14_GZ058_O_shape,P_O_14_GZ058_O,0
P_O_14_CA056,Ground_Daily,P_O_14_GZ058_O (11-00-00),P_O_14_GZ058_O_shape,P_O_14_GZ058_O,0
P_O_14_CA056,Ground_Daily,P_O_14_GZ058_O (13-00-00),P_O_14_GZ058_O_shape,P_O_14_GZ058_O,0
P_O_14_CA056,Ground_Daily,P_O_14_GZ058_O (15-00-00),P_O_14_GZ058_O_shape,P_O_14_GZ058_O,0
P_O_14_CA056,Ground_Daily,P_O_14_GZ058_O (17-00-00),P_O_14_GZ058_O_shape,P_O_14_GZ058_O,0
P_O_14_CA056,Ground_Daily,P_O_14_GZ058_O (19-00-00),P_O_14_GZ058_O_shape,P_O_14_GZ058_O,0
P_O_14_CA056,Ground_Daily,P_O_14_GZ058_O (21-00-00),P_O_14_GZ058_O_shape,P_O_14_GZ058_O,0
P_O_14_CA056,Ground_Daily,P_O_14_GZ058_R (06-30-00),P_O_14_GZ058_R_shape,P_O_14_GZ058_R,0
P_O_14_CA056,Ground_Daily,P_O_14_GZ058_R (08-00-00),P_O_14_GZ058_R_shape,P_O_14_GZ058_R,0
P_O_14_CA056,Ground_Daily,P_O_14_GZ058_R (09-00-00),P_O_14_GZ058_R_shape,P_O_14_GZ058_R,0
P_O_14_CA056,Ground_Daily,P_O_14_GZ058_R (11-00-00),P_O_14_GZ058_R_shape,P_O_14_GZ058_R,0
P_O_14_CA056,Ground_Daily,P_O_14_GZ058_R (13-00-00),P_O_14_GZ058_R_shape,P_O_14_GZ058_R,0
P_O_14_CA056,Ground_Daily,P_O_14_GZ058_R (15-00-00),P_O_14_GZ058_R_shape,P_O_14_GZ058_R,0
P_O_14_CA056,Ground_Daily,P_O_14_GZ058_R (17-00-00),P_O_14_GZ058_R_shape,P_O_14_GZ058_R,0
P_O_14_CA056,Ground_Daily,P_O_14_GZ058_R (19-00-00),P_O_14_GZ058_R_shape,P_O_14_GZ058_R,0
P_O_14_CA056,Ground_Daily,P_O_14_GZ058_R (21-00-00),P_O_14_GZ058_R_shape,P_O_14_GZ058_R,0
P_O_14_CA056,Ground_Daily,P_O_14_GZ059_O (06-30-00),P_O_14_GZ059_O_shape,P_O_14_GZ059_O,0
P_O_14_CA056,Ground_Daily,P_O_14_GZ059_O (08-00-00),P_O_14_GZ059_O_shape,P_O_14_GZ059_O,0
P_O_14_CA056,Ground_Daily,P_O_14_GZ059_O (09-00-00),P_O_14_GZ059_O_shape,P_O_14_GZ059_O,0
P_O_14_CA056,Ground_Daily,P_O_14_GZ059_O (11-00-00),P_O_14_GZ059_O_shape,P_O_14_GZ059_O,0
P_O_14_CA056,Ground_Daily,P_O_14_GZ059_O (13-00-00),P_O_14_GZ059_O_shape,P_O_14_GZ059_O,0
P_O_14_CA056,Ground_Daily,P_O_14_GZ059_O (15-00-00),P_O_14_GZ059_O_shape,P_O_14_GZ059_O,0
P_O_14_CA056,Ground_Daily,P_O_14_GZ059_O (17-00-00),P_O_14_GZ059_O_shape,P_O_14_GZ059_O,0
P_O_14_CA056,Ground_Daily,P_O_14_GZ059_O (19-00-00),P_O_14_GZ059_O_shape,P_O_14_GZ059_O,0
P_O_14_CA056,Ground_Daily,P_O_14_GZ059_O (21-00-00),P_O_14_GZ059_O_shape,P_O_14_GZ059_O,0
P_O_14_CA056,Ground_Daily,P_O_14_GZ059_R (06-30-00),P_O_14_GZ059_R_shape,P_O_14_GZ059_R,0
P_O_14_CA056,Ground_Daily,P_O_14_GZ059_R (08-00-00),P_O_14_GZ059_R_shape,P_O_14_GZ059_R,0
P_O_14_CA056,Ground_Daily,P_O_14_GZ059_R (09-00-00),P_O_14_GZ059_R_shape,P_O_14_GZ059_R,0
P_O_14_CA056,Ground_Daily,P_O_14_GZ059_R (11-00-00),P_O_14_GZ059_R_shape,P_O_14_GZ059_R,0
P_O_14_CA056,Ground_Daily,P_O_14_GZ059_R (13-00-00),P_O_14_GZ059_R_shape,P_O_14_GZ059_R,0
P_O_14_CA056,Ground_Daily,P_O_14_GZ059_R (15-00-00),P_O_14_GZ059_R_shape,P_O_14_GZ059_R,0
P_O_14_CA056,Ground_Daily,P_O_14_GZ059_R (17-00-00),P_O_14_GZ059_R_shape,P_O_14_GZ059_R,0
P_O_14_CA056,Ground_Daily,P_O_14_GZ059_R (19-00-00),P_O_14_GZ059_R_shape,P_O_14_GZ059_R,0
P_O_14_CA056,Ground_Daily,P_O_14_GZ059_R (21-00-00),P_O_14_GZ059_R_shape,P_O_14_GZ059_R,0
P_O_14_CA056,Ground_Daily,P_O_14_GZ060_O (06-30-00),P_O_14_GZ060_O_shape,P_O_14_GZ060_O,0
P_O_14_CA056,Ground_Daily,P_O_14_GZ060_O (08-00-00),P_O_14_GZ060_O_shape,P_O_14_GZ060_O,0
P_O_14_CA056,Ground_Daily,P_O_14_GZ060_O (09-00-00),P_O_14_GZ060_O_shape,P_O_14_GZ060_O,0
P_O_14_CA056,Ground_Daily,P_O_14_GZ060_O (11-00-00),P_O_14_GZ060_O_shape,P_O_14_GZ060_O,0
P_O_14_CA056,Ground_Daily,P_O_14_GZ060_O (13-00-00),P_O_14_GZ060_O_shape,P_O_14_GZ060_O,0
P_O_14_CA056,Ground_Daily,P_O_14_GZ060_O (15-00-00),P_O_14_GZ060_O_shape,P_O_14_GZ060_O,0
P_O_14_CA056,Ground_Daily,P_O_14_GZ060_O (17-00-00),P_O_14_GZ060_O_shape,P_O_14_GZ060_O,0
P_O_14_CA056,Ground_Daily,P_O_14_GZ060_O (19-00-00),P_O_14_GZ060_O_shape,P_O_14_GZ060_O,0
P_O_14_CA056,Ground_Daily,P_O_14_GZ060_O (21-00-00),P_O_14_GZ060_O_shape,P_O_14_GZ060_O,0
P_O_14_CA056,Ground_Daily,P_O_14_GZ061_O (06-30-00),P_O_14_GZ061_O_shape,P_O_14_GZ061_O,0
P_O_14_CA056,Ground_Daily,P_O_14_GZ061_O (08-00-00),P_O_14_GZ061_O_shape,P_O_14_GZ061_O,0
P_O_14_CA056,Ground_Daily,P_O_14_GZ061_O (09-00-00),P_O_14_GZ061_O_shape,P_O_14_GZ061_O,0
P_O_14_CA056,Ground_Daily,P_O_14_GZ061_O (11-00-00),P_O_14_GZ061_O_shape,P_O_14_GZ061_O,0
P_O_14_CA056,Ground_Daily,P_O_14_GZ061_O (13-00-00),P_O_14_GZ061_O_shape,P_O_14_GZ061_O,0
P_O_14_CA056,Ground_Daily,P_O_14_GZ061_O (15-00-00),P_O_14_GZ061_O_shape,P_O_14_GZ061_O,0
P_O_14_CA056,Ground_Daily,P_O_14_GZ061_O (17-00-00),P_O_14_GZ061_O_shape,P_O_14_GZ061_O,0
P_O_14_CA056,Ground_Daily,P_O_14_GZ061_O (19-00-00),P_O_14_GZ061_O_shape,P_O_14_GZ061_O,0
P_O_14_CA056,Ground_Daily,P_O_14_GZ061_O (21-00-00),P_O_14_GZ061_O_shape,P_O_14_GZ061_O,0
P_O_14_CA056,Ground_Daily,P_O_14_GZ061_R (06-30-00),P_O_14_GZ061_R_shape,P_O_14_GZ061_R,0
P_O_14_CA056,Ground_Daily,P_O_14_GZ061_R (08-00-00),P_O_14_GZ061_R_shape,P_O_14_GZ061_R,0
P_O_14_CA056,Ground_Daily,P_O_14_GZ061_R (09-00-00),P_O_14_GZ061_R_shape,P_O_14_GZ061_R,0
P_O_14_CA056,Ground_Daily,P_O_14_GZ061_R (11-00-00),P_O_14_GZ061_R_shape,P_O_14_GZ061_R,0
P_O_14_CA056,Ground_Daily,P_O_14_GZ061_R (13-00-00),P_O_14_GZ061_R_shape,P_O_14_GZ061_R,0
P_O_14_CA056,Ground_Daily,P_O_14_GZ061_R (15-00-00),P_O_14_GZ061_R_shape,P_O_14_GZ061_R,0
P_O_14_CA056,Ground_Daily,P_O_14_GZ061_R (17-00-00),P_O_14_GZ061_R_shape,P_O_14_GZ061_R,0
P_O_14_CA056,Ground_Daily,P_O_14_GZ061_R (19-00-00),P_O_14_GZ061_R_shape,P_O_14_GZ061_R,0
P_O_14_CA056,Ground_Daily,P_O_14_GZ061_R (21-00-00),P_O_14_GZ061_R_shape,P_O_14_GZ061_R,0
P_O_14_CA056,Ground_Daily,P_O_14_GZ063_O (06-30-00),P_O_14_GZ063_O_shape,P_O_14_GZ063_O,0
P_O_14_CA056,Ground_Daily,P_O_14_GZ063_O (08-00-00),P_O_14_GZ063_O_shape,P_O_14_GZ063_O,0
P_O_14_CA056,Ground_Daily,P_O_14_GZ063_O (09-00-00),P_O_14_GZ063_O_shape,P_O_14_GZ063_O,0
P_O_14_CA056,Ground_Daily,P_O_14_GZ063_O (11-00-00),P_O_14_GZ063_O_shape,P_O_14_GZ063_O,0
P_O_14_CA056,Ground_Daily,P_O_14_GZ063_O (13-00-00),P_O_14_GZ063_O_shape,P_O_14_GZ063_O,0
P_O_14_CA056,Ground_Daily,P_O_14_GZ063_O (15-00-00),P_O_14_GZ063_O_shape,P_O_14_GZ063_O,0
P_O_14_CA056,Ground_Daily,P_O_14_GZ063_O (17-00-00),P_O_14_GZ063_O_shape,P_O_14_GZ063_O,0
P_O_14_CA056,Ground_Daily,P_O_14_GZ063_O (19-00-00),P_O_14_GZ063_O_shape,P_O_14_GZ063_O,0
P_O_14_CA056,Ground_Daily,P_O_14_GZ063_O (21-00-00),P_O_14_GZ063_O_shape,P_O_14_GZ063_O,0
P_O_14_CA056,Ground_Daily,P_O_14_GZ063_R (06-30-00),P_O_14_GZ063_R_shape,P_O_14_GZ063_R,0
P_O_14_CA056,Ground_Daily,P_O_14_GZ063_R (08-00-00),P_O_14_GZ063_R_shape,P_O_14_GZ063_R,0
P_O_14_CA056,Ground_Daily,P_O_14_GZ063_R (09-00-00),P_O_14_GZ063_R_shape,P_O_14_GZ063_R,0
P_O_14_CA056,Ground_Daily,P_O_14_GZ063_R (11-00-00),P_O_14_GZ063_R_shape,P_O_14_GZ063_R,0
P_O_14_CA056,Ground_Daily,P_O_14_GZ063_R (13-00-00),P_O_14_GZ063_R_shape,P_O_14_GZ063_R,0
P_O_14_CA056,Ground_Daily,P_O_14_GZ063_R (15-00-00),P_O_14_GZ063_R_shape,P_O_14_GZ063_R,0
P_O_14_CA056,Ground_Daily,P_O_14_GZ063_R (17-00-00),P_O_14_GZ063_R_shape,P_O_14_GZ063_R,0
P_O_14_CA056,Ground_Daily,P_O_14_GZ063_R (19-00-00),P_O_14_GZ063_R_shape,P_O_14_GZ063_R,0
P_O_14_CA056,Ground_Daily,P_O_14_GZ063_R (21-00-00),P_O_14_GZ063_R_shape,P_O_14_GZ063_R,0
P_O_14_CA056,Ground_Daily,P_O_14_IC015_R (06-30-00),P_O_14_IC015_R_shape,P_O_14_IC015_R,0
P_O_14_CA056,Ground_Daily,P_O_14_IC015_R (08-00-00),P_O_14_IC015_R_shape,P_O_14_IC015_R,0
P_O_14_CA056,Ground_Daily,P_O_14_IC015_R (09-00-00),P_O_14_IC015_R_shape,P_O_14_IC015_R,0
P_O_14_CA056,Ground_Daily,P_O_14_IC015_R (11-00-00),P_O_14_IC015_R_shape,P_O_14_IC015_R,0
P_O_14_CA056,Ground_Daily,P_O_14_IC015_R (13-00-00),P_O_14_IC015_R_shape,P_O_14_IC015_R,0
P_O_14_CA056,Ground_Daily,P_O_14_IC015_R (15-00-00),P_O_14_IC015_R_shape,P_O_14_IC015_R,0
P_O_14_CA056,Ground_Daily,P_O_14_IC015_R (17-00-00),P_O_14_IC015_R_shape,P_O_14_IC015_R,0
P_O_14_CA056,Ground_Daily,P_O_14_IC015_R (19-00-00),P_O_14_IC015_R_shape,P_O_14_IC015_R,0
P_O_14_CA056,Ground_Daily,P_O_14_IC015_R (21-00-00),P_O_14_IC015_R_shape,P_O_14_IC015_R,0
P_O_14_CA056,Ground_Daily,P_O_14_IC034_O (06-30-00),P_O_14_IC034_O_shape,P_O_14_IC034_O,0
P_O_14_CA056,Ground_Daily,P_O_14_IC034_O (08-00-00),P_O_14_IC034_O_shape,P_O_14_IC034_O,0
P_O_14_CA056,Ground_Daily,P_O_14_IC034_O (09-00-00),P_O_14_IC034_O_shape,P_O_14_IC034_O,0
P_O_14_CA056,Ground_Daily,P_O_14_IC034_O (11-00-00),P_O_14_IC034_O_shape,P_O_14_IC034_O,0
P_O_14_CA056,Ground_Daily,P_O_14_IC034_O (13-00-00),P_O_14_IC034_O_shape,P_O_14_IC034_O,0
P_O_14_CA056,Ground_Daily,P_O_14_IC034_O (15-00-00),P_O_14_IC034_O_shape,P_O_14_IC034_O,0
P_O_14_CA056,Ground_Daily,P_O_14_IC034_O (17-00-00),P_O_14_IC034_O_shape,P_O_14_IC034_O,0
P_O_14_CA056,Ground_Daily,P_O_14_IC034_O (19-00-00),P_O_14_IC034_O_shape,P_O_14_IC034_O,0
P_O_14_CA056,Ground_Daily,P_O_14_IC034_O (21-00-00),P_O_14_IC034_O_shape,P_O_14_IC034_O,0
P_O_14_CA056,Ground_Daily,P_O_14_IC034_R (06-30-00),P_O_14_IC034_R_shape,P_O_14_IC034_R,0
P_O_14_CA056,Ground_Daily,P_O_14_IC034_R (08-00-00),P_O_14_IC034_R_shape,P_O_14_IC034_R,0
P_O_14_CA056,Ground_Daily,P_O_14_IC034_R (09-00-00),P_O_14_IC034_R_shape,P_O_14_IC034_R,0
P_O_14_CA056,Ground_Daily,P_O_14_IC034_R (11-00-00),P_O_14_IC034_R_shape,P_O_14_IC034_R,0
P_O_14_CA056,Ground_Daily,P_O_14_IC034_R (13-00-00),P_O_14_IC034_R_shape,P_O_14_IC034_R,0
P_O_14_CA056,Ground_Daily,P_O_14_IC034_R (15-00-00),P_O_14_IC034_R_shape,P_O_14_IC034_R,0
P_O_14_CA056,Ground_Daily,P_O_14_IC034_R (17-00-00),P_O_14_IC034_R_shape,P_O_14_IC034_R,0
P_O_14_CA056,Ground_Daily,P_O_14_IC034_R (19-00-00),P_O_14_IC034_R_shape,P_O_14_IC034_R,0
P_O_14_CA056,Ground_Daily,P_O_14_IC034_R (21-00-00),P_O_14_IC034_R_shape,P_O_14_IC034_R,0
P_O_14_CA056,Ground_Daily,P_O_14_IC054_O (06-30-00),P_O_14_IC054_O_shape,P_O_14_IC054_O,0
P_O_14_CA056,Ground_Daily,P_O_14_IC054_O (08-00-00),P_O_14_IC054_O_shape,P_O_14_IC054_O,0
P_O_14_CA056,Ground_Daily,P_O_14_IC054_O (09-00-00),P_O_14_IC054_O_shape,P_O_14_IC054_O,0
P_O_14_CA056,Ground_Daily,P_O_14_IC054_O (11-00-00),P_O_14_IC054_O_shape,P_O_14_IC054_O,0
P_O_14_CA056,Ground_Daily,P_O_14_IC054_O (13-00-00),P_O_14_IC054_O_shape,P_O_14_IC054_O,0
P_O_14_CA056,Ground_Daily,P_O_14_IC054_O (15-00-00),P_O_14_IC054_O_shape,P_O_14_IC054_O,0
P_O_14_CA056,Ground_Daily,P_O_14_IC054_O (17-00-00),P_O_14_IC054_O_shape,P_O_14_IC054_O,0
P_O_14_CA056,Ground_Daily,P_O_14_IC054_O (19-00-00),P_O_14_IC054_O_shape,P_O_14_IC054_O,0
P_O_14_CA056,Ground_Daily,P_O_14_IC054_O (21-00-00),P_O_14_IC054_O_shape,P_O_14_IC054_O,0
P_O_14_CA056,Ground_Daily,P_O_14_IC063_O (06-30-00),P_O_14_IC063_O_shape,P_O_14_IC063_O,0
P_O_14_CA056,Ground_Daily,P_O_14_IC063_O (08-00-00),P_O_14_IC063_O_shape,P_O_14_IC063_O,0
P_O_14_CA056,Ground_Daily,P_O_14_IC063_O (09-00-00),P_O_14_IC063_O_shape,P_O_14_IC063_O,0
P_O_14_CA056,Ground_Daily,P_O_14_IC063_O (11-00-00),P_O_14_IC063_O_shape,P_O_14_IC063_O,0
P_O_14_CA056,Ground_Daily,P_O_14_IC063_O (13-00-00),P_O_14_IC063_O_shape,P_O_14_IC063_O,0
P_O_14_CA056,Ground_Daily,P_O_14_IC063_O (15-00-00),P_O_14_IC063_O_shape,P_O_14_IC063_O,0
P_O_14_CA056,Ground_Daily,P_O_14_IC063_O (17-00-00),P_O_14_IC063_O_shape,P_O_14_IC063_O,0
P_O_14_CA056,Ground_Daily,P_O_14_IC063_O (19-00-00),P_O_14_IC063_O_shape,P_O_14_IC063_O,0
P_O_14_CA056,Ground_Daily,P_O_14_IC063_O (21-00-00),P_O_14_IC063_O_shape,P_O_14_IC063_O,0
P_O_14_CA056,Ground_Daily,P_O_14_IC071_O (06-30-00),P_O_14_IC071_O_shape,P_O_14_IC071_O,0
P_O_14_CA056,Ground_Daily,P_O_14_IC071_O (08-00-00),P_O_14_IC071_O_shape,P_O_14_IC071_O,0
P_O_14_CA056,Ground_Daily,P_O_14_IC071_O (09-00-00),P_O_14_IC071_O_shape,P_O_14_IC071_O,0
P_O_14_CA056,Ground_Daily,P_O_14_IC071_O (11-00-00),P_O_14_IC071_O_shape,P_O_14_IC071_O,0
P_O_14_CA056,Ground_Daily,P_O_14_IC071_O (13-00-00),P_O_14_IC071_O_shape,P_O_14_IC071_O,0
P_O_14_CA056,Ground_Daily,P_O_14_IC071_O (15-00-00),P_O_14_IC071_O_shape,P_O_14_IC071_O,0
P_O_14_CA056,Ground_Daily,P_O_14_IC071_O (17-00-00),P_O_14_IC071_O_shape,P_O_14_IC071_O,0
P_O_14_CA056,Ground_Daily,P_O_14_IC071_O (19-00-00),P_O_14_IC071_O_shape,P_O_14_IC071_O,0
P_O_14_CA056,Ground_Daily,P_O_14_IC071_O (21-00-00),P_O_14_IC071_O_shape,P_O_14_IC071_O,0
P_O_14_CA056,Ground_Daily,P_O_14_IC071_R (06-30-00),P_O_14_IC071_R_shape,P_O_14_IC071_R,0
P_O_14_CA056,Ground_Daily,P_O_14_IC071_R (08-00-00),P_O_14_IC071_R_shape,P_O_14_IC071_R,0
P_O_14_CA056,Ground_Daily,P_O_14_IC071_R (09-00-00),P_O_14_IC071_R_shape,P_O_14_IC071_R,0
P_O_14_CA056,Ground_Daily,P_O_14_IC071_R (11-00-00),P_O_14_IC071_R_shape,P_O_14_IC071_R,0
P_O_14_CA056,Ground_Daily,P_O_14_IC071_R (13-00-00),P_O_14_IC071_R_shape,P_O_14_IC071_R,0
P_O_14_CA056,Ground_Daily,P_O_14_IC071_R (15-00-00),P_O_14_IC071_R_shape,P_O_14_IC071_R,0
P_O_14_CA056,Ground_Daily,P_O_14_IC071_R (17-00-00),P_O_14_IC071_R_shape,P_O_14_IC071_R,0
P_O_14_CA056,Ground_Daily,P_O_14_IC071_R (19-00-00),P_O_14_IC071_R_shape,P_O_14_IC071_R,0
P_O_14_CA056,Ground_Daily,P_O_14_IC071_R (21-00-00),P_O_14_IC071_R_shape,P_O_14_IC071_R,0
P_O_14_CA056,Ground_Daily,P_O_14_IC072_O (06-30-00),P_O_14_IC072_O_shape,P_O_14_IC072_O,0
P_O_14_CA056,Ground_Daily,P_O_14_IC072_O (08-00-00),P_O_14_IC072_O_shape,P_O_14_IC072_O,0
P_O_14_CA056,Ground_Daily,P_O_14_IC072_O (09-00-00),P_O_14_IC072_O_shape,P_O_14_IC072_O,0
P_O_14_CA056,Ground_Daily,P_O_14_IC072_O (11-00-00),P_O_14_IC072_O_shape,P_O_14_IC072_O,0
P_O_14_CA056,Ground_Daily,P_O_14_IC072_O (13-00-00),P_O_14_IC072_O_shape,P_O_14_IC072_O,0
P_O_14_CA056,Ground_Daily,P_O_14_IC072_O (15-00-00),P_O_14_IC072_O_shape,P_O_14_IC072_O,0
P_O_14_CA056,Ground_Daily,P_O_14_IC072_O (17-00-00),P_O_14_IC072_O_shape,P_O_14_IC072_O,0
P_O_14_CA056,Ground_Daily,P_O_14_IC072_O (19-00-00),P_O_14_IC072_O_shape,P_O_14_IC072_O,0
P_O_14_CA056,Ground_Daily,P_O_14_IC072_O (21-00-00),P_O_14_IC072_O_shape,P_O_14_IC072_O,0
P_O_14_CA056,Ground_Daily,P_O_14_IC079_O (06-30-00),P_O_14_IC079_O_shape,P_O_14_IC079_O,0
P_O_14_CA056,Ground_Daily,P_O_14_IC079_O (08-00-00),P_O_14_IC079_O_shape,P_O_14_IC079_O,0
P_O_14_CA056,Ground_Daily,P_O_14_IC079_O (09-00-00),P_O_14_IC079_O_shape,P_O_14_IC079_O,0
P_O_14_CA056,Ground_Daily,P_O_14_IC079_O (11-00-00),P_O_14_IC079_O_shape,P_O_14_IC079_O,0
P_O_14_CA056,Ground_Daily,P_O_14_IC079_O (13-00-00),P_O_14_IC079_O_shape,P_O_14_IC079_O,0
P_O_14_CA056,Ground_Daily,P_O_14_IC079_O (15-00-00),P_O_14_IC079_O_shape,P_O_14_IC079_O,0
P_O_14_CA056,Ground_Daily,P_O_14_IC079_O (17-00-00),P_O_14_IC079_O_shape,P_O_14_IC079_O,0
P_O_14_CA056,Ground_Daily,P_O_14_IC079_O (19-00-00),P_O_14_IC079_O_shape,P_O_14_IC079_O,0
P_O_14_CA056,Ground_Daily,P_O_14_IC079_O (21-00-00),P_O_14_IC079_O_shape,P_O_14_IC079_O,0
P_O_14_CA056,Ground_Daily,P_O_14_IC079_R (06-30-00),P_O_14_IC079_R_shape,P_O_14_IC079_R,0
P_O_14_CA056,Ground_Daily,P_O_14_IC079_R (08-00-00),P_O_14_IC079_R_shape,P_O_14_IC079_R,0
P_O_14_CA056,Ground_Daily,P_O_14_IC079_R (09-00-00),P_O_14_IC079_R_shape,P_O_14_IC079_R,0
P_O_14_CA056,Ground_Daily,P_O_14_IC079_R (11-00-00),P_O_14_IC079_R_shape,P_O_14_IC079_R,0
P_O_14_CA056,Ground_Daily,P_O_14_IC079_R (13-00-00),P_O_14_IC079_R_shape,P_O_14_IC079_R,0
P_O_14_CA056,Ground_Daily,P_O_14_IC079_R (15-00-00),P_O_14_IC079_R_shape,P_O_14_IC079_R,0
P_O_14_CA056,Ground_Daily,P_O_14_IC079_R (17-00-00),P_O_14_IC079_R_shape,P_O_14_IC079_R,0
P_O_14_CA056,Ground_Daily,P_O_14_IC079_R (19-00-00),P_O_14_IC079_R_shape,P_O_14_IC079_R,0
P_O_14_CA056,Ground_Daily,P_O_14_IC079_R (21-00-00),P_O_14_IC079_R_shape,P_O_14_IC079_R,0
P_O_14_CA056,Ground_Daily,P_O_14_IC098_O (06-30-00),P_O_14_IC098_O_shape,P_O_14_IC098_O,0
P_O_14_CA056,Ground_Daily,P_O_14_IC098_O (08-00-00),P_O_14_IC098_O_shape,P_O_14_IC098_O,0
P_O_14_CA056,Ground_Daily,P_O_14_IC098_O (09-00-00),P_O_14_IC098_O_shape,P_O_14_IC098_O,0
P_O_14_CA056,Ground_Daily,P_O_14_IC098_O (11-00-00),P_O_14_IC098_O_shape,P_O_14_IC098_O,0
P_O_14_CA056,Ground_Daily,P_O_14_IC098_O (13-00-00),P_O_14_IC098_O_shape,P_O_14_IC098_O,0
P_O_14_CA056,Ground_Daily,P_O_14_IC098_O (15-00-00),P_O_14_IC098_O_shape,P_O_14_IC098_O,0
P_O_14_CA056,Ground_Daily,P_O_14_IC098_O (17-00-00),P_O_14_IC098_O_shape,P_O_14_IC098_O,0
P_O_14_CA056,Ground_Daily,P_O_14_IC098_O (19-00-00),P_O_14_IC098_O_shape,P_O_14_IC098_O,0
P_O_14_CA056,Ground_Daily,P_O_14_IC098_O (21-00-00),P_O_14_IC098_O_shape,P_O_14_IC098_O,0
P_O_14_CA056,Ground_Daily,P_O_14_IC098_R (06-30-00),P_O_14_IC098_R_shape,P_O_14_IC098_R,0
P_O_14_CA056,Ground_Daily,P_O_14_IC098_R (08-00-00),P_O_14_IC098_R_shape,P_O_14_IC098_R,0
P_O_14_CA056,Ground_Daily,P_O_14_IC098_R (09-00-00),P_O_14_IC098_R_shape,P_O_14_IC098_R,0
P_O_14_CA056,Ground_Daily,P_O_14_IC098_R (11-00-00),P_O_14_IC098_R_shape,P_O_14_IC098_R,0
P_O_14_CA056,Ground_Daily,P_O_14_IC098_R (13-00-00),P_O_14_IC098_R_shape,P_O_14_IC098_R,0
P_O_14_CA056,Ground_Daily,P_O_14_IC098_R (15-00-00),P_O_14_IC098_R_shape,P_O_14_IC098_R,0
P_O_14_CA056,Ground_Daily,P_O_14_IC098_R (17-00-00),P_O_14_IC098_R_shape,P_O_14_IC098_R,0
P_O_14_CA056,Ground_Daily,P_O_14_IC098_R (19-00-00),P_O_14_IC098_R_shape,P_O_14_IC098_R,0
P_O_14_CA056,Ground_Daily,P_O_14_IC098_R (21-00-00),P_O_14_IC098_R_shape,P_O_14_IC098_R,0
P_O_14_CA056,Ground_Daily,P_O_14_IC099_R (06-30-00),P_O_14_IC099_R_shape,P_O_14_IC099_R,0
P_O_14_CA056,Ground_Daily,P_O_14_IC099_R (08-00-00),P_O_14_IC099_R_shape,P_O_14_IC099_R,0
P_O_14_CA056,Ground_Daily,P_O_14_IC099_R (09-00-00),P_O_14_IC099_R_shape,P_O_14_IC099_R,0
P_O_14_CA056,Ground_Daily,P_O_14_IC099_R (11-00-00),P_O_14_IC099_R_shape,P_O_14_IC099_R,0
P_O_14_CA056,Ground_Daily,P_O_14_IC099_R (13-00-00),P_O_14_IC099_R_shape,P_O_14_IC099_R,0
P_O_14_CA056,Ground_Daily,P_O_14_IC099_R (15-00-00),P_O_14_IC099_R_shape,P_O_14_IC099_R,0
P_O_14_CA056,Ground_Daily,P_O_14_IC099_R (17-00-00),P_O_14_IC099_R_shape,P_O_14_IC099_R,0
P_O_14_CA056,Ground_Daily,P_O_14_IC099_R (19-00-00),P_O_14_IC099_R_shape,P_O_14_IC099_R,0
P_O_14_CA056,Ground_Daily,P_O_14_IC099_R (21-00-00),P_O_14_IC099_R_shape,P_O_14_IC099_R,0
P_O_14_CA056,Ground_Daily,P_O_14_IC100_O (06-30-00),P_O_14_IC100_O_shape,P_O_14_IC100_O,0
P_O_14_CA056,Ground_Daily,P_O_14_IC100_O (08-00-00),P_O_14_IC100_O_shape,P_O_14_IC100_O,0
P_O_14_CA056,Ground_Daily,P_O_14_IC100_O (09-00-00),P_O_14_IC100_O_shape,P_O_14_IC100_O,0
P_O_14_CA056,Ground_Daily,P_O_14_IC100_O (11-00-00),P_O_14_IC100_O_shape,P_O_14_IC100_O,0
P_O_14_CA056,Ground_Daily,P_O_14_IC100_O (13-00-00),P_O_14_IC100_O_shape,P_O_14_IC100_O,0
P_O_14_CA056,Ground_Daily,P_O_14_IC100_O (15-00-00),P_O_14_IC100_O_shape,P_O_14_IC100_O,0
P_O_14_CA056,Ground_Daily,P_O_14_IC100_O (17-00-00),P_O_14_IC100_O_shape,P_O_14_IC100_O,0
P_O_14_CA056,Ground_Daily,P_O_14_IC100_O (19-00-00),P_O_14_IC100_O_shape,P_O_14_IC100_O,0
P_O_14_CA056,Ground_Daily,P_O_14_IC100_O (21-00-00),P_O_14_IC100_O_shape,P_O_14_IC100_O,0
P_O_14_CA056,Ground_Daily,P_O_14_IC101_O (06-30-00),P_O_14_IC101_O_shape,P_O_14_IC101_O,0
P_O_14_CA056,Ground_Daily,P_O_14_IC101_O (08-00-00),P_O_14_IC101_O_shape,P_O_14_IC101_O,0
P_O_14_CA056,Ground_Daily,P_O_14_IC101_O (09-00-00),P_O_14_IC101_O_shape,P_O_14_IC101_O,0
P_O_14_CA056,Ground_Daily,P_O_14_IC101_O (11-00-00),P_O_14_IC101_O_shape,P_O_14_IC101_O,0
P_O_14_CA056,Ground_Daily,P_O_14_IC101_O (13-00-00),P_O_14_IC101_O_shape,P_O_14_IC101_O,0
P_O_14_CA056,Ground_Daily,P_O_14_IC101_O (15-00-00),P_O_14_IC101_O_shape,P_O_14_IC101_O,0
P_O_14_CA056,Ground_Daily,P_O_14_IC101_O (17-00-00),P_O_14_IC101_O_shape,P_O_14_IC101_O,0
P_O_14_CA056,Ground_Daily,P_O_14_IC101_O (19-00-00),P_O_14_IC101_O_shape,P_O_14_IC101_O,0
P_O_14_CA056,Ground_Daily,P_O_14_IC101_O (21-00-00),P_O_14_IC101_O_shape,P_O_14_IC101_O,0
P_O_14_CA056,Ground_Daily,P_O_14_IC101_R (06-30-00),P_O_14_IC101_R_shape,P_O_14_IC101_R,0
P_O_14_CA056,Ground_Daily,P_O_14_IC101_R (08-00-00),P_O_14_IC101_R_shape,P_O_14_IC101_R,0
P_O_14_CA056,Ground_Daily,P_O_14_IC101_R (09-00-00),P_O_14_IC101_R_shape,P_O_14_IC101_R,0
P_O_14_CA056,Ground_Daily,P_O_14_IC101_R (11-00-00),P_O_14_IC101_R_shape,P_O_14_IC101_R,0
P_O_14_CA056,Ground_Daily,P_O_14_IC101_R (13-00-00),P_O_14_IC101_R_shape,P_O_14_IC101_R,0
P_O_14_CA056,Ground_Daily,P_O_14_IC101_R (15-00-00),P_O_14_IC101_R_shape,P_O_14_IC101_R,0
P_O_14_CA056,Ground_Daily,P_O_14_IC101_R (17-00-00),P_O_14_IC101_R_shape,P_O_14_IC101_R,0
P_O_14_CA056,Ground_Daily,P_O_14_IC101_R (19-00-00),P_O_14_IC101_R_shape,P_O_14_IC101_R,0
P_O_14_CA056,Ground_Daily,P_O_14_IC101_R (21-00-00),P_O_14_IC101_R_shape,P_O_14_IC101_R,0
P_O_14_CA056,Ground_Daily,P_O_14_IC102_O (06-30-00),P_O_14_IC102_O_shape,P_O_14_IC102_O,0
P_O_14_CA056,Ground_Daily,P_O_14_IC102_O (08-00-00),P_O_14_IC102_O_shape,P_O_14_IC102_O,0
P_O_14_CA056,Ground_Daily,P_O_14_IC102_O (09-00-00),P_O_14_IC102_O_shape,P_O_14_IC102_O,0
P_O_14_CA056,Ground_Daily,P_O_14_IC102_O (11-00-00),P_O_14_IC102_O_shape,P_O_14_IC102_O,0
P_O_14_CA056,Ground_Daily,P_O_14_IC102_O (13-00-00),P_O_14_IC102_O_shape,P_O_14_IC102_O,0
P_O_14_CA056,Ground_Daily,P_O_14_IC102_O (15-00-00),P_O_14_IC102_O_shape,P_O_14_IC102_O,0
P_O_14_CA056,Ground_Daily,P_O_14_IC102_O (17-00-00),P_O_14_IC102_O_shape,P_O_14_IC102_O,0
P_O_14_CA056,Ground_Daily,P_O_14_IC102_O (19-00-00),P_O_14_IC102_O_shape,P_O_14_IC102_O,0
P_O_14_CA056,Ground_Daily,P_O_14_IC102_O (21-00-00),P_O_14_IC102_O_shape,P_O_14_IC102_O,0
P_O_14_CA056,Ground_Daily,P_O_14_IC102_R (06-30-00),P_O_14_IC102_R_shape,P_O_14_IC102_R,0
P_O_14_CA056,Ground_Daily,P_O_14_IC102_R (08-00-00),P_O_14_IC102_R_shape,P_O_14_IC102_R,0
P_O_14_CA056,Ground_Daily,P_O_14_IC102_R (09-00-00),P_O_14_IC102_R_shape,P_O_14_IC102_R,0
P_O_14_CA056,Ground_Daily,P_O_14_IC102_R (11-00-00),P_O_14_IC102_R_shape,P_O_14_IC102_R,0
P_O_14_CA056,Ground_Daily,P_O_14_IC102_R (13-00-00),P_O_14_IC102_R_shape,P_O_14_IC102_R,0
P_O_14_CA056,Ground_Daily,P_O_14_IC102_R (15-00-00),P_O_14_IC102_R_shape,P_O_14_IC102_R,0
P_O_14_CA056,Ground_Daily,P_O_14_IC102_R (17-00-00),P_O_14_IC102_R_shape,P_O_14_IC102_R,0
P_O_14_CA056,Ground_Daily,P_O_14_IC102_R (19-00-00),P_O_14_IC102_R_shape,P_O_14_IC102_R,0
P_O_14_CA056,Ground_Daily,P_O_14_IC102_R (21-00-00),P_O_14_IC102_R_shape,P_O_14_IC102_R,0
P_O_14_CA056,Ground_Daily,P_O_14_IG001_O (06-30-00),P_O_14_IG001_O_shape,P_O_14_IG001_O,0
P_O_14_CA056,Ground_Daily,P_O_14_IG001_O (08-00-00),P_O_14_IG001_O_shape,P_O_14_IG001_O,0
P_O_14_CA056,Ground_Daily,P_O_14_IG001_O (09-00-00),P_O_14_IG001_O_shape,P_O_14_IG001_O,0
P_O_14_CA056,Ground_Daily,P_O_14_IG001_O (11-00-00),P_O_14_IG001_O_shape,P_O_14_IG001_O,0
P_O_14_CA056,Ground_Daily,P_O_14_IG001_O (13-00-00),P_O_14_IG001_O_shape,P_O_14_IG001_O,0
P_O_14_CA056,Ground_Daily,P_O_14_IG001_O (15-00-00),P_O_14_IG001_O_shape,P_O_14_IG001_O,0
P_O_14_CA056,Ground_Daily,P_O_14_IG001_O (17-00-00),P_O_14_IG001_O_shape,P_O_14_IG001_O,0
P_O_14_CA056,Ground_Daily,P_O_14_IG001_O (19-00-00),P_O_14_IG001_O_shape,P_O_14_IG001_O,0
P_O_14_CA056,Ground_Daily,P_O_14_IG001_O (21-00-00),P_O_14_IG001_O_shape,P_O_14_IG001_O,0
P_O_14_CA056,Ground_Daily,P_O_14_IG001_R (06-30-00),P_O_14_IG001_R_shape,P_O_14_IG001_R,0
P_O_14_CA056,Ground_Daily,P_O_14_IG001_R (08-00-00),P_O_14_IG001_R_shape,P_O_14_IG001_R,0
P_O_14_CA056,Ground_Daily,P_O_14_IG001_R (09-00-00),P_O_14_IG001_R_shape,P_O_14_IG001_R,0
P_O_14_CA056,Ground_Daily,P_O_14_IG001_R (11-00-00),P_O_14_IG001_R_shape,P_O_14_IG001_R,0
P_O_14_CA056,Ground_Daily,P_O_14_IG001_R (13-00-00),P_O_14_IG001_R_shape,P_O_14_IG001_R,0
P_O_14_CA056,Ground_Daily,P_O_14_IG001_R (15-00-00),P_O_14_IG001_R_shape,P_O_14_IG001_R,0
P_O_14_CA056,Ground_Daily,P_O_14_IG001_R (17-00-00),P_O_14_IG001_R_shape,P_O_14_IG001_R,0
P_O_14_CA056,Ground_Daily,P_O_14_IG001_R (19-00-00),P_O_14_IG001_R_shape,P_O_14_IG001_R,0
P_O_14_CA056,Ground_Daily,P_O_14_IG001_R (21-00-00),P_O_14_IG001_R_shape,P_O_14_IG001_R,0
P_O_14_CA056,Ground_Daily,P_O_14_IG002_R (06-30-00),P_O_14_IG002_R_shape,P_O_14_IG002_R,0
P_O_14_CA056,Ground_Daily,P_O_14_IG002_R (08-00-00),P_O_14_IG002_R_shape,P_O_14_IG002_R,0
P_O_14_CA056,Ground_Daily,P_O_14_IG002_R (09-00-00),P_O_14_IG002_R_shape,P_O_14_IG002_R,0
P_O_14_CA056,Ground_Daily,P_O_14_IG002_R (11-00-00),P_O_14_IG002_R_shape,P_O_14_IG002_R,0
P_O_14_CA056,Ground_Daily,P_O_14_IG002_R (13-00-00),P_O_14_IG002_R_shape,P_O_14_IG002_R,0
P_O_14_CA056,Ground_Daily,P_O_14_IG002_R (15-00-00),P_O_14_IG002_R_shape,P_O_14_IG002_R,0
P_O_14_CA056,Ground_Daily,P_O_14_IG002_R (17-00-00),P_O_14_IG002_R_shape,P_O_14_IG002_R,0
P_O_14_CA056,Ground_Daily,P_O_14_IG002_R (19-00-00),P_O_14_IG002_R_shape,P_O_14_IG002_R,0
P_O_14_CA056,Ground_Daily,P_O_14_IG002_R (21-00-00),P_O_14_IG002_R_shape,P_O_14_IG002_R,0
P_O_14_CA056,Ground_Daily,P_O_14_IG003_O (06-30-00),P_O_14_IG003_O_shape,P_O_14_IG003_O,0
P_O_14_CA056,Ground_Daily,P_O_14_IG003_O (08-00-00),P_O_14_IG003_O_shape,P_O_14_IG003_O,0
P_O_14_CA056,Ground_Daily,P_O_14_IG003_O (09-00-00),P_O_14_IG003_O_shape,P_O_14_IG003_O,0
P_O_14_CA056,Ground_Daily,P_O_14_IG003_O (11-00-00),P_O_14_IG003_O_shape,P_O_14_IG003_O,0
P_O_14_CA056,Ground_Daily,P_O_14_IG003_O (13-00-00),P_O_14_IG003_O_shape,P_O_14_IG003_O,0
P_O_14_CA056,Ground_Daily,P_O_14_IG003_O (15-00-00),P_O_14_IG003_O_shape,P_O_14_IG003_O,0
P_O_14_CA056,Ground_Daily,P_O_14_IG003_O (17-00-00),P_O_14_IG003_O_shape,P_O_14_IG003_O,0
P_O_14_CA056,Ground_Daily,P_O_14_IG003_O (19-00-00),P_O_14_IG003_O_shape,P_O_14_IG003_O,0
P_O_14_CA056,Ground_Daily,P_O_14_IG003_O (21-00-00),P_O_14_IG003_O_shape,P_O_14_IG003_O,0
P_O_14_CA056,Ground_Daily,P_O_14_IG004_O (06-30-00),P_O_14_IG004_O_shape,P_O_14_IG004_O,0
P_O_14_CA056,Ground_Daily,P_O_14_IG004_O (08-00-00),P_O_14_IG004_O_shape,P_O_14_IG004_O,0
P_O_14_CA056,Ground_Daily,P_O_14_IG004_O (09-00-00),P_O_14_IG004_O_shape,P_O_14_IG004_O,0
P_O_14_CA056,Ground_Daily,P_O_14_IG004_O (11-00-00),P_O_14_IG004_O_shape,P_O_14_IG004_O,0
P_O_14_CA056,Ground_Daily,P_O_14_IG004_O (13-00-00),P_O_14_IG004_O_shape,P_O_14_IG004_O,0
P_O_14_CA056,Ground_Daily,P_O_14_IG004_O (15-00-00),P_O_14_IG004_O_shape,P_O_14_IG004_O,0
P_O_14_CA056,Ground_Daily,P_O_14_IG004_O (17-00-00),P_O_14_IG004_O_shape,P_O_14_IG004_O,0
P_O_14_CA056,Ground_Daily,P_O_14_IG004_O (19-00-00),P_O_14_IG004_O_shape,P_O_14_IG004_O,0
P_O_14_CA056,Ground_Daily,P_O_14_IG004_O (21-00-00),P_O_14_IG004_O_shape,P_O_14_IG004_O,0
P_O_14_CA056,Ground_Daily,P_O_14_IG004_R (06-30-00),P_O_14_IG004_R_shape,P_O_14_IG004_R,0
P_O_14_CA056,Ground_Daily,P_O_14_IG004_R (08-00-00),P_O_14_IG004_R_shape,P_O_14_IG004_R,0
P_O_14_CA056,Ground_Daily,P_O_14_IG004_R (09-00-00),P_O_14_IG004_R_shape,P_O_14_IG004_R,0
P_O_14_CA056,Ground_Daily,P_O_14_IG004_R (11-00-00),P_O_14_IG004_R_shape,P_O_14_IG004_R,0
P_O_14_CA056,Ground_Daily,P_O_14_IG004_R (13-00-00),P_O_14_IG004_R_shape,P_O_14_IG004_R,0
P_O_14_CA056,Ground_Daily,P_O_14_IG004_R (15-00-00),P_O_14_IG004_R_shape,P_O_14_IG004_R,0
P_O_14_CA056,Ground_Daily,P_O_14_IG004_R (17-00-00),P_O_14_IG004_R_shape,P_O_14_IG004_R,0
P_O_14_CA056,Ground_Daily,P_O_14_IG004_R (19-00-00),P_O_14_IG004_R_shape,P_O_14_IG004_R,0
P_O_14_CA056,Ground_Daily,P_O_14_IG004_R (21-00-00),P_O_14_IG004_R_shape,P_O_14_IG004_R,0
P_O_14_CA056,Ground_Daily,P_O_14_IG005_O (06-30-00),P_O_14_IG005_O_shape,P_O_14_IG005_O,0
P_O_14_CA056,Ground_Daily,P_O_14_IG005_O (08-00-00),P_O_14_IG005_O_shape,P_O_14_IG005_O,0
P_O_14_CA056,Ground_Daily,P_O_14_IG005_O (09-00-00),P_O_14_IG005_O_shape,P_O_14_IG005_O,0
P_O_14_CA056,Ground_Daily,P_O_14_IG005_O (11-00-00),P_O_14_IG005_O_shape,P_O_14_IG005_O,0
P_O_14_CA056,Ground_Daily,P_O_14_IG005_O (13-00-00),P_O_14_IG005_O_shape,P_O_14_IG005_O,0
P_O_14_CA056,Ground_Daily,P_O_14_IG005_O (15-00-00),P_O_14_IG005_O_shape,P_O_14_IG005_O,0
P_O_14_CA056,Ground_Daily,P_O_14_IG005_O (17-00-00),P_O_14_IG005_O_shape,P_O_14_IG005_O,0
P_O_14_CA056,Ground_Daily,P_O_14_IG005_O (19-00-00),P_O_14_IG005_O_shape,P_O_14_IG005_O,0
P_O_14_CA056,Ground_Daily,P_O_14_IG005_O (21-00-00),P_O_14_IG005_O_shape,P_O_14_IG005_O,0
P_O_14_CA056,Ground_Daily,P_O_14_IG005_R (06-30-00),P_O_14_IG005_R_shape,P_O_14_IG005_R,0
P_O_14_CA056,Ground_Daily,P_O_14_IG005_R (08-00-00),P_O_14_IG005_R_shape,P_O_14_IG005_R,0
P_O_14_CA056,Ground_Daily,P_O_14_IG005_R (09-00-00),P_O_14_IG005_R_shape,P_O_14_IG005_R,0
P_O_14_CA056,Ground_Daily,P_O_14_IG005_R (11-00-00),P_O_14_IG005_R_shape,P_O_14_IG005_R,0
P_O_14_CA056,Ground_Daily,P_O_14_IG005_R (13-00-00),P_O_14_IG005_R_shape,P_O_14_IG005_R,0
P_O_14_CA056,Ground_Daily,P_O_14_IG005_R (15-00-00),P_O_14_IG005_R_shape,P_O_14_IG005_R,0
P_O_14_CA056,Ground_Daily,P_O_14_IG005_R (17-00-00),P_O_14_IG005_R_shape,P_O_14_IG005_R,0
P_O_14_CA056,Ground_Daily,P_O_14_IG005_R (19-00-00),P_O_14_IG005_R_shape,P_O_14_IG005_R,0
P_O_14_CA056,Ground_Daily,P_O_14_IG005_R (21-00-00),P_O_14_IG005_R_shape,P_O_14_IG005_R,0
P_O_14_CA056,Ground_Daily,P_O_14_IG006_O (06-30-00),P_O_14_IG006_O_shape,P_O_14_IG006_O,0
P_O_14_CA056,Ground_Daily,P_O_14_IG006_O (08-00-00),P_O_14_IG006_O_shape,P_O_14_IG006_O,0
P_O_14_CA056,Ground_Daily,P_O_14_IG006_O (09-00-00),P_O_14_IG006_O_shape,P_O_14_IG006_O,0
P_O_14_CA056,Ground_Daily,P_O_14_IG006_O (11-00-00),P_O_14_IG006_O_shape,P_O_14_IG006_O,0
P_O_14_CA056,Ground_Daily,P_O_14_IG006_O (13-00-00),P_O_14_IG006_O_shape,P_O_14_IG006_O,0
P_O_14_CA056,Ground_Daily,P_O_14_IG006_O (15-00-00),P_O_14_IG006_O_shape,P_O_14_IG006_O,0
P_O_14_CA056,Ground_Daily,P_O_14_IG006_O (17-00-00),P_O_14_IG006_O_shape,P_O_14_IG006_O,0
P_O_14_CA056,Ground_Daily,P_O_14_IG006_O (19-00-00),P_O_14_IG006_O_shape,P_O_14_IG006_O,0
P_O_14_CA056,Ground_Daily,P_O_14_IG006_O (21-00-00),P_O_14_IG006_O_shape,P_O_14_IG006_O,0
P_O_14_CA056,Ground_Daily,P_O_14_IG006_R (06-30-00),P_O_14_IG006_R_shape,P_O_14_IG006_R,0
P_O_14_CA056,Ground_Daily,P_O_14_IG006_R (08-00-00),P_O_14_IG006_R_shape,P_O_14_IG006_R,0
P_O_14_CA056,Ground_Daily,P_O_14_IG006_R (09-00-00),P_O_14_IG006_R_shape,P_O_14_IG006_R,0
P_O_14_CA056,Ground_Daily,P_O_14_IG006_R (11-00-00),P_O_14_IG006_R_shape,P_O_14_IG006_R,0
P_O_14_CA056,Ground_Daily,P_O_14_IG006_R (13-00-00),P_O_14_IG006_R_shape,P_O_14_IG006_R,0
P_O_14_CA056,Ground_Daily,P_O_14_IG006_R (15-00-00),P_O_14_IG006_R_shape,P_O_14_IG006_R,0
P_O_14_CA056,Ground_Daily,P_O_14_IG006_R (17-00-00),P_O_14_IG006_R_shape,P_O_14_IG006_R,0
P_O_14_CA056,Ground_Daily,P_O_14_IG006_R (19-00-00),P_O_14_IG006_R_shape,P_O_14_IG006_R,0
P_O_14_CA056,Ground_Daily,P_O_14_IG006_R (21-00-00),P_O_14_IG006_R_shape,P_O_14_IG006_R,0
P_O_14_CA056,Ground_Daily,P_O_14_IG009_O (06-30-00),P_O_14_IG009_O_shape,P_O_14_IG009_O,0
P_O_14_CA056,Ground_Daily,P_O_14_IG009_O (08-00-00),P_O_14_IG009_O_shape,P_O_14_IG009_O,0
P_O_14_CA056,Ground_Daily,P_O_14_IG009_O (09-00-00),P_O_14_IG009_O_shape,P_O_14_IG009_O,0
P_O_14_CA056,Ground_Daily,P_O_14_IG009_O (11-00-00),P_O_14_IG009_O_shape,P_O_14_IG009_O,0
P_O_14_CA056,Ground_Daily,P_O_14_IG009_O (13-00-00),P_O_14_IG009_O_shape,P_O_14_IG009_O,0
P_O_14_CA056,Ground_Daily,P_O_14_IG009_O (15-00-00),P_O_14_IG009_O_shape,P_O_14_IG009_O,0
P_O_14_CA056,Ground_Daily,P_O_14_IG009_O (17-00-00),P_O_14_IG009_O_shape,P_O_14_IG009_O,0
P_O_14_CA056,Ground_Daily,P_O_14_IG009_O (19-00-00),P_O_14_IG009_O_shape,P_O_14_IG009_O,0
P_O_14_CA056,Ground_Daily,P_O_14_IG009_O (21-00-00),P_O_14_IG009_O_shape,P_O_14_IG009_O,0
P_O_14_CA056,Ground_Daily,P_O_14_IG009_R (06-30-00),P_O_14_IG009_R_shape,P_O_14_IG009_R,0
P_O_14_CA056,Ground_Daily,P_O_14_IG009_R (08-00-00),P_O_14_IG009_R_shape,P_O_14_IG009_R,0
P_O_14_CA056,Ground_Daily,P_O_14_IG009_R (09-00-00),P_O_14_IG009_R_shape,P_O_14_IG009_R,0
P_O_14_CA056,Ground_Daily,P_O_14_IG009_R (11-00-00),P_O_14_IG009_R_shape,P_O_14_IG009_R,0
P_O_14_CA056,Ground_Daily,P_O_14_IG009_R (13-00-00),P_O_14_IG009_R_shape,P_O_14_IG009_R,0
P_O_14_CA056,Ground_Daily,P_O_14_IG009_R (15-00-00),P_O_14_IG009_R_shape,P_O_14_IG009_R,0
P_O_14_CA056,Ground_Daily,P_O_14_IG009_R (17-00-00),P_O_14_IG009_R_shape,P_O_14_IG009_R,0
P_O_14_CA056,Ground_Daily,P_O_14_IG009_R (19-00-00),P_O_14_IG009_R_shape,P_O_14_IG009_R,0
P_O_14_CA056,Ground_Daily,P_O_14_IG009_R (21-00-00),P_O_14_IG009_R_shape,P_O_14_IG009_R,0
P_O_14_CA056,Ground_Daily,P_O_14_IG010_O (06-30-00),P_O_14_IG010_O_shape,P_O_14_IG010_O,0
P_O_14_CA056,Ground_Daily,P_O_14_IG010_O (08-00-00),P_O_14_IG010_O_shape,P_O_14_IG010_O,0
P_O_14_CA056,Ground_Daily,P_O_14_IG010_O (09-00-00),P_O_14_IG010_O_shape,P_O_14_IG010_O,0
P_O_14_CA056,Ground_Daily,P_O_14_IG010_O (11-00-00),P_O_14_IG010_O_shape,P_O_14_IG010_O,0
P_O_14_CA056,Ground_Daily,P_O_14_IG010_O (13-00-00),P_O_14_IG010_O_shape,P_O_14_IG010_O,0
P_O_14_CA056,Ground_Daily,P_O_14_IG010_O (15-00-00),P_O_14_IG010_O_shape,P_O_14_IG010_O,0
P_O_14_CA056,Ground_Daily,P_O_14_IG010_O (17-00-00),P_O_14_IG010_O_shape,P_O_14_IG010_O,0
P_O_14_CA056,Ground_Daily,P_O_14_IG010_O (19-00-00),P_O_14_IG010_O_shape,P_O_14_IG010_O,0
P_O_14_CA056,Ground_Daily,P_O_14_IG010_O (21-00-00),P_O_14_IG010_O_shape,P_O_14_IG010_O,0
P_O_14_CA056,Ground_Daily,P_O_14_IG010_R (06-30-00),P_O_14_IG010_R_shape,P_O_14_IG010_R,0
P_O_14_CA056,Ground_Daily,P_O_14_IG010_R (08-00-00),P_O_14_IG010_R_shape,P_O_14_IG010_R,0
P_O_14_CA056,Ground_Daily,P_O_14_IG010_R (09-00-00),P_O_14_IG010_R_shape,P_O_14_IG010_R,0
P_O_14_CA056,Ground_Daily,P_O_14_IG010_R (11-00-00),P_O_14_IG010_R_shape,P_O_14_IG010_R,0
P_O_14_CA056,Ground_Daily,P_O_14_IG010_R (13-00-00),P_O_14_IG010_R_shape,P_O_14_IG010_R,0
P_O_14_CA056,Ground_Daily,P_O_14_IG010_R (15-00-00),P_O_14_IG010_R_shape,P_O_14_IG010_R,0
P_O_14_CA056,Ground_Daily,P_O_14_IG010_R (17-00-00),P_O_14_IG010_R_shape,P_O_14_IG010_R,0
P_O_14_CA056,Ground_Daily,P_O_14_IG010_R (19-00-00),P_O_14_IG010_R_shape,P_O_14_IG010_R,0
P_O_14_CA056,Ground_Daily,P_O_14_IG010_R (21-00-00),P_O_14_IG010_R_shape,P_O_14_IG010_R,0
P_O_14_CA056,Ground_Daily,P_O_14_IG011_O (06-30-00),P_O_14_IG011_O_shape,P_O_14_IG011_O,0
P_O_14_CA056,Ground_Daily,P_O_14_IG011_O (08-00-00),P_O_14_IG011_O_shape,P_O_14_IG011_O,0
P_O_14_CA056,Ground_Daily,P_O_14_IG011_O (09-00-00),P_O_14_IG011_O_shape,P_O_14_IG011_O,0
P_O_14_CA056,Ground_Daily,P_O_14_IG011_O (11-00-00),P_O_14_IG011_O_shape,P_O_14_IG011_O,0
P_O_14_CA056,Ground_Daily,P_O_14_IG011_O (13-00-00),P_O_14_IG011_O_shape,P_O_14_IG011_O,0
P_O_14_CA056,Ground_Daily,P_O_14_IG011_O (15-00-00),P_O_14_IG011_O_shape,P_O_14_IG011_O,0
P_O_14_CA056,Ground_Daily,P_O_14_IG011_O (17-00-00),P_O_14_IG011_O_shape,P_O_14_IG011_O,0
P_O_14_CA056,Ground_Daily,P_O_14_IG011_O (19-00-00),P_O_14_IG011_O_shape,P_O_14_IG011_O,0
P_O_14_CA056,Ground_Daily,P_O_14_IG011_O (21-00-00),P_O_14_IG011_O_shape,P_O_14_IG011_O,0
P_O_14_CA056,Ground_Daily,P_O_14_IG011_R (06-30-00),P_O_14_IG011_R_shape,P_O_14_IG011_R,0
P_O_14_CA056,Ground_Daily,P_O_14_IG011_R (08-00-00),P_O_14_IG011_R_shape,P_O_14_IG011_R,0
P_O_14_CA056,Ground_Daily,P_O_14_IG011_R (09-00-00),P_O_14_IG011_R_shape,P_O_14_IG011_R,0
P_O_14_CA056,Ground_Daily,P_O_14_IG011_R (11-00-00),P_O_14_IG011_R_shape,P_O_14_IG011_R,0
P_O_14_CA056,Ground_Daily,P_O_14_IG011_R (13-00-00),P_O_14_IG011_R_shape,P_O_14_IG011_R,0
P_O_14_CA056,Ground_Daily,P_O_14_IG011_R (15-00-00),P_O_14_IG011_R_shape,P_O_14_IG011_R,0
P_O_14_CA056,Ground_Daily,P_O_14_IG011_R (17-00-00),P_O_14_IG011_R_shape,P_O_14_IG011_R,0
P_O_14_CA056,Ground_Daily,P_O_14_IG011_R (19-00-00),P_O_14_IG011_R_shape,P_O_14_IG011_R,0
P_O_14_CA056,Ground_Daily,P_O_14_IG011_R (21-00-00),P_O_14_IG011_R_shape,P_O_14_IG011_R,0
P_O_14_CA056,Ground_Daily,P_O_14_IG012_O (06-30-00),P_O_14_IG012_O_shape,P_O_14_IG012_O,0
P_O_14_CA056,Ground_Daily,P_O_14_IG012_O (08-00-00),P_O_14_IG012_O_shape,P_O_14_IG012_O,0
P_O_14_CA056,Ground_Daily,P_O_14_IG012_O (09-00-00),P_O_14_IG012_O_shape,P_O_14_IG012_O,0
P_O_14_CA056,Ground_Daily,P_O_14_IG012_O (11-00-00),P_O_14_IG012_O_shape,P_O_14_IG012_O,0
P_O_14_CA056,Ground_Daily,P_O_14_IG012_O (13-00-00),P_O_14_IG012_O_shape,P_O_14_IG012_O,0
P_O_14_CA056,Ground_Daily,P_O_14_IG012_O (15-00-00),P_O_14_IG012_O_shape,P_O_14_IG012_O,0
P_O_14_CA056,Ground_Daily,P_O_14_IG012_O (17-00-00),P_O_14_IG012_O_shape,P_O_14_IG012_O,0
P_O_14_CA056,Ground_Daily,P_O_14_IG012_O (19-00-00),P_O_14_IG012_O_shape,P_O_14_IG012_O,0
P_O_14_CA056,Ground_Daily,P_O_14_IG012_O (21-00-00),P_O_14_IG012_O_shape,P_O_14_IG012_O,0
P_O_14_CA056,Ground_Daily,P_O_14_IG012_R (06-30-00),P_O_14_IG012_R_shape,P_O_14_IG012_R,0
P_O_14_CA056,Ground_Daily,P_O_14_IG012_R (08-00-00),P_O_14_IG012_R_shape,P_O_14_IG012_R,0
P_O_14_CA056,Ground_Daily,P_O_14_IG012_R (09-00-00),P_O_14_IG012_R_shape,P_O_14_IG012_R,0
P_O_14_CA056,Ground_Daily,P_O_14_IG012_R (11-00-00),P_O_14_IG012_R_shape,P_O_14_IG012_R,0
P_O_14_CA056,Ground_Daily,P_O_14_IG012_R (13-00-00),P_O_14_IG012_R_shape,P_O_14_IG012_R,0
P_O_14_CA056,Ground_Daily,P_O_14_IG012_R (15-00-00),P_O_14_IG012_R_shape,P_O_14_IG012_R,0
P_O_14_CA056,Ground_Daily,P_O_14_IG012_R (17-00-00),P_O_14_IG012_R_shape,P_O_14_IG012_R,0
P_O_14_CA056,Ground_Daily,P_O_14_IG012_R (19-00-00),P_O_14_IG012_R_shape,P_O_14_IG012_R,0
P_O_14_CA056,Ground_Daily,P_O_14_IG012_R (21-00-00),P_O_14_IG012_R_shape,P_O_14_IG012_R,0
P_O_14_CA056,Ground_Daily,P_O_14_IG013_O (06-30-00),P_O_14_IG013_O_shape,P_O_14_IG013_O,0
P_O_14_CA056,Ground_Daily,P_O_14_IG013_O (08-00-00),P_O_14_IG013_O_shape,P_O_14_IG013_O,0
P_O_14_CA056,Ground_Daily,P_O_14_IG013_O (09-00-00),P_O_14_IG013_O_shape,P_O_14_IG013_O,0
P_O_14_CA056,Ground_Daily,P_O_14_IG013_O (11-00-00),P_O_14_IG013_O_shape,P_O_14_IG013_O,0
P_O_14_CA056,Ground_Daily,P_O_14_IG013_O (13-00-00),P_O_14_IG013_O_shape,P_O_14_IG013_O,0
P_O_14_CA056,Ground_Daily,P_O_14_IG013_O (15-00-00),P_O_14_IG013_O_shape,P_O_14_IG013_O,0
P_O_14_CA056,Ground_Daily,P_O_14_IG013_O (17-00-00),P_O_14_IG013_O_shape,P_O_14_IG013_O,0
P_O_14_CA056,Ground_Daily,P_O_14_IG013_O (19-00-00),P_O_14_IG013_O_shape,P_O_14_IG013_O,0
P_O_14_CA056,Ground_Daily,P_O_14_IG013_O (21-00-00),P_O_14_IG013_O_shape,P_O_14_IG013_O,0
P_O_14_CA056,Ground_Daily,P_O_14_IG013_R (06-30-00),P_O_14_IG013_R_shape,P_O_14_IG013_R,0
P_O_14_CA056,Ground_Daily,P_O_14_IG013_R (08-00-00),P_O_14_IG013_R_shape,P_O_14_IG013_R,0
P_O_14_CA056,Ground_Daily,P_O_14_IG013_R (09-00-00),P_O_14_IG013_R_shape,P_O_14_IG013_R,0
P_O_14_CA056,Ground_Daily,P_O_14_IG013_R (11-00-00),P_O_14_IG013_R_shape,P_O_14_IG013_R,0
P_O_14_CA056,Ground_Daily,P_O_14_IG013_R (13-00-00),P_O_14_IG013_R_shape,P_O_14_IG013_R,0
P_O_14_CA056,Ground_Daily,P_O_14_IG013_R (15-00-00),P_O_14_IG013_R_shape,P_O_14_IG013_R,0
P_O_14_CA056,Ground_Daily,P_O_14_IG013_R (17-00-00),P_O_14_IG013_R_shape,P_O_14_IG013_R,0
P_O_14_CA056,Ground_Daily,P_O_14_IG013_R (19-00-00),P_O_14_IG013_R_shape,P_O_14_IG013_R,0
P_O_14_CA056,Ground_Daily,P_O_14_IG013_R (21-00-00),P_O_14_IG013_R_shape,P_O_14_IG013_R,0
P_O_14_CA056,Ground_Daily,P_O_14_IG014_O (06-30-00),P_O_14_IG014_O_shape,P_O_14_IG014_O,0
P_O_14_CA056,Ground_Daily,P_O_14_IG014_O (08-00-00),P_O_14_IG014_O_shape,P_O_14_IG014_O,0
P_O_14_CA056,Ground_Daily,P_O_14_IG014_O (09-00-00),P_O_14_IG014_O_shape,P_O_14_IG014_O,0
P_O_14_CA056,Ground_Daily,P_O_14_IG014_O (11-00-00),P_O_14_IG014_O_shape,P_O_14_IG014_O,0
P_O_14_CA056,Ground_Daily,P_O_14_IG014_O (13-00-00),P_O_14_IG014_O_shape,P_O_14_IG014_O,0
P_O_14_CA056,Ground_Daily,P_O_14_IG014_O (15-00-00),P_O_14_IG014_O_shape,P_O_14_IG014_O,0
P_O_14_CA056,Ground_Daily,P_O_14_IG014_O (17-00-00),P_O_14_IG014_O_shape,P_O_14_IG014_O,0
P_O_14_CA056,Ground_Daily,P_O_14_IG014_O (19-00-00),P_O_14_IG014_O_shape,P_O_14_IG014_O,0
P_O_14_CA056,Ground_Daily,P_O_14_IG014_O (21-00-00),P_O_14_IG014_O_shape,P_O_14_IG014_O,0
P_O_14_CA056,Ground_Daily,P_O_14_IG014_R (06-30-00),P_O_14_IG014_R_shape,P_O_14_IG014_R,0
P_O_14_CA056,Ground_Daily,P_O_14_IG014_R (08-00-00),P_O_14_IG014_R_shape,P_O_14_IG014_R,0
P_O_14_CA056,Ground_Daily,P_O_14_IG014_R (09-00-00),P_O_14_IG014_R_shape,P_O_14_IG014_R,0
P_O_14_CA056,Ground_Daily,P_O_14_IG014_R (11-00-00),P_O_14_IG014_R_shape,P_O_14_IG014_R,0
P_O_14_CA056,Ground_Daily,P_O_14_IG014_R (13-00-00),P_O_14_IG014_R_shape,P_O_14_IG014_R,0
P_O_14_CA056,Ground_Daily,P_O_14_IG014_R (15-00-00),P_O_14_IG014_R_shape,P_O_14_IG014_R,0
P_O_14_CA056,Ground_Daily,P_O_14_IG014_R (17-00-00),P_O_14_IG014_R_shape,P_O_14_IG014_R,0
P_O_14_CA056,Ground_Daily,P_O_14_IG014_R (19-00-00),P_O_14_IG014_R_shape,P_O_14_IG014_R,0
P_O_14_CA056,Ground_Daily,P_O_14_IG014_R (21-00-00),P_O_14_IG014_R_shape,P_O_14_IG014_R,0
P_O_14_CA056,Ground_Daily,P_O_14_IG015_O (06-30-00),P_O_14_IG015_O_shape,P_O_14_IG015_O,0
P_O_14_CA056,Ground_Daily,P_O_14_IG015_O (08-00-00),P_O_14_IG015_O_shape,P_O_14_IG015_O,0
P_O_14_CA056,Ground_Daily,P_O_14_IG015_O (09-00-00),P_O_14_IG015_O_shape,P_O_14_IG015_O,0
P_O_14_CA056,Ground_Daily,P_O_14_IG015_O (11-00-00),P_O_14_IG015_O_shape,P_O_14_IG015_O,0
P_O_14_CA056,Ground_Daily,P_O_14_IG015_O (13-00-00),P_O_14_IG015_O_shape,P_O_14_IG015_O,0
P_O_14_CA056,Ground_Daily,P_O_14_IG015_O (15-00-00),P_O_14_IG015_O_shape,P_O_14_IG015_O,0
P_O_14_CA056,Ground_Daily,P_O_14_IG015_O (17-00-00),P_O_14_IG015_O_shape,P_O_14_IG015_O,0
P_O_14_CA056,Ground_Daily,P_O_14_IG015_O (19-00-00),P_O_14_IG015_O_shape,P_O_14_IG015_O,0
P_O_14_CA056,Ground_Daily,P_O_14_IG015_O (21-00-00),P_O_14_IG015_O_shape,P_O_14_IG015_O,0
P_O_14_CA056,Ground_Daily,P_O_14_IG015_R (06-30-00),P_O_14_IG015_R_shape,P_O_14_IG015_R,0
P_O_14_CA056,Ground_Daily,P_O_14_IG015_R (08-00-00),P_O_14_IG015_R_shape,P_O_14_IG015_R,0
P_O_14_CA056,Ground_Daily,P_O_14_IG015_R (09-00-00),P_O_14_IG015_R_shape,P_O_14_IG015_R,0
P_O_14_CA056,Ground_Daily,P_O_14_IG015_R (11-00-00),P_O_14_IG015_R_shape,P_O_14_IG015_R,0
P_O_14_CA056,Ground_Daily,P_O_14_IG015_R (13-00-00),P_O_14_IG015_R_shape,P_O_14_IG015_R,0
P_O_14_CA056,Ground_Daily,P_O_14_IG015_R (15-00-00),P_O_14_IG015_R_shape,P_O_14_IG015_R,0
P_O_14_CA056,Ground_Daily,P_O_14_IG015_R (17-00-00),P_O_14_IG015_R_shape,P_O_14_IG015_R,0
P_O_14_CA056,Ground_Daily,P_O_14_IG015_R (19-00-00),P_O_14_IG015_R_shape,P_O_14_IG015_R,0
P_O_14_CA056,Ground_Daily,P_O_14_IG015_R (21-00-00),P_O_14_IG015_R_shape,P_O_14_IG015_R,0
P_O_14_CA056,Ground_Daily,P_O_14_IG016_O (06-30-00),P_O_14_IG016_O_shape,P_O_14_IG016_O,0
P_O_14_CA056,Ground_Daily,P_O_14_IG016_O (08-00-00),P_O_14_IG016_O_shape,P_O_14_IG016_O,0
P_O_14_CA056,Ground_Daily,P_O_14_IG016_O (09-00-00),P_O_14_IG016_O_shape,P_O_14_IG016_O,0
P_O_14_CA056,Ground_Daily,P_O_14_IG016_O (11-00-00),P_O_14_IG016_O_shape,P_O_14_IG016_O,0
P_O_14_CA056,Ground_Daily,P_O_14_IG016_O (13-00-00),P_O_14_IG016_O_shape,P_O_14_IG016_O,0
P_O_14_CA056,Ground_Daily,P_O_14_IG016_O (15-00-00),P_O_14_IG016_O_shape,P_O_14_IG016_O,0
P_O_14_CA056,Ground_Daily,P_O_14_IG016_O (17-00-00),P_O_14_IG016_O_shape,P_O_14_IG016_O,0
P_O_14_CA056,Ground_Daily,P_O_14_IG016_O (19-00-00),P_O_14_IG016_O_shape,P_O_14_IG016_O,0
P_O_14_CA056,Ground_Daily,P_O_14_IG016_O (21-00-00),P_O_14_IG016_O_shape,P_O_14_IG016_O,0
P_O_14_CA056,Ground_Daily,P_O_14_IG016_R (06-30-00),P_O_14_IG016_R_shape,P_O_14_IG016_R,0
P_O_14_CA056,Ground_Daily,P_O_14_IG016_R (08-00-00),P_O_14_IG016_R_shape,P_O_14_IG016_R,0
P_O_14_CA056,Ground_Daily,P_O_14_IG016_R (09-00-00),P_O_14_IG016_R_shape,P_O_14_IG016_R,0
P_O_14_CA056,Ground_Daily,P_O_14_IG016_R (11-00-00),P_O_14_IG016_R_shape,P_O_14_IG016_R,0
P_O_14_CA056,Ground_Daily,P_O_14_IG016_R (13-00-00),P_O_14_IG016_R_shape,P_O_14_IG016_R,0
P_O_14_CA056,Ground_Daily,P_O_14_IG016_R (15-00-00),P_O_14_IG016_R_shape,P_O_14_IG016_R,0
P_O_14_CA056,Ground_Daily,P_O_14_IG016_R (17-00-00),P_O_14_IG016_R_shape,P_O_14_IG016_R,0
P_O_14_CA056,Ground_Daily,P_O_14_IG016_R (19-00-00),P_O_14_IG016_R_shape,P_O_14_IG016_R,0
P_O_14_CA056,Ground_Daily,P_O_14_IG016_R (21-00-00),P_O_14_IG016_R_shape,P_O_14_IG016_R,0
P_O_14_CA056,Ground_Daily,P_O_14_IG017_O (06-30-00),P_O_14_IG017_O_shape,P_O_14_IG017_O,0
P_O_14_CA056,Ground_Daily,P_O_14_IG017_O (08-00-00),P_O_14_IG017_O_shape,P_O_14_IG017_O,0
P_O_14_CA056,Ground_Daily,P_O_14_IG017_O (09-00-00),P_O_14_IG017_O_shape,P_O_14_IG017_O,0
P_O_14_CA056,Ground_Daily,P_O_14_IG017_O (11-00-00),P_O_14_IG017_O_shape,P_O_14_IG017_O,0
P_O_14_CA056,Ground_Daily,P_O_14_IG017_O (13-00-00),P_O_14_IG017_O_shape,P_O_14_IG017_O,0
P_O_14_CA056,Ground_Daily,P_O_14_IG017_O (15-00-00),P_O_14_IG017_O_shape,P_O_14_IG017_O,0
P_O_14_CA056,Ground_Daily,P_O_14_IG017_O (17-00-00),P_O_14_IG017_O_shape,P_O_14_IG017_O,0
P_O_14_CA056,Ground_Daily,P_O_14_IG017_O (19-00-00),P_O_14_IG017_O_shape,P_O_14_IG017_O,0
P_O_14_CA056,Ground_Daily,P_O_14_IG017_O (21-00-00),P_O_14_IG017_O_shape,P_O_14_IG017_O,0
P_O_14_CA056,Ground_Daily,P_O_14_IG017_R (06-30-00),P_O_14_IG017_R_shape,P_O_14_IG017_R,0
P_O_14_CA056,Ground_Daily,P_O_14_IG017_R (08-00-00),P_O_14_IG017_R_shape,P_O_14_IG017_R,0
P_O_14_CA056,Ground_Daily,P_O_14_IG017_R (09-00-00),P_O_14_IG017_R_shape,P_O_14_IG017_R,0
P_O_14_CA056,Ground_Daily,P_O_14_IG017_R (11-00-00),P_O_14_IG017_R_shape,P_O_14_IG017_R,0
P_O_14_CA056,Ground_Daily,P_O_14_IG017_R (13-00-00),P_O_14_IG017_R_shape,P_O_14_IG017_R,0
P_O_14_CA056,Ground_Daily,P_O_14_IG017_R (15-00-00),P_O_14_IG017_R_shape,P_O_14_IG017_R,0
P_O_14_CA056,Ground_Daily,P_O_14_IG017_R (17-00-00),P_O_14_IG017_R_shape,P_O_14_IG017_R,0
P_O_14_CA056,Ground_Daily,P_O_14_IG017_R (19-00-00),P_O_14_IG017_R_shape,P_O_14_IG017_R,0
P_O_14_CA056,Ground_Daily,P_O_14_IG017_R (21-00-00),P_O_14_IG017_R_shape,P_O_14_IG017_R,0
P_O_14_CA056,Ground_Daily,P_O_14_IG018_O (06-30-00),P_O_14_IG018_O_shape,P_O_14_IG018_O,0
P_O_14_CA056,Ground_Daily,P_O_14_IG018_O (08-00-00),P_O_14_IG018_O_shape,P_O_14_IG018_O,0
P_O_14_CA056,Ground_Daily,P_O_14_IG018_O (09-00-00),P_O_14_IG018_O_shape,P_O_14_IG018_O,0
P_O_14_CA056,Ground_Daily,P_O_14_IG018_O (11-00-00),P_O_14_IG018_O_shape,P_O_14_IG018_O,0
P_O_14_CA056,Ground_Daily,P_O_14_IG018_O (13-00-00),P_O_14_IG018_O_shape,P_O_14_IG018_O,0
P_O_14_CA056,Ground_Daily,P_O_14_IG018_O (15-00-00),P_O_14_IG018_O_shape,P_O_14_IG018_O,0
P_O_14_CA056,Ground_Daily,P_O_14_IG018_O (17-00-00),P_O_14_IG018_O_shape,P_O_14_IG018_O,0
P_O_14_CA056,Ground_Daily,P_O_14_IG018_O (19-00-00),P_O_14_IG018_O_shape,P_O_14_IG018_O,0
P_O_14_CA056,Ground_Daily,P_O_14_IG018_O (21-00-00),P_O_14_IG018_O_shape,P_O_14_IG018_O,0
P_O_14_CA056,Ground_Daily,P_O_14_IG018_R (06-30-00),P_O_14_IG018_R_shape,P_O_14_IG018_R,0
P_O_14_CA056,Ground_Daily,P_O_14_IG018_R (08-00-00),P_O_14_IG018_R_shape,P_O_14_IG018_R,0
P_O_14_CA056,Ground_Daily,P_O_14_IG018_R (09-00-00),P_O_14_IG018_R_shape,P_O_14_IG018_R,0
P_O_14_CA056,Ground_Daily,P_O_14_IG018_R (11-00-00),P_O_14_IG018_R_shape,P_O_14_IG018_R,0
P_O_14_CA056,Ground_Daily,P_O_14_IG018_R (13-00-00),P_O_14_IG018_R_shape,P_O_14_IG018_R,0
P_O_14_CA056,Ground_Daily,P_O_14_IG018_R (15-00-00),P_O_14_IG018_R_shape,P_O_14_IG018_R,0
P_O_14_CA056,Ground_Daily,P_O_14_IG018_R (17-00-00),P_O_14_IG018_R_shape,P_O_14_IG018_R,0
P_O_14_CA056,Ground_Daily,P_O_14_IG018_R (19-00-00),P_O_14_IG018_R_shape,P_O_14_IG018_R,0
P_O_14_CA056,Ground_Daily,P_O_14_IG018_R (21-00-00),P_O_14_IG018_R_shape,P_O_14_IG018_R,0
P_O_14_CA056,Ground_Daily,P_O_14_IG019_O (06-30-00),P_O_14_IG019_O_shape,P_O_14_IG019_O,0
P_O_14_CA056,Ground_Daily,P_O_14_IG019_O (08-00-00),P_O_14_IG019_O_shape,P_O_14_IG019_O,0
P_O_14_CA056,Ground_Daily,P_O_14_IG019_O (09-00-00),P_O_14_IG019_O_shape,P_O_14_IG019_O,0
P_O_14_CA056,Ground_Daily,P_O_14_IG019_O (11-00-00),P_O_14_IG019_O_shape,P_O_14_IG019_O,0
P_O_14_CA056,Ground_Daily,P_O_14_IG019_O (13-00-00),P_O_14_IG019_O_shape,P_O_14_IG019_O,0
P_O_14_CA056,Ground_Daily,P_O_14_IG019_O (15-00-00),P_O_14_IG019_O_shape,P_O_14_IG019_O,0
P_O_14_CA056,Ground_Daily,P_O_14_IG019_O (17-00-00),P_O_14_IG019_O_shape,P_O_14_IG019_O,0
P_O_14_CA056,Ground_Daily,P_O_14_IG019_O (19-00-00),P_O_14_IG019_O_shape,P_O_14_IG019_O,0
P_O_14_CA056,Ground_Daily,P_O_14_IG019_O (21-00-00),P_O_14_IG019_O_shape,P_O_14_IG019_O,0
P_O_14_CA056,Ground_Daily,P_O_14_IG019_R (06-30-00),P_O_14_IG019_R_shape,P_O_14_IG019_R,0
P_O_14_CA056,Ground_Daily,P_O_14_IG019_R (08-00-00),P_O_14_IG019_R_shape,P_O_14_IG019_R,0
P_O_14_CA056,Ground_Daily,P_O_14_IG019_R (09-00-00),P_O_14_IG019_R_shape,P_O_14_IG019_R,0
P_O_14_CA056,Ground_Daily,P_O_14_IG019_R (11-00-00),P_O_14_IG019_R_shape,P_O_14_IG019_R,0
P_O_14_CA056,Ground_Daily,P_O_14_IG019_R (13-00-00),P_O_14_IG019_R_shape,P_O_14_IG019_R,0
P_O_14_CA056,Ground_Daily,P_O_14_IG019_R (15-00-00),P_O_14_IG019_R_shape,P_O_14_IG019_R,0
P_O_14_CA056,Ground_Daily,P_O_14_IG019_R (17-00-00),P_O_14_IG019_R_shape,P_O_14_IG019_R,0
P_O_14_CA056,Ground_Daily,P_O_14_IG019_R (19-00-00),P_O_14_IG019_R_shape,P_O_14_IG019_R,0
P_O_14_CA056,Ground_Daily,P_O_14_IG019_R (21-00-00),P_O_14_IG019_R_shape,P_O_14_IG019_R,0
P_O_14_CA056,Ground_Daily,P_O_14_IG020_O (06-30-00),P_O_14_IG020_O_shape,P_O_14_IG020_O,0
P_O_14_CA056,Ground_Daily,P_O_14_IG020_O (08-00-00),P_O_14_IG020_O_shape,P_O_14_IG020_O,0
P_O_14_CA056,Ground_Daily,P_O_14_IG020_O (09-00-00),P_O_14_IG020_O_shape,P_O_14_IG020_O,0
P_O_14_CA056,Ground_Daily,P_O_14_IG020_O (11-00-00),P_O_14_IG020_O_shape,P_O_14_IG020_O,0
P_O_14_CA056,Ground_Daily,P_O_14_IG020_O (13-00-00),P_O_14_IG020_O_shape,P_O_14_IG020_O,0
P_O_14_CA056,Ground_Daily,P_O_14_IG020_O (15-00-00),P_O_14_IG020_O_shape,P_O_14_IG020_O,0
P_O_14_CA056,Ground_Daily,P_O_14_IG020_O (17-00-00),P_O_14_IG020_O_shape,P_O_14_IG020_O,0
P_O_14_CA056,Ground_Daily,P_O_14_IG020_O (19-00-00),P_O_14_IG020_O_shape,P_O_14_IG020_O,0
P_O_14_CA056,Ground_Daily,P_O_14_IG020_O (21-00-00),P_O_14_IG020_O_shape,P_O_14_IG020_O,0
P_O_14_CA056,Ground_Daily,P_O_14_IG020_R (06-30-00),P_O_14_IG020_R_shape,P_O_14_IG020_R,0
P_O_14_CA056,Ground_Daily,P_O_14_IG020_R (08-00-00),P_O_14_IG020_R_shape,P_O_14_IG020_R,0
P_O_14_CA056,Ground_Daily,P_O_14_IG020_R (09-00-00),P_O_14_IG020_R_shape,P_O_14_IG020_R,0
P_O_14_CA056,Ground_Daily,P_O_14_IG020_R (11-00-00),P_O_14_IG020_R_shape,P_O_14_IG020_R,0
P_O_14_CA056,Ground_Daily,P_O_14_IG020_R (13-00-00),P_O_14_IG020_R_shape,P_O_14_IG020_R,0
P_O_14_CA056,Ground_Daily,P_O_14_IG020_R (15-00-00),P_O_14_IG020_R_shape,P_O_14_IG020_R,0
P_O_14_CA056,Ground_Daily,P_O_14_IG020_R (17-00-00),P_O_14_IG020_R_shape,P_O_14_IG020_R,0
P_O_14_CA056,Ground_Daily,P_O_14_IG020_R (19-00-00),P_O_14_IG020_R_shape,P_O_14_IG020_R,0
P_O_14_CA056,Ground_Daily,P_O_14_IG020_R (21-00-00),P_O_14_IG020_R_shape,P_O_14_IG020_R,0
P_O_14_CA056,Ground_Daily,P_O_14_IG021_O (06-30-00),P_O_14_IG021_O_shape,P_O_14_IG021_O,0
P_O_14_CA056,Ground_Daily,P_O_14_IG021_O (08-00-00),P_O_14_IG021_O_shape,P_O_14_IG021_O,0
P_O_14_CA056,Ground_Daily,P_O_14_IG021_O (09-00-00),P_O_14_IG021_O_shape,P_O_14_IG021_O,0
P_O_14_CA056,Ground_Daily,P_O_14_IG021_O (11-00-00),P_O_14_IG021_O_shape,P_O_14_IG021_O,0
P_O_14_CA056,Ground_Daily,P_O_14_IG021_O (13-00-00),P_O_14_IG021_O_shape,P_O_14_IG021_O,0
P_O_14_CA056,Ground_Daily,P_O_14_IG021_O (15-00-00),P_O_14_IG021_O_shape,P_O_14_IG021_O,0
P_O_14_CA056,Ground_Daily,P_O_14_IG021_O (17-00-00),P_O_14_IG021_O_shape,P_O_14_IG021_O,0
P_O_14_CA056,Ground_Daily,P_O_14_IG021_O (19-00-00),P_O_14_IG021_O_shape,P_O_14_IG021_O,0
P_O_14_CA056,Ground_Daily,P_O_14_IG021_O (21-00-00),P_O_14_IG021_O_shape,P_O_14_IG021_O,0
P_O_14_CA056,Ground_Daily,P_O_14_IG021_R (06-30-00),P_O_14_IG021_R_shape,P_O_14_IG021_R,0
P_O_14_CA056,Ground_Daily,P_O_14_IG021_R (08-00-00),P_O_14_IG021_R_shape,P_O_14_IG021_R,0
P_O_14_CA056,Ground_Daily,P_O_14_IG021_R (09-00-00),P_O_14_IG021_R_shape,P_O_14_IG021_R,0
P_O_14_CA056,Ground_Daily,P_O_14_IG021_R (11-00-00),P_O_14_IG021_R_shape,P_O_14_IG021_R,0
P_O_14_CA056,Ground_Daily,P_O_14_IG021_R (13-00-00),P_O_14_IG021_R_shape,P_O_14_IG021_R,0
P_O_14_CA056,Ground_Daily,P_O_14_IG021_R (15-00-00),P_O_14_IG021_R_shape,P_O_14_IG021_R,0
P_O_14_CA056,Ground_Daily,P_O_14_IG021_R (17-00-00),P_O_14_IG021_R_shape,P_O_14_IG021_R,0
P_O_14_CA056,Ground_Daily,P_O_14_IG021_R (19-00-00),P_O_14_IG021_R_shape,P_O_14_IG021_R,0
P_O_14_CA056,Ground_Daily,P_O_14_IG021_R (21-00-00),P_O_14_IG021_R_shape,P_O_14_IG021_R,0
P_O_14_CA056,Ground_Daily,P_O_14_IG022_O (06-30-00),P_O_14_IG022_O_shape,P_O_14_IG022_O,0
P_O_14_CA056,Ground_Daily,P_O_14_IG022_O (08-00-00),P_O_14_IG022_O_shape,P_O_14_IG022_O,0
P_O_14_CA056,Ground_Daily,P_O_14_IG022_O (09-00-00),P_O_14_IG022_O_shape,P_O_14_IG022_O,0
P_O_14_CA056,Ground_Daily,P_O_14_IG022_O (11-00-00),P_O_14_IG022_O_shape,P_O_14_IG022_O,0
P_O_14_CA056,Ground_Daily,P_O_14_IG022_O (13-00-00),P_O_14_IG022_O_shape,P_O_14_IG022_O,0
P_O_14_CA056,Ground_Daily,P_O_14_IG022_O (15-00-00),P_O_14_IG022_O_shape,P_O_14_IG022_O,0
P_O_14_CA056,Ground_Daily,P_O_14_IG022_O (17-00-00),P_O_14_IG022_O_shape,P_O_14_IG022_O,0
P_O_14_CA056,Ground_Daily,P_O_14_IG022_O (19-00-00),P_O_14_IG022_O_shape,P_O_14_IG022_O,0
P_O_14_CA056,Ground_Daily,P_O_14_IG022_O (21-00-00),P_O_14_IG022_O_shape,P_O_14_IG022_O,0
P_O_14_CA056,Ground_Daily,P_O_14_IG022_R (06-30-00),P_O_14_IG022_R_shape,P_O_14_IG022_R,0
P_O_14_CA056,Ground_Daily,P_O_14_IG022_R (08-00-00),P_O_14_IG022_R_shape,P_O_14_IG022_R,0
P_O_14_CA056,Ground_Daily,P_O_14_IG022_R (09-00-00),P_O_14_IG022_R_shape,P_O_14_IG022_R,0
P_O_14_CA056,Ground_Daily,P_O_14_IG022_R (11-00-00),P_O_14_IG022_R_shape,P_O_14_IG022_R,0
P_O_14_CA056,Ground_Daily,P_O_14_IG022_R (13-00-00),P_O_14_IG022_R_shape,P_O_14_IG022_R,0
P_O_14_CA056,Ground_Daily,P_O_14_IG022_R (15-00-00),P_O_14_IG022_R_shape,P_O_14_IG022_R,0
P_O_14_CA056,Ground_Daily,P_O_14_IG022_R (17-00-00),P_O_14_IG022_R_shape,P_O_14_IG022_R,0
P_O_14_CA056,Ground_Daily,P_O_14_IG022_R (19-00-00),P_O_14_IG022_R_shape,P_O_14_IG022_R,0
P_O_14_CA056,Ground_Daily,P_O_14_IG022_R (21-00-00),P_O_14_IG022_R_shape,P_O_14_IG022_R,0
P_O_14_CA056,Ground_Daily,P_O_14_IG023_O (06-30-00),P_O_14_IG023_O_shape,P_O_14_IG023_O,0
P_O_14_CA056,Ground_Daily,P_O_14_IG023_O (08-00-00),P_O_14_IG023_O_shape,P_O_14_IG023_O,0
P_O_14_CA056,Ground_Daily,P_O_14_IG023_O (09-00-00),P_O_14_IG023_O_shape,P_O_14_IG023_O,0
P_O_14_CA056,Ground_Daily,P_O_14_IG023_O (11-00-00),P_O_14_IG023_O_shape,P_O_14_IG023_O,0
P_O_14_CA056,Ground_Daily,P_O_14_IG023_O (13-00-00),P_O_14_IG023_O_shape,P_O_14_IG023_O,0
P_O_14_CA056,Ground_Daily,P_O_14_IG023_O (15-00-00),P_O_14_IG023_O_shape,P_O_14_IG023_O,0
P_O_14_CA056,Ground_Daily,P_O_14_IG023_O (17-00-00),P_O_14_IG023_O_shape,P_O_14_IG023_O,0
P_O_14_CA056,Ground_Daily,P_O_14_IG023_O (19-00-00),P_O_14_IG023_O_shape,P_O_14_IG023_O,0
P_O_14_CA056,Ground_Daily,P_O_14_IG023_O (21-00-00),P_O_14_IG023_O_shape,P_O_14_IG023_O,0
P_O_14_CA056,Ground_Daily,P_O_14_IG023_R (06-30-00),P_O_14_IG023_R_shape,P_O_14_IG023_R,0
P_O_14_CA056,Ground_Daily,P_O_14_IG023_R (08-00-00),P_O_14_IG023_R_shape,P_O_14_IG023_R,0
P_O_14_CA056,Ground_Daily,P_O_14_IG023_R (09-00-00),P_O_14_IG023_R_shape,P_O_14_IG023_R,0
P_O_14_CA056,Ground_Daily,P_O_14_IG023_R (11-00-00),P_O_14_IG023_R_shape,P_O_14_IG023_R,0
P_O_14_CA056,Ground_Daily,P_O_14_IG023_R (13-00-00),P_O_14_IG023_R_shape,P_O_14_IG023_R,0
P_O_14_CA056,Ground_Daily,P_O_14_IG023_R (15-00-00),P_O_14_IG023_R_shape,P_O_14_IG023_R,0
P_O_14_CA056,Ground_Daily,P_O_14_IG023_R (17-00-00),P_O_14_IG023_R_shape,P_O_14_IG023_R,0
P_O_14_CA056,Ground_Daily,P_O_14_IG023_R (19-00-00),P_O_14_IG023_R_shape,P_O_14_IG023_R,0
P_O_14_CA056,Ground_Daily,P_O_14_IG023_R (21-00-00),P_O_14_IG023_R_shape,P_O_14_IG023_R,0
P_O_14_CA056,Ground_Daily,P_O_14_IG024_O (06-30-00),P_O_14_IG024_O_shape,P_O_14_IG024_O,0
P_O_14_CA056,Ground_Daily,P_O_14_IG024_O (08-00-00),P_O_14_IG024_O_shape,P_O_14_IG024_O,0
P_O_14_CA056,Ground_Daily,P_O_14_IG024_O (09-00-00),P_O_14_IG024_O_shape,P_O_14_IG024_O,0
P_O_14_CA056,Ground_Daily,P_O_14_IG024_O (11-00-00),P_O_14_IG024_O_shape,P_O_14_IG024_O,0
P_O_14_CA056,Ground_Daily,P_O_14_IG024_O (13-00-00),P_O_14_IG024_O_shape,P_O_14_IG024_O,0
P_O_14_CA056,Ground_Daily,P_O_14_IG024_O (15-00-00),P_O_14_IG024_O_shape,P_O_14_IG024_O,0
P_O_14_CA056,Ground_Daily,P_O_14_IG024_O (17-00-00),P_O_14_IG024_O_shape,P_O_14_IG024_O,0
P_O_14_CA056,Ground_Daily,P_O_14_IG024_O (19-00-00),P_O_14_IG024_O_shape,P_O_14_IG024_O,0
P_O_14_CA056,Ground_Daily,P_O_14_IG024_O (21-00-00),P_O_14_IG024_O_shape,P_O_14_IG024_O,0
P_O_14_CA056,Ground_Daily,P_O_14_IG024_R (06-30-00),P_O_14_IG024_R_shape,P_O_14_IG024_R,0
P_O_14_CA056,Ground_Daily,P_O_14_IG024_R (08-00-00),P_O_14_IG024_R_shape,P_O_14_IG024_R,0
P_O_14_CA056,Ground_Daily,P_O_14_IG024_R (09-00-00),P_O_14_IG024_R_shape,P_O_14_IG024_R,0
P_O_14_CA056,Ground_Daily,P_O_14_IG024_R (11-00-00),P_O_14_IG024_R_shape,P_O_14_IG024_R,0
P_O_14_CA056,Ground_Daily,P_O_14_IG024_R (13-00-00),P_O_14_IG024_R_shape,P_O_14_IG024_R,0
P_O_14_CA056,Ground_Daily,P_O_14_IG024_R (15-00-00),P_O_14_IG024_R_shape,P_O_14_IG024_R,0
P_O_14_CA056,Ground_Daily,P_O_14_IG024_R (17-00-00),P_O_14_IG024_R_shape,P_O_14_IG024_R,0
P_O_14_CA056,Ground_Daily,P_O_14_IG024_R (19-00-00),P_O_14_IG024_R_shape,P_O_14_IG024_R,0
P_O_14_CA056,Ground_Daily,P_O_14_IG024_R (21-00-00),P_O_14_IG024_R_shape,P_O_14_IG024_R,0
P_O_14_CA056,Ground_Daily,P_O_14_IG025_O (06-30-00),P_O_14_IG025_O_shape,P_O_14_IG025_O,0
P_O_14_CA056,Ground_Daily,P_O_14_IG025_O (08-00-00),P_O_14_IG025_O_shape,P_O_14_IG025_O,0
P_O_14_CA056,Ground_Daily,P_O_14_IG025_O (09-00-00),P_O_14_IG025_O_shape,P_O_14_IG025_O,0
P_O_14_CA056,Ground_Daily,P_O_14_IG025_O (11-00-00),P_O_14_IG025_O_shape,P_O_14_IG025_O,0
P_O_14_CA056,Ground_Daily,P_O_14_IG025_O (13-00-00),P_O_14_IG025_O_shape,P_O_14_IG025_O,0
P_O_14_CA056,Ground_Daily,P_O_14_IG025_O (15-00-00),P_O_14_IG025_O_shape,P_O_14_IG025_O,0
P_O_14_CA056,Ground_Daily,P_O_14_IG025_O (17-00-00),P_O_14_IG025_O_shape,P_O_14_IG025_O,0
P_O_14_CA056,Ground_Daily,P_O_14_IG025_O (19-00-00),P_O_14_IG025_O_shape,P_O_14_IG025_O,0
P_O_14_CA056,Ground_Daily,P_O_14_IG025_O (21-00-00),P_O_14_IG025_O_shape,P_O_14_IG025_O,0
P_O_14_CA056,Ground_Daily,P_O_14_IG027_O (06-30-00),P_O_14_IG027_O_shape,P_O_14_IG027_O,0
P_O_14_CA056,Ground_Daily,P_O_14_IG027_O (08-00-00),P_O_14_IG027_O_shape,P_O_14_IG027_O,0
P_O_14_CA056,Ground_Daily,P_O_14_IG027_O (09-00-00),P_O_14_IG027_O_shape,P_O_14_IG027_O,0
P_O_14_CA056,Ground_Daily,P_O_14_IG027_O (11-00-00),P_O_14_IG027_O_shape,P_O_14_IG027_O,0
P_O_14_CA056,Ground_Daily,P_O_14_IG027_O (13-00-00),P_O_14_IG027_O_shape,P_O_14_IG027_O,0
P_O_14_CA056,Ground_Daily,P_O_14_IG027_O (15-00-00),P_O_14_IG027_O_shape,P_O_14_IG027_O,0
P_O_14_CA056,Ground_Daily,P_O_14_IG027_O (17-00-00),P_O_14_IG027_O_shape,P_O_14_IG027_O,0
P_O_14_CA056,Ground_Daily,P_O_14_IG027_O (19-00-00),P_O_14_IG027_O_shape,P_O_14_IG027_O,0
P_O_14_CA056,Ground_Daily,P_O_14_IG027_O (21-00-00),P_O_14_IG027_O_shape,P_O_14_IG027_O,0
P_O_14_CA056,Ground_Daily,P_O_14_IG027_R (06-30-00),P_O_14_IG027_R_shape,P_O_14_IG027_R,0
P_O_14_CA056,Ground_Daily,P_O_14_IG027_R (08-00-00),P_O_14_IG027_R_shape,P_O_14_IG027_R,0
P_O_14_CA056,Ground_Daily,P_O_14_IG027_R (09-00-00),P_O_14_IG027_R_shape,P_O_14_IG027_R,0
P_O_14_CA056,Ground_Daily,P_O_14_IG027_R (11-00-00),P_O_14_IG027_R_shape,P_O_14_IG027_R,0
P_O_14_CA056,Ground_Daily,P_O_14_IG027_R (13-00-00),P_O_14_IG027_R_shape,P_O_14_IG027_R,0
P_O_14_CA056,Ground_Daily,P_O_14_IG027_R (15-00-00),P_O_14_IG027_R_shape,P_O_14_IG027_R,0
P_O_14_CA056,Ground_Daily,P_O_14_IG027_R (17-00-00),P_O_14_IG027_R_shape,P_O_14_IG027_R,0
P_O_14_CA056,Ground_Daily,P_O_14_IG027_R (19-00-00),P_O_14_IG027_R_shape,P_O_14_IG027_R,0
P_O_14_CA056,Ground_Daily,P_O_14_IG027_R (21-00-00),P_O_14_IG027_R_shape,P_O_14_IG027_R,0
P_O_14_CA056,Ground_Daily,P_O_14_IG028_O (06-30-00),P_O_14_IG028_O_shape,P_O_14_IG028_O,0
P_O_14_CA056,Ground_Daily,P_O_14_IG028_O (08-00-00),P_O_14_IG028_O_shape,P_O_14_IG028_O,0
P_O_14_CA056,Ground_Daily,P_O_14_IG028_O (09-00-00),P_O_14_IG028_O_shape,P_O_14_IG028_O,0
P_O_14_CA056,Ground_Daily,P_O_14_IG028_O (11-00-00),P_O_14_IG028_O_shape,P_O_14_IG028_O,0
P_O_14_CA056,Ground_Daily,P_O_14_IG028_O (13-00-00),P_O_14_IG028_O_shape,P_O_14_IG028_O,0
P_O_14_CA056,Ground_Daily,P_O_14_IG028_O (15-00-00),P_O_14_IG028_O_shape,P_O_14_IG028_O,0
P_O_14_CA056,Ground_Daily,P_O_14_IG028_O (17-00-00),P_O_14_IG028_O_shape,P_O_14_IG028_O,0
P_O_14_CA056,Ground_Daily,P_O_14_IG028_O (19-00-00),P_O_14_IG028_O_shape,P_O_14_IG028_O,0
P_O_14_CA056,Ground_Daily,P_O_14_IG028_O (21-00-00),P_O_14_IG028_O_shape,P_O_14_IG028_O,0
P_O_14_CA056,Ground_Daily,P_O_14_IG028_R (06-30-00),P_O_14_IG028_R_shape,P_O_14_IG028_R,0
P_O_14_CA056,Ground_Daily,P_O_14_IG028_R (08-00-00),P_O_14_IG028_R_shape,P_O_14_IG028_R,0
P_O_14_CA056,Ground_Daily,P_O_14_IG028_R (09-00-00),P_O_14_IG028_R_shape,P_O_14_IG028_R,0
P_O_14_CA056,Ground_Daily,P_O_14_IG028_R (11-00-00),P_O_14_IG028_R_shape,P_O_14_IG028_R,0
P_O_14_CA056,Ground_Daily,P_O_14_IG028_R (13-00-00),P_O_14_IG028_R_shape,P_O_14_IG028_R,0
P_O_14_CA056,Ground_Daily,P_O_14_IG028_R (15-00-00),P_O_14_IG028_R_shape,P_O_14_IG028_R,0
P_O_14_CA056,Ground_Daily,P_O_14_IG028_R (17-00-00),P_O_14_IG028_R_shape,P_O_14_IG028_R,0
P_O_14_CA056,Ground_Daily,P_O_14_IG028_R (19-00-00),P_O_14_IG028_R_shape,P_O_14_IG028_R,0
P_O_14_CA056,Ground_Daily,P_O_14_IG028_R (21-00-00),P_O_14_IG028_R_shape,P_O_14_IG028_R,0
P_O_14_CA056,Ground_Daily,P_O_14_IG029_O (06-30-00),P_O_14_IG029_O_shape,P_O_14_IG029_O,0
P_O_14_CA056,Ground_Daily,P_O_14_IG029_O (08-00-00),P_O_14_IG029_O_shape,P_O_14_IG029_O,0
P_O_14_CA056,Ground_Daily,P_O_14_IG029_O (09-00-00),P_O_14_IG029_O_shape,P_O_14_IG029_O,0
P_O_14_CA056,Ground_Daily,P_O_14_IG029_O (11-00-00),P_O_14_IG029_O_shape,P_O_14_IG029_O,0
P_O_14_CA056,Ground_Daily,P_O_14_IG029_O (13-00-00),P_O_14_IG029_O_shape,P_O_14_IG029_O,0
P_O_14_CA056,Ground_Daily,P_O_14_IG029_O (15-00-00),P_O_14_IG029_O_shape,P_O_14_IG029_O,0
P_O_14_CA056,Ground_Daily,P_O_14_IG029_O (17-00-00),P_O_14_IG029_O_shape,P_O_14_IG029_O,0
P_O_14_CA056,Ground_Daily,P_O_14_IG029_O (19-00-00),P_O_14_IG029_O_shape,P_O_14_IG029_O,0
P_O_14_CA056,Ground_Daily,P_O_14_IG029_O (21-00-00),P_O_14_IG029_O_shape,P_O_14_IG029_O,0
P_O_14_CA056,Ground_Daily,P_O_14_IG029_R (06-30-00),P_O_14_IG029_R_shape,P_O_14_IG029_R,0
P_O_14_CA056,Ground_Daily,P_O_14_IG029_R (08-00-00),P_O_14_IG029_R_shape,P_O_14_IG029_R,0
P_O_14_CA056,Ground_Daily,P_O_14_IG029_R (09-00-00),P_O_14_IG029_R_shape,P_O_14_IG029_R,0
P_O_14_CA056,Ground_Daily,P_O_14_IG029_R (11-00-00),P_O_14_IG029_R_shape,P_O_14_IG029_R,0
P_O_14_CA056,Ground_Daily,P_O_14_IG029_R (13-00-00),P_O_14_IG029_R_shape,P_O_14_IG029_R,0
P_O_14_CA056,Ground_Daily,P_O_14_IG029_R (15-00-00),P_O_14_IG029_R_shape,P_O_14_IG029_R,0
P_O_14_CA056,Ground_Daily,P_O_14_IG029_R (17-00-00),P_O_14_IG029_R_shape,P_O_14_IG029_R,0
P_O_14_CA056,Ground_Daily,P_O_14_IG029_R (19-00-00),P_O_14_IG029_R_shape,P_O_14_IG029_R,0
P_O_14_CA056,Ground_Daily,P_O_14_IG029_R (21-00-00),P_O_14_IG029_R_shape,P_O_14_IG029_R,0
P_O_14_CA056,Ground_Daily,P_O_14_IG030_O (06-30-00),P_O_14_IG030_O_shape,P_O_14_IG030_O,0
P_O_14_CA056,Ground_Daily,P_O_14_IG030_O (08-00-00),P_O_14_IG030_O_shape,P_O_14_IG030_O,0
P_O_14_CA056,Ground_Daily,P_O_14_IG030_O (09-00-00),P_O_14_IG030_O_shape,P_O_14_IG030_O,0
P_O_14_CA056,Ground_Daily,P_O_14_IG030_O (11-00-00),P_O_14_IG030_O_shape,P_O_14_IG030_O,0
P_O_14_CA056,Ground_Daily,P_O_14_IG030_O (13-00-00),P_O_14_IG030_O_shape,P_O_14_IG030_O,0
P_O_14_CA056,Ground_Daily,P_O_14_IG030_O (15-00-00),P_O_14_IG030_O_shape,P_O_14_IG030_O,0
P_O_14_CA056,Ground_Daily,P_O_14_IG030_O (17-00-00),P_O_14_IG030_O_shape,P_O_14_IG030_O,0
P_O_14_CA056,Ground_Daily,P_O_14_IG030_O (19-00-00),P_O_14_IG030_O_shape,P_O_14_IG030_O,0
P_O_14_CA056,Ground_Daily,P_O_14_IG030_O (21-00-00),P_O_14_IG030_O_shape,P_O_14_IG030_O,0
P_O_14_CA056,Ground_Daily,P_O_14_IG030_R (06-30-00),P_O_14_IG030_R_shape,P_O_14_IG030_R,0
P_O_14_CA056,Ground_Daily,P_O_14_IG030_R (08-00-00),P_O_14_IG030_R_shape,P_O_14_IG030_R,0
P_O_14_CA056,Ground_Daily,P_O_14_IG030_R (09-00-00),P_O_14_IG030_R_shape,P_O_14_IG030_R,0
P_O_14_CA056,Ground_Daily,P_O_14_IG030_R (11-00-00),P_O_14_IG030_R_shape,P_O_14_IG030_R,0
P_O_14_CA056,Ground_Daily,P_O_14_IG030_R (13-00-00),P_O_14_IG030_R_shape,P_O_14_IG030_R,0
P_O_14_CA056,Ground_Daily,P_O_14_IG030_R (15-00-00),P_O_14_IG030_R_shape,P_O_14_IG030_R,0
P_O_14_CA056,Ground_Daily,P_O_14_IG030_R (17-00-00),P_O_14_IG030_R_shape,P_O_14_IG030_R,0
P_O_14_CA056,Ground_Daily,P_O_14_IG030_R (19-00-00),P_O_14_IG030_R_shape,P_O_14_IG030_R,0
P_O_14_CA056,Ground_Daily,P_O_14_IG030_R (21-00-00),P_O_14_IG030_R_shape,P_O_14_IG030_R,0
P_O_14_CA056,Ground_Daily,P_O_14_IG031_O (06-30-00),P_O_14_IG031_O_shape,P_O_14_IG031_O,0
P_O_14_CA056,Ground_Daily,P_O_14_IG031_O (08-00-00),P_O_14_IG031_O_shape,P_O_14_IG031_O,0
P_O_14_CA056,Ground_Daily,P_O_14_IG031_O (09-00-00),P_O_14_IG031_O_shape,P_O_14_IG031_O,0
P_O_14_CA056,Ground_Daily,P_O_14_IG031_O (11-00-00),P_O_14_IG031_O_shape,P_O_14_IG031_O,0
P_O_14_CA056,Ground_Daily,P_O_14_IG031_O (13-00-00),P_O_14_IG031_O_shape,P_O_14_IG031_O,0
P_O_14_CA056,Ground_Daily,P_O_14_IG031_O (15-00-00),P_O_14_IG031_O_shape,P_O_14_IG031_O,0
P_O_14_CA056,Ground_Daily,P_O_14_IG031_O (17-00-00),P_O_14_IG031_O_shape,P_O_14_IG031_O,0
P_O_14_CA056,Ground_Daily,P_O_14_IG031_O (19-00-00),P_O_14_IG031_O_shape,P_O_14_IG031_O,0
P_O_14_CA056,Ground_Daily,P_O_14_IG031_O (21-00-00),P_O_14_IG031_O_shape,P_O_14_IG031_O,0
P_O_14_CA056,Ground_Daily,P_O_14_IG031_R (06-30-00),P_O_14_IG031_R_shape,P_O_14_IG031_R,0
P_O_14_CA056,Ground_Daily,P_O_14_IG031_R (08-00-00),P_O_14_IG031_R_shape,P_O_14_IG031_R,0
P_O_14_CA056,Ground_Daily,P_O_14_IG031_R (09-00-00),P_O_14_IG031_R_shape,P_O_14_IG031_R,0
P_O_14_CA056,Ground_Daily,P_O_14_IG031_R (11-00-00),P_O_14_IG031_R_shape,P_O_14_IG031_R,0
P_O_14_CA056,Ground_Daily,P_O_14_IG031_R (13-00-00),P_O_14_IG031_R_shape,P_O_14_IG031_R,0
P_O_14_CA056,Ground_Daily,P_O_14_IG031_R (15-00-00),P_O_14_IG031_R_shape,P_O_14_IG031_R,0
P_O_14_CA056,Ground_Daily,P_O_14_IG031_R (17-00-00),P_O_14_IG031_R_shape,P_O_14_IG031_R,0
P_O_14_CA056,Ground_Daily,P_O_14_IG031_R (19-00-00),P_O_14_IG031_R_shape,P_O_14_IG031_R,0
P_O_14_CA056,Ground_Daily,P_O_14_IG031_R (21-00-00),P_O_14_IG031_R_shape,P_O_14_IG031_R,0
P_O_14_CA056,Ground_Daily,P_O_14_IG032_O (06-30-00),P_O_14_IG032_O_shape,P_O_14_IG032_O,0
P_O_14_CA056,Ground_Daily,P_O_14_IG032_O (08-00-00),P_O_14_IG032_O_shape,P_O_14_IG032_O,0
P_O_14_CA056,Ground_Daily,P_O_14_IG032_O (09-00-00),P_O_14_IG032_O_shape,P_O_14_IG032_O,0
P_O_14_CA056,Ground_Daily,P_O_14_IG032_O (11-00-00),P_O_14_IG032_O_shape,P_O_14_IG032_O,0
P_O_14_CA056,Ground_Daily,P_O_14_IG032_O (13-00-00),P_O_14_IG032_O_shape,P_O_14_IG032_O,0
P_O_14_CA056,Ground_Daily,P_O_14_IG032_O (15-00-00),P_O_14_IG032_O_shape,P_O_14_IG032_O,0
P_O_14_CA056,Ground_Daily,P_O_14_IG032_O (17-00-00),P_O_14_IG032_O_shape,P_O_14_IG032_O,0
P_O_14_CA056,Ground_Daily,P_O_14_IG032_O (19-00-00),P_O_14_IG032_O_shape,P_O_14_IG032_O,0
P_O_14_CA056,Ground_Daily,P_O_14_IG032_O (21-00-00),P_O_14_IG032_O_shape,P_O_14_IG032_O,0
P_O_14_CA056,Ground_Daily,P_O_14_IG032_R (06-30-00),P_O_14_IG032_R_shape,P_O_14_IG032_R,0
P_O_14_CA056,Ground_Daily,P_O_14_IG032_R (08-00-00),P_O_14_IG032_R_shape,P_O_14_IG032_R,0
P_O_14_CA056,Ground_Daily,P_O_14_IG032_R (09-00-00),P_O_14_IG032_R_shape,P_O_14_IG032_R,0
P_O_14_CA056,Ground_Daily,P_O_14_IG032_R (11-00-00),P_O_14_IG032_R_shape,P_O_14_IG032_R,0
P_O_14_CA056,Ground_Daily,P_O_14_IG032_R (13-00-00),P_O_14_IG032_R_shape,P_O_14_IG032_R,0
P_O_14_CA056,Ground_Daily,P_O_14_IG032_R (15-00-00),P_O_14_IG032_R_shape,P_O_14_IG032_R,0
P_O_14_CA056,Ground_Daily,P_O_14_IG032_R (17-00-00),P_O_14_IG032_R_shape,P_O_14_IG032_R,0
P_O_14_CA056,Ground_Daily,P_O_14_IG032_R (19-00-00),P_O_14_IG032_R_shape,P_O_14_IG032_R,0
P_O_14_CA056,Ground_Daily,P_O_14_IG032_R (21-00-00),P_O_14_IG032_R_shape,P_O_14_IG032_R,0
P_O_14_CA056,Ground_Daily,P_O_14_IG033_O (06-30-00),P_O_14_IG033_O_shape,P_O_14_IG033_O,0
P_O_14_CA056,Ground_Daily,P_O_14_IG033_O (08-00-00),P_O_14_IG033_O_shape,P_O_14_IG033_O,0
P_O_14_CA056,Ground_Daily,P_O_14_IG033_O (09-00-00),P_O_14_IG033_O_shape,P_O_14_IG033_O,0
P_O_14_CA056,Ground_Daily,P_O_14_IG033_O (11-00-00),P_O_14_IG033_O_shape,P_O_14_IG033_O,0
P_O_14_CA056,Ground_Daily,P_O_14_IG033_O (13-00-00),P_O_14_IG033_O_shape,P_O_14_IG033_O,0
P_O_14_CA056,Ground_Daily,P_O_14_IG033_O (15-00-00),P_O_14_IG033_O_shape,P_O_14_IG033_O,0
P_O_14_CA056,Ground_Daily,P_O_14_IG033_O (17-00-00),P_O_14_IG033_O_shape,P_O_14_IG033_O,0
P_O_14_CA056,Ground_Daily,P_O_14_IG033_O (19-00-00),P_O_14_IG033_O_shape,P_O_14_IG033_O,0
P_O_14_CA056,Ground_Daily,P_O_14_IG033_O (21-00-00),P_O_14_IG033_O_shape,P_O_14_IG033_O,0
P_O_14_CA056,Ground_Daily,P_O_14_IG033_R (06-30-00),P_O_14_IG033_R_shape,P_O_14_IG033_R,0
P_O_14_CA056,Ground_Daily,P_O_14_IG033_R (08-00-00),P_O_14_IG033_R_shape,P_O_14_IG033_R,0
P_O_14_CA056,Ground_Daily,P_O_14_IG033_R (09-00-00),P_O_14_IG033_R_shape,P_O_14_IG033_R,0
P_O_14_CA056,Ground_Daily,P_O_14_IG033_R (11-00-00),P_O_14_IG033_R_shape,P_O_14_IG033_R,0
P_O_14_CA056,Ground_Daily,P_O_14_IG033_R (13-00-00),P_O_14_IG033_R_shape,P_O_14_IG033_R,0
P_O_14_CA056,Ground_Daily,P_O_14_IG033_R (15-00-00),P_O_14_IG033_R_shape,P_O_14_IG033_R,0
P_O_14_CA056,Ground_Daily,P_O_14_IG033_R (17-00-00),P_O_14_IG033_R_shape,P_O_14_IG033_R,0
P_O_14_CA056,Ground_Daily,P_O_14_IG033_R (19-00-00),P_O_14_IG033_R_shape,P_O_14_IG033_R,0
P_O_14_CA056,Ground_Daily,P_O_14_IG033_R (21-00-00),P_O_14_IG033_R_shape,P_O_14_IG033_R,0
P_O_14_CA056,Ground_Daily,P_O_14_IG034_O (06-30-00),P_O_14_IG034_O_shape,P_O_14_IG034_O,0
P_O_14_CA056,Ground_Daily,P_O_14_IG034_O (08-00-00),P_O_14_IG034_O_shape,P_O_14_IG034_O,0
P_O_14_CA056,Ground_Daily,P_O_14_IG034_O (09-00-00),P_O_14_IG034_O_shape,P_O_14_IG034_O,0
P_O_14_CA056,Ground_Daily,P_O_14_IG034_O (11-00-00),P_O_14_IG034_O_shape,P_O_14_IG034_O,0
P_O_14_CA056,Ground_Daily,P_O_14_IG034_O (13-00-00),P_O_14_IG034_O_shape,P_O_14_IG034_O,0
P_O_14_CA056,Ground_Daily,P_O_14_IG034_O (15-00-00),P_O_14_IG034_O_shape,P_O_14_IG034_O,0
P_O_14_CA056,Ground_Daily,P_O_14_IG034_O (17-00-00),P_O_14_IG034_O_shape,P_O_14_IG034_O,0
P_O_14_CA056,Ground_Daily,P_O_14_IG034_O (19-00-00),P_O_14_IG034_O_shape,P_O_14_IG034_O,0
P_O_14_CA056,Ground_Daily,P_O_14_IG034_O (21-00-00),P_O_14_IG034_O_shape,P_O_14_IG034_O,0
P_O_14_CA056,Ground_Daily,P_O_14_IG034_R (06-30-00),P_O_14_IG034_R_shape,P_O_14_IG034_R,0
P_O_14_CA056,Ground_Daily,P_O_14_IG034_R (08-00-00),P_O_14_IG034_R_shape,P_O_14_IG034_R,0
P_O_14_CA056,Ground_Daily,P_O_14_IG034_R (09-00-00),P_O_14_IG034_R_shape,P_O_14_IG034_R,0
P_O_14_CA056,Ground_Daily,P_O_14_IG034_R (11-00-00),P_O_14_IG034_R_shape,P_O_14_IG034_R,0
P_O_14_CA056,Ground_Daily,P_O_14_IG034_R (13-00-00),P_O_14_IG034_R_shape,P_O_14_IG034_R,0
P_O_14_CA056,Ground_Daily,P_O_14_IG034_R (15-00-00),P_O_14_IG034_R_shape,P_O_14_IG034_R,0
P_O_14_CA056,Ground_Daily,P_O_14_IG034_R (17-00-00),P_O_14_IG034_R_shape,P_O_14_IG034_R,0
P_O_14_CA056,Ground_Daily,P_O_14_IG034_R (19-00-00),P_O_14_IG034_R_shape,P_O_14_IG034_R,0
P_O_14_CA056,Ground_Daily,P_O_14_IG034_R (21-00-00),P_O_14_IG034_R_shape,P_O_14_IG034_R,0
P_O_14_CA056,Ground_Daily,P_O_14_IG035_O (06-30-00),P_O_14_IG035_O_shape,P_O_14_IG035_O,0
P_O_14_CA056,Ground_Daily,P_O_14_IG035_O (08-00-00),P_O_14_IG035_O_shape,P_O_14_IG035_O,0
P_O_14_CA056,Ground_Daily,P_O_14_IG035_O (09-00-00),P_O_14_IG035_O_shape,P_O_14_IG035_O,0
P_O_14_CA056,Ground_Daily,P_O_14_IG035_O (11-00-00),P_O_14_IG035_O_shape,P_O_14_IG035_O,0
P_O_14_CA056,Ground_Daily,P_O_14_IG035_O (13-00-00),P_O_14_IG035_O_shape,P_O_14_IG035_O,0
P_O_14_CA056,Ground_Daily,P_O_14_IG035_O (15-00-00),P_O_14_IG035_O_shape,P_O_14_IG035_O,0
P_O_14_CA056,Ground_Daily,P_O_14_IG035_O (17-00-00),P_O_14_IG035_O_shape,P_O_14_IG035_O,0
P_O_14_CA056,Ground_Daily,P_O_14_IG035_O (19-00-00),P_O_14_IG035_O_shape,P_O_14_IG035_O,0
P_O_14_CA056,Ground_Daily,P_O_14_IG035_O (21-00-00),P_O_14_IG035_O_shape,P_O_14_IG035_O,0
P_O_14_CA056,Ground_Daily,P_O_14_IG036_O (06-30-00),P_O_14_IG036_O_shape,P_O_14_IG036_O,0
P_O_14_CA056,Ground_Daily,P_O_14_IG036_O (08-00-00),P_O_14_IG036_O_shape,P_O_14_IG036_O,0
P_O_14_CA056,Ground_Daily,P_O_14_IG036_O (09-00-00),P_O_14_IG036_O_shape,P_O_14_IG036_O,0
P_O_14_CA056,Ground_Daily,P_O_14_IG036_O (11-00-00),P_O_14_IG036_O_shape,P_O_14_IG036_O,0
P_O_14_CA056,Ground_Daily,P_O_14_IG036_O (13-00-00),P_O_14_IG036_O_shape,P_O_14_IG036_O,0
P_O_14_CA056,Ground_Daily,P_O_14_IG036_O (15-00-00),P_O_14_IG036_O_shape,P_O_14_IG036_O,0
P_O_14_CA056,Ground_Daily,P_O_14_IG036_O (17-00-00),P_O_14_IG036_O_shape,P_O_14_IG036_O,0
P_O_14_CA056,Ground_Daily,P_O_14_IG036_O (19-00-00),P_O_14_IG036_O_shape,P_O_14_IG036_O,0
P_O_14_CA056,Ground_Daily,P_O_14_IG036_O (21-00-00),P_O_14_IG036_O_shape,P_O_14_IG036_O,0
P_O_14_CA056,Ground_Daily,P_O_14_IG036_R (06-30-00),P_O_14_IG036_R_shape,P_O_14_IG036_R,0
P_O_14_CA056,Ground_Daily,P_O_14_IG036_R (08-00-00),P_O_14_IG036_R_shape,P_O_14_IG036_R,0
P_O_14_CA056,Ground_Daily,P_O_14_IG036_R (09-00-00),P_O_14_IG036_R_shape,P_O_14_IG036_R,0
P_O_14_CA056,Ground_Daily,P_O_14_IG036_R (11-00-00),P_O_14_IG036_R_shape,P_O_14_IG036_R,0
P_O_14_CA056,Ground_Daily,P_O_14_IG036_R (13-00-00),P_O_14_IG036_R_shape,P_O_14_IG036_R,0
P_O_14_CA056,Ground_Daily,P_O_14_IG036_R (15-00-00),P_O_14_IG036_R_shape,P_O_14_IG036_R,0
P_O_14_CA056,Ground_Daily,P_O_14_IG036_R (17-00-00),P_O_14_IG036_R_shape,P_O_14_IG036_R,0
P_O_14_CA056,Ground_Daily,P_O_14_IG036_R (19-00-00),P_O_14_IG036_R_shape,P_O_14_IG036_R,0
P_O_14_CA056,Ground_Daily,P_O_14_IG036_R (21-00-00),P_O_14_IG036_R_shape,P_O_14_IG036_R,0
P_O_14_CA056,Ground_Daily,P_O_14_IG037_R (06-30-00),P_O_14_IG037_R_shape,P_O_14_IG037_R,0
P_O_14_CA056,Ground_Daily,P_O_14_IG037_R (08-00-00),P_O_14_IG037_R_shape,P_O_14_IG037_R,0
P_O_14_CA056,Ground_Daily,P_O_14_IG037_R (09-00-00),P_O_14_IG037_R_shape,P_O_14_IG037_R,0
P_O_14_CA056,Ground_Daily,P_O_14_IG037_R (11-00-00),P_O_14_IG037_R_shape,P_O_14_IG037_R,0
P_O_14_CA056,Ground_Daily,P_O_14_IG037_R (13-00-00),P_O_14_IG037_R_shape,P_O_14_IG037_R,0
P_O_14_CA056,Ground_Daily,P_O_14_IG037_R (15-00-00),P_O_14_IG037_R_shape,P_O_14_IG037_R,0
P_O_14_CA056,Ground_Daily,P_O_14_IG037_R (17-00-00),P_O_14_IG037_R_shape,P_O_14_IG037_R,0
P_O_14_CA056,Ground_Daily,P_O_14_IG037_R (19-00-00),P_O_14_IG037_R_shape,P_O_14_IG037_R,0
P_O_14_CA056,Ground_Daily,P_O_14_IG037_R (21-00-00),P_O_14_IG037_R_shape,P_O_14_IG037_R,0
P_O_14_CA056,Ground_Daily,P_O_14_IG038_O (06-30-00),P_O_14_IG038_O_shape,P_O_14_IG038_O,0
P_O_14_CA056,Ground_Daily,P_O_14_IG038_O (08-00-00),P_O_14_IG038_O_shape,P_O_14_IG038_O,0
P_O_14_CA056,Ground_Daily,P_O_14_IG038_O (09-00-00),P_O_14_IG038_O_shape,P_O_14_IG038_O,0
P_O_14_CA056,Ground_Daily,P_O_14_IG038_O (11-00-00),P_O_14_IG038_O_shape,P_O_14_IG038_O,0
P_O_14_CA056,Ground_Daily,P_O_14_IG038_O (13-00-00),P_O_14_IG038_O_shape,P_O_14_IG038_O,0
P_O_14_CA056,Ground_Daily,P_O_14_IG038_O (15-00-00),P_O_14_IG038_O_shape,P_O_14_IG038_O,0
P_O_14_CA056,Ground_Daily,P_O_14_IG038_O (17-00-00),P_O_14_IG038_O_shape,P_O_14_IG038_O,0
P_O_14_CA056,Ground_Daily,P_O_14_IG038_O (19-00-00),P_O_14_IG038_O_shape,P_O_14_IG038_O,0
P_O_14_CA056,Ground_Daily,P_O_14_IG038_O (21-00-00),P_O_14_IG038_O_shape,P_O_14_IG038_O,0
P_O_14_CA056,Ground_Daily,P_O_14_IG038_R (06-30-00),P_O_14_IG038_R_shape,P_O_14_IG038_R,0
P_O_14_CA056,Ground_Daily,P_O_14_IG038_R (08-00-00),P_O_14_IG038_R_shape,P_O_14_IG038_R,0
P_O_14_CA056,Ground_Daily,P_O_14_IG038_R (09-00-00),P_O_14_IG038_R_shape,P_O_14_IG038_R,0
P_O_14_CA056,Ground_Daily,P_O_14_IG038_R (11-00-00),P_O_14_IG038_R_shape,P_O_14_IG038_R,0
P_O_14_CA056,Ground_Daily,P_O_14_IG038_R (13-00-00),P_O_14_IG038_R_shape,P_O_14_IG038_R,0
P_O_14_CA056,Ground_Daily,P_O_14_IG038_R (15-00-00),P_O_14_IG038_R_shape,P_O_14_IG038_R,0
P_O_14_CA056,Ground_Daily,P_O_14_IG038_R (17-00-00),P_O_14_IG038_R_shape,P_O_14_IG038_R,0
P_O_14_CA056,Ground_Daily,P_O_14_IG038_R (19-00-00),P_O_14_IG038_R_shape,P_O_14_IG038_R,0
P_O_14_CA056,Ground_Daily,P_O_14_IG038_R (21-00-00),P_O_14_IG038_R_shape,P_O_14_IG038_R,0
P_O_14_CA056,Ground_Daily,P_O_14_IG039_O (06-30-00),P_O_14_IG039_O_shape,P_O_14_IG039_O,0
P_O_14_CA056,Ground_Daily,P_O_14_IG039_O (08-00-00),P_O_14_IG039_O_shape,P_O_14_IG039_O,0
P_O_14_CA056,Ground_Daily,P_O_14_IG039_O (09-00-00),P_O_14_IG039_O_shape,P_O_14_IG039_O,0
P_O_14_CA056,Ground_Daily,P_O_14_IG039_O (11-00-00),P_O_14_IG039_O_shape,P_O_14_IG039_O,0
P_O_14_CA056,Ground_Daily,P_O_14_IG039_O (13-00-00),P_O_14_IG039_O_shape,P_O_14_IG039_O,0
P_O_14_CA056,Ground_Daily,P_O_14_IG039_O (15-00-00),P_O_14_IG039_O_shape,P_O_14_IG039_O,0
P_O_14_CA056,Ground_Daily,P_O_14_IG039_O (17-00-00),P_O_14_IG039_O_shape,P_O_14_IG039_O,0
P_O_14_CA056,Ground_Daily,P_O_14_IG039_O (19-00-00),P_O_14_IG039_O_shape,P_O_14_IG039_O,0
P_O_14_CA056,Ground_Daily,P_O_14_IG039_O (21-00-00),P_O_14_IG039_O_shape,P_O_14_IG039_O,0
P_O_14_CA056,Ground_Daily,P_O_14_IG039_R (06-30-00),P_O_14_IG039_R_shape,P_O_14_IG039_R,0
P_O_14_CA056,Ground_Daily,P_O_14_IG039_R (08-00-00),P_O_14_IG039_R_shape,P_O_14_IG039_R,0
P_O_14_CA056,Ground_Daily,P_O_14_IG039_R (09-00-00),P_O_14_IG039_R_shape,P_O_14_IG039_R,0
P_O_14_CA056,Ground_Daily,P_O_14_IG039_R (11-00-00),P_O_14_IG039_R_shape,P_O_14_IG039_R,0
P_O_14_CA056,Ground_Daily,P_O_14_IG039_R (13-00-00),P_O_14_IG039_R_shape,P_O_14_IG039_R,0
P_O_14_CA056,Ground_Daily,P_O_14_IG039_R (15-00-00),P_O_14_IG039_R_shape,P_O_14_IG039_R,0
P_O_14_CA056,Ground_Daily,P_O_14_IG039_R (17-00-00),P_O_14_IG039_R_shape,P_O_14_IG039_R,0
P_O_14_CA056,Ground_Daily,P_O_14_IG039_R (19-00-00),P_O_14_IG039_R_shape,P_O_14_IG039_R,0
P_O_14_CA056,Ground_Daily,P_O_14_IG039_R (21-00-00),P_O_14_IG039_R_shape,P_O_14_IG039_R,0
P_O_14_CA056,Ground_Daily,P_O_14_IG040_O (06-30-00),P_O_14_IG040_O_shape,P_O_14_IG040_O,0
P_O_14_CA056,Ground_Daily,P_O_14_IG040_O (08-00-00),P_O_14_IG040_O_shape,P_O_14_IG040_O,0
P_O_14_CA056,Ground_Daily,P_O_14_IG040_O (09-00-00),P_O_14_IG040_O_shape,P_O_14_IG040_O,0
P_O_14_CA056,Ground_Daily,P_O_14_IG040_O (11-00-00),P_O_14_IG040_O_shape,P_O_14_IG040_O,0
P_O_14_CA056,Ground_Daily,P_O_14_IG040_O (13-00-00),P_O_14_IG040_O_shape,P_O_14_IG040_O,0
P_O_14_CA056,Ground_Daily,P_O_14_IG040_O (15-00-00),P_O_14_IG040_O_shape,P_O_14_IG040_O,0
P_O_14_CA056,Ground_Daily,P_O_14_IG040_O (17-00-00),P_O_14_IG040_O_shape,P_O_14_IG040_O,0
P_O_14_CA056,Ground_Daily,P_O_14_IG040_O (19-00-00),P_O_14_IG040_O_shape,P_O_14_IG040_O,0
P_O_14_CA056,Ground_Daily,P_O_14_IG040_O (21-00-00),P_O_14_IG040_O_shape,P_O_14_IG040_O,0
P_O_14_CA056,Ground_Daily,P_O_14_IG040_R (06-30-00),P_O_14_IG040_R_shape,P_O_14_IG040_R,0
P_O_14_CA056,Ground_Daily,P_O_14_IG040_R (08-00-00),P_O_14_IG040_R_shape,P_O_14_IG040_R,0
P_O_14_CA056,Ground_Daily,P_O_14_IG040_R (09-00-00),P_O_14_IG040_R_shape,P_O_14_IG040_R,0
P_O_14_CA056,Ground_Daily,P_O_14_IG040_R (11-00-00),P_O_14_IG040_R_shape,P_O_14_IG040_R,0
P_O_14_CA056,Ground_Daily,P_O_14_IG040_R (13-00-00),P_O_14_IG040_R_shape,P_O_14_IG040_R,0
P_O_14_CA056,Ground_Daily,P_O_14_IG040_R (15-00-00),P_O_14_IG040_R_shape,P_O_14_IG040_R,0
P_O_14_CA056,Ground_Daily,P_O_14_IG040_R (17-00-00),P_O_14_IG040_R_shape,P_O_14_IG040_R,0
P_O_14_CA056,Ground_Daily,P_O_14_IG040_R (19-00-00),P_O_14_IG040_R_shape,P_O_14_IG040_R,0
P_O_14_CA056,Ground_Daily,P_O_14_IG040_R (21-00-00),P_O_14_IG040_R_shape,P_O_14_IG040_R,0
P_O_14_CA056,Ground_Daily,P_O_14_IG041_O (06-30-00),P_O_14_IG041_O_shape,P_O_14_IG041_O,0
P_O_14_CA056,Ground_Daily,P_O_14_IG041_O (08-00-00),P_O_14_IG041_O_shape,P_O_14_IG041_O,0
P_O_14_CA056,Ground_Daily,P_O_14_IG041_O (09-00-00),P_O_14_IG041_O_shape,P_O_14_IG041_O,0
P_O_14_CA056,Ground_Daily,P_O_14_IG041_O (11-00-00),P_O_14_IG041_O_shape,P_O_14_IG041_O,0
P_O_14_CA056,Ground_Daily,P_O_14_IG041_O (13-00-00),P_O_14_IG041_O_shape,P_O_14_IG041_O,0
P_O_14_CA056,Ground_Daily,P_O_14_IG041_O (15-00-00),P_O_14_IG041_O_shape,P_O_14_IG041_O,0
P_O_14_CA056,Ground_Daily,P_O_14_IG041_O (17-00-00),P_O_14_IG041_O_shape,P_O_14_IG041_O,0
P_O_14_CA056,Ground_Daily,P_O_14_IG041_O (19-00-00),P_O_14_IG041_O_shape,P_O_14_IG041_O,0
P_O_14_CA056,Ground_Daily,P_O_14_IG041_O (21-00-00),P_O_14_IG041_O_shape,P_O_14_IG041_O,0
P_O_14_CA056,Ground_Daily,P_O_14_IG042_O (06-30-00),P_O_14_IG042_O_shape,P_O_14_IG042_O,0
P_O_14_CA056,Ground_Daily,P_O_14_IG042_O (08-00-00),P_O_14_IG042_O_shape,P_O_14_IG042_O,0
P_O_14_CA056,Ground_Daily,P_O_14_IG042_O (09-00-00),P_O_14_IG042_O_shape,P_O_14_IG042_O,0
P_O_14_CA056,Ground_Daily,P_O_14_IG042_O (11-00-00),P_O_14_IG042_O_shape,P_O_14_IG042_O,0
P_O_14_CA056,Ground_Daily,P_O_14_IG042_O (13-00-00),P_O_14_IG042_O_shape,P_O_14_IG042_O,0
P_O_14_CA056,Ground_Daily,P_O_14_IG042_O (15-00-00),P_O_14_IG042_O_shape,P_O_14_IG042_O,0
P_O_14_CA056,Ground_Daily,P_O_14_IG042_O (17-00-00),P_O_14_IG042_O_shape,P_O_14_IG042_O,0
P_O_14_CA056,Ground_Daily,P_O_14_IG042_O (19-00-00),P_O_14_IG042_O_shape,P_O_14_IG042_O,0
P_O_14_CA056,Ground_Daily,P_O_14_IG042_O (21-00-00),P_O_14_IG042_O_shape,P_O_14_IG042_O,0
P_O_14_CA056,Ground_Daily,P_O_14_IG042_R (06-30-00),P_O_14_IG042_R_shape,P_O_14_IG042_R,0
P_O_14_CA056,Ground_Daily,P_O_14_IG042_R (08-00-00),P_O_14_IG042_R_shape,P_O_14_IG042_R,0
P_O_14_CA056,Ground_Daily,P_O_14_IG042_R (09-00-00),P_O_14_IG042_R_shape,P_O_14_IG042_R,0
P_O_14_CA056,Ground_Daily,P_O_14_IG042_R (11-00-00),P_O_14_IG042_R_shape,P_O_14_IG042_R,0
P_O_14_CA056,Ground_Daily,P_O_14_IG042_R (13-00-00),P_O_14_IG042_R_shape,P_O_14_IG042_R,0
P_O_14_CA056,Ground_Daily,P_O_14_IG042_R (15-00-00),P_O_14_IG042_R_shape,P_O_14_IG042_R,0
P_O_14_CA056,Ground_Daily,P_O_14_IG042_R (17-00-00),P_O_14_IG042_R_shape,P_O_14_IG042_R,0
P_O_14_CA056,Ground_Daily,P_O_14_IG042_R (19-00-00),P_O_14_IG042_R_shape,P_O_14_IG042_R,0
P_O_14_CA056,Ground_Daily,P_O_14_IG042_R (21-00-00),P_O_14_IG042_R_shape,P_O_14_IG042_R,0
P_O_14_CA056,Ground_Daily,P_O_14_IG043_O (06-30-00),P_O_14_IG043_O_shape,P_O_14_IG043_O,0
P_O_14_CA056,Ground_Daily,P_O_14_IG043_O (08-00-00),P_O_14_IG043_O_shape,P_O_14_IG043_O,0
P_O_14_CA056,Ground_Daily,P_O_14_IG043_O (09-00-00),P_O_14_IG043_O_shape,P_O_14_IG043_O,0
P_O_14_CA056,Ground_Daily,P_O_14_IG043_O (11-00-00),P_O_14_IG043_O_shape,P_O_14_IG043_O,0
P_O_14_CA056,Ground_Daily,P_O_14_IG043_O (13-00-00),P_O_14_IG043_O_shape,P_O_14_IG043_O,0
P_O_14_CA056,Ground_Daily,P_O_14_IG043_O (15-00-00),P_O_14_IG043_O_shape,P_O_14_IG043_O,0
P_O_14_CA056,Ground_Daily,P_O_14_IG043_O (17-00-00),P_O_14_IG043_O_shape,P_O_14_IG043_O,0
P_O_14_CA056,Ground_Daily,P_O_14_IG043_O (19-00-00),P_O_14_IG043_O_shape,P_O_14_IG043_O,0
P_O_14_CA056,Ground_Daily,P_O_14_IG043_O (21-00-00),P_O_14_IG043_O_shape,P_O_14_IG043_O,0
P_O_14_CA056,Ground_Daily,P_O_14_IG043_R (06-30-00),P_O_14_IG043_R_shape,P_O_14_IG043_R,0
P_O_14_CA056,Ground_Daily,P_O_14_IG043_R (08-00-00),P_O_14_IG043_R_shape,P_O_14_IG043_R,0
P_O_14_CA056,Ground_Daily,P_O_14_IG043_R (09-00-00),P_O_14_IG043_R_shape,P_O_14_IG043_R,0
P_O_14_CA056,Ground_Daily,P_O_14_IG043_R (11-00-00),P_O_14_IG043_R_shape,P_O_14_IG043_R,0
P_O_14_CA056,Ground_Daily,P_O_14_IG043_R (13-00-00),P_O_14_IG043_R_shape,P_O_14_IG043_R,0
P_O_14_CA056,Ground_Daily,P_O_14_IG043_R (15-00-00),P_O_14_IG043_R_shape,P_O_14_IG043_R,0
P_O_14_CA056,Ground_Daily,P_O_14_IG043_R (17-00-00),P_O_14_IG043_R_shape,P_O_14_IG043_R,0
P_O_14_CA056,Ground_Daily,P_O_14_IG043_R (19-00-00),P_O_14_IG043_R_shape,P_O_14_IG043_R,0
P_O_14_CA056,Ground_Daily,P_O_14_IG043_R (21-00-00),P_O_14_IG043_R_shape,P_O_14_IG043_R,0
P_O_14_CA056,Ground_Daily,P_O_14_IG044_O (06-30-00),P_O_14_IG044_O_shape,P_O_14_IG044_O,0
P_O_14_CA056,Ground_Daily,P_O_14_IG044_O (08-00-00),P_O_14_IG044_O_shape,P_O_14_IG044_O,0
P_O_14_CA056,Ground_Daily,P_O_14_IG044_O (09-00-00),P_O_14_IG044_O_shape,P_O_14_IG044_O,0
P_O_14_CA056,Ground_Daily,P_O_14_IG044_O (11-00-00),P_O_14_IG044_O_shape,P_O_14_IG044_O,0
P_O_14_CA056,Ground_Daily,P_O_14_IG044_O (13-00-00),P_O_14_IG044_O_shape,P_O_14_IG044_O,0
P_O_14_CA056,Ground_Daily,P_O_14_IG044_O (15-00-00),P_O_14_IG044_O_shape,P_O_14_IG044_O,0
P_O_14_CA056,Ground_Daily,P_O_14_IG044_O (17-00-00),P_O_14_IG044_O_shape,P_O_14_IG044_O,0
P_O_14_CA056,Ground_Daily,P_O_14_IG044_O (19-00-00),P_O_14_IG044_O_shape,P_O_14_IG044_O,0
P_O_14_CA056,Ground_Daily,P_O_14_IG044_O (21-00-00),P_O_14_IG044_O_shape,P_O_14_IG044_O,0
P_O_14_CA056,Ground_Daily,P_O_14_IG044_R (06-30-00),P_O_14_IG044_R_shape,P_O_14_IG044_R,0
P_O_14_CA056,Ground_Daily,P_O_14_IG044_R (08-00-00),P_O_14_IG044_R_shape,P_O_14_IG044_R,0
P_O_14_CA056,Ground_Daily,P_O_14_IG044_R (09-00-00),P_O_14_IG044_R_shape,P_O_14_IG044_R,0
P_O_14_CA056,Ground_Daily,P_O_14_IG044_R (11-00-00),P_O_14_IG044_R_shape,P_O_14_IG044_R,0
P_O_14_CA056,Ground_Daily,P_O_14_IG044_R (13-00-00),P_O_14_IG044_R_shape,P_O_14_IG044_R,0
P_O_14_CA056,Ground_Daily,P_O_14_IG044_R (15-00-00),P_O_14_IG044_R_shape,P_O_14_IG044_R,0
P_O_14_CA056,Ground_Daily,P_O_14_IG044_R (17-00-00),P_O_14_IG044_R_shape,P_O_14_IG044_R,0
P_O_14_CA056,Ground_Daily,P_O_14_IG044_R (19-00-00),P_O_14_IG044_R_shape,P_O_14_IG044_R,0
P_O_14_CA056,Ground_Daily,P_O_14_IG044_R (21-00-00),P_O_14_IG044_R_shape,P_O_14_IG044_R,0
P_O_14_CA056,Ground_Daily,P_O_14_IG046_O (06-30-00),P_O_14_IG046_O_shape,P_O_14_IG046_O,0
P_O_14_CA056,Ground_Daily,P_O_14_IG046_O (08-00-00),P_O_14_IG046_O_shape,P_O_14_IG046_O,0
P_O_14_CA056,Ground_Daily,P_O_14_IG046_O (09-00-00),P_O_14_IG046_O_shape,P_O_14_IG046_O,0
P_O_14_CA056,Ground_Daily,P_O_14_IG046_O (11-00-00),P_O_14_IG046_O_shape,P_O_14_IG046_O,0
P_O_14_CA056,Ground_Daily,P_O_14_IG046_O (13-00-00),P_O_14_IG046_O_shape,P_O_14_IG046_O,0
P_O_14_CA056,Ground_Daily,P_O_14_IG046_O (15-00-00),P_O_14_IG046_O_shape,P_O_14_IG046_O,0
P_O_14_CA056,Ground_Daily,P_O_14_IG046_O (17-00-00),P_O_14_IG046_O_shape,P_O_14_IG046_O,0
P_O_14_CA056,Ground_Daily,P_O_14_IG046_O (19-00-00),P_O_14_IG046_O_shape,P_O_14_IG046_O,0
P_O_14_CA056,Ground_Daily,P_O_14_IG046_O (21-00-00),P_O_14_IG046_O_shape,P_O_14_IG046_O,0
P_O_14_CA056,Ground_Daily,P_O_14_IG046_R (06-30-00),P_O_14_IG046_R_shape,P_O_14_IG046_R,0
P_O_14_CA056,Ground_Daily,P_O_14_IG046_R (08-00-00),P_O_14_IG046_R_shape,P_O_14_IG046_R,0
P_O_14_CA056,Ground_Daily,P_O_14_IG046_R (09-00-00),P_O_14_IG046_R_shape,P_O_14_IG046_R,0
P_O_14_CA056,Ground_Daily,P_O_14_IG046_R (11-00-00),P_O_14_IG046_R_shape,P_O_14_IG046_R,0
P_O_14_CA056,Ground_Daily,P_O_14_IG046_R (13-00-00),P_O_14_IG046_R_shape,P_O_14_IG046_R,0
P_O_14_CA056,Ground_Daily,P_O_14_IG046_R (15-00-00),P_O_14_IG046_R_shape,P_O_14_IG046_R,0
P_O_14_CA056,Ground_Daily,P_O_14_IG046_R (17-00-00),P_O_14_IG046_R_shape,P_O_14_IG046_R,0
P_O_14_CA056,Ground_Daily,P_O_14_IG046_R (19-00-00),P_O_14_IG046_R_shape,P_O_14_IG046_R,0
P_O_14_CA056,Ground_Daily,P_O_14_IG046_R (21-00-00),P_O_14_IG046_R_shape,P_O_14_IG046_R,0
P_O_14_CA056,Ground_Daily,P_O_14_IG047_O (06-30-00),P_O_14_IG047_O_shape,P_O_14_IG047_O,0
P_O_14_CA056,Ground_Daily,P_O_14_IG047_O (08-00-00),P_O_14_IG047_O_shape,P_O_14_IG047_O,0
P_O_14_CA056,Ground_Daily,P_O_14_IG047_O (09-00-00),P_O_14_IG047_O_shape,P_O_14_IG047_O,0
P_O_14_CA056,Ground_Daily,P_O_14_IG047_O (11-00-00),P_O_14_IG047_O_shape,P_O_14_IG047_O,0
P_O_14_CA056,Ground_Daily,P_O_14_IG047_O (13-00-00),P_O_14_IG047_O_shape,P_O_14_IG047_O,0
P_O_14_CA056,Ground_Daily,P_O_14_IG047_O (15-00-00),P_O_14_IG047_O_shape,P_O_14_IG047_O,0
P_O_14_CA056,Ground_Daily,P_O_14_IG047_O (17-00-00),P_O_14_IG047_O_shape,P_O_14_IG047_O,0
P_O_14_CA056,Ground_Daily,P_O_14_IG047_O (19-00-00),P_O_14_IG047_O_shape,P_O_14_IG047_O,0
P_O_14_CA056,Ground_Daily,P_O_14_IG047_O (21-00-00),P_O_14_IG047_O_shape,P_O_14_IG047_O,0
P_O_14_CA056,Ground_Daily,P_O_14_IG047_R (06-30-00),P_O_14_IG047_R_shape,P_O_14_IG047_R,0
P_O_14_CA056,Ground_Daily,P_O_14_IG047_R (08-00-00),P_O_14_IG047_R_shape,P_O_14_IG047_R,0
P_O_14_CA056,Ground_Daily,P_O_14_IG047_R (09-00-00),P_O_14_IG047_R_shape,P_O_14_IG047_R,0
P_O_14_CA056,Ground_Daily,P_O_14_IG047_R (11-00-00),P_O_14_IG047_R_shape,P_O_14_IG047_R,0
P_O_14_CA056,Ground_Daily,P_O_14_IG047_R (13-00-00),P_O_14_IG047_R_shape,P_O_14_IG047_R,0
P_O_14_CA056,Ground_Daily,P_O_14_IG047_R (15-00-00),P_O_14_IG047_R_shape,P_O_14_IG047_R,0
P_O_14_CA056,Ground_Daily,P_O_14_IG047_R (17-00-00),P_O_14_IG047_R_shape,P_O_14_IG047_R,0
P_O_14_CA056,Ground_Daily,P_O_14_IG047_R (19-00-00),P_O_14_IG047_R_shape,P_O_14_IG047_R,0
P_O_14_CA056,Ground_Daily,P_O_14_IG047_R (21-00-00),P_O_14_IG047_R_shape,P_O_14_IG047_R,0
P_O_14_CA056,Ground_Daily,P_O_14_IG049_O (06-30-00),P_O_14_IG049_O_shape,P_O_14_IG049_O,0
P_O_14_CA056,Ground_Daily,P_O_14_IG049_O (08-00-00),P_O_14_IG049_O_shape,P_O_14_IG049_O,0
P_O_14_CA056,Ground_Daily,P_O_14_IG049_O (09-00-00),P_O_14_IG049_O_shape,P_O_14_IG049_O,0
P_O_14_CA056,Ground_Daily,P_O_14_IG049_O (11-00-00),P_O_14_IG049_O_shape,P_O_14_IG049_O,0
P_O_14_CA056,Ground_Daily,P_O_14_IG049_O (13-00-00),P_O_14_IG049_O_shape,P_O_14_IG049_O,0
P_O_14_CA056,Ground_Daily,P_O_14_IG049_O (15-00-00),P_O_14_IG049_O_shape,P_O_14_IG049_O,0
P_O_14_CA056,Ground_Daily,P_O_14_IG049_O (17-00-00),P_O_14_IG049_O_shape,P_O_14_IG049_O,0
P_O_14_CA056,Ground_Daily,P_O_14_IG049_O (19-00-00),P_O_14_IG049_O_shape,P_O_14_IG049_O,0
P_O_14_CA056,Ground_Daily,P_O_14_IG049_O (21-00-00),P_O_14_IG049_O_shape,P_O_14_IG049_O,0
P_O_14_CA056,Ground_Daily,P_O_14_IG049_R (06-30-00),P_O_14_IG049_R_shape,P_O_14_IG049_R,0
P_O_14_CA056,Ground_Daily,P_O_14_IG049_R (08-00-00),P_O_14_IG049_R_shape,P_O_14_IG049_R,0
P_O_14_CA056,Ground_Daily,P_O_14_IG049_R (09-00-00),P_O_14_IG049_R_shape,P_O_14_IG049_R,0
P_O_14_CA056,Ground_Daily,P_O_14_IG049_R (11-00-00),P_O_14_IG049_R_shape,P_O_14_IG049_R,0
P_O_14_CA056,Ground_Daily,P_O_14_IG049_R (13-00-00),P_O_14_IG049_R_shape,P_O_14_IG049_R,0
P_O_14_CA056,Ground_Daily,P_O_14_IG049_R (15-00-00),P_O_14_IG049_R_shape,P_O_14_IG049_R,0
P_O_14_CA056,Ground_Daily,P_O_14_IG049_R (17-00-00),P_O_14_IG049_R_shape,P_O_14_IG049_R,0
P_O_14_CA056,Ground_Daily,P_O_14_IG049_R (19-00-00),P_O_14_IG049_R_shape,P_O_14_IG049_R,0
P_O_14_CA056,Ground_Daily,P_O_14_IG049_R (21-00-00),P_O_14_IG049_R_shape,P_O_14_IG049_R,0
P_O_14_CA056,Ground_Daily,P_O_14_IG050_O (06-30-00),P_O_14_IG050_O_shape,P_O_14_IG050_O,0
P_O_14_CA056,Ground_Daily,P_O_14_IG050_O (08-00-00),P_O_14_IG050_O_shape,P_O_14_IG050_O,0
P_O_14_CA056,Ground_Daily,P_O_14_IG050_O (09-00-00),P_O_14_IG050_O_shape,P_O_14_IG050_O,0
P_O_14_CA056,Ground_Daily,P_O_14_IG050_O (11-00-00),P_O_14_IG050_O_shape,P_O_14_IG050_O,0
P_O_14_CA056,Ground_Daily,P_O_14_IG050_O (13-00-00),P_O_14_IG050_O_shape,P_O_14_IG050_O,0
P_O_14_CA056,Ground_Daily,P_O_14_IG050_O (15-00-00),P_O_14_IG050_O_shape,P_O_14_IG050_O,0
P_O_14_CA056,Ground_Daily,P_O_14_IG050_O (17-00-00),P_O_14_IG050_O_shape,P_O_14_IG050_O,0
P_O_14_CA056,Ground_Daily,P_O_14_IG050_O (19-00-00),P_O_14_IG050_O_shape,P_O_14_IG050_O,0
P_O_14_CA056,Ground_Daily,P_O_14_IG050_O (21-00-00),P_O_14_IG050_O_shape,P_O_14_IG050_O,0
P_O_14_CA056,Ground_Daily,P_O_14_IG050_R (06-30-00),P_O_14_IG050_R_shape,P_O_14_IG050_R,0
P_O_14_CA056,Ground_Daily,P_O_14_IG050_R (08-00-00),P_O_14_IG050_R_shape,P_O_14_IG050_R,0
P_O_14_CA056,Ground_Daily,P_O_14_IG050_R (09-00-00),P_O_14_IG050_R_shape,P_O_14_IG050_R,0
P_O_14_CA056,Ground_Daily,P_O_14_IG050_R (11-00-00),P_O_14_IG050_R_shape,P_O_14_IG050_R,0
P_O_14_CA056,Ground_Daily,P_O_14_IG050_R (13-00-00),P_O_14_IG050_R_shape,P_O_14_IG050_R,0
P_O_14_CA056,Ground_Daily,P_O_14_IG050_R (15-00-00),P_O_14_IG050_R_shape,P_O_14_IG050_R,0
P_O_14_CA056,Ground_Daily,P_O_14_IG050_R (17-00-00),P_O_14_IG050_R_shape,P_O_14_IG050_R,0
P_O_14_CA056,Ground_Daily,P_O_14_IG050_R (19-00-00),P_O_14_IG050_R_shape,P_O_14_IG050_R,0
P_O_14_CA056,Ground_Daily,P_O_14_IG050_R (21-00-00),P_O_14_IG050_R_shape,P_O_14_IG050_R,0
P_O_14_CA056,Ground_Daily,P_O_14_IG051_O (06-30-00),P_O_14_IG051_O_shape,P_O_14_IG051_O,0
P_O_14_CA056,Ground_Daily,P_O_14_IG051_O (08-00-00),P_O_14_IG051_O_shape,P_O_14_IG051_O,0
P_O_14_CA056,Ground_Daily,P_O_14_IG051_O (09-00-00),P_O_14_IG051_O_shape,P_O_14_IG051_O,0
P_O_14_CA056,Ground_Daily,P_O_14_IG051_O (11-00-00),P_O_14_IG051_O_shape,P_O_14_IG051_O,0
P_O_14_CA056,Ground_Daily,P_O_14_IG051_O (13-00-00),P_O_14_IG051_O_shape,P_O_14_IG051_O,0
P_O_14_CA056,Ground_Daily,P_O_14_IG051_O (15-00-00),P_O_14_IG051_O_shape,P_O_14_IG051_O,0
P_O_14_CA056,Ground_Daily,P_O_14_IG051_O (17-00-00),P_O_14_IG051_O_shape,P_O_14_IG051_O,0
P_O_14_CA056,Ground_Daily,P_O_14_IG051_O (19-00-00),P_O_14_IG051_O_shape,P_O_14_IG051_O,0
P_O_14_CA056,Ground_Daily,P_O_14_IG051_O (21-00-00),P_O_14_IG051_O_shape,P_O_14_IG051_O,0
P_O_14_CA056,Ground_Daily,P_O_14_IG051_R (06-30-00),P_O_14_IG051_R_shape,P_O_14_IG051_R,0
P_O_14_CA056,Ground_Daily,P_O_14_IG051_R (08-00-00),P_O_14_IG051_R_shape,P_O_14_IG051_R,0
P_O_14_CA056,Ground_Daily,P_O_14_IG051_R (09-00-00),P_O_14_IG051_R_shape,P_O_14_IG051_R,0
P_O_14_CA056,Ground_Daily,P_O_14_IG051_R (11-00-00),P_O_14_IG051_R_shape,P_O_14_IG051_R,0
P_O_14_CA056,Ground_Daily,P_O_14_IG051_R (13-00-00),P_O_14_IG051_R_shape,P_O_14_IG051_R,0
P_O_14_CA056,Ground_Daily,P_O_14_IG051_R (15-00-00),P_O_14_IG051_R_shape,P_O_14_IG051_R,0
P_O_14_CA056,Ground_Daily,P_O_14_IG051_R (17-00-00),P_O_14_IG051_R_shape,P_O_14_IG051_R,0
P_O_14_CA056,Ground_Daily,P_O_14_IG051_R (19-00-00),P_O_14_IG051_R_shape,P_O_14_IG051_R,0
P_O_14_CA056,Ground_Daily,P_O_14_IG051_R (21-00-00),P_O_14_IG051_R_shape,P_O_14_IG051_R,0
P_O_14_CA056,Ground_Daily,P_O_14_IG052_O (06-30-00),P_O_14_IG052_O_shape,P_O_14_IG052_O,0
P_O_14_CA056,Ground_Daily,P_O_14_IG052_O (08-00-00),P_O_14_IG052_O_shape,P_O_14_IG052_O,0
P_O_14_CA056,Ground_Daily,P_O_14_IG052_O (09-00-00),P_O_14_IG052_O_shape,P_O_14_IG052_O,0
P_O_14_CA056,Ground_Daily,P_O_14_IG052_O (11-00-00),P_O_14_IG052_O_shape,P_O_14_IG052_O,0
P_O_14_CA056,Ground_Daily,P_O_14_IG052_O (13-00-00),P_O_14_IG052_O_shape,P_O_14_IG052_O,0
P_O_14_CA056,Ground_Daily,P_O_14_IG052_O (15-00-00),P_O_14_IG052_O_shape,P_O_14_IG052_O,0
P_O_14_CA056,Ground_Daily,P_O_14_IG052_O (17-00-00),P_O_14_IG052_O_shape,P_O_14_IG052_O,0
P_O_14_CA056,Ground_Daily,P_O_14_IG052_O (19-00-00),P_O_14_IG052_O_shape,P_O_14_IG052_O,0
P_O_14_CA056,Ground_Daily,P_O_14_IG052_O (21-00-00),P_O_14_IG052_O_shape,P_O_14_IG052_O,0
P_O_14_CA056,Ground_Daily,P_O_14_IG052_R (06-30-00),P_O_14_IG052_R_shape,P_O_14_IG052_R,0
P_O_14_CA056,Ground_Daily,P_O_14_IG052_R (08-00-00),P_O_14_IG052_R_shape,P_O_14_IG052_R,0
P_O_14_CA056,Ground_Daily,P_O_14_IG052_R (09-00-00),P_O_14_IG052_R_shape,P_O_14_IG052_R,0
P_O_14_CA056,Ground_Daily,P_O_14_IG052_R (11-00-00),P_O_14_IG052_R_shape,P_O_14_IG052_R,0
P_O_14_CA056,Ground_Daily,P_O_14_IG052_R (13-00-00),P_O_14_IG052_R_shape,P_O_14_IG052_R,0
P_O_14_CA056,Ground_Daily,P_O_14_IG052_R (15-00-00),P_O_14_IG052_R_shape,P_O_14_IG052_R,0
P_O_14_CA056,Ground_Daily,P_O_14_IG052_R (17-00-00),P_O_14_IG052_R_shape,P_O_14_IG052_R,0
P_O_14_CA056,Ground_Daily,P_O_14_IG052_R (19-00-00),P_O_14_IG052_R_shape,P_O_14_IG052_R,0
P_O_14_CA056,Ground_Daily,P_O_14_IG052_R (21-00-00),P_O_14_IG052_R_shape,P_O_14_IG052_R,0
P_O_14_CA056,Ground_Daily,P_O_14_IG054_O (06-30-00),P_O_14_IG054_O_shape,P_O_14_IG054_O,0
P_O_14_CA056,Ground_Daily,P_O_14_IG054_O (08-00-00),P_O_14_IG054_O_shape,P_O_14_IG054_O,0
P_O_14_CA056,Ground_Daily,P_O_14_IG054_O (09-00-00),P_O_14_IG054_O_shape,P_O_14_IG054_O,0
P_O_14_CA056,Ground_Daily,P_O_14_IG054_O (11-00-00),P_O_14_IG054_O_shape,P_O_14_IG054_O,0
P_O_14_CA056,Ground_Daily,P_O_14_IG054_O (13-00-00),P_O_14_IG054_O_shape,P_O_14_IG054_O,0
P_O_14_CA056,Ground_Daily,P_O_14_IG054_O (15-00-00),P_O_14_IG054_O_shape,P_O_14_IG054_O,0
P_O_14_CA056,Ground_Daily,P_O_14_IG054_O (17-00-00),P_O_14_IG054_O_shape,P_O_14_IG054_O,0
P_O_14_CA056,Ground_Daily,P_O_14_IG054_O (19-00-00),P_O_14_IG054_O_shape,P_O_14_IG054_O,0
P_O_14_CA056,Ground_Daily,P_O_14_IG054_O (21-00-00),P_O_14_IG054_O_shape,P_O_14_IG054_O,0
P_O_14_CA056,Ground_Daily,P_O_14_IG054_R (06-30-00),P_O_14_IG054_R_shape,P_O_14_IG054_R,0
P_O_14_CA056,Ground_Daily,P_O_14_IG054_R (08-00-00),P_O_14_IG054_R_shape,P_O_14_IG054_R,0
P_O_14_CA056,Ground_Daily,P_O_14_IG054_R (09-00-00),P_O_14_IG054_R_shape,P_O_14_IG054_R,0
P_O_14_CA056,Ground_Daily,P_O_14_IG054_R (11-00-00),P_O_14_IG054_R_shape,P_O_14_IG054_R,0
P_O_14_CA056,Ground_Daily,P_O_14_IG054_R (13-00-00),P_O_14_IG054_R_shape,P_O_14_IG054_R,0
P_O_14_CA056,Ground_Daily,P_O_14_IG054_R (15-00-00),P_O_14_IG054_R_shape,P_O_14_IG054_R,0
P_O_14_CA056,Ground_Daily,P_O_14_IG054_R (17-00-00),P_O_14_IG054_R_shape,P_O_14_IG054_R,0
P_O_14_CA056,Ground_Daily,P_O_14_IG054_R (19-00-00),P_O_14_IG054_R_shape,P_O_14_IG054_R,0
P_O_14_CA056,Ground_Daily,P_O_14_IG054_R (21-00-00),P_O_14_IG054_R_shape,P_O_14_IG054_R,0
P_O_14_CA056,Ground_Daily,P_O_14_IG055_O (06-30-00),P_O_14_IG055_O_shape,P_O_14_IG055_O,0
P_O_14_CA056,Ground_Daily,P_O_14_IG055_O (08-00-00),P_O_14_IG055_O_shape,P_O_14_IG055_O,0
P_O_14_CA056,Ground_Daily,P_O_14_IG055_O (09-00-00),P_O_14_IG055_O_shape,P_O_14_IG055_O,0
P_O_14_CA056,Ground_Daily,P_O_14_IG055_O (11-00-00),P_O_14_IG055_O_shape,P_O_14_IG055_O,0
P_O_14_CA056,Ground_Daily,P_O_14_IG055_O (13-00-00),P_O_14_IG055_O_shape,P_O_14_IG055_O,0
P_O_14_CA056,Ground_Daily,P_O_14_IG055_O (15-00-00),P_O_14_IG055_O_shape,P_O_14_IG055_O,0
P_O_14_CA056,Ground_Daily,P_O_14_IG055_O (17-00-00),P_O_14_IG055_O_shape,P_O_14_IG055_O,0
P_O_14_CA056,Ground_Daily,P_O_14_IG055_O (19-00-00),P_O_14_IG055_O_shape,P_O_14_IG055_O,0
P_O_14_CA056,Ground_Daily,P_O_14_IG055_O (21-00-00),P_O_14_IG055_O_shape,P_O_14_IG055_O,0
P_O_14_CA056,Ground_Daily,P_O_14_IG055_R (06-30-00),P_O_14_IG055_R_shape,P_O_14_IG055_R,0
P_O_14_CA056,Ground_Daily,P_O_14_IG055_R (08-00-00),P_O_14_IG055_R_shape,P_O_14_IG055_R,0
P_O_14_CA056,Ground_Daily,P_O_14_IG055_R (09-00-00),P_O_14_IG055_R_shape,P_O_14_IG055_R,0
P_O_14_CA056,Ground_Daily,P_O_14_IG055_R (11-00-00),P_O_14_IG055_R_shape,P_O_14_IG055_R,0
P_O_14_CA056,Ground_Daily,P_O_14_IG055_R (13-00-00),P_O_14_IG055_R_shape,P_O_14_IG055_R,0
P_O_14_CA056,Ground_Daily,P_O_14_IG055_R (15-00-00),P_O_14_IG055_R_shape,P_O_14_IG055_R,0
P_O_14_CA056,Ground_Daily,P_O_14_IG055_R (17-00-00),P_O_14_IG055_R_shape,P_O_14_IG055_R,0
P_O_14_CA056,Ground_Daily,P_O_14_IG055_R (19-00-00),P_O_14_IG055_R_shape,P_O_14_IG055_R,0
P_O_14_CA056,Ground_Daily,P_O_14_IG055_R (21-00-00),P_O_14_IG055_R_shape,P_O_14_IG055_R,0
P_O_14_CA056,Ground_Daily,P_O_14_IG056_O (06-30-00),P_O_14_IG056_O_shape,P_O_14_IG056_O,0
P_O_14_CA056,Ground_Daily,P_O_14_IG056_O (08-00-00),P_O_14_IG056_O_shape,P_O_14_IG056_O,0
P_O_14_CA056,Ground_Daily,P_O_14_IG056_O (09-00-00),P_O_14_IG056_O_shape,P_O_14_IG056_O,0
P_O_14_CA056,Ground_Daily,P_O_14_IG056_O (11-00-00),P_O_14_IG056_O_shape,P_O_14_IG056_O,0
P_O_14_CA056,Ground_Daily,P_O_14_IG056_O (13-00-00),P_O_14_IG056_O_shape,P_O_14_IG056_O,0
P_O_14_CA056,Ground_Daily,P_O_14_IG056_O (15-00-00),P_O_14_IG056_O_shape,P_O_14_IG056_O,0
P_O_14_CA056,Ground_Daily,P_O_14_IG056_O (17-00-00),P_O_14_IG056_O_shape,P_O_14_IG056_O,0
P_O_14_CA056,Ground_Daily,P_O_14_IG056_O (19-00-00),P_O_14_IG056_O_shape,P_O_14_IG056_O,0
P_O_14_CA056,Ground_Daily,P_O_14_IG056_O (21-00-00),P_O_14_IG056_O_shape,P_O_14_IG056_O,0
P_O_14_CA056,Ground_Daily,P_O_14_IG057_O (06-30-00),P_O_14_IG057_O_shape,P_O_14_IG057_O,0
P_O_14_CA056,Ground_Daily,P_O_14_IG057_O (08-00-00),P_O_14_IG057_O_shape,P_O_14_IG057_O,0
P_O_14_CA056,Ground_Daily,P_O_14_IG057_O (09-00-00),P_O_14_IG057_O_shape,P_O_14_IG057_O,0
P_O_14_CA056,Ground_Daily,P_O_14_IG057_O (11-00-00),P_O_14_IG057_O_shape,P_O_14_IG057_O,0
P_O_14_CA056,Ground_Daily,P_O_14_IG057_O (13-00-00),P_O_14_IG057_O_shape,P_O_14_IG057_O,0
P_O_14_CA056,Ground_Daily,P_O_14_IG057_O (15-00-00),P_O_14_IG057_O_shape,P_O_14_IG057_O,0
P_O_14_CA056,Ground_Daily,P_O_14_IG057_O (17-00-00),P_O_14_IG057_O_shape,P_O_14_IG057_O,0
P_O_14_CA056,Ground_Daily,P_O_14_IG057_O (19-00-00),P_O_14_IG057_O_shape,P_O_14_IG057_O,0
P_O_14_CA056,Ground_Daily,P_O_14_IG057_O (21-00-00),P_O_14_IG057_O_shape,P_O_14_IG057_O,0
P_O_14_CA056,Ground_Daily,P_O_14_IG058_O (06-30-00),P_O_14_IG058_O_shape,P_O_14_IG058_O,0
P_O_14_CA056,Ground_Daily,P_O_14_IG058_O (08-00-00),P_O_14_IG058_O_shape,P_O_14_IG058_O,0
P_O_14_CA056,Ground_Daily,P_O_14_IG058_O (09-00-00),P_O_14_IG058_O_shape,P_O_14_IG058_O,0
P_O_14_CA056,Ground_Daily,P_O_14_IG058_O (11-00-00),P_O_14_IG058_O_shape,P_O_14_IG058_O,0
P_O_14_CA056,Ground_Daily,P_O_14_IG058_O (13-00-00),P_O_14_IG058_O_shape,P_O_14_IG058_O,0
P_O_14_CA056,Ground_Daily,P_O_14_IG058_O (15-00-00),P_O_14_IG058_O_shape,P_O_14_IG058_O,0
P_O_14_CA056,Ground_Daily,P_O_14_IG058_O (17-00-00),P_O_14_IG058_O_shape,P_O_14_IG058_O,0
P_O_14_CA056,Ground_Daily,P_O_14_IG058_O (19-00-00),P_O_14_IG058_O_shape,P_O_14_IG058_O,0
P_O_14_CA056,Ground_Daily,P_O_14_IG058_O (21-00-00),P_O_14_IG058_O_shape,P_O_14_IG058_O,0
P_O_14_CA056,Ground_Daily,P_O_14_IG058_R (06-30-00),P_O_14_IG058_R_shape,P_O_14_IG058_R,0
P_O_14_CA056,Ground_Daily,P_O_14_IG058_R (08-00-00),P_O_14_IG058_R_shape,P_O_14_IG058_R,0
P_O_14_CA056,Ground_Daily,P_O_14_IG058_R (09-00-00),P_O_14_IG058_R_shape,P_O_14_IG058_R,0
P_O_14_CA056,Ground_Daily,P_O_14_IG058_R (11-00-00),P_O_14_IG058_R_shape,P_O_14_IG058_R,0
P_O_14_CA056,Ground_Daily,P_O_14_IG058_R (13-00-00),P_O_14_IG058_R_shape,P_O_14_IG058_R,0
P_O_14_CA056,Ground_Daily,P_O_14_IG058_R (15-00-00),P_O_14_IG058_R_shape,P_O_14_IG058_R,0
P_O_14_CA056,Ground_Daily,P_O_14_IG058_R (17-00-00),P_O_14_IG058_R_shape,P_O_14_IG058_R,0
P_O_14_CA056,Ground_Daily,P_O_14_IG058_R (19-00-00),P_O_14_IG058_R_shape,P_O_14_IG058_R,0
P_O_14_CA056,Ground_Daily,P_O_14_IG058_R (21-00-00),P_O_14_IG058_R_shape,P_O_14_IG058_R,0
P_O_14_CA056,Ground_Daily,P_O_14_IG059_O (06-30-00),P_O_14_IG059_O_shape,P_O_14_IG059_O,0
P_O_14_CA056,Ground_Daily,P_O_14_IG059_O (08-00-00),P_O_14_IG059_O_shape,P_O_14_IG059_O,0
P_O_14_CA056,Ground_Daily,P_O_14_IG059_O (09-00-00),P_O_14_IG059_O_shape,P_O_14_IG059_O,0
P_O_14_CA056,Ground_Daily,P_O_14_IG059_O (11-00-00),P_O_14_IG059_O_shape,P_O_14_IG059_O,0
P_O_14_CA056,Ground_Daily,P_O_14_IG059_O (13-00-00),P_O_14_IG059_O_shape,P_O_14_IG059_O,0
P_O_14_CA056,Ground_Daily,P_O_14_IG059_O (15-00-00),P_O_14_IG059_O_shape,P_O_14_IG059_O,0
P_O_14_CA056,Ground_Daily,P_O_14_IG059_O (17-00-00),P_O_14_IG059_O_shape,P_O_14_IG059_O,0
P_O_14_CA056,Ground_Daily,P_O_14_IG059_O (19-00-00),P_O_14_IG059_O_shape,P_O_14_IG059_O,0
P_O_14_CA056,Ground_Daily,P_O_14_IG059_O (21-00-00),P_O_14_IG059_O_shape,P_O_14_IG059_O,0
P_O_14_CA056,Ground_Daily,P_O_14_IG059_R (06-30-00),P_O_14_IG059_R_shape,P_O_14_IG059_R,0
P_O_14_CA056,Ground_Daily,P_O_14_IG059_R (08-00-00),P_O_14_IG059_R_shape,P_O_14_IG059_R,0
P_O_14_CA056,Ground_Daily,P_O_14_IG059_R (09-00-00),P_O_14_IG059_R_shape,P_O_14_IG059_R,0
P_O_14_CA056,Ground_Daily,P_O_14_IG059_R (11-00-00),P_O_14_IG059_R_shape,P_O_14_IG059_R,0
P_O_14_CA056,Ground_Daily,P_O_14_IG059_R (13-00-00),P_O_14_IG059_R_shape,P_O_14_IG059_R,0
P_O_14_CA056,Ground_Daily,P_O_14_IG059_R (15-00-00),P_O_14_IG059_R_shape,P_O_14_IG059_R,0
P_O_14_CA056,Ground_Daily,P_O_14_IG059_R (17-00-00),P_O_14_IG059_R_shape,P_O_14_IG059_R,0
P_O_14_CA056,Ground_Daily,P_O_14_IG059_R (19-00-00),P_O_14_IG059_R_shape,P_O_14_IG059_R,0
P_O_14_CA056,Ground_Daily,P_O_14_IG059_R (21-00-00),P_O_14_IG059_R_shape,P_O_14_IG059_R,0
P_O_14_CA056,Ground_Daily,P_O_14_IG060_O (06-30-00),P_O_14_IG060_O_shape,P_O_14_IG060_O,0
P_O_14_CA056,Ground_Daily,P_O_14_IG060_O (08-00-00),P_O_14_IG060_O_shape,P_O_14_IG060_O,0
P_O_14_CA056,Ground_Daily,P_O_14_IG060_O (09-00-00),P_O_14_IG060_O_shape,P_O_14_IG060_O,0
P_O_14_CA056,Ground_Daily,P_O_14_IG060_O (11-00-00),P_O_14_IG060_O_shape,P_O_14_IG060_O,0
P_O_14_CA056,Ground_Daily,P_O_14_IG060_O (13-00-00),P_O_14_IG060_O_shape,P_O_14_IG060_O,0
P_O_14_CA056,Ground_Daily,P_O_14_IG060_O (15-00-00),P_O_14_IG060_O_shape,P_O_14_IG060_O,0
P_O_14_CA056,Ground_Daily,P_O_14_IG060_O (17-00-00),P_O_14_IG060_O_shape,P_O_14_IG060_O,0
P_O_14_CA056,Ground_Daily,P_O_14_IG060_O (19-00-00),P_O_14_IG060_O_shape,P_O_14_IG060_O,0
P_O_14_CA056,Ground_Daily,P_O_14_IG060_O (21-00-00),P_O_14_IG060_O_shape,P_O_14_IG060_O,0
P_O_14_CA056,Ground_Daily,P_O_14_IG060_R (06-30-00),P_O_14_IG060_R_shape,P_O_14_IG060_R,0
P_O_14_CA056,Ground_Daily,P_O_14_IG060_R (08-00-00),P_O_14_IG060_R_shape,P_O_14_IG060_R,0
P_O_14_CA056,Ground_Daily,P_O_14_IG060_R (09-00-00),P_O_14_IG060_R_shape,P_O_14_IG060_R,0
P_O_14_CA056,Ground_Daily,P_O_14_IG060_R (11-00-00),P_O_14_IG060_R_shape,P_O_14_IG060_R,0
P_O_14_CA056,Ground_Daily,P_O_14_IG060_R (13-00-00),P_O_14_IG060_R_shape,P_O_14_IG060_R,0
P_O_14_CA056,Ground_Daily,P_O_14_IG060_R (15-00-00),P_O_14_IG060_R_shape,P_O_14_IG060_R,0
P_O_14_CA056,Ground_Daily,P_O_14_IG060_R (17-00-00),P_O_14_IG060_R_shape,P_O_14_IG060_R,0
P_O_14_CA056,Ground_Daily,P_O_14_IG060_R (19-00-00),P_O_14_IG060_R_shape,P_O_14_IG060_R,0
P_O_14_CA056,Ground_Daily,P_O_14_IG060_R (21-00-00),P_O_14_IG060_R_shape,P_O_14_IG060_R,0
P_O_14_CA056,Ground_Daily,P_O_14_IG061_O (06-30-00),P_O_14_IG061_O_shape,P_O_14_IG061_O,0
P_O_14_CA056,Ground_Daily,P_O_14_IG061_O (08-00-00),P_O_14_IG061_O_shape,P_O_14_IG061_O,0
P_O_14_CA056,Ground_Daily,P_O_14_IG061_O (09-00-00),P_O_14_IG061_O_shape,P_O_14_IG061_O,0
P_O_14_CA056,Ground_Daily,P_O_14_IG061_O (11-00-00),P_O_14_IG061_O_shape,P_O_14_IG061_O,0
P_O_14_CA056,Ground_Daily,P_O_14_IG061_O (13-00-00),P_O_14_IG061_O_shape,P_O_14_IG061_O,0
P_O_14_CA056,Ground_Daily,P_O_14_IG061_O (15-00-00),P_O_14_IG061_O_shape,P_O_14_IG061_O,0
P_O_14_CA056,Ground_Daily,P_O_14_IG061_O (17-00-00),P_O_14_IG061_O_shape,P_O_14_IG061_O,0
P_O_14_CA056,Ground_Daily,P_O_14_IG061_O (19-00-00),P_O_14_IG061_O_shape,P_O_14_IG061_O,0
P_O_14_CA056,Ground_Daily,P_O_14_IG061_O (21-00-00),P_O_14_IG061_O_shape,P_O_14_IG061_O,0
P_O_14_CA056,Ground_Daily,P_O_14_IG062_O (06-30-00),P_O_14_IG062_O_shape,P_O_14_IG062_O,0
P_O_14_CA056,Ground_Daily,P_O_14_IG062_O (08-00-00),P_O_14_IG062_O_shape,P_O_14_IG062_O,0
P_O_14_CA056,Ground_Daily,P_O_14_IG062_O (09-00-00),P_O_14_IG062_O_shape,P_O_14_IG062_O,0
P_O_14_CA056,Ground_Daily,P_O_14_IG062_O (11-00-00),P_O_14_IG062_O_shape,P_O_14_IG062_O,0
P_O_14_CA056,Ground_Daily,P_O_14_IG062_O (13-00-00),P_O_14_IG062_O_shape,P_O_14_IG062_O,0
P_O_14_CA056,Ground_Daily,P_O_14_IG062_O (15-00-00),P_O_14_IG062_O_shape,P_O_14_IG062_O,0
P_O_14_CA056,Ground_Daily,P_O_14_IG062_O (17-00-00),P_O_14_IG062_O_shape,P_O_14_IG062_O,0
P_O_14_CA056,Ground_Daily,P_O_14_IG062_O (19-00-00),P_O_14_IG062_O_shape,P_O_14_IG062_O,0
P_O_14_CA056,Ground_Daily,P_O_14_IG062_O (21-00-00),P_O_14_IG062_O_shape,P_O_14_IG062_O,0
P_O_14_CA056,Ground_Daily,P_O_14_IG062_R (06-30-00),P_O_14_IG062_R_shape,P_O_14_IG062_R,0
P_O_14_CA056,Ground_Daily,P_O_14_IG062_R (08-00-00),P_O_14_IG062_R_shape,P_O_14_IG062_R,0
P_O_14_CA056,Ground_Daily,P_O_14_IG062_R (09-00-00),P_O_14_IG062_R_shape,P_O_14_IG062_R,0
P_O_14_CA056,Ground_Daily,P_O_14_IG062_R (11-00-00),P_O_14_IG062_R_shape,P_O_14_IG062_R,0
P_O_14_CA056,Ground_Daily,P_O_14_IG062_R (13-00-00),P_O_14_IG062_R_shape,P_O_14_IG062_R,0
P_O_14_CA056,Ground_Daily,P_O_14_IG062_R (15-00-00),P_O_14_IG062_R_shape,P_O_14_IG062_R,0
P_O_14_CA056,Ground_Daily,P_O_14_IG062_R (17-00-00),P_O_14_IG062_R_shape,P_O_14_IG062_R,0
P_O_14_CA056,Ground_Daily,P_O_14_IG062_R (19-00-00),P_O_14_IG062_R_shape,P_O_14_IG062_R,0
P_O_14_CA056,Ground_Daily,P_O_14_IG062_R (21-00-00),P_O_14_IG062_R_shape,P_O_14_IG062_R,0
P_O_14_CA056,Ground_Daily,P_O_14_IG063_O (06-30-00),P_O_14_IG063_O_shape,P_O_14_IG063_O,0
P_O_14_CA056,Ground_Daily,P_O_14_IG063_O (08-00-00),P_O_14_IG063_O_shape,P_O_14_IG063_O,0
P_O_14_CA056,Ground_Daily,P_O_14_IG063_O (09-00-00),P_O_14_IG063_O_shape,P_O_14_IG063_O,0
P_O_14_CA056,Ground_Daily,P_O_14_IG063_O (11-00-00),P_O_14_IG063_O_shape,P_O_14_IG063_O,0
P_O_14_CA056,Ground_Daily,P_O_14_IG063_O (13-00-00),P_O_14_IG063_O_shape,P_O_14_IG063_O,0
P_O_14_CA056,Ground_Daily,P_O_14_IG063_O (15-00-00),P_O_14_IG063_O_shape,P_O_14_IG063_O,0
P_O_14_CA056,Ground_Daily,P_O_14_IG063_O (17-00-00),P_O_14_IG063_O_shape,P_O_14_IG063_O,0
P_O_14_CA056,Ground_Daily,P_O_14_IG063_O (19-00-00),P_O_14_IG063_O_shape,P_O_14_IG063_O,0
P_O_14_CA056,Ground_Daily,P_O_14_IG063_O (21-00-00),P_O_14_IG063_O_shape,P_O_14_IG063_O,0
P_O_14_CA056,Ground_Daily,P_O_14_IG063_R (06-30-00),P_O_14_IG063_R_shape,P_O_14_IG063_R,0
P_O_14_CA056,Ground_Daily,P_O_14_IG063_R (08-00-00),P_O_14_IG063_R_shape,P_O_14_IG063_R,0
P_O_14_CA056,Ground_Daily,P_O_14_IG063_R (09-00-00),P_O_14_IG063_R_shape,P_O_14_IG063_R,0
P_O_14_CA056,Ground_Daily,P_O_14_IG063_R (11-00-00),P_O_14_IG063_R_shape,P_O_14_IG063_R,0
P_O_14_CA056,Ground_Daily,P_O_14_IG063_R (13-00-00),P_O_14_IG063_R_shape,P_O_14_IG063_R,0
P_O_14_CA056,Ground_Daily,P_O_14_IG063_R (15-00-00),P_O_14_IG063_R_shape,P_O_14_IG063_R,0
P_O_14_CA056,Ground_Daily,P_O_14_IG063_R (17-00-00),P_O_14_IG063_R_shape,P_O_14_IG063_R,0
P_O_14_CA056,Ground_Daily,P_O_14_IG063_R (19-00-00),P_O_14_IG063_R_shape,P_O_14_IG063_R,0
P_O_14_CA056,Ground_Daily,P_O_14_IG063_R (21-00-00),P_O_14_IG063_R_shape,P_O_14_IG063_R,0
P_O_14_CA056,Ground_Daily,P_O_14_IG064_O (06-30-00),P_O_14_IG064_O_shape,P_O_14_IG064_O,0
P_O_14_CA056,Ground_Daily,P_O_14_IG064_O (08-00-00),P_O_14_IG064_O_shape,P_O_14_IG064_O,0
P_O_14_CA056,Ground_Daily,P_O_14_IG064_O (09-00-00),P_O_14_IG064_O_shape,P_O_14_IG064_O,0
P_O_14_CA056,Ground_Daily,P_O_14_IG064_O (11-00-00),P_O_14_IG064_O_shape,P_O_14_IG064_O,0
P_O_14_CA056,Ground_Daily,P_O_14_IG064_O (13-00-00),P_O_14_IG064_O_shape,P_O_14_IG064_O,0
P_O_14_CA056,Ground_Daily,P_O_14_IG064_O (15-00-00),P_O_14_IG064_O_shape,P_O_14_IG064_O,0
P_O_14_CA056,Ground_Daily,P_O_14_IG064_O (17-00-00),P_O_14_IG064_O_shape,P_O_14_IG064_O,0
P_O_14_CA056,Ground_Daily,P_O_14_IG064_O (19-00-00),P_O_14_IG064_O_shape,P_O_14_IG064_O,0
P_O_14_CA056,Ground_Daily,P_O_14_IG064_O (21-00-00),P_O_14_IG064_O_shape,P_O_14_IG064_O,0
P_O_14_CA056,Ground_Daily,P_O_14_IG064_R (06-30-00),P_O_14_IG064_R_shape,P_O_14_IG064_R,0
P_O_14_CA056,Ground_Daily,P_O_14_IG064_R (08-00-00),P_O_14_IG064_R_shape,P_O_14_IG064_R,0
P_O_14_CA056,Ground_Daily,P_O_14_IG064_R (09-00-00),P_O_14_IG064_R_shape,P_O_14_IG064_R,0
P_O_14_CA056,Ground_Daily,P_O_14_IG064_R (11-00-00),P_O_14_IG064_R_shape,P_O_14_IG064_R,0
P_O_14_CA056,Ground_Daily,P_O_14_IG064_R (13-00-00),P_O_14_IG064_R_shape,P_O_14_IG064_R,0
P_O_14_CA056,Ground_Daily,P_O_14_IG064_R (15-00-00),P_O_14_IG064_R_shape,P_O_14_IG064_R,0
P_O_14_CA056,Ground_Daily,P_O_14_IG064_R (17-00-00),P_O_14_IG064_R_shape,P_O_14_IG064_R,0
P_O_14_CA056,Ground_Daily,P_O_14_IG064_R (19-00-00),P_O_14_IG064_R_shape,P_O_14_IG064_R,0
P_O_14_CA056,Ground_Daily,P_O_14_IG064_R (21-00-00),P_O_14_IG064_R_shape,P_O_14_IG064_R,0
P_O_14_CA056,Ground_Daily,P_O_14_IG065_O (06-30-00),P_O_14_IG065_O_shape,P_O_14_IG065_O,0
P_O_14_CA056,Ground_Daily,P_O_14_IG065_O (08-00-00),P_O_14_IG065_O_shape,P_O_14_IG065_O,0
P_O_14_CA056,Ground_Daily,P_O_14_IG065_O (09-00-00),P_O_14_IG065_O_shape,P_O_14_IG065_O,0
P_O_14_CA056,Ground_Daily,P_O_14_IG065_O (11-00-00),P_O_14_IG065_O_shape,P_O_14_IG065_O,0
P_O_14_CA056,Ground_Daily,P_O_14_IG065_O (13-00-00),P_O_14_IG065_O_shape,P_O_14_IG065_O,0
P_O_14_CA056,Ground_Daily,P_O_14_IG065_O (15-00-00),P_O_14_IG065_O_shape,P_O_14_IG065_O,0
P_O_14_CA056,Ground_Daily,P_O_14_IG065_O (17-00-00),P_O_14_IG065_O_shape,P_O_14_IG065_O,0
P_O_14_CA056,Ground_Daily,P_O_14_IG065_O (19-00-00),P_O_14_IG065_O_shape,P_O_14_IG065_O,0
P_O_14_CA056,Ground_Daily,P_O_14_IG065_O (21-00-00),P_O_14_IG065_O_shape,P_O_14_IG065_O,0
P_O_14_CA056,Ground_Daily,P_O_14_IG065_R (06-30-00),P_O_14_IG065_R_shape,P_O_14_IG065_R,0
P_O_14_CA056,Ground_Daily,P_O_14_IG065_R (08-00-00),P_O_14_IG065_R_shape,P_O_14_IG065_R,0
P_O_14_CA056,Ground_Daily,P_O_14_IG065_R (09-00-00),P_O_14_IG065_R_shape,P_O_14_IG065_R,0
P_O_14_CA056,Ground_Daily,P_O_14_IG065_R (11-00-00),P_O_14_IG065_R_shape,P_O_14_IG065_R,0
P_O_14_CA056,Ground_Daily,P_O_14_IG065_R (13-00-00),P_O_14_IG065_R_shape,P_O_14_IG065_R,0
P_O_14_CA056,Ground_Daily,P_O_14_IG065_R (15-00-00),P_O_14_IG065_R_shape,P_O_14_IG065_R,0
P_O_14_CA056,Ground_Daily,P_O_14_IG065_R (17-00-00),P_O_14_IG065_R_shape,P_O_14_IG065_R,0
P_O_14_CA056,Ground_Daily,P_O_14_IG065_R (19-00-00),P_O_14_IG065_R_shape,P_O_14_IG065_R,0
P_O_14_CA056,Ground_Daily,P_O_14_IG065_R (21-00-00),P_O_14_IG065_R_shape,P_O_14_IG065_R,0
P_O_14_CA056,Ground_Daily,P_O_14_IG066_O (06-30-00),P_O_14_IG066_O_shape,P_O_14_IG066_O,0
P_O_14_CA056,Ground_Daily,P_O_14_IG066_O (08-00-00),P_O_14_IG066_O_shape,P_O_14_IG066_O,0
P_O_14_CA056,Ground_Daily,P_O_14_IG066_O (09-00-00),P_O_14_IG066_O_shape,P_O_14_IG066_O,0
P_O_14_CA056,Ground_Daily,P_O_14_IG066_O (11-00-00),P_O_14_IG066_O_shape,P_O_14_IG066_O,0
P_O_14_CA056,Ground_Daily,P_O_14_IG066_O (13-00-00),P_O_14_IG066_O_shape,P_O_14_IG066_O,0
P_O_14_CA056,Ground_Daily,P_O_14_IG066_O (15-00-00),P_O_14_IG066_O_shape,P_O_14_IG066_O,0
P_O_14_CA056,Ground_Daily,P_O_14_IG066_O (17-00-00),P_O_14_IG066_O_shape,P_O_14_IG066_O,0
P_O_14_CA056,Ground_Daily,P_O_14_IG066_O (19-00-00),P_O_14_IG066_O_shape,P_O_14_IG066_O,0
P_O_14_CA056,Ground_Daily,P_O_14_IG066_O (21-00-00),P_O_14_IG066_O_shape,P_O_14_IG066_O,0
P_O_14_CA056,Ground_Daily,P_O_14_IG066_R (06-30-00),P_O_14_IG066_R_shape,P_O_14_IG066_R,0
P_O_14_CA056,Ground_Daily,P_O_14_IG066_R (08-00-00),P_O_14_IG066_R_shape,P_O_14_IG066_R,0
P_O_14_CA056,Ground_Daily,P_O_14_IG066_R (09-00-00),P_O_14_IG066_R_shape,P_O_14_IG066_R,0
P_O_14_CA056,Ground_Daily,P_O_14_IG066_R (11-00-00),P_O_14_IG066_R_shape,P_O_14_IG066_R,0
P_O_14_CA056,Ground_Daily,P_O_14_IG066_R (13-00-00),P_O_14_IG066_R_shape,P_O_14_IG066_R,0
P_O_14_CA056,Ground_Daily,P_O_14_IG066_R (15-00-00),P_O_14_IG066_R_shape,P_O_14_IG066_R,0
P_O_14_CA056,Ground_Daily,P_O_14_IG066_R (17-00-00),P_O_14_IG066_R_shape,P_O_14_IG066_R,0
P_O_14_CA056,Ground_Daily,P_O_14_IG066_R (19-00-00),P_O_14_IG066_R_shape,P_O_14_IG066_R,0
P_O_14_CA056,Ground_Daily,P_O_14_IG066_R (21-00-00),P_O_14_IG066_R_shape,P_O_14_IG066_R,0
P_O_14_CA056,Ground_Daily,P_O_14_IG067_O (06-30-00),P_O_14_IG067_O_shape,P_O_14_IG067_O,0
P_O_14_CA056,Ground_Daily,P_O_14_IG067_O (08-00-00),P_O_14_IG067_O_shape,P_O_14_IG067_O,0
P_O_14_CA056,Ground_Daily,P_O_14_IG067_O (09-00-00),P_O_14_IG067_O_shape,P_O_14_IG067_O,0
P_O_14_CA056,Ground_Daily,P_O_14_IG067_O (11-00-00),P_O_14_IG067_O_shape,P_O_14_IG067_O,0
P_O_14_CA056,Ground_Daily,P_O_14_IG067_O (13-00-00),P_O_14_IG067_O_shape,P_O_14_IG067_O,0
P_O_14_CA056,Ground_Daily,P_O_14_IG067_O (15-00-00),P_O_14_IG067_O_shape,P_O_14_IG067_O,0
P_O_14_CA056,Ground_Daily,P_O_14_IG067_O (17-00-00),P_O_14_IG067_O_shape,P_O_14_IG067_O,0
P_O_14_CA056,Ground_Daily,P_O_14_IG067_O (19-00-00),P_O_14_IG067_O_shape,P_O_14_IG067_O,0
P_O_14_CA056,Ground_Daily,P_O_14_IG067_O (21-00-00),P_O_14_IG067_O_shape,P_O_14_IG067_O,0
P_O_14_CA056,Ground_Daily,P_O_14_IG067_R (06-30-00),P_O_14_IG067_R_shape,P_O_14_IG067_R,0
P_O_14_CA056,Ground_Daily,P_O_14_IG067_R (08-00-00),P_O_14_IG067_R_shape,P_O_14_IG067_R,0
P_O_14_CA056,Ground_Daily,P_O_14_IG067_R (09-00-00),P_O_14_IG067_R_shape,P_O_14_IG067_R,0
P_O_14_CA056,Ground_Daily,P_O_14_IG067_R (11-00-00),P_O_14_IG067_R_shape,P_O_14_IG067_R,0
P_O_14_CA056,Ground_Daily,P_O_14_IG067_R (13-00-00),P_O_14_IG067_R_shape,P_O_14_IG067_R,0
P_O_14_CA056,Ground_Daily,P_O_14_IG067_R (15-00-00),P_O_14_IG067_R_shape,P_O_14_IG067_R,0
P_O_14_CA056,Ground_Daily,P_O_14_IG067_R (17-00-00),P_O_14_IG067_R_shape,P_O_14_IG067_R,0
P_O_14_CA056,Ground_Daily,P_O_14_IG067_R (19-00-00),P_O_14_IG067_R_shape,P_O_14_IG067_R,0
P_O_14_CA056,Ground_Daily,P_O_14_IG067_R (21-00-00),P_O_14_IG067_R_shape,P_O_14_IG067_R,0
P_O_14_CA056,Ground_Daily,P_O_14_IG068_O (06-30-00),P_O_14_IG068_O_shape,P_O_14_IG068_O,0
P_O_14_CA056,Ground_Daily,P_O_14_IG068_O (08-00-00),P_O_14_IG068_O_shape,P_O_14_IG068_O,0
P_O_14_CA056,Ground_Daily,P_O_14_IG068_O (09-00-00),P_O_14_IG068_O_shape,P_O_14_IG068_O,0
P_O_14_CA056,Ground_Daily,P_O_14_IG068_O (11-00-00),P_O_14_IG068_O_shape,P_O_14_IG068_O,0
P_O_14_CA056,Ground_Daily,P_O_14_IG068_O (13-00-00),P_O_14_IG068_O_shape,P_O_14_IG068_O,0
P_O_14_CA056,Ground_Daily,P_O_14_IG068_O (15-00-00),P_O_14_IG068_O_shape,P_O_14_IG068_O,0
P_O_14_CA056,Ground_Daily,P_O_14_IG068_O (17-00-00),P_O_14_IG068_O_shape,P_O_14_IG068_O,0
P_O_14_CA056,Ground_Daily,P_O_14_IG068_O (19-00-00),P_O_14_IG068_O_shape,P_O_14_IG068_O,0
P_O_14_CA056,Ground_Daily,P_O_14_IG068_O (21-00-00),P_O_14_IG068_O_shape,P_O_14_IG068_O,0
P_O_14_CA056,Ground_Daily,P_O_14_IG068_R (06-30-00),P_O_14_IG068_R_shape,P_O_14_IG068_R,0
P_O_14_CA056,Ground_Daily,P_O_14_IG068_R (08-00-00),P_O_14_IG068_R_shape,P_O_14_IG068_R,0
P_O_14_CA056,Ground_Daily,P_O_14_IG068_R (09-00-00),P_O_14_IG068_R_shape,P_O_14_IG068_R,0
P_O_14_CA056,Ground_Daily,P_O_14_IG068_R (11-00-00),P_O_14_IG068_R_shape,P_O_14_IG068_R,0
P_O_14_CA056,Ground_Daily,P_O_14_IG068_R (13-00-00),P_O_14_IG068_R_shape,P_O_14_IG068_R,0
P_O_14_CA056,Ground_Daily,P_O_14_IG068_R (15-00-00),P_O_14_IG068_R_shape,P_O_14_IG068_R,0
P_O_14_CA056,Ground_Daily,P_O_14_IG068_R (17-00-00),P_O_14_IG068_R_shape,P_O_14_IG068_R,0
P_O_14_CA056,Ground_Daily,P_O_14_IG068_R (19-00-00),P_O_14_IG068_R_shape,P_O_14_IG068_R,0
P_O_14_CA056,Ground_Daily,P_O_14_IG068_R (21-00-00),P_O_14_IG068_R_shape,P_O_14_IG068_R,0
P_O_14_CA056,Ground_Daily,P_O_14_IG071_O (06-30-00),P_O_14_IG071_O_shape,P_O_14_IG071_O,0
P_O_14_CA056,Ground_Daily,P_O_14_IG071_O (08-00-00),P_O_14_IG071_O_shape,P_O_14_IG071_O,0
P_O_14_CA056,Ground_Daily,P_O_14_IG071_O (09-00-00),P_O_14_IG071_O_shape,P_O_14_IG071_O,0
P_O_14_CA056,Ground_Daily,P_O_14_IG071_O (11-00-00),P_O_14_IG071_O_shape,P_O_14_IG071_O,0
P_O_14_CA056,Ground_Daily,P_O_14_IG071_O (13-00-00),P_O_14_IG071_O_shape,P_O_14_IG071_O,0
P_O_14_CA056,Ground_Daily,P_O_14_IG071_O (15-00-00),P_O_14_IG071_O_shape,P_O_14_IG071_O,0
P_O_14_CA056,Ground_Daily,P_O_14_IG071_O (17-00-00),P_O_14_IG071_O_shape,P_O_14_IG071_O,0
P_O_14_CA056,Ground_Daily,P_O_14_IG071_O (19-00-00),P_O_14_IG071_O_shape,P_O_14_IG071_O,0
P_O_14_CA056,Ground_Daily,P_O_14_IG071_O (21-00-00),P_O_14_IG071_O_shape,P_O_14_IG071_O,0
P_O_14_CA056,Ground_Daily,P_O_14_IG071_R (06-30-00),P_O_14_IG071_R_shape,P_O_14_IG071_R,0
P_O_14_CA056,Ground_Daily,P_O_14_IG071_R (08-00-00),P_O_14_IG071_R_shape,P_O_14_IG071_R,0
P_O_14_CA056,Ground_Daily,P_O_14_IG071_R (09-00-00),P_O_14_IG071_R_shape,P_O_14_IG071_R,0
P_O_14_CA056,Ground_Daily,P_O_14_IG071_R (11-00-00),P_O_14_IG071_R_shape,P_O_14_IG071_R,0
P_O_14_CA056,Ground_Daily,P_O_14_IG071_R (13-00-00),P_O_14_IG071_R_shape,P_O_14_IG071_R,0
P_O_14_CA056,Ground_Daily,P_O_14_IG071_R (15-00-00),P_O_14_IG071_R_shape,P_O_14_IG071_R,0
P_O_14_CA056,Ground_Daily,P_O_14_IG071_R (17-00-00),P_O_14_IG071_R_shape,P_O_14_IG071_R,0
P_O_14_CA056,Ground_Daily,P_O_14_IG071_R (19-00-00),P_O_14_IG071_R_shape,P_O_14_IG071_R,0
P_O_14_CA056,Ground_Daily,P_O_14_IG071_R (21-00-00),P_O_14_IG071_R_shape,P_O_14_IG071_R,0
P_O_14_CA056,Ground_Daily,P_O_14_IG073_O (06-30-00),P_O_14_IG073_O_shape,P_O_14_IG073_O,0
P_O_14_CA056,Ground_Daily,P_O_14_IG073_O (08-00-00),P_O_14_IG073_O_shape,P_O_14_IG073_O,0
P_O_14_CA056,Ground_Daily,P_O_14_IG073_O (09-00-00),P_O_14_IG073_O_shape,P_O_14_IG073_O,0
P_O_14_CA056,Ground_Daily,P_O_14_IG073_O (11-00-00),P_O_14_IG073_O_shape,P_O_14_IG073_O,0
P_O_14_CA056,Ground_Daily,P_O_14_IG073_O (13-00-00),P_O_14_IG073_O_shape,P_O_14_IG073_O,0
P_O_14_CA056,Ground_Daily,P_O_14_IG073_O (15-00-00),P_O_14_IG073_O_shape,P_O_14_IG073_O,0
P_O_14_CA056,Ground_Daily,P_O_14_IG073_O (17-00-00),P_O_14_IG073_O_shape,P_O_14_IG073_O,0
P_O_14_CA056,Ground_Daily,P_O_14_IG073_O (19-00-00),P_O_14_IG073_O_shape,P_O_14_IG073_O,0
P_O_14_CA056,Ground_Daily,P_O_14_IG073_O (21-00-00),P_O_14_IG073_O_shape,P_O_14_IG073_O,0
P_O_14_CA056,Ground_Daily,P_O_14_IG073_R (06-30-00),P_O_14_IG073_R_shape,P_O_14_IG073_R,0
P_O_14_CA056,Ground_Daily,P_O_14_IG073_R (08-00-00),P_O_14_IG073_R_shape,P_O_14_IG073_R,0
P_O_14_CA056,Ground_Daily,P_O_14_IG073_R (09-00-00),P_O_14_IG073_R_shape,P_O_14_IG073_R,0
P_O_14_CA056,Ground_Daily,P_O_14_IG073_R (11-00-00),P_O_14_IG073_R_shape,P_O_14_IG073_R,0
P_O_14_CA056,Ground_Daily,P_O_14_IG073_R (13-00-00),P_O_14_IG073_R_shape,P_O_14_IG073_R,0
P_O_14_CA056,Ground_Daily,P_O_14_IG073_R (15-00-00),P_O_14_IG073_R_shape,P_O_14_IG073_R,0
P_O_14_CA056,Ground_Daily,P_O_14_IG073_R (17-00-00),P_O_14_IG073_R_shape,P_O_14_IG073_R,0
P_O_14_CA056,Ground_Daily,P_O_14_IG073_R (19-00-00),P_O_14_IG073_R_shape,P_O_14_IG073_R,0
P_O_14_CA056,Ground_Daily,P_O_14_IG073_R (21-00-00),P_O_14_IG073_R_shape,P_O_14_IG073_R,0
P_O_14_CA056,Ground_Daily,P_O_14_IG074_O (06-30-00),P_O_14_IG074_O_shape,P_O_14_IG074_O,0
P_O_14_CA056,Ground_Daily,P_O_14_IG074_O (08-00-00),P_O_14_IG074_O_shape,P_O_14_IG074_O,0
P_O_14_CA056,Ground_Daily,P_O_14_IG074_O (09-00-00),P_O_14_IG074_O_shape,P_O_14_IG074_O,0
P_O_14_CA056,Ground_Daily,P_O_14_IG074_O (11-00-00),P_O_14_IG074_O_shape,P_O_14_IG074_O,0
P_O_14_CA056,Ground_Daily,P_O_14_IG074_O (13-00-00),P_O_14_IG074_O_shape,P_O_14_IG074_O,0
P_O_14_CA056,Ground_Daily,P_O_14_IG074_O (15-00-00),P_O_14_IG074_O_shape,P_O_14_IG074_O,0
P_O_14_CA056,Ground_Daily,P_O_14_IG074_O (17-00-00),P_O_14_IG074_O_shape,P_O_14_IG074_O,0
P_O_14_CA056,Ground_Daily,P_O_14_IG074_O (19-00-00),P_O_14_IG074_O_shape,P_O_14_IG074_O,0
P_O_14_CA056,Ground_Daily,P_O_14_IG074_O (21-00-00),P_O_14_IG074_O_shape,P_O_14_IG074_O,0
P_O_14_CA056,Ground_Daily,P_O_14_IG075_O (06-30-00),P_O_14_IG075_O_shape,P_O_14_IG075_O,0
P_O_14_CA056,Ground_Daily,P_O_14_IG075_O (08-00-00),P_O_14_IG075_O_shape,P_O_14_IG075_O,0
P_O_14_CA056,Ground_Daily,P_O_14_IG075_O (09-00-00),P_O_14_IG075_O_shape,P_O_14_IG075_O,0
P_O_14_CA056,Ground_Daily,P_O_14_IG075_O (11-00-00),P_O_14_IG075_O_shape,P_O_14_IG075_O,0
P_O_14_CA056,Ground_Daily,P_O_14_IG075_O (13-00-00),P_O_14_IG075_O_shape,P_O_14_IG075_O,0
P_O_14_CA056,Ground_Daily,P_O_14_IG075_O (15-00-00),P_O_14_IG075_O_shape,P_O_14_IG075_O,0
P_O_14_CA056,Ground_Daily,P_O_14_IG075_O (17-00-00),P_O_14_IG075_O_shape,P_O_14_IG075_O,0
P_O_14_CA056,Ground_Daily,P_O_14_IG075_O (19-00-00),P_O_14_IG075_O_shape,P_O_14_IG075_O,0
P_O_14_CA056,Ground_Daily,P_O_14_IG075_O (21-00-00),P_O_14_IG075_O_shape,P_O_14_IG075_O,0
P_O_14_CA056,Ground_Daily,P_O_14_IG075_R (06-30-00),P_O_14_IG075_R_shape,P_O_14_IG075_R,0
P_O_14_CA056,Ground_Daily,P_O_14_IG075_R (08-00-00),P_O_14_IG075_R_shape,P_O_14_IG075_R,0
P_O_14_CA056,Ground_Daily,P_O_14_IG075_R (09-00-00),P_O_14_IG075_R_shape,P_O_14_IG075_R,0
P_O_14_CA056,Ground_Daily,P_O_14_IG075_R (11-00-00),P_O_14_IG075_R_shape,P_O_14_IG075_R,0
P_O_14_CA056,Ground_Daily,P_O_14_IG075_R (13-00-00),P_O_14_IG075_R_shape,P_O_14_IG075_R,0
P_O_14_CA056,Ground_Daily,P_O_14_IG075_R (15-00-00),P_O_14_IG075_R_shape,P_O_14_IG075_R,0
P_O_14_CA056,Ground_Daily,P_O_14_IG075_R (17-00-00),P_O_14_IG075_R_shape,P_O_14_IG075_R,0
P_O_14_CA056,Ground_Daily,P_O_14_IG075_R (19-00-00),P_O_14_IG075_R_shape,P_O_14_IG075_R,0
P_O_14_CA056,Ground_Daily,P_O_14_IG075_R (21-00-00),P_O_14_IG075_R_shape,P_O_14_IG075_R,0
P_O_14_CA056,Ground_Daily,P_O_14_IG076_R (06-30-00),P_O_14_IG076_R_shape,P_O_14_IG076_R,0
P_O_14_CA056,Ground_Daily,P_O_14_IG076_R (08-00-00),P_O_14_IG076_R_shape,P_O_14_IG076_R,0
P_O_14_CA056,Ground_Daily,P_O_14_IG076_R (09-00-00),P_O_14_IG076_R_shape,P_O_14_IG076_R,0
P_O_14_CA056,Ground_Daily,P_O_14_IG076_R (11-00-00),P_O_14_IG076_R_shape,P_O_14_IG076_R,0
P_O_14_CA056,Ground_Daily,P_O_14_IG076_R (13-00-00),P_O_14_IG076_R_shape,P_O_14_IG076_R,0
P_O_14_CA056,Ground_Daily,P_O_14_IG076_R (15-00-00),P_O_14_IG076_R_shape,P_O_14_IG076_R,0
P_O_14_CA056,Ground_Daily,P_O_14_IG076_R (17-00-00),P_O_14_IG076_R_shape,P_O_14_IG076_R,0
P_O_14_CA056,Ground_Daily,P_O_14_IG076_R (19-00-00),P_O_14_IG076_R_shape,P_O_14_IG076_R,0
P_O_14_CA056,Ground_Daily,P_O_14_IG076_R (21-00-00),P_O_14_IG076_R_shape,P_O_14_IG076_R,0
P_O_14_CA056,Ground_Daily,P_O_14_IG078_O (06-30-00),P_O_14_IG078_O_shape,P_O_14_IG078_O,0
P_O_14_CA056,Ground_Daily,P_O_14_IG078_O (08-00-00),P_O_14_IG078_O_shape,P_O_14_IG078_O,0
P_O_14_CA056,Ground_Daily,P_O_14_IG078_O (09-00-00),P_O_14_IG078_O_shape,P_O_14_IG078_O,0
P_O_14_CA056,Ground_Daily,P_O_14_IG078_O (11-00-00),P_O_14_IG078_O_shape,P_O_14_IG078_O,0
P_O_14_CA056,Ground_Daily,P_O_14_IG078_O (13-00-00),P_O_14_IG078_O_shape,P_O_14_IG078_O,0
P_O_14_CA056,Ground_Daily,P_O_14_IG078_O (15-00-00),P_O_14_IG078_O_shape,P_O_14_IG078_O,0
P_O_14_CA056,Ground_Daily,P_O_14_IG078_O (17-00-00),P_O_14_IG078_O_shape,P_O_14_IG078_O,0
P_O_14_CA056,Ground_Daily,P_O_14_IG078_O (19-00-00),P_O_14_IG078_O_shape,P_O_14_IG078_O,0
P_O_14_CA056,Ground_Daily,P_O_14_IG078_O (21-00-00),P_O_14_IG078_O_shape,P_O_14_IG078_O,0
P_O_14_CA056,Ground_Daily,P_O_14_IG078_R (06-30-00),P_O_14_IG078_R_shape,P_O_14_IG078_R,0
P_O_14_CA056,Ground_Daily,P_O_14_IG078_R (08-00-00),P_O_14_IG078_R_shape,P_O_14_IG078_R,0
P_O_14_CA056,Ground_Daily,P_O_14_IG078_R (09-00-00),P_O_14_IG078_R_shape,P_O_14_IG078_R,0
P_O_14_CA056,Ground_Daily,P_O_14_IG078_R (11-00-00),P_O_14_IG078_R_shape,P_O_14_IG078_R,0
P_O_14_CA056,Ground_Daily,P_O_14_IG078_R (13-00-00),P_O_14_IG078_R_shape,P_O_14_IG078_R,0
P_O_14_CA056,Ground_Daily,P_O_14_IG078_R (15-00-00),P_O_14_IG078_R_shape,P_O_14_IG078_R,0
P_O_14_CA056,Ground_Daily,P_O_14_IG078_R (17-00-00),P_O_14_IG078_R_shape,P_O_14_IG078_R,0
P_O_14_CA056,Ground_Daily,P_O_14_IG078_R (19-00-00),P_O_14_IG078_R_shape,P_O_14_IG078_R,0
P_O_14_CA056,Ground_Daily,P_O_14_IG078_R (21-00-00),P_O_14_IG078_R_shape,P_O_14_IG078_R,0
P_O_14_CA056,Ground_Daily,P_O_14_IG079_O (06-30-00),P_O_14_IG079_O_shape,P_O_14_IG079_O,0
P_O_14_CA056,Ground_Daily,P_O_14_IG079_O (08-00-00),P_O_14_IG079_O_shape,P_O_14_IG079_O,0
P_O_14_CA056,Ground_Daily,P_O_14_IG079_O (09-00-00),P_O_14_IG079_O_shape,P_O_14_IG079_O,0
P_O_14_CA056,Ground_Daily,P_O_14_IG079_O (11-00-00),P_O_14_IG079_O_shape,P_O_14_IG079_O,0
P_O_14_CA056,Ground_Daily,P_O_14_IG079_O (13-00-00),P_O_14_IG079_O_shape,P_O_14_IG079_O,0
P_O_14_CA056,Ground_Daily,P_O_14_IG079_O (15-00-00),P_O_14_IG079_O_shape,P_O_14_IG079_O,0
P_O_14_CA056,Ground_Daily,P_O_14_IG079_O (17-00-00),P_O_14_IG079_O_shape,P_O_14_IG079_O,0
P_O_14_CA056,Ground_Daily,P_O_14_IG079_O (19-00-00),P_O_14_IG079_O_shape,P_O_14_IG079_O,0
P_O_14_CA056,Ground_Daily,P_O_14_IG079_O (21-00-00),P_O_14_IG079_O_shape,P_O_14_IG079_O,0
P_O_14_CA056,Ground_Daily,P_O_14_IG079_R (06-30-00),P_O_14_IG079_R_shape,P_O_14_IG079_R,0
P_O_14_CA056,Ground_Daily,P_O_14_IG079_R (08-00-00),P_O_14_IG079_R_shape,P_O_14_IG079_R,0
P_O_14_CA056,Ground_Daily,P_O_14_IG079_R (09-00-00),P_O_14_IG079_R_shape,P_O_14_IG079_R,0
P_O_14_CA056,Ground_Daily,P_O_14_IG079_R (11-00-00),P_O_14_IG079_R_shape,P_O_14_IG079_R,0
P_O_14_CA056,Ground_Daily,P_O_14_IG079_R (13-00-00),P_O_14_IG079_R_shape,P_O_14_IG079_R,0
P_O_14_CA056,Ground_Daily,P_O_14_IG079_R (15-00-00),P_O_14_IG079_R_shape,P_O_14_IG079_R,0
P_O_14_CA056,Ground_Daily,P_O_14_IG079_R (17-00-00),P_O_14_IG079_R_shape,P_O_14_IG079_R,0
P_O_14_CA056,Ground_Daily,P_O_14_IG079_R (19-00-00),P_O_14_IG079_R_shape,P_O_14_IG079_R,0
P_O_14_CA056,Ground_Daily,P_O_14_IG079_R (21-00-00),P_O_14_IG079_R_shape,P_O_14_IG079_R,0
P_O_14_CA056,Ground_Daily,P_O_14_IG082_O (06-30-00),P_O_14_IG082_O_shape,P_O_14_IG082_O,0
P_O_14_CA056,Ground_Daily,P_O_14_IG082_O (08-00-00),P_O_14_IG082_O_shape,P_O_14_IG082_O,0
P_O_14_CA056,Ground_Daily,P_O_14_IG082_O (09-00-00),P_O_14_IG082_O_shape,P_O_14_IG082_O,0
P_O_14_CA056,Ground_Daily,P_O_14_IG082_O (11-00-00),P_O_14_IG082_O_shape,P_O_14_IG082_O,0
P_O_14_CA056,Ground_Daily,P_O_14_IG082_O (13-00-00),P_O_14_IG082_O_shape,P_O_14_IG082_O,0
P_O_14_CA056,Ground_Daily,P_O_14_IG082_O (15-00-00),P_O_14_IG082_O_shape,P_O_14_IG082_O,0
P_O_14_CA056,Ground_Daily,P_O_14_IG082_O (17-00-00),P_O_14_IG082_O_shape,P_O_14_IG082_O,0
P_O_14_CA056,Ground_Daily,P_O_14_IG082_O (19-00-00),P_O_14_IG082_O_shape,P_O_14_IG082_O,0
P_O_14_CA056,Ground_Daily,P_O_14_IG082_O (21-00-00),P_O_14_IG082_O_shape,P_O_14_IG082_O,0
P_O_14_CA056,Ground_Daily,P_O_14_IG082_R (06-30-00),P_O_14_IG082_R_shape,P_O_14_IG082_R,0
P_O_14_CA056,Ground_Daily,P_O_14_IG082_R (08-00-00),P_O_14_IG082_R_shape,P_O_14_IG082_R,0
P_O_14_CA056,Ground_Daily,P_O_14_IG082_R (09-00-00),P_O_14_IG082_R_shape,P_O_14_IG082_R,0
P_O_14_CA056,Ground_Daily,P_O_14_IG082_R (11-00-00),P_O_14_IG082_R_shape,P_O_14_IG082_R,0
P_O_14_CA056,Ground_Daily,P_O_14_IG082_R (13-00-00),P_O_14_IG082_R_shape,P_O_14_IG082_R,0
P_O_14_CA056,Ground_Daily,P_O_14_IG082_R (15-00-00),P_O_14_IG082_R_shape,P_O_14_IG082_R,0
P_O_14_CA056,Ground_Daily,P_O_14_IG082_R (17-00-00),P_O_14_IG082_R_shape,P_O_14_IG082_R,0
P_O_14_CA056,Ground_Daily,P_O_14_IG082_R (19-00-00),P_O_14_IG082_R_shape,P_O_14_IG082_R,0
P_O_14_CA056,Ground_Daily,P_O_14_IG082_R (21-00-00),P_O_14_IG082_R_shape,P_O_14_IG082_R,0
P_O_14_CA056,Ground_Daily,P_O_14_IG083_O (06-30-00),P_O_14_IG083_O_shape,P_O_14_IG083_O,0
P_O_14_CA056,Ground_Daily,P_O_14_IG083_O (08-00-00),P_O_14_IG083_O_shape,P_O_14_IG083_O,0
P_O_14_CA056,Ground_Daily,P_O_14_IG083_O (09-00-00),P_O_14_IG083_O_shape,P_O_14_IG083_O,0
P_O_14_CA056,Ground_Daily,P_O_14_IG083_O (11-00-00),P_O_14_IG083_O_shape,P_O_14_IG083_O,0
P_O_14_CA056,Ground_Daily,P_O_14_IG083_O (13-00-00),P_O_14_IG083_O_shape,P_O_14_IG083_O,0
P_O_14_CA056,Ground_Daily,P_O_14_IG083_O (15-00-00),P_O_14_IG083_O_shape,P_O_14_IG083_O,0
P_O_14_CA056,Ground_Daily,P_O_14_IG083_O (17-00-00),P_O_14_IG083_O_shape,P_O_14_IG083_O,0
P_O_14_CA056,Ground_Daily,P_O_14_IG083_O (19-00-00),P_O_14_IG083_O_shape,P_O_14_IG083_O,0
P_O_14_CA056,Ground_Daily,P_O_14_IG083_O (21-00-00),P_O_14_IG083_O_shape,P_O_14_IG083_O,0
P_O_14_CA056,Ground_Daily,P_O_14_IG083_R (06-30-00),P_O_14_IG083_R_shape,P_O_14_IG083_R,0
P_O_14_CA056,Ground_Daily,P_O_14_IG083_R (08-00-00),P_O_14_IG083_R_shape,P_O_14_IG083_R,0
P_O_14_CA056,Ground_Daily,P_O_14_IG083_R (09-00-00),P_O_14_IG083_R_shape,P_O_14_IG083_R,0
P_O_14_CA056,Ground_Daily,P_O_14_IG083_R (11-00-00),P_O_14_IG083_R_shape,P_O_14_IG083_R,0
P_O_14_CA056,Ground_Daily,P_O_14_IG083_R (13-00-00),P_O_14_IG083_R_shape,P_O_14_IG083_R,0
P_O_14_CA056,Ground_Daily,P_O_14_IG083_R (15-00-00),P_O_14_IG083_R_shape,P_O_14_IG083_R,0
P_O_14_CA056,Ground_Daily,P_O_14_IG083_R (17-00-00),P_O_14_IG083_R_shape,P_O_14_IG083_R,0
P_O_14_CA056,Ground_Daily,P_O_14_IG083_R (19-00-00),P_O_14_IG083_R_shape,P_O_14_IG083_R,0
P_O_14_CA056,Ground_Daily,P_O_14_IG083_R (21-00-00),P_O_14_IG083_R_shape,P_O_14_IG083_R,0
P_O_14_CA056,Ground_Daily,P_O_14_IG084_O (06-30-00),P_O_14_IG084_O_shape,P_O_14_IG084_O,0
P_O_14_CA056,Ground_Daily,P_O_14_IG084_O (08-00-00),P_O_14_IG084_O_shape,P_O_14_IG084_O,0
P_O_14_CA056,Ground_Daily,P_O_14_IG084_O (09-00-00),P_O_14_IG084_O_shape,P_O_14_IG084_O,0
P_O_14_CA056,Ground_Daily,P_O_14_IG084_O (11-00-00),P_O_14_IG084_O_shape,P_O_14_IG084_O,0
P_O_14_CA056,Ground_Daily,P_O_14_IG084_O (13-00-00),P_O_14_IG084_O_shape,P_O_14_IG084_O,0
P_O_14_CA056,Ground_Daily,P_O_14_IG084_O (15-00-00),P_O_14_IG084_O_shape,P_O_14_IG084_O,0
P_O_14_CA056,Ground_Daily,P_O_14_IG084_O (17-00-00),P_O_14_IG084_O_shape,P_O_14_IG084_O,0
P_O_14_CA056,Ground_Daily,P_O_14_IG084_O (19-00-00),P_O_14_IG084_O_shape,P_O_14_IG084_O,0
P_O_14_CA056,Ground_Daily,P_O_14_IG084_O (21-00-00),P_O_14_IG084_O_shape,P_O_14_IG084_O,0
P_O_14_CA056,Ground_Daily,P_O_14_IG084_R (06-30-00),P_O_14_IG084_R_shape,P_O_14_IG084_R,0
P_O_14_CA056,Ground_Daily,P_O_14_IG084_R (08-00-00),P_O_14_IG084_R_shape,P_O_14_IG084_R,0
P_O_14_CA056,Ground_Daily,P_O_14_IG084_R (09-00-00),P_O_14_IG084_R_shape,P_O_14_IG084_R,0
P_O_14_CA056,Ground_Daily,P_O_14_IG084_R (11-00-00),P_O_14_IG084_R_shape,P_O_14_IG084_R,0
P_O_14_CA056,Ground_Daily,P_O_14_IG084_R (13-00-00),P_O_14_IG084_R_shape,P_O_14_IG084_R,0
P_O_14_CA056,Ground_Daily,P_O_14_IG084_R (15-00-00),P_O_14_IG084_R_shape,P_O_14_IG084_R,0
P_O_14_CA056,Ground_Daily,P_O_14_IG084_R (17-00-00),P_O_14_IG084_R_shape,P_O_14_IG084_R,0
P_O_14_CA056,Ground_Daily,P_O_14_IG084_R (19-00-00),P_O_14_IG084_R_shape,P_O_14_IG084_R,0
P_O_14_CA056,Ground_Daily,P_O_14_IG084_R (21-00-00),P_O_14_IG084_R_shape,P_O_14_IG084_R,0
P_O_14_CA056,Ground_Daily,P_O_14_IG085_O (06-30-00),P_O_14_IG085_O_shape,P_O_14_IG085_O,0
P_O_14_CA056,Ground_Daily,P_O_14_IG085_O (08-00-00),P_O_14_IG085_O_shape,P_O_14_IG085_O,0
P_O_14_CA056,Ground_Daily,P_O_14_IG085_O (09-00-00),P_O_14_IG085_O_shape,P_O_14_IG085_O,0
P_O_14_CA056,Ground_Daily,P_O_14_IG085_O (11-00-00),P_O_14_IG085_O_shape,P_O_14_IG085_O,0
P_O_14_CA056,Ground_Daily,P_O_14_IG085_O (13-00-00),P_O_14_IG085_O_shape,P_O_14_IG085_O,0
P_O_14_CA056,Ground_Daily,P_O_14_IG085_O (15-00-00),P_O_14_IG085_O_shape,P_O_14_IG085_O,0
P_O_14_CA056,Ground_Daily,P_O_14_IG085_O (17-00-00),P_O_14_IG085_O_shape,P_O_14_IG085_O,0
P_O_14_CA056,Ground_Daily,P_O_14_IG085_O (19-00-00),P_O_14_IG085_O_shape,P_O_14_IG085_O,0
P_O_14_CA056,Ground_Daily,P_O_14_IG085_O (21-00-00),P_O_14_IG085_O_shape,P_O_14_IG085_O,0
P_O_14_CA056,Ground_Daily,P_O_14_IG085_R (06-30-00),P_O_14_IG085_R_shape,P_O_14_IG085_R,0
P_O_14_CA056,Ground_Daily,P_O_14_IG085_R (08-00-00),P_O_14_IG085_R_shape,P_O_14_IG085_R,0
P_O_14_CA056,Ground_Daily,P_O_14_IG085_R (09-00-00),P_O_14_IG085_R_shape,P_O_14_IG085_R,0
P_O_14_CA056,Ground_Daily,P_O_14_IG085_R (11-00-00),P_O_14_IG085_R_shape,P_O_14_IG085_R,0
P_O_14_CA056,Ground_Daily,P_O_14_IG085_R (13-00-00),P_O_14_IG085_R_shape,P_O_14_IG085_R,0
P_O_14_CA056,Ground_Daily,P_O_14_IG085_R (15-00-00),P_O_14_IG085_R_shape,P_O_14_IG085_R,0
P_O_14_CA056,Ground_Daily,P_O_14_IG085_R (17-00-00),P_O_14_IG085_R_shape,P_O_14_IG085_R,0
P_O_14_CA056,Ground_Daily,P_O_14_IG085_R (19-00-00),P_O_14_IG085_R_shape,P_O_14_IG085_R,0
P_O_14_CA056,Ground_Daily,P_O_14_IG085_R (21-00-00),P_O_14_IG085_R_shape,P_O_14_IG085_R,0
P_O_14_CA056,Ground_Daily,P_O_14_IG086_R (06-30-00),P_O_14_IG086_R_shape,P_O_14_IG086_R,0
P_O_14_CA056,Ground_Daily,P_O_14_IG086_R (08-00-00),P_O_14_IG086_R_shape,P_O_14_IG086_R,0
P_O_14_CA056,Ground_Daily,P_O_14_IG086_R (09-00-00),P_O_14_IG086_R_shape,P_O_14_IG086_R,0
P_O_14_CA056,Ground_Daily,P_O_14_IG086_R (11-00-00),P_O_14_IG086_R_shape,P_O_14_IG086_R,0
P_O_14_CA056,Ground_Daily,P_O_14_IG086_R (13-00-00),P_O_14_IG086_R_shape,P_O_14_IG086_R,0
P_O_14_CA056,Ground_Daily,P_O_14_IG086_R (15-00-00),P_O_14_IG086_R_shape,P_O_14_IG086_R,0
P_O_14_CA056,Ground_Daily,P_O_14_IG086_R (17-00-00),P_O_14_IG086_R_shape,P_O_14_IG086_R,0
P_O_14_CA056,Ground_Daily,P_O_14_IG086_R (19-00-00),P_O_14_IG086_R_shape,P_O_14_IG086_R,0
P_O_14_CA056,Ground_Daily,P_O_14_IG086_R (21-00-00),P_O_14_IG086_R_shape,P_O_14_IG086_R,0
P_O_14_CA056,Ground_Daily,P_O_14_IG087_O (06-30-00),P_O_14_IG087_O_shape,P_O_14_IG087_O,0
P_O_14_CA056,Ground_Daily,P_O_14_IG087_O (08-00-00),P_O_14_IG087_O_shape,P_O_14_IG087_O,0
P_O_14_CA056,Ground_Daily,P_O_14_IG087_O (09-00-00),P_O_14_IG087_O_shape,P_O_14_IG087_O,0
P_O_14_CA056,Ground_Daily,P_O_14_IG087_O (11-00-00),P_O_14_IG087_O_shape,P_O_14_IG087_O,0
P_O_14_CA056,Ground_Daily,P_O_14_IG087_O (13-00-00),P_O_14_IG087_O_shape,P_O_14_IG087_O,0
P_O_14_CA056,Ground_Daily,P_O_14_IG087_O (15-00-00),P_O_14_IG087_O_shape,P_O_14_IG087_O,0
P_O_14_CA056,Ground_Daily,P_O_14_IG087_O (17-00-00),P_O_14_IG087_O_shape,P_O_14_IG087_O,0
P_O_14_CA056,Ground_Daily,P_O_14_IG087_O (19-00-00),P_O_14_IG087_O_shape,P_O_14_IG087_O,0
P_O_14_CA056,Ground_Daily,P_O_14_IG087_O (21-00-00),P_O_14_IG087_O_shape,P_O_14_IG087_O,0
P_O_14_CA056,Ground_Daily,P_O_14_IG087_R (06-30-00),P_O_14_IG087_R_shape,P_O_14_IG087_R,0
P_O_14_CA056,Ground_Daily,P_O_14_IG087_R (08-00-00),P_O_14_IG087_R_shape,P_O_14_IG087_R,0
P_O_14_CA056,Ground_Daily,P_O_14_IG087_R (09-00-00),P_O_14_IG087_R_shape,P_O_14_IG087_R,0
P_O_14_CA056,Ground_Daily,P_O_14_IG087_R (11-00-00),P_O_14_IG087_R_shape,P_O_14_IG087_R,0
P_O_14_CA056,Ground_Daily,P_O_14_IG087_R (13-00-00),P_O_14_IG087_R_shape,P_O_14_IG087_R,0
P_O_14_CA056,Ground_Daily,P_O_14_IG087_R (15-00-00),P_O_14_IG087_R_shape,P_O_14_IG087_R,0
P_O_14_CA056,Ground_Daily,P_O_14_IG087_R (17-00-00),P_O_14_IG087_R_shape,P_O_14_IG087_R,0
P_O_14_CA056,Ground_Daily,P_O_14_IG087_R (19-00-00),P_O_14_IG087_R_shape,P_O_14_IG087_R,0
P_O_14_CA056,Ground_Daily,P_O_14_IG087_R (21-00-00),P_O_14_IG087_R_shape,P_O_14_IG087_R,0
P_O_14_CA056,Ground_Daily,P_O_14_IG088_R (06-30-00),P_O_14_IG088_R_shape,P_O_14_IG088_R,0
P_O_14_CA056,Ground_Daily,P_O_14_IG088_R (08-00-00),P_O_14_IG088_R_shape,P_O_14_IG088_R,0
P_O_14_CA056,Ground_Daily,P_O_14_IG088_R (09-00-00),P_O_14_IG088_R_shape,P_O_14_IG088_R,0
P_O_14_CA056,Ground_Daily,P_O_14_IG088_R (11-00-00),P_O_14_IG088_R_shape,P_O_14_IG088_R,0
P_O_14_CA056,Ground_Daily,P_O_14_IG088_R (13-00-00),P_O_14_IG088_R_shape,P_O_14_IG088_R,0
P_O_14_CA056,Ground_Daily,P_O_14_IG088_R (15-00-00),P_O_14_IG088_R_shape,P_O_14_IG088_R,0
P_O_14_CA056,Ground_Daily,P_O_14_IG088_R (17-00-00),P_O_14_IG088_R_shape,P_O_14_IG088_R,0
P_O_14_CA056,Ground_Daily,P_O_14_IG088_R (19-00-00),P_O_14_IG088_R_shape,P_O_14_IG088_R,0
P_O_14_CA056,Ground_Daily,P_O_14_IG088_R (21-00-00),P_O_14_IG088_R_shape,P_O_14_IG088_R,0
P_O_14_CA056,Ground_Daily,P_O_14_IG089_O (06-30-00),P_O_14_IG089_O_shape,P_O_14_IG089_O,0
P_O_14_CA056,Ground_Daily,P_O_14_IG089_O (08-00-00),P_O_14_IG089_O_shape,P_O_14_IG089_O,0
P_O_14_CA056,Ground_Daily,P_O_14_IG089_O (09-00-00),P_O_14_IG089_O_shape,P_O_14_IG089_O,0
P_O_14_CA056,Ground_Daily,P_O_14_IG089_O (11-00-00),P_O_14_IG089_O_shape,P_O_14_IG089_O,0
P_O_14_CA056,Ground_Daily,P_O_14_IG089_O (13-00-00),P_O_14_IG089_O_shape,P_O_14_IG089_O,0
P_O_14_CA056,Ground_Daily,P_O_14_IG089_O (15-00-00),P_O_14_IG089_O_shape,P_O_14_IG089_O,0
P_O_14_CA056,Ground_Daily,P_O_14_IG089_O (17-00-00),P_O_14_IG089_O_shape,P_O_14_IG089_O,0
P_O_14_CA056,Ground_Daily,P_O_14_IG089_O (19-00-00),P_O_14_IG089_O_shape,P_O_14_IG089_O,0
P_O_14_CA056,Ground_Daily,P_O_14_IG089_O (21-00-00),P_O_14_IG089_O_shape,P_O_14_IG089_O,0
P_O_14_CA056,Ground_Daily,P_O_14_IG089_R (06-30-00),P_O_14_IG089_R_shape,P_O_14_IG089_R,0
P_O_14_CA056,Ground_Daily,P_O_14_IG089_R (08-00-00),P_O_14_IG089_R_shape,P_O_14_IG089_R,0
P_O_14_CA056,Ground_Daily,P_O_14_IG089_R (09-00-00),P_O_14_IG089_R_shape,P_O_14_IG089_R,0
P_O_14_CA056,Ground_Daily,P_O_14_IG089_R (11-00-00),P_O_14_IG089_R_shape,P_O_14_IG089_R,0
P_O_14_CA056,Ground_Daily,P_O_14_IG089_R (13-00-00),P_O_14_IG089_R_shape,P_O_14_IG089_R,0
P_O_14_CA056,Ground_Daily,P_O_14_IG089_R (15-00-00),P_O_14_IG089_R_shape,P_O_14_IG089_R,0
P_O_14_CA056,Ground_Daily,P_O_14_IG089_R (17-00-00),P_O_14_IG089_R_shape,P_O_14_IG089_R,0
P_O_14_CA056,Ground_Daily,P_O_14_IG089_R (19-00-00),P_O_14_IG089_R_shape,P_O_14_IG089_R,0
P_O_14_CA056,Ground_Daily,P_O_14_IG089_R (21-00-00),P_O_14_IG089_R_shape,P_O_14_IG089_R,0
P_O_14_CA056,Ground_Daily,P_O_14_IG090_O (06-30-00),P_O_14_IG090_O_shape,P_O_14_IG090_O,0
P_O_14_CA056,Ground_Daily,P_O_14_IG090_O (08-00-00),P_O_14_IG090_O_shape,P_O_14_IG090_O,0
P_O_14_CA056,Ground_Daily,P_O_14_IG090_O (09-00-00),P_O_14_IG090_O_shape,P_O_14_IG090_O,0
P_O_14_CA056,Ground_Daily,P_O_14_IG090_O (11-00-00),P_O_14_IG090_O_shape,P_O_14_IG090_O,0
P_O_14_CA056,Ground_Daily,P_O_14_IG090_O (13-00-00),P_O_14_IG090_O_shape,P_O_14_IG090_O,0
P_O_14_CA056,Ground_Daily,P_O_14_IG090_O (15-00-00),P_O_14_IG090_O_shape,P_O_14_IG090_O,0
P_O_14_CA056,Ground_Daily,P_O_14_IG090_O (17-00-00),P_O_14_IG090_O_shape,P_O_14_IG090_O,0
P_O_14_CA056,Ground_Daily,P_O_14_IG090_O (19-00-00),P_O_14_IG090_O_shape,P_O_14_IG090_O,0
P_O_14_CA056,Ground_Daily,P_O_14_IG090_O (21-00-00),P_O_14_IG090_O_shape,P_O_14_IG090_O,0
P_O_14_CA056,Ground_Daily,P_O_14_IG091_O (06-30-00),P_O_14_IG091_O_shape,P_O_14_IG091_O,0
P_O_14_CA056,Ground_Daily,P_O_14_IG091_O (08-00-00),P_O_14_IG091_O_shape,P_O_14_IG091_O,0
P_O_14_CA056,Ground_Daily,P_O_14_IG091_O (09-00-00),P_O_14_IG091_O_shape,P_O_14_IG091_O,0
P_O_14_CA056,Ground_Daily,P_O_14_IG091_O (11-00-00),P_O_14_IG091_O_shape,P_O_14_IG091_O,0
P_O_14_CA056,Ground_Daily,P_O_14_IG091_O (13-00-00),P_O_14_IG091_O_shape,P_O_14_IG091_O,0
P_O_14_CA056,Ground_Daily,P_O_14_IG091_O (15-00-00),P_O_14_IG091_O_shape,P_O_14_IG091_O,0
P_O_14_CA056,Ground_Daily,P_O_14_IG091_O (17-00-00),P_O_14_IG091_O_shape,P_O_14_IG091_O,0
P_O_14_CA056,Ground_Daily,P_O_14_IG091_O (19-00-00),P_O_14_IG091_O_shape,P_O_14_IG091_O,0
P_O_14_CA056,Ground_Daily,P_O_14_IG091_O (21-00-00),P_O_14_IG091_O_shape,P_O_14_IG091_O,0
P_O_14_CA056,Ground_Daily,P_O_14_IG091_R (06-30-00),P_O_14_IG091_R_shape,P_O_14_IG091_R,0
P_O_14_CA056,Ground_Daily,P_O_14_IG091_R (08-00-00),P_O_14_IG091_R_shape,P_O_14_IG091_R,0
P_O_14_CA056,Ground_Daily,P_O_14_IG091_R (09-00-00),P_O_14_IG091_R_shape,P_O_14_IG091_R,0
P_O_14_CA056,Ground_Daily,P_O_14_IG091_R (11-00-00),P_O_14_IG091_R_shape,P_O_14_IG091_R,0
P_O_14_CA056,Ground_Daily,P_O_14_IG091_R (13-00-00),P_O_14_IG091_R_shape,P_O_14_IG091_R,0
P_O_14_CA056,Ground_Daily,P_O_14_IG091_R (15-00-00),P_O_14_IG091_R_shape,P_O_14_IG091_R,0
P_O_14_CA056,Ground_Daily,P_O_14_IG091_R (17-00-00),P_O_14_IG091_R_shape,P_O_14_IG091_R,0
P_O_14_CA056,Ground_Daily,P_O_14_IG091_R (19-00-00),P_O_14_IG091_R_shape,P_O_14_IG091_R,0
P_O_14_CA056,Ground_Daily,P_O_14_IG091_R (21-00-00),P_O_14_IG091_R_shape,P_O_14_IG091_R,0
P_O_14_CA056,Ground_Daily,P_O_14_IG092_O (06-30-00),P_O_14_IG092_O_shape,P_O_14_IG092_O,0
P_O_14_CA056,Ground_Daily,P_O_14_IG092_O (08-00-00),P_O_14_IG092_O_shape,P_O_14_IG092_O,0
P_O_14_CA056,Ground_Daily,P_O_14_IG092_O (09-00-00),P_O_14_IG092_O_shape,P_O_14_IG092_O,0
P_O_14_CA056,Ground_Daily,P_O_14_IG092_O (11-00-00),P_O_14_IG092_O_shape,P_O_14_IG092_O,0
P_O_14_CA056,Ground_Daily,P_O_14_IG092_O (13-00-00),P_O_14_IG092_O_shape,P_O_14_IG092_O,0
P_O_14_CA056,Ground_Daily,P_O_14_IG092_O (15-00-00),P_O_14_IG092_O_shape,P_O_14_IG092_O,0
P_O_14_CA056,Ground_Daily,P_O_14_IG092_O (17-00-00),P_O_14_IG092_O_shape,P_O_14_IG092_O,0
P_O_14_CA056,Ground_Daily,P_O_14_IG092_O (19-00-00),P_O_14_IG092_O_shape,P_O_14_IG092_O,0
P_O_14_CA056,Ground_Daily,P_O_14_IG092_O (21-00-00),P_O_14_IG092_O_shape,P_O_14_IG092_O,0
P_O_14_CA056,Ground_Daily,P_O_14_IG092_R (06-30-00),P_O_14_IG092_R_shape,P_O_14_IG092_R,0
P_O_14_CA056,Ground_Daily,P_O_14_IG092_R (08-00-00),P_O_14_IG092_R_shape,P_O_14_IG092_R,0
P_O_14_CA056,Ground_Daily,P_O_14_IG092_R (09-00-00),P_O_14_IG092_R_shape,P_O_14_IG092_R,0
P_O_14_CA056,Ground_Daily,P_O_14_IG092_R (11-00-00),P_O_14_IG092_R_shape,P_O_14_IG092_R,0
P_O_14_CA056,Ground_Daily,P_O_14_IG092_R (13-00-00),P_O_14_IG092_R_shape,P_O_14_IG092_R,0
P_O_14_CA056,Ground_Daily,P_O_14_IG092_R (15-00-00),P_O_14_IG092_R_shape,P_O_14_IG092_R,0
P_O_14_CA056,Ground_Daily,P_O_14_IG092_R (17-00-00),P_O_14_IG092_R_shape,P_O_14_IG092_R,0
P_O_14_CA056,Ground_Daily,P_O_14_IG092_R (19-00-00),P_O_14_IG092_R_shape,P_O_14_IG092_R,0
P_O_14_CA056,Ground_Daily,P_O_14_IG092_R (21-00-00),P_O_14_IG092_R_shape,P_O_14_IG092_R,0
P_O_14_CA056,Ground_Daily,P_O_14_IG093_O (06-30-00),P_O_14_IG093_O_shape,P_O_14_IG093_O,0
P_O_14_CA056,Ground_Daily,P_O_14_IG093_O (08-00-00),P_O_14_IG093_O_shape,P_O_14_IG093_O,0
P_O_14_CA056,Ground_Daily,P_O_14_IG093_O (09-00-00),P_O_14_IG093_O_shape,P_O_14_IG093_O,0
P_O_14_CA056,Ground_Daily,P_O_14_IG093_O (11-00-00),P_O_14_IG093_O_shape,P_O_14_IG093_O,0
P_O_14_CA056,Ground_Daily,P_O_14_IG093_O (13-00-00),P_O_14_IG093_O_shape,P_O_14_IG093_O,0
P_O_14_CA056,Ground_Daily,P_O_14_IG093_O (15-00-00),P_O_14_IG093_O_shape,P_O_14_IG093_O,0
P_O_14_CA056,Ground_Daily,P_O_14_IG093_O (17-00-00),P_O_14_IG093_O_shape,P_O_14_IG093_O,0
P_O_14_CA056,Ground_Daily,P_O_14_IG093_O (19-00-00),P_O_14_IG093_O_shape,P_O_14_IG093_O,0
P_O_14_CA056,Ground_Daily,P_O_14_IG093_O (21-00-00),P_O_14_IG093_O_shape,P_O_14_IG093_O,0
P_O_14_CA056,Ground_Daily,P_O_14_IG093_R (06-30-00),P_O_14_IG093_R_shape,P_O_14_IG093_R,0
P_O_14_CA056,Ground_Daily,P_O_14_IG093_R (08-00-00),P_O_14_IG093_R_shape,P_O_14_IG093_R,0
P_O_14_CA056,Ground_Daily,P_O_14_IG093_R (09-00-00),P_O_14_IG093_R_shape,P_O_14_IG093_R,0
P_O_14_CA056,Ground_Daily,P_O_14_IG093_R (11-00-00),P_O_14_IG093_R_shape,P_O_14_IG093_R,0
P_O_14_CA056,Ground_Daily,P_O_14_IG093_R (13-00-00),P_O_14_IG093_R_shape,P_O_14_IG093_R,0
P_O_14_CA056,Ground_Daily,P_O_14_IG093_R (15-00-00),P_O_14_IG093_R_shape,P_O_14_IG093_R,0
P_O_14_CA056,Ground_Daily,P_O_14_IG093_R (17-00-00),P_O_14_IG093_R_shape,P_O_14_IG093_R,0
P_O_14_CA056,Ground_Daily,P_O_14_IG093_R (19-00-00),P_O_14_IG093_R_shape,P_O_14_IG093_R,0
P_O_14_CA056,Ground_Daily,P_O_14_IG093_R (21-00-00),P_O_14_IG093_R_shape,P_O_14_IG093_R,0
P_O_14_CA056,Ground_Daily,P_O_14_IG094_O (06-30-00),P_O_14_IG094_O_shape,P_O_14_IG094_O,0
P_O_14_CA056,Ground_Daily,P_O_14_IG094_O (08-00-00),P_O_14_IG094_O_shape,P_O_14_IG094_O,0
P_O_14_CA056,Ground_Daily,P_O_14_IG094_O (09-00-00),P_O_14_IG094_O_shape,P_O_14_IG094_O,0
P_O_14_CA056,Ground_Daily,P_O_14_IG094_O (11-00-00),P_O_14_IG094_O_shape,P_O_14_IG094_O,0
P_O_14_CA056,Ground_Daily,P_O_14_IG094_O (13-00-00),P_O_14_IG094_O_shape,P_O_14_IG094_O,0
P_O_14_CA056,Ground_Daily,P_O_14_IG094_O (15-00-00),P_O_14_IG094_O_shape,P_O_14_IG094_O,0
P_O_14_CA056,Ground_Daily,P_O_14_IG094_O (17-00-00),P_O_14_IG094_O_shape,P_O_14_IG094_O,0
P_O_14_CA056,Ground_Daily,P_O_14_IG094_O (19-00-00),P_O_14_IG094_O_shape,P_O_14_IG094_O,0
P_O_14_CA056,Ground_Daily,P_O_14_IG094_O (21-00-00),P_O_14_IG094_O_shape,P_O_14_IG094_O,0
P_O_14_CA056,Ground_Daily,P_O_14_IG094_R (06-30-00),P_O_14_IG094_R_shape,P_O_14_IG094_R,0
P_O_14_CA056,Ground_Daily,P_O_14_IG094_R (08-00-00),P_O_14_IG094_R_shape,P_O_14_IG094_R,0
P_O_14_CA056,Ground_Daily,P_O_14_IG094_R (09-00-00),P_O_14_IG094_R_shape,P_O_14_IG094_R,0
P_O_14_CA056,Ground_Daily,P_O_14_IG094_R (11-00-00),P_O_14_IG094_R_shape,P_O_14_IG094_R,0
P_O_14_CA056,Ground_Daily,P_O_14_IG094_R (13-00-00),P_O_14_IG094_R_shape,P_O_14_IG094_R,0
P_O_14_CA056,Ground_Daily,P_O_14_IG094_R (15-00-00),P_O_14_IG094_R_shape,P_O_14_IG094_R,0
P_O_14_CA056,Ground_Daily,P_O_14_IG094_R (17-00-00),P_O_14_IG094_R_shape,P_O_14_IG094_R,0
P_O_14_CA056,Ground_Daily,P_O_14_IG094_R (19-00-00),P_O_14_IG094_R_shape,P_O_14_IG094_R,0
P_O_14_CA056,Ground_Daily,P_O_14_IG094_R (21-00-00),P_O_14_IG094_R_shape,P_O_14_IG094_R,0
P_O_14_CA056,Ground_Daily,P_O_14_IG095_R (06-30-00),P_O_14_IG095_R_shape,P_O_14_IG095_R,0
P_O_14_CA056,Ground_Daily,P_O_14_IG095_R (08-00-00),P_O_14_IG095_R_shape,P_O_14_IG095_R,0
P_O_14_CA056,Ground_Daily,P_O_14_IG095_R (09-00-00),P_O_14_IG095_R_shape,P_O_14_IG095_R,0
P_O_14_CA056,Ground_Daily,P_O_14_IG095_R (11-00-00),P_O_14_IG095_R_shape,P_O_14_IG095_R,0
P_O_14_CA056,Ground_Daily,P_O_14_IG095_R (13-00-00),P_O_14_IG095_R_shape,P_O_14_IG095_R,0
P_O_14_CA056,Ground_Daily,P_O_14_IG095_R (15-00-00),P_O_14_IG095_R_shape,P_O_14_IG095_R,0
P_O_14_CA056,Ground_Daily,P_O_14_IG095_R (17-00-00),P_O_14_IG095_R_shape,P_O_14_IG095_R,0
P_O_14_CA056,Ground_Daily,P_O_14_IG095_R (19-00-00),P_O_14_IG095_R_shape,P_O_14_IG095_R,0
P_O_14_CA056,Ground_Daily,P_O_14_IG095_R (21-00-00),P_O_14_IG095_R_shape,P_O_14_IG095_R,0
P_O_14_CA056,Ground_Daily,P_O_14_IG096_R (06-30-00),P_O_14_IG096_R_shape,P_O_14_IG096_R,0
P_O_14_CA056,Ground_Daily,P_O_14_IG096_R (08-00-00),P_O_14_IG096_R_shape,P_O_14_IG096_R,0
P_O_14_CA056,Ground_Daily,P_O_14_IG096_R (09-00-00),P_O_14_IG096_R_shape,P_O_14_IG096_R,0
P_O_14_CA056,Ground_Daily,P_O_14_IG096_R (11-00-00),P_O_14_IG096_R_shape,P_O_14_IG096_R,0
P_O_14_CA056,Ground_Daily,P_O_14_IG096_R (13-00-00),P_O_14_IG096_R_shape,P_O_14_IG096_R,0
P_O_14_CA056,Ground_Daily,P_O_14_IG096_R (15-00-00),P_O_14_IG096_R_shape,P_O_14_IG096_R,0
P_O_14_CA056,Ground_Daily,P_O_14_IG096_R (17-00-00),P_O_14_IG096_R_shape,P_O_14_IG096_R,0
P_O_14_CA056,Ground_Daily,P_O_14_IG096_R (19-00-00),P_O_14_IG096_R_shape,P_O_14_IG096_R,0
P_O_14_CA056,Ground_Daily,P_O_14_IG096_R (21-00-00),P_O_14_IG096_R_shape,P_O_14_IG096_R,0
P_O_14_CA056,Ground_Daily,P_O_14_IG097_O (06-30-00),P_O_14_IG097_O_shape,P_O_14_IG097_O,0
P_O_14_CA056,Ground_Daily,P_O_14_IG097_O (08-00-00),P_O_14_IG097_O_shape,P_O_14_IG097_O,0
P_O_14_CA056,Ground_Daily,P_O_14_IG097_O (09-00-00),P_O_14_IG097_O_shape,P_O_14_IG097_O,0
P_O_14_CA056,Ground_Daily,P_O_14_IG097_O (11-00-00),P_O_14_IG097_O_shape,P_O_14_IG097_O,0
P_O_14_CA056,Ground_Daily,P_O_14_IG097_O (13-00-00),P_O_14_IG097_O_shape,P_O_14_IG097_O,0
P_O_14_CA056,Ground_Daily,P_O_14_IG097_O (15-00-00),P_O_14_IG097_O_shape,P_O_14_IG097_O,0
P_O_14_CA056,Ground_Daily,P_O_14_IG097_O (17-00-00),P_O_14_IG097_O_shape,P_O_14_IG097_O,0
P_O_14_CA056,Ground_Daily,P_O_14_IG097_O (19-00-00),P_O_14_IG097_O_shape,P_O_14_IG097_O,0
P_O_14_CA056,Ground_Daily,P_O_14_IG097_O (21-00-00),P_O_14_IG097_O_shape,P_O_14_IG097_O,0
P_O_14_CA056,Ground_Daily,P_O_14_IG097_R (06-30-00),P_O_14_IG097_R_shape,P_O_14_IG097_R,0
P_O_14_CA056,Ground_Daily,P_O_14_IG097_R (08-00-00),P_O_14_IG097_R_shape,P_O_14_IG097_R,0
P_O_14_CA056,Ground_Daily,P_O_14_IG097_R (09-00-00),P_O_14_IG097_R_shape,P_O_14_IG097_R,0
P_O_14_CA056,Ground_Daily,P_O_14_IG097_R (11-00-00),P_O_14_IG097_R_shape,P_O_14_IG097_R,0
P_O_14_CA056,Ground_Daily,P_O_14_IG097_R (13-00-00),P_O_14_IG097_R_shape,P_O_14_IG097_R,0
P_O_14_CA056,Ground_Daily,P_O_14_IG097_R (15-00-00),P_O_14_IG097_R_shape,P_O_14_IG097_R,0
P_O_14_CA056,Ground_Daily,P_O_14_IG097_R (17-00-00),P_O_14_IG097_R_shape,P_O_14_IG097_R,0
P_O_14_CA056,Ground_Daily,P_O_14_IG097_R (19-00-00),P_O_14_IG097_R_shape,P_O_14_IG097_R,0
P_O_14_CA056,Ground_Daily,P_O_14_IG097_R (21-00-00),P_O_14_IG097_R_shape,P_O_14_IG097_R,0
P_O_14_CA056,Ground_Daily,P_O_14_IG098_O (06-30-00),P_O_14_IG098_O_shape,P_O_14_IG098_O,0
P_O_14_CA056,Ground_Daily,P_O_14_IG098_O (08-00-00),P_O_14_IG098_O_shape,P_O_14_IG098_O,0
P_O_14_CA056,Ground_Daily,P_O_14_IG098_O (09-00-00),P_O_14_IG098_O_shape,P_O_14_IG098_O,0
P_O_14_CA056,Ground_Daily,P_O_14_IG098_O (11-00-00),P_O_14_IG098_O_shape,P_O_14_IG098_O,0
P_O_14_CA056,Ground_Daily,P_O_14_IG098_O (13-00-00),P_O_14_IG098_O_shape,P_O_14_IG098_O,0
P_O_14_CA056,Ground_Daily,P_O_14_IG098_O (15-00-00),P_O_14_IG098_O_shape,P_O_14_IG098_O,0
P_O_14_CA056,Ground_Daily,P_O_14_IG098_O (17-00-00),P_O_14_IG098_O_shape,P_O_14_IG098_O,0
P_O_14_CA056,Ground_Daily,P_O_14_IG098_O (19-00-00),P_O_14_IG098_O_shape,P_O_14_IG098_O,0
P_O_14_CA056,Ground_Daily,P_O_14_IG098_O (21-00-00),P_O_14_IG098_O_shape,P_O_14_IG098_O,0
P_O_14_CA056,Ground_Daily,P_O_14_IG098_R (06-30-00),P_O_14_IG098_R_shape,P_O_14_IG098_R,0
P_O_14_CA056,Ground_Daily,P_O_14_IG098_R (08-00-00),P_O_14_IG098_R_shape,P_O_14_IG098_R,0
P_O_14_CA056,Ground_Daily,P_O_14_IG098_R (09-00-00),P_O_14_IG098_R_shape,P_O_14_IG098_R,0
P_O_14_CA056,Ground_Daily,P_O_14_IG098_R (11-00-00),P_O_14_IG098_R_shape,P_O_14_IG098_R,0
P_O_14_CA056,Ground_Daily,P_O_14_IG098_R (13-00-00),P_O_14_IG098_R_shape,P_O_14_IG098_R,0
P_O_14_CA056,Ground_Daily,P_O_14_IG098_R (15-00-00),P_O_14_IG098_R_shape,P_O_14_IG098_R,0
P_O_14_CA056,Ground_Daily,P_O_14_IG098_R (17-00-00),P_O_14_IG098_R_shape,P_O_14_IG098_R,0
P_O_14_CA056,Ground_Daily,P_O_14_IG098_R (19-00-00),P_O_14_IG098_R_shape,P_O_14_IG098_R,0
P_O_14_CA056,Ground_Daily,P_O_14_IG098_R (21-00-00),P_O_14_IG098_R_shape,P_O_14_IG098_R,0
P_O_14_CA056,Ground_Daily,P_O_14_QA004_O (06-30-00),P_O_14_QA004_O_shape,P_O_14_QA004_O,0
P_O_14_CA056,Ground_Daily,P_O_14_QA004_O (08-00-00),P_O_14_QA004_O_shape,P_O_14_QA004_O,0
P_O_14_CA056,Ground_Daily,P_O_14_QA004_O (09-00-00),P_O_14_QA004_O_shape,P_O_14_QA004_O,0
P_O_14_CA056,Ground_Daily,P_O_14_QA004_O (11-00-00),P_O_14_QA004_O_shape,P_O_14_QA004_O,0
P_O_14_CA056,Ground_Daily,P_O_14_QA004_O (13-00-00),P_O_14_QA004_O_shape,P_O_14_QA004_O,0
P_O_14_CA056,Ground_Daily,P_O_14_QA004_O (15-00-00),P_O_14_QA004_O_shape,P_O_14_QA004_O,0
P_O_14_CA056,Ground_Daily,P_O_14_QA004_O (17-00-00),P_O_14_QA004_O_shape,P_O_14_QA004_O,0
P_O_14_CA056,Ground_Daily,P_O_14_QA004_O (19-00-00),P_O_14_QA004_O_shape,P_O_14_QA004_O,0
P_O_14_CA056,Ground_Daily,P_O_14_QA004_O (21-00-00),P_O_14_QA004_O_shape,P_O_14_QA004_O,0
P_O_14_CA056,Ground_Daily,P_O_14_QA004_R (06-30-00),P_O_14_QA004_R_shape,P_O_14_QA004_R,0
P_O_14_CA056,Ground_Daily,P_O_14_QA004_R (08-00-00),P_O_14_QA004_R_shape,P_O_14_QA004_R,0
P_O_14_CA056,Ground_Daily,P_O_14_QA004_R (09-00-00),P_O_14_QA004_R_shape,P_O_14_QA004_R,0
P_O_14_CA056,Ground_Daily,P_O_14_QA004_R (11-00-00),P_O_14_QA004_R_shape,P_O_14_QA004_R,0
P_O_14_CA056,Ground_Daily,P_O_14_QA004_R (13-00-00),P_O_14_QA004_R_shape,P_O_14_QA004_R,0
P_O_14_CA056,Ground_Daily,P_O_14_QA004_R (15-00-00),P_O_14_QA004_R_shape,P_O_14_QA004_R,0
P_O_14_CA056,Ground_Daily,P_O_14_QA004_R (17-00-00),P_O_14_QA004_R_shape,P_O_14_QA004_R,0
P_O_14_CA056,Ground_Daily,P_O_14_QA004_R (19-00-00),P_O_14_QA004_R_shape,P_O_14_QA004_R,0
P_O_14_CA056,Ground_Daily,P_O_14_QA004_R (21-00-00),P_O_14_QA004_R_shape,P_O_14_QA004_R,0
P_O_14_CA056,Ground_Daily,P_O_14_QA006_O (06-30-00),P_O_14_QA006_O_shape,P_O_14_QA006_O,0
P_O_14_CA056,Ground_Daily,P_O_14_QA006_O (08-00-00),P_O_14_QA006_O_shape,P_O_14_QA006_O,0
P_O_14_CA056,Ground_Daily,P_O_14_QA006_O (09-00-00),P_O_14_QA006_O_shape,P_O_14_QA006_O,0
P_O_14_CA056,Ground_Daily,P_O_14_QA006_O (11-00-00),P_O_14_QA006_O_shape,P_O_14_QA006_O,0
P_O_14_CA056,Ground_Daily,P_O_14_QA006_O (13-00-00),P_O_14_QA006_O_shape,P_O_14_QA006_O,0
P_O_14_CA056,Ground_Daily,P_O_14_QA006_O (15-00-00),P_O_14_QA006_O_shape,P_O_14_QA006_O,0
P_O_14_CA056,Ground_Daily,P_O_14_QA006_O (17-00-00),P_O_14_QA006_O_shape,P_O_14_QA006_O,0
P_O_14_CA056,Ground_Daily,P_O_14_QA006_O (19-00-00),P_O_14_QA006_O_shape,P_O_14_QA006_O,0
P_O_14_CA056,Ground_Daily,P_O_14_QA006_O (21-00-00),P_O_14_QA006_O_shape,P_O_14_QA006_O,0
P_O_14_CA056,Ground_Daily,P_O_14_QA006_R (06-30-00),P_O_14_QA006_R_shape,P_O_14_QA006_R,0
P_O_14_CA056,Ground_Daily,P_O_14_QA006_R (08-00-00),P_O_14_QA006_R_shape,P_O_14_QA006_R,0
P_O_14_CA056,Ground_Daily,P_O_14_QA006_R (09-00-00),P_O_14_QA006_R_shape,P_O_14_QA006_R,0
P_O_14_CA056,Ground_Daily,P_O_14_QA006_R (11-00-00),P_O_14_QA006_R_shape,P_O_14_QA006_R,0
P_O_14_CA056,Ground_Daily,P_O_14_QA006_R (13-00-00),P_O_14_QA006_R_shape,P_O_14_QA006_R,0
P_O_14_CA056,Ground_Daily,P_O_14_QA006_R (15-00-00),P_O_14_QA006_R_shape,P_O_14_QA006_R,0
P_O_14_CA056,Ground_Daily,P_O_14_QA006_R (17-00-00),P_O_14_QA006_R_shape,P_O_14_QA006_R,0
P_O_14_CA056,Ground_Daily,P_O_14_QA006_R (19-00-00),P_O_14_QA006_R_shape,P_O_14_QA006_R,0
P_O_14_CA056,Ground_Daily,P_O_14_QA006_R (21-00-00),P_O_14_QA006_R_shape,P_O_14_QA006_R,0
